id;anio;titulo;subtitulo_div;categoria;relevancia;slug;post_url;pdf_url;archivo;bytes;paginas;chars;estado
2449;2020;Ordenanza.043.020 Que reglamenta el servicio de transporte de pasajeros que utilizan plataformas digitales muv y uber;ORDENANZAS JUNTA MUNICIPAL AÑO 2020;Ordenanzas Junta Municipal 2020;;ordenanza043020-que-reglamenta-el-servicio-de-transporte-de-pasajeros-que-utilizan-plataformas-digitales-muv-y-uber;https://mcde.gov.py/post/ordenanza043020-que-reglamenta-el-servicio-de-transporte-de-pasajeros-que-utilizan-plataformas-digitales-muv-y-uber;https://mcde.gov.py/api/v1/public/file/0c81d1d478d587b35728066702a49639f93f55ca39c4194327c17ff7;03_PDF_Originales/2020/2449_ordenanza043020-que-reglamenta-el-servicio-de-transporte-de-pasajeros-que-utilizan-platafo.pdf;430303;5;14291;ok
2450;2020;Ordenanza.042.020 Que autoriza al ejecutivo a regular y ejecutar el control y fiscalización del estacionamiento del este;ORDENANZAS JUNTA MUNICIPAL AÑO 2020;Ordenanzas Junta Municipal 2020;;ordenanza042020-que-autoriza-al-ejecutivo-a-regular-y-ejecutar-el-control-y-fiscalizacion-del-estacionamiento-del-este;https://mcde.gov.py/post/ordenanza042020-que-autoriza-al-ejecutivo-a-regular-y-ejecutar-el-control-y-fiscalizacion-del-estacionamiento-del-este;https://mcde.gov.py/api/v1/public/file/bb25199623bb36341404ac2c1bd8e5e012a575d452a74eca41fea292;03_PDF_Originales/2020/2450_ordenanza042020-que-autoriza-al-ejecutivo-a-regular-y-ejecutar-el-control-y-fiscalizacion-.pdf;308059;4;8487;ok
2451;2020;Ordenanza.041.020 Que reglamenta la ocupación y alquiler de salones en predios publico y privado municipal shopping box;ORDENANZAS JUNTA MUNICIPAL AÑO 2020;Ordenanzas Junta Municipal 2020;;ordenanza041020-que-reglamenta-la-ocupacion-y-alquiler-de-salones-en-predios-publico-y-privado-municipal-shopping-box;https://mcde.gov.py/post/ordenanza041020-que-reglamenta-la-ocupacion-y-alquiler-de-salones-en-predios-publico-y-privado-municipal-shopping-box;https://mcde.gov.py/api/v1/public/file/345e27a8f6227d5604eac0901e59042cc47071312a890c087f61b127;03_PDF_Originales/2020/2451_ordenanza041020-que-reglamenta-la-ocupacion-y-alquiler-de-salones-en-predios-publico-y-pri.pdf;321329;4;8802;ok
2452;2020;Ordenanza.040.020 Que actualiza y se amplia la reglamentación de la tenencia de animales domésticos;ORDENANZAS JUNTA MUNICIPAL AÑO 2020;Ordenanzas Junta Municipal 2020;;ordenanza040020-que-actualiza-y-se-amplia-la-reglamentacion-de-la-tenencia-de-animales-domesticos;https://mcde.gov.py/post/ordenanza040020-que-actualiza-y-se-amplia-la-reglamentacion-de-la-tenencia-de-animales-domesticos;https://mcde.gov.py/api/v1/public/file/e2bc65324e7e16387769aea239b11dd66df32589449bb0abdf0ab77c;03_PDF_Originales/2020/2452_ordenanza040020-que-actualiza-y-se-amplia-la-reglamentacion-de-la-tenencia-de-animales-dom.pdf;495052;6;15919;ok
2453;2020;Ordenanza.039.020 Por la que se establece con el nombre de Pa'i Hugo Agüero calle del frente de Parroquia Niño Jesús;ORDENANZAS JUNTA MUNICIPAL AÑO 2020;Ordenanzas Junta Municipal 2020;;ordenanza039020-por-la-que-se-establece-con-el-nombre-de-pai-hugo-aguero-calle-del-frente-de-parroquia-nino-jesus;https://mcde.gov.py/post/ordenanza039020-por-la-que-se-establece-con-el-nombre-de-pai-hugo-aguero-calle-del-frente-de-parroquia-nino-jesus;https://mcde.gov.py/api/v1/public/file/123751893ac95535980032048ef562d2e0b243abd8398cef8ce69640;03_PDF_Originales/2020/2453_ordenanza039020-por-la-que-se-establece-con-el-nombre-de-pai-hugo-aguero-calle-del-frente-.pdf;118979;1;3289;ok
2454;2020;Ordenanza.038.020 Que aprueba la construccion bajo la modalidad de padrinazgo el busto de Lucas Maidana;ORDENANZAS JUNTA MUNICIPAL AÑO 2020;Ordenanzas Junta Municipal 2020;;ordenanza038020-que-aprueba-la-construccion-bajo-la-modalidad-de-padrinazgo-el-busto-de-lucas-maidana;https://mcde.gov.py/post/ordenanza038020-que-aprueba-la-construccion-bajo-la-modalidad-de-padrinazgo-el-busto-de-lucas-maidana;https://mcde.gov.py/api/v1/public/file/db1a26afd1fe05693614c699d119a4c0029e5cdeec8c27ea62aee9d6;03_PDF_Originales/2020/2454_ordenanza038020-que-aprueba-la-construccion-bajo-la-modalidad-de-padrinazgo-el-busto-de-lu.pdf;98396;1;2397;ok
2455;2020;Ordenanza.037.020 Por la que se rectifica y amplia los art. 7 y 12 de la Ord. 29.20 Sobre normas ampliatorias para el control de contaminación ambiental;ORDENANZAS JUNTA MUNICIPAL AÑO 2020;Ordenanzas Junta Municipal 2020;;ordenanza037020-por-la-que-se-rectifica-y-amplia-los-art-7-y-12-de-la-ord-2920-sobre-normas-ampliatorias-para-el-control-de-contaminacion-ambiental;https://mcde.gov.py/post/ordenanza037020-por-la-que-se-rectifica-y-amplia-los-art-7-y-12-de-la-ord-2920-sobre-normas-ampliatorias-para-el-control-de-contaminacion-ambiental;https://mcde.gov.py/api/v1/public/file/d1bd95cc3395c377d5df98f984ae71e27b5aba9622a446673d78dba5;03_PDF_Originales/2020/2455_ordenanza037020-por-la-que-se-rectifica-y-amplia-los-art-7-y-12-de-la-ord-2920-sobre-norma.pdf;125356;1;4054;ok
2456;2020;Ordenanza.036.020 Por la cual se rechaza el veto a la ordenanza 031.2020 J.M. presupuesto 2021;ORDENANZAS JUNTA MUNICIPAL AÑO 2020;Ordenanzas Junta Municipal 2020;;ordenanza036020-por-la-cual-se-rechaza-el-veto-a-la-ordenanza-0312020-jm-presupuesto-2021;https://mcde.gov.py/post/ordenanza036020-por-la-cual-se-rechaza-el-veto-a-la-ordenanza-0312020-jm-presupuesto-2021;https://mcde.gov.py/api/v1/public/file/768572bb38d85ba4045096da93a9d84db665a868cf049c7c86289268;03_PDF_Originales/2020/2456_ordenanza036020-por-la-cual-se-rechaza-el-veto-a-la-ordenanza-0312020-jm-presupuesto-2021.pdf;480109;5;17226;ok
2457;2020;Ordenanza.035.020 Por la que se reglamenta la ocupación y alquiler de los salones ubicados en el edificio galería gran oriente del microcentro;ORDENANZAS JUNTA MUNICIPAL AÑO 2020;Ordenanzas Junta Municipal 2020;;ordenanza035020-por-la-que-se-reglamenta-la-ocupacion-y-alquiler-de-los-salones-ubicados-en-el-edificio-galeria-gran-oriente-del-microcentro;https://mcde.gov.py/post/ordenanza035020-por-la-que-se-reglamenta-la-ocupacion-y-alquiler-de-los-salones-ubicados-en-el-edificio-galeria-gran-oriente-del-microcentro;https://mcde.gov.py/api/v1/public/file/a5e20cf469589ac53985ed33f659b5ecd211a63d7dfb3681e5823b52;03_PDF_Originales/2020/2457_ordenanza035020-por-la-que-se-reglamenta-la-ocupacion-y-alquiler-de-los-salones-ubicados-e.pdf;228703;2;7048;ok
2458;2020;Ordenanza.034.020 Que amplia el presupuesto 2020, ingresos y egresos royalties y fonacide;ORDENANZAS JUNTA MUNICIPAL AÑO 2020;Ordenanzas Junta Municipal 2020;;ordenanza034020-que-amplia-el-presupuesto-2020-ingresos-y-egresos-royalties-y-fonacide;https://mcde.gov.py/post/ordenanza034020-que-amplia-el-presupuesto-2020-ingresos-y-egresos-royalties-y-fonacide;https://mcde.gov.py/api/v1/public/file/d97cb90d8e4d41aa686bc7976bae4c6901c0569bd6af68802ad78180;03_PDF_Originales/2020/2458_ordenanza034020-que-amplia-el-presupuesto-2020-ingresos-y-egresos-royalties-y-fonacide.pdf;189727;2;5099;ok
2460;2020;Ordenanza.032.020 Que establece atencion preferencial en telefonia, supermercados, comercios, entidades bancarias y financieras;ORDENANZAS JUNTA MUNICIPAL AÑO 2020;Ordenanzas Junta Municipal 2020;;ordenanza032020-que-establece-atencion-preferencial-en-telefonia-supermercados-comercios-entidades-bancarias-y-financieras;https://mcde.gov.py/post/ordenanza032020-que-establece-atencion-preferencial-en-telefonia-supermercados-comercios-entidades-bancarias-y-financieras;https://mcde.gov.py/api/v1/public/file/d9746dcda18babad485f0bc03b8b97d92096ca46510246012aae3352;03_PDF_Originales/2020/2460_ordenanza032020-que-establece-atencion-preferencial-en-telefonia-supermercados-comercios-e.pdf;211606;2;6621;ok
2461;2020;Ordenanza.031.020 Por la cual se aprueba con modificaciones el presupuesto de ingresos y egresos para el ejercicio fiscal 2021;ORDENANZAS JUNTA MUNICIPAL AÑO 2020;Ordenanzas Junta Municipal 2020;;ordenanza031020-por-la-cual-se-aprueba-con-modificaciones-el-presupuesto-de-ingresos-y-egresos-para-el-ejercicio-fiscal-2021;https://mcde.gov.py/post/ordenanza031020-por-la-cual-se-aprueba-con-modificaciones-el-presupuesto-de-ingresos-y-egresos-para-el-ejercicio-fiscal-2021;https://mcde.gov.py/api/v1/public/file/eb1581e5f9a2284d8f165ef480529ae0e42fcd9fbebebe5928fcfdc6;03_PDF_Originales/2020/2461_ordenanza031020-por-la-cual-se-aprueba-con-modificaciones-el-presupuesto-de-ingresos-y-egr.pdf;4466434;53;183722;ok
2462;2020;Ordenanza.030.020 Que modifica y amplia la Ord. 50.97 J.M. que establece normas de instalaciones sanitarias y desagües;ORDENANZAS JUNTA MUNICIPAL AÑO 2020;Ordenanzas Junta Municipal 2020;;ordenanza030020-que-modifica-y-amplia-la-ord-5097-jm-que-establece-normas-de-instalaciones-sanitarias-y-desagues;https://mcde.gov.py/post/ordenanza030020-que-modifica-y-amplia-la-ord-5097-jm-que-establece-normas-de-instalaciones-sanitarias-y-desagues;https://mcde.gov.py/api/v1/public/file/ee4b7b5336bc816529c012240d2b520edfbba664bf0e737f22e699dd;03_PDF_Originales/2020/2462_ordenanza030020-que-modifica-y-amplia-la-ord-5097-jm-que-establece-normas-de-instalaciones.pdf;475049;4;16744;ok
2463;2020;Ordenanza.029.020 Que establece normas ampliatorias para el control de la contaminación ambiental y disposición fina de basuras;ORDENANZAS JUNTA MUNICIPAL AÑO 2020;Ordenanzas Junta Municipal 2020;;ordenanza029020-que-establece-normas-ampliatorias-para-el-control-de-la-contaminacion-ambiental-y-disposicion-fina-de-basuras;https://mcde.gov.py/post/ordenanza029020-que-establece-normas-ampliatorias-para-el-control-de-la-contaminacion-ambiental-y-disposicion-fina-de-basuras;https://mcde.gov.py/api/v1/public/file/a156916988b4b2b589e7fa81ae0f6edcdebd6b021a73740b0ef37f94;03_PDF_Originales/2020/2463_ordenanza029020-que-establece-normas-ampliatorias-para-el-control-de-la-contaminacion-ambi.pdf;365405;3;12334;ok
2464;2020;Ordenanza.028.020 Que amplia la norma de control de ruidos molestos dentro del distrito de CDE;ORDENANZAS JUNTA MUNICIPAL AÑO 2020;Ordenanzas Junta Municipal 2020;;ordenanza028020-que-amplia-la-norma-de-control-de-ruidos-molestos-dentro-del-distrito-de-cde;https://mcde.gov.py/post/ordenanza028020-que-amplia-la-norma-de-control-de-ruidos-molestos-dentro-del-distrito-de-cde;https://mcde.gov.py/api/v1/public/file/3f8398f79daf4fb65efffa6e37e234e5a6762178b749c632d44e08f8;03_PDF_Originales/2020/2464_ordenanza028020-que-amplia-la-norma-de-control-de-ruidos-molestos-dentro-del-distrito-de-c.pdf;354795;3;12484;ok
2465;2020;Ordenanza.027.020 Que reglamenta el ingreso de contenedores en el Municipio de CDE;ORDENANZAS JUNTA MUNICIPAL AÑO 2020;Ordenanzas Junta Municipal 2020;;ordenanza027020-que-reglamenta-el-ingreso-de-contenedores-en-el-municipio-de-cde;https://mcde.gov.py/post/ordenanza027020-que-reglamenta-el-ingreso-de-contenedores-en-el-municipio-de-cde;https://mcde.gov.py/api/v1/public/file/919190f4867fe3f4378aa9930a259518403a388f67c9d512669fdd10;03_PDF_Originales/2020/2465_ordenanza027020-que-reglamenta-el-ingreso-de-contenedores-en-el-municipio-de-cde.pdf;404260;4;14969;ok
2466;2020;Ordenanza.026.020 Que prohibe la permanencia de limpiavidrios en las calles de CDE;ORDENANZAS JUNTA MUNICIPAL AÑO 2020;Ordenanzas Junta Municipal 2020;;ordenanza026020-que-prohibe-la-permanencia-de-limpiavidrios-en-las-calles-de-cde;https://mcde.gov.py/post/ordenanza026020-que-prohibe-la-permanencia-de-limpiavidrios-en-las-calles-de-cde;https://mcde.gov.py/api/v1/public/file/2a3a2f6822177ac1c77b707b4888fdf55ffadf3f8e84fe09fb14a8e3;03_PDF_Originales/2020/2466_ordenanza026020-que-prohibe-la-permanencia-de-limpiavidrios-en-las-calles-de-cde.pdf;214808;3;6736;ok
2467;2020;Ordenanza.025.020 Por la que se modifica y amplia los art. 6,7,14,22,27,31 de la Ord. 31.2019 J.M;ORDENANZAS JUNTA MUNICIPAL AÑO 2020;Ordenanzas Junta Municipal 2020;;ordenanza025020-por-la-que-se-modifica-y-amplia-los-art-6714222731-de-la-ord-312019-jm;https://mcde.gov.py/post/ordenanza025020-por-la-que-se-modifica-y-amplia-los-art-6714222731-de-la-ord-312019-jm;https://mcde.gov.py/api/v1/public/file/4b31e862fbad109a2a12c560b02d0b27b1b7d536f3240c00e0a692c3;03_PDF_Originales/2020/2467_ordenanza025020-por-la-que-se-modifica-y-amplia-los-art-6714222731-de-la-ord-312019-jm.pdf;208976;2;5607;ok
2468;2020;Ordenanza.024.020 Por la que se modifica y amplia la Ord. 022.20 que fija precios referenciales para construcción de empedrado, puente y otros;ORDENANZAS JUNTA MUNICIPAL AÑO 2020;Ordenanzas Junta Municipal 2020;;ordenanza024020-por-la-que-se-modifica-y-amplia-la-ord-02220-que-fija-precios-referenciales-para-construccion-de-empedrado-puente-y-otros;https://mcde.gov.py/post/ordenanza024020-por-la-que-se-modifica-y-amplia-la-ord-02220-que-fija-precios-referenciales-para-construccion-de-empedrado-puente-y-otros;https://mcde.gov.py/api/v1/public/file/dc53f86bf13e062d3fe9eb8e4f97f5f7c0bf9920f648d2d9ba2bef08;03_PDF_Originales/2020/2468_ordenanza024020-por-la-que-se-modifica-y-amplia-la-ord-02220-que-fija-precios-referenciale.pdf;247366;2;7046;ok
2469;2020;Ordenanza.023.020 Pohibido estacionar calle OBRERO DEL PUENTE DE LA AMISTAD;ORDENANZAS JUNTA MUNICIPAL AÑO 2020;Ordenanzas Junta Municipal 2020;;ordenanza023020-pohibido-estacionar-calle-obrero-del-puente-de-la-amistad;https://mcde.gov.py/post/ordenanza023020-pohibido-estacionar-calle-obrero-del-puente-de-la-amistad;https://mcde.gov.py/api/v1/public/file/99fd25e1ed46cf02276f9b4d162cd6fc66959fa8cc8eb2c00804fc0f;03_PDF_Originales/2020/2469_ordenanza023020-pohibido-estacionar-calle-obrero-del-puente-de-la-amistad.pdf;108930;1;2489;ok
2470;2020;Ordenanza.022.020 Por la que se fija nuevo precio por la construcción de empedrado_020;ORDENANZAS JUNTA MUNICIPAL AÑO 2020;Ordenanzas Junta Municipal 2020;;ordenanza022020-por-la-que-se-fija-nuevo-precio-por-la-construccion-de-empedrado020;https://mcde.gov.py/post/ordenanza022020-por-la-que-se-fija-nuevo-precio-por-la-construccion-de-empedrado020;https://mcde.gov.py/api/v1/public/file/2e8139d324060ff20c109214f4dbcf65b466ef33dc2019ab36252a9a;03_PDF_Originales/2020/2470_ordenanza022020-por-la-que-se-fija-nuevo-precio-por-la-construccion-de-empedrado020.pdf;216599;2;6218;ok
2471;2020;Ordenanza.021.020 Por la que se aprueba la ordenanza tributaria de la municipalidad para el ejercicio 2021;ORDENANZAS JUNTA MUNICIPAL AÑO 2020;Ordenanzas Junta Municipal 2020;;ordenanza021020-por-la-que-se-aprueba-la-ordenanza-tributaria-de-la-municipalidad-para-el-ejercicio-2021;https://mcde.gov.py/post/ordenanza021020-por-la-que-se-aprueba-la-ordenanza-tributaria-de-la-municipalidad-para-el-ejercicio-2021;https://mcde.gov.py/api/v1/public/file/f53efaf3021d8e328dcec8b8f8c7d89de7bf800f950b9487ee941bce;03_PDF_Originales/2020/2471_ordenanza021020-por-la-que-se-aprueba-la-ordenanza-tributaria-de-la-municipalidad-para-el-.pdf;6250981;72;252188;ok
2472;2020;Ordenanza.020.020 Por la cual se dispone la nomenclatura de la calle Dra. Guillermina Nuñez de Baez frente al CRECE;ORDENANZAS JUNTA MUNICIPAL AÑO 2020;Ordenanzas Junta Municipal 2020;;ordenanza020020-por-la-cual-se-dispone-la-nomenclatura-de-la-calle-dra-guillermina-nunez-de-baez-frente-al-crece;https://mcde.gov.py/post/ordenanza020020-por-la-cual-se-dispone-la-nomenclatura-de-la-calle-dra-guillermina-nunez-de-baez-frente-al-crece;https://mcde.gov.py/api/v1/public/file/86ad7e9d2874768574310d6af973c8e2df56c5ba16a70b0814f519c0;03_PDF_Originales/2020/2472_ordenanza020020-por-la-cual-se-dispone-la-nomenclatura-de-la-calle-dra-guillermina-nunez-d.pdf;123694;1;3191;ok
2473;2020;Ordenanza.019.020 Por la que se Deroga las ordenanza sobre precio de empedrado;ORDENANZAS JUNTA MUNICIPAL AÑO 2020;Ordenanzas Junta Municipal 2020;;ordenanza019020-por-la-que-se-deroga-las-ordenanza-sobre-precio-de-empedrado;https://mcde.gov.py/post/ordenanza019020-por-la-que-se-deroga-las-ordenanza-sobre-precio-de-empedrado;https://mcde.gov.py/api/v1/public/file/cda05e1f090452b955205c8d2e7f002b0bc10f3aa2a2caf31ed7e3be;03_PDF_Originales/2020/2473_ordenanza019020-por-la-que-se-deroga-las-ordenanza-sobre-precio-de-empedrado.pdf;162763;2;4964;ok
2474;2020;Ordenanza.018.020 Por la que se aprueba la ampliacion presupuestaria de Ingresos y Egresos del presupuesto de la municipalidad de cde;ORDENANZAS JUNTA MUNICIPAL AÑO 2020;Ordenanzas Junta Municipal 2020;;ordenanza018020-por-la-que-se-aprueba-la-ampliacion-presupuestaria-de-ingresos-y-egresos-del-presupuesto-de-la-municipalidad-de-cde;https://mcde.gov.py/post/ordenanza018020-por-la-que-se-aprueba-la-ampliacion-presupuestaria-de-ingresos-y-egresos-del-presupuesto-de-la-municipalidad-de-cde;https://mcde.gov.py/api/v1/public/file/ab40b19db58b747a21e22627db98522cb8c72143b9999c43a4a3e041;03_PDF_Originales/2020/2474_ordenanza018020-por-la-que-se-aprueba-la-ampliacion-presupuestaria-de-ingresos-y-egresos-d.pdf;246380;3;7558;ok
2475;2020;Ordenanza.017.020 Por la que se aprueba la reprogramacion y transferencia de rubros del programa acción y royalties del presupuesto de gastos de;ORDENANZAS JUNTA MUNICIPAL AÑO 2020;Ordenanzas Junta Municipal 2020;;ordenanza017020-por-la-que-se-aprueba-la-reprogramacion-y-transferencia-de-rubros-del-programa-accion-y-royalties-del-presupuesto-de-gastos-de;https://mcde.gov.py/post/ordenanza017020-por-la-que-se-aprueba-la-reprogramacion-y-transferencia-de-rubros-del-programa-accion-y-royalties-del-presupuesto-de-gastos-de;https://mcde.gov.py/api/v1/public/file/92ec5d4c534956f652f896b0af0e8edce70dab8d9e38c80617e0ef64;03_PDF_Originales/2020/2475_ordenanza017020-por-la-que-se-aprueba-la-reprogramacion-y-transferencia-de-rubros-del-prog.pdf;258367;3;8973;ok
2476;2020;Ordenanza.016.020 Por la cual se dispone la nomenclatura de la calle Magistrada Diana Eveline Mereles Duarte una calle del km 8 lado Monday;ORDENANZAS JUNTA MUNICIPAL AÑO 2020;Ordenanzas Junta Municipal 2020;;ordenanza016020-por-la-cual-se-dispone-la-nomenclatura-de-la-calle-magistrada-diana-eveline-mereles-duarte-una-calle-del-km-8-lado-monday;https://mcde.gov.py/post/ordenanza016020-por-la-cual-se-dispone-la-nomenclatura-de-la-calle-magistrada-diana-eveline-mereles-duarte-una-calle-del-km-8-lado-monday;https://mcde.gov.py/api/v1/public/file/0b3e7825c89119a346694bc7d40d5bc4d243822cab1be3cfb21fa3f8;03_PDF_Originales/2020/2476_ordenanza016020-por-la-cual-se-dispone-la-nomenclatura-de-la-calle-magistrada-diana-evelin.pdf;134864;2;3096;ok
2477;2020;Ordenanza.015.020 Por la que se modifica el anexo personal de la junta y municipalidad vigente para el ejercicio fiscal 2020;ORDENANZAS JUNTA MUNICIPAL AÑO 2020;Ordenanzas Junta Municipal 2020;;ordenanza015020-por-la-que-se-modifica-el-anexo-personal-de-la-junta-y-municipalidad-vigente-para-el-ejercicio-fiscal-2020;https://mcde.gov.py/post/ordenanza015020-por-la-que-se-modifica-el-anexo-personal-de-la-junta-y-municipalidad-vigente-para-el-ejercicio-fiscal-2020;https://mcde.gov.py/api/v1/public/file/e88f10a1f2061add9e93c07878e3f979ee00544c3098dd8c5dae6fb1;03_PDF_Originales/2020/2477_ordenanza015020-por-la-que-se-modifica-el-anexo-personal-de-la-junta-y-municipalidad-vigen.pdf;74675;2;3689;ok
2478;2020;Ordenanza.014.020 Por la que se modifica la Ord. 035.2019 tributaria 2020 descuento inspección de transporte publico;ORDENANZAS JUNTA MUNICIPAL AÑO 2020;Ordenanzas Junta Municipal 2020;;ordenanza014020-por-la-que-se-modifica-la-ord-0352019-tributaria-2020-descuento-inspeccion-de-transporte-publico;https://mcde.gov.py/post/ordenanza014020-por-la-que-se-modifica-la-ord-0352019-tributaria-2020-descuento-inspeccion-de-transporte-publico;https://mcde.gov.py/api/v1/public/file/169a1ddd47a552a832b37a4278e99a9fb0fe308b5db79caf176d4965;03_PDF_Originales/2020/2478_ordenanza014020-por-la-que-se-modifica-la-ord-0352019-tributaria-2020-descuento-inspeccion.pdf;229868;2;6350;ok
2479;2020;Ordenanza.013.020 Por la que se modifica la Ord. 012.2020 y 035.2019 tributaria 2020 descuento inspeccion de transporte publico;ORDENANZAS JUNTA MUNICIPAL AÑO 2020;Ordenanzas Junta Municipal 2020;;ordenanza013020-por-la-que-se-modifica-la-ord-0122020-y-0352019-tributaria-2020-descuento-inspeccion-de-transporte-publico;https://mcde.gov.py/post/ordenanza013020-por-la-que-se-modifica-la-ord-0122020-y-0352019-tributaria-2020-descuento-inspeccion-de-transporte-publico;https://mcde.gov.py/api/v1/public/file/b3dd7fa478d5726b5fd98db7862469601116d62cd66064eb18a29d25;03_PDF_Originales/2020/2479_ordenanza013020-por-la-que-se-modifica-la-ord-0122020-y-0352019-tributaria-2020-descuento-.pdf;230537;3;5883;ok
2480;2020;Ordenanza.012.020 Por la que se modifica parcialmente la Ord. 035.2019 tributaria 2020 descuento inspección de transporte publico;ORDENANZAS JUNTA MUNICIPAL AÑO 2020;Ordenanzas Junta Municipal 2020;;ordenanza012020-por-la-que-se-modifica-parcialmente-la-ord-0352019-tributaria-2020-descuento-inspeccion-de-transporte-publico;https://mcde.gov.py/post/ordenanza012020-por-la-que-se-modifica-parcialmente-la-ord-0352019-tributaria-2020-descuento-inspeccion-de-transporte-publico;https://mcde.gov.py/api/v1/public/file/a9b1b452ba9cfeba8b84a187dc0c2149adec0b9bab5d4588e31cd75d;03_PDF_Originales/2020/2480_ordenanza012020-por-la-que-se-modifica-parcialmente-la-ord-0352019-tributaria-2020-descuen.pdf;242309;2;7121;ok
2481;2020;Ordenanza.011.020 Reglamenta El Regimen Tributario Municipal Reduciendo El Canon de la Terminal de Omnibus;ORDENANZAS JUNTA MUNICIPAL AÑO 2020;Ordenanzas Junta Municipal 2020;;ordenanza011020-reglamenta-el-regimen-tributario-municipal-reduciendo-el-canon-de-la-terminal-de-omnibus;https://mcde.gov.py/post/ordenanza011020-reglamenta-el-regimen-tributario-municipal-reduciendo-el-canon-de-la-terminal-de-omnibus;https://mcde.gov.py/api/v1/public/file/67a610ae59974d479a160eb3f936b5a2e4fca45a105cb035b800cb37;03_PDF_Originales/2020/2481_ordenanza011020-reglamenta-el-regimen-tributario-municipal-reduciendo-el-canon-de-la-termi.pdf;222119;3;6107;ok
2482;2020;Ordenanza.010.020 AMPLIANDOSE LOS GASTOS CORRIENTES DEL PROGRAMA ROYALTIES, TRANSFIRIENDO DE LOS FONDOS DE GASTOS DE CAPITAL;ORDENANZAS JUNTA MUNICIPAL AÑO 2020;Ordenanzas Junta Municipal 2020;;ordenanza010020-ampliandose-los-gastos-corrientes-del-programa-royalties-transfiriendo-de-los-fondos-de-gastos-de-capital;https://mcde.gov.py/post/ordenanza010020-ampliandose-los-gastos-corrientes-del-programa-royalties-transfiriendo-de-los-fondos-de-gastos-de-capital;https://mcde.gov.py/api/v1/public/file/862d80a525117ca5ea10d9ca9658688fb0f6d3d9436fc580cdbb9e52;03_PDF_Originales/2020/2482_ordenanza010020-ampliandose-los-gastos-corrientes-del-programa-royalties-transfiriendo-de-.pdf;250241;3;7087;ok
2484;2020;Ordenanza.008.020 Por la que se modifica el presupuesto ord. 029.019 transferencia de rubros programas acción;ORDENANZAS JUNTA MUNICIPAL AÑO 2020;Ordenanzas Junta Municipal 2020;;ordenanza008020-por-la-que-se-modifica-el-presupuesto-ord-029019-transferencia-de-rubros-programas-accion;https://mcde.gov.py/post/ordenanza008020-por-la-que-se-modifica-el-presupuesto-ord-029019-transferencia-de-rubros-programas-accion;https://mcde.gov.py/api/v1/public/file/3ebab8924178a9d5e30a629fd267f90d8513c20c7a6ab59b6f3a83b4;03_PDF_Originales/2020/2484_ordenanza008020-por-la-que-se-modifica-el-presupuesto-ord-029019-transferencia-de-rubros-p.pdf;343948;5;7544;ok
2487;2020;Ordenanza.005.020 Por la que se modifica el presupuesto ord. 029.019 transferencia de rubros programas accion;ORDENANZAS JUNTA MUNICIPAL AÑO 2020;Ordenanzas Junta Municipal 2020;;ordenanza005020-por-la-que-se-modifica-el-presupuesto-ord-029019-transferencia-de-rubros-programas-accion;https://mcde.gov.py/post/ordenanza005020-por-la-que-se-modifica-el-presupuesto-ord-029019-transferencia-de-rubros-programas-accion;https://mcde.gov.py/api/v1/public/file/a5fe9f565aeed2c4a2b8f1eadcab0624b366845f6fce670d9b247c29;03_PDF_Originales/2020/2487_ordenanza005020-por-la-que-se-modifica-el-presupuesto-ord-029019-transferencia-de-rubros-p.pdf;748977;10;17291;ok
2488;2020;Ordenanza.004.020 Por la que se incorpora saldo inicial de caja;ORDENANZAS JUNTA MUNICIPAL AÑO 2020;Ordenanzas Junta Municipal 2020;;ordenanza004020-por-la-que-se-incorpora-saldo-inicial-de-caja;https://mcde.gov.py/post/ordenanza004020-por-la-que-se-incorpora-saldo-inicial-de-caja;https://mcde.gov.py/api/v1/public/file/409028104a0a5d20db056fcb4cdb1a64f801cee09eb997b15ffd61a7;03_PDF_Originales/2020/2488_ordenanza004020-por-la-que-se-incorpora-saldo-inicial-de-caja.pdf;248407;3;8691;ok
2491;2020;Ordenanza.001.020 Por la que se modifica la ordenanza Nº 024.019, que reglamenta la utilizacion de la terminal;ORDENANZAS JUNTA MUNICIPAL AÑO 2020;Ordenanzas Junta Municipal 2020;;ordenanza001020-por-la-que-se-modifica-la-ordenanza-n-024019-que-reglamenta-la-utilizacion-de-la-terminal;https://mcde.gov.py/post/ordenanza001020-por-la-que-se-modifica-la-ordenanza-n-024019-que-reglamenta-la-utilizacion-de-la-terminal;https://mcde.gov.py/api/v1/public/file/053b33e1e2842bd724132c252219c5bc8be02dd95a8807815584b6ba;03_PDF_Originales/2020/2491_ordenanza001020-por-la-que-se-modifica-la-ordenanza-n-024019-que-reglamenta-la-utilizacion.pdf;374076;5;9720;ok
2575;2020;Ordenanza Nro. 020/2022;POR LA QUE SE ESTABLECE EL REGLAMENTO GENERAL DE TRÁNSITO EN EL DISTRITO DE CIUDAD DEL ESTE.-;Ordenanzas Junta Municipal 2020;;ordenanza-nro-0202022;https://mcde.gov.py/post/ordenanza-nro-0202022;https://mcde.gov.py/api/v1/public/file/dc190b6ccbee791c651505894082e0f6c54a0a153a2681cde453d688;03_PDF_Originales/2020/2575_ordenanza-nro-0202022.pdf;4219251;30;133825;ok
2642;2020;Ordenanaza.28.20,se modifica y amplia -ruido molesto_020;Ordenanaza.28.20,se modifica y amplia -ruido molesto_020;Ordenanzas Junta Municipal 2020;;ordenanaza2820se-modifica-y-amplia--ruido-molesto020;https://mcde.gov.py/post/ordenanaza2820se-modifica-y-amplia--ruido-molesto020;https://mcde.gov.py/api/v1/public/file/7b76d4ac046171195fbbd93a56dee5795ab7825bb83e7cfa524b57e6;03_PDF_Originales/2020/2642_ordenanaza2820se-modifica-y-amplia--ruido-molesto020.pdf;429083;4;12616;ok
2643;2020;Ordenanza.002.020 Por la que se modifica la ordenanza Nº 016.2016 que reglamenta la ubicacion de las estaciones de servicios de expendio de combustible.;Ordenanza 2020;Ordenanzas Junta Municipal 2020;;ordenanza002020-por-la-que-se-modifica-la-ordenanza-n-0162016-que-reglamenta-la-ubicacion-de-las-estaciones-de-servicios-de-expendio-de-combustible;https://mcde.gov.py/post/ordenanza002020-por-la-que-se-modifica-la-ordenanza-n-0162016-que-reglamenta-la-ubicacion-de-las-estaciones-de-servicios-de-expendio-de-combustible;;;0;0;0;sin_pdf
2644;2020;Ordenanza.003.020 NOMENCLATURA DE CALLE  DEL MERCADO DE ABASTO;ORDENANZA 2020;Ordenanzas Junta Municipal 2020;;ordenanza003020-nomenclatura-de-calle-del-mercado-de-abasto;https://mcde.gov.py/post/ordenanza003020-nomenclatura-de-calle-del-mercado-de-abasto;https://mcde.gov.py/api/v1/public/file/0ef2a3a2819dd1762f5f7f3b4d005ceac47b86c41fb17f95f1d5d19b;03_PDF_Originales/2020/2644_ordenanza003020-nomenclatura-de-calle-del-mercado-de-abasto.pdf;126007;1;2579;ok
2645;2020;Ordenanza.006.020 Por la que se rechaza el veto a la Ord. 002.2020 que modifica. la Ord. 016.2016 que reglamenta la ubicación de las estaciones de servicios;ORDENANZA 2020;Ordenanzas Junta Municipal 2020;;ordenanza006020-por-la-que-se-rechaza-el-veto-a-la-ord-0022020-que-modifica-la-ord-0162016-que-reglamenta-la-ubicacion-de-las-estaciones-de-servicios;https://mcde.gov.py/post/ordenanza006020-por-la-que-se-rechaza-el-veto-a-la-ord-0022020-que-modifica-la-ord-0162016-que-reglamenta-la-ubicacion-de-las-estaciones-de-servicios;;;0;0;0;sin_pdf
2646;2020;Ordenanza.007.020 Por la que se modif. y amplia la Ord. 023.1993 que reglamenta sobre patios baldios_020;ORDENANZA 2020;Ordenanzas Junta Municipal 2020;;ordenanza007020-por-la-que-se-modif-y-amplia-la-ord-0231993-que-reglamenta-sobre-patios-baldios020;https://mcde.gov.py/post/ordenanza007020-por-la-que-se-modif-y-amplia-la-ord-0231993-que-reglamenta-sobre-patios-baldios020;https://mcde.gov.py/api/v1/public/file/8805f8119ad2b9d08f2c4d0d8e2b724271f918d2c4a152f40b3bc1a4;03_PDF_Originales/2020/2646_ordenanza007020-por-la-que-se-modif-y-amplia-la-ord-0231993-que-reglamenta-sobre-patios-ba.pdf;645801;6;14210;ok
2648;2020;Ordenanza.009.020 POR IA CUAL SE ESTABLECE EL DESCUENTO DEL 12_ POR PAGO PUNTUAL A TODOS LOS CONTRIBUYENTES DEL IMPUESTO INMOBILIARIO;ORDENANZA 2020;Ordenanzas Junta Municipal 2020;;ordenanza009020-por-ia-cual-se-establece-el-descuento-del-12-por-pago-puntual-a-todos-los-contribuyentes-del-impuesto-inmobiliario;https://mcde.gov.py/post/ordenanza009020-por-ia-cual-se-establece-el-descuento-del-12-por-pago-puntual-a-todos-los-contribuyentes-del-impuesto-inmobiliario;https://mcde.gov.py/api/v1/public/file/c0e0b6fc198b4b1507294d06fa859eaf6d1a8b04e8d906a43615a9a0;03_PDF_Originales/2020/2648_ordenanza009020-por-ia-cual-se-establece-el-descuento-del-12-por-pago-puntual-a-todos-los-.pdf;161055;2;3615;ok
2649;2020;Ordenenaza.30.20,se modifica y amplia instalación. sanitaria,desague_020;ORDENANZA 2020;Ordenanzas Junta Municipal 2020;;ordenenaza3020se-modifica-y-amplia-instalacion-sanitariadesague020;https://mcde.gov.py/post/ordenenaza3020se-modifica-y-amplia-instalacion-sanitariadesague020;https://mcde.gov.py/api/v1/public/file/073b1d60623713cbbc7c35bff292c1cb4e45caa336f104a6b3902a39;03_PDF_Originales/2020/2649_ordenenaza3020se-modifica-y-amplia-instalacion-sanitariadesague020.pdf;605176;8;17912;ok
3665;2020;ORDENANZA Nº 08 - 2000 JM ;POR LA CUAL SE REGLAMENTA EL SISTEMA DE TORRES DE ANTENAS EN CIUDAD DEL ESTE;Ordenanzas Junta Municipal 2020;;ordenanza-n-08---2000-jm-;https://mcde.gov.py/post/ordenanza-n-08---2000-jm-;https://mcde.gov.py/api/v1/public/file/f4a585d9d7f1fa36163144d74177dacc863b1f7f932f2f2379b0a53c;03_PDF_Originales/2020/3665_ordenanza-n-08---2000-jm-.pdf;1737165;4;0;escaneado_sin_texto
2500;2021;ORDENANZA-N°-043.021 Por la que se aprueba la ordenanza Tributaria para el ejercicio Fiscal 2022_0;ORDENANZAS JUNTA MUNICIPAL AÑO 2021;Ordenanzas Junta Municipal  2021;;ordenanza-n-043021-por-la-que-se-aprueba-la-ordenanza-tributaria-para-el-ejercicio-fiscal-20220;https://mcde.gov.py/post/ordenanza-n-043021-por-la-que-se-aprueba-la-ordenanza-tributaria-para-el-ejercicio-fiscal-20220;https://mcde.gov.py/api/v1/public/file/2f790e9eca8fcdc9135d267df8e4cdcb8c4617a38e4b8cf76312fee8;03_PDF_Originales/2021/2500_ordenanza-n-043021-por-la-que-se-aprueba-la-ordenanza-tributaria-para-el-ejercicio-fiscal-.pdf;8055461;73;290615;ok
2518;2021;Ordenanza.023.021 Por la que se modifica el nombre de la calle Del Carmen por Prof. Jacinto Matiauda;ORDENANZAS JUNTA MUNICIPAL AÑO 2021;Ordenanzas Junta Municipal  2021;;ordenanza023021-por-la-que-se-modifica-el-nombre-de-la-calle-del-carmen-por-prof-jacinto-matiauda;https://mcde.gov.py/post/ordenanza023021-por-la-que-se-modifica-el-nombre-de-la-calle-del-carmen-por-prof-jacinto-matiauda;https://mcde.gov.py/api/v1/public/file/38ed159704b28204ff9bdbb5eb57a7f8ec63c02333d374031576fb15;03_PDF_Originales/2021/2518_ordenanza023021-por-la-que-se-modifica-el-nombre-de-la-calle-del-carmen-por-prof-jacinto-m.pdf;113754;1;2733;ok
2519;2021;Ordenanza.022.021 Por la que se modifica el nombre de la calle Aca Caraya por Prof. Justo Pastor Piñanez;ORDENANZAS JUNTA MUNICIPAL AÑO 2021;Ordenanzas Junta Municipal  2021;;ordenanza022021-por-la-que-se-modifica-el-nombre-de-la-calle-aca-caraya-por-prof-justo-pastor-pinanez;https://mcde.gov.py/post/ordenanza022021-por-la-que-se-modifica-el-nombre-de-la-calle-aca-caraya-por-prof-justo-pastor-pinanez;https://mcde.gov.py/api/v1/public/file/0cfff90e647b910b9c146dda89286bb56505ea98689ec312ab050fc9;03_PDF_Originales/2021/2519_ordenanza022021-por-la-que-se-modifica-el-nombre-de-la-calle-aca-caraya-por-prof-justo-pas.pdf;122118;1;3064;ok
2520;2021;Ordenanza.021.021 Que amplia el presupuesto 2021 ingresos y egresos fondos royalties y fonacide;ORDENANZAS JUNTA MUNICIPAL AÑO 2021;Ordenanzas Junta Municipal  2021;;ordenanza021021-que-amplia-el-presupuesto-2021-ingresos-y-egresos-fondos-royalties-y-fonacide;https://mcde.gov.py/post/ordenanza021021-que-amplia-el-presupuesto-2021-ingresos-y-egresos-fondos-royalties-y-fonacide;https://mcde.gov.py/api/v1/public/file/2e26473f60f9202808a338ed35fc6356f0b471774960c517757e2200;03_PDF_Originales/2021/2520_ordenanza021021-que-amplia-el-presupuesto-2021-ingresos-y-egresos-fondos-royalties-y-fonac.pdf;212569;2;5897;ok
2521;2021;Ordenanza.020.021 Que reglamenta el uso y disfrute de la playa Ñande Renda de la costanera del km 8 de la Municipalidad de Ciudad del Este;ORDENANZAS JUNTA MUNICIPAL AÑO 2021;Ordenanzas Junta Municipal  2021;;ordenanza020021-que-reglamenta-el-uso-y-disfrute-de-la-playa-nande-renda-de-la-costanera-del-km-8-de-la-municipalidad-de-ciudad-del-este;https://mcde.gov.py/post/ordenanza020021-que-reglamenta-el-uso-y-disfrute-de-la-playa-nande-renda-de-la-costanera-del-km-8-de-la-municipalidad-de-ciudad-del-este;https://mcde.gov.py/api/v1/public/file/bd85c2042795e2491144830c2cea5bdf58dce3a1fabf67a86d5da31d;03_PDF_Originales/2021/2521_ordenanza020021-que-reglamenta-el-uso-y-disfrute-de-la-playa-nande-renda-de-la-costanera-d.pdf;722508;7;26685;ok
2522;2021;Ordenanza.019.021 Que aprueba las transferencias de rubros de gastos del presupuesto del programa servicios municipales;ORDENANZAS JUNTA MUNICIPAL AÑO 2021;Ordenanzas Junta Municipal  2021;;ordenanza019021-que-aprueba-las-transferencias-de-rubros-de-gastos-del-presupuesto-del-programa-servicios-municipales;https://mcde.gov.py/post/ordenanza019021-que-aprueba-las-transferencias-de-rubros-de-gastos-del-presupuesto-del-programa-servicios-municipales;https://mcde.gov.py/api/v1/public/file/083cb09ad3b6fabdfeecf9c4641cfd0448bd4df9b0b16b32c197b4e4;03_PDF_Originales/2021/2522_ordenanza019021-que-aprueba-las-transferencias-de-rubros-de-gastos-del-presupuesto-del-pro.pdf;249801;2;7538;ok
2523;2021;Ordenanza.018.021 Por la cual se modifica el la ordenanza 35.2020 J.M. por la que se reglamenta la ocupacion y alquiler de los salones del edif. publico galeria gran oriente;ORDENANZAS JUNTA MUNICIPAL AÑO 2021;Ordenanzas Junta Municipal  2021;;ordenanza018021-por-la-cual-se-modifica-el-la-ordenanza-352020-jm-por-la-que-se-reglamenta-la-ocupacion-y-alquiler-de-los-salones-del-edif-publico-galeria-gran-oriente;https://mcde.gov.py/post/ordenanza018021-por-la-cual-se-modifica-el-la-ordenanza-352020-jm-por-la-que-se-reglamenta-la-ocupacion-y-alquiler-de-los-salones-del-edif-publico-galeria-gran-oriente;https://mcde.gov.py/api/v1/public/file/f7b3a9acde8b2f71ba0de68450916e4ce944fd60953cfdbe269fee6e;03_PDF_Originales/2021/2523_ordenanza018021-por-la-cual-se-modifica-el-la-ordenanza-352020-jm-por-la-que-se-reglamenta.pdf;201725;3;5334;ok
2524;2021;Ordenanza.017.021 Por la cual se modifica el art. 163 tributaria sobre cobro de canon salón comercial microcentro;ORDENANZAS JUNTA MUNICIPAL AÑO 2021;Ordenanzas Junta Municipal  2021;;ordenanza017021-por-la-cual-se-modifica-el-art-163-tributaria-sobre-cobro-de-canon-salon-comercial-microcentro;https://mcde.gov.py/post/ordenanza017021-por-la-cual-se-modifica-el-art-163-tributaria-sobre-cobro-de-canon-salon-comercial-microcentro;https://mcde.gov.py/api/v1/public/file/b4e833f49b1932e8fcf914e250d1509996e2f6cb78f29081e7f6ae19;03_PDF_Originales/2021/2524_ordenanza017021-por-la-cual-se-modifica-el-art-163-tributaria-sobre-cobro-de-canon-salon-c.pdf;1183506;12;35285;ok
2525;2021;Ordenanza.016.021 Que amplia el presupuesto 2021 incorporando el saldo final conciliado los fondos genuinos Royalties y Fonacide;ORDENANZAS JUNTA MUNICIPAL AÑO 2021;Ordenanzas Junta Municipal  2021;;ordenanza016021-que-amplia-el-presupuesto-2021-incorporando-el-saldo-final-conciliado-los-fondos-genuinos-royalties-y-fonacide;https://mcde.gov.py/post/ordenanza016021-que-amplia-el-presupuesto-2021-incorporando-el-saldo-final-conciliado-los-fondos-genuinos-royalties-y-fonacide;https://mcde.gov.py/api/v1/public/file/0a48aee2e0cdd05cef33f2f06e8563779b9f11fd2e255f02c09054c9;03_PDF_Originales/2021/2525_ordenanza016021-que-amplia-el-presupuesto-2021-incorporando-el-saldo-final-conciliado-los-.pdf;305581;3;9832;ok
2526;2021;Ordenanza.015.021 Por la que se denomina una calle vecinos unidos del Barrio Don Bosco;ORDENANZAS JUNTA MUNICIPAL AÑO 2021;Ordenanzas Junta Municipal  2021;;ordenanza015021-por-la-que-se-denomina-una-calle-vecinos-unidos-del-barrio-don-bosco;https://mcde.gov.py/post/ordenanza015021-por-la-que-se-denomina-una-calle-vecinos-unidos-del-barrio-don-bosco;https://mcde.gov.py/api/v1/public/file/e2197c1972bec3cbee47371a136cb45ce107bb89743ccffe9678a5c6;03_PDF_Originales/2021/2526_ordenanza015021-por-la-que-se-denomina-una-calle-vecinos-unidos-del-barrio-don-bosco.pdf;159068;2;3909;ok
2527;2021;Ordenanza.014.021 Que amplia la zona de estacionamiento controlado y tarifado;ORDENANZAS JUNTA MUNICIPAL AÑO 2021;Ordenanzas Junta Municipal  2021;;ordenanza014021-que-amplia-la-zona-de-estacionamiento-controlado-y-tarifado;https://mcde.gov.py/post/ordenanza014021-que-amplia-la-zona-de-estacionamiento-controlado-y-tarifado;https://mcde.gov.py/api/v1/public/file/f1ca39fd73c62b816c3fbbc39c6f6aa4e9639978fb2a51f25f13ed27;03_PDF_Originales/2021/2527_ordenanza014021-que-amplia-la-zona-de-estacionamiento-controlado-y-tarifado.pdf;508867;5;17514;ok
2528;2021;Ordenanza.013.021 Que reglamenta el uso de la maquina de juego tragamonedas;ORDENANZAS JUNTA MUNICIPAL AÑO 2021;Ordenanzas Junta Municipal  2021;;ordenanza013021-que-reglamenta-el-uso-de-la-maquina-de-juego-tragamonedas;https://mcde.gov.py/post/ordenanza013021-que-reglamenta-el-uso-de-la-maquina-de-juego-tragamonedas;https://mcde.gov.py/api/v1/public/file/d0a78a131da52c44e110b89e75d24acb40a0f2d2e31c1ea79151dedf;03_PDF_Originales/2021/2528_ordenanza013021-que-reglamenta-el-uso-de-la-maquina-de-juego-tragamonedas.pdf;500615;5;16239;ok
2529;2021;Ordenanza.012.021 Que modifica parcialmente la ord. 70.97 art. 13 sobre requisitos para obtener habilitación de taxis, mototaxis;ORDENANZAS JUNTA MUNICIPAL AÑO 2021;Ordenanzas Junta Municipal  2021;;ordenanza012021-que-modifica-parcialmente-la-ord-7097-art-13-sobre-requisitos-para-obtener-habilitacion-de-taxis-mototaxis;https://mcde.gov.py/post/ordenanza012021-que-modifica-parcialmente-la-ord-7097-art-13-sobre-requisitos-para-obtener-habilitacion-de-taxis-mototaxis;https://mcde.gov.py/api/v1/public/file/950454c850341752718c05689b36ea68963cc6f548b9cb9ed28795ef;03_PDF_Originales/2021/2529_ordenanza012021-que-modifica-parcialmente-la-ord-7097-art-13-sobre-requisitos-para-obtener.pdf;171072;2;4069;ok
2530;2021;Ordenanza.011.021 Por la que se aprueba las transferencias de rubros de gastos del presupuesto general de la municipalidad programa servicios;ORDENANZAS JUNTA MUNICIPAL AÑO 2021;Ordenanzas Junta Municipal  2021;;ordenanza011021-por-la-que-se-aprueba-las-transferencias-de-rubros-de-gastos-del-presupuesto-general-de-la-municipalidad-programa-servicios;https://mcde.gov.py/post/ordenanza011021-por-la-que-se-aprueba-las-transferencias-de-rubros-de-gastos-del-presupuesto-general-de-la-municipalidad-programa-servicios;https://mcde.gov.py/api/v1/public/file/42b5ddd103820a8c300ef245c08ee2d56db2c0baab30fd667681191c;03_PDF_Originales/2021/2530_ordenanza011021-por-la-que-se-aprueba-las-transferencias-de-rubros-de-gastos-del-presupues.pdf;336510;4;16549;ok
2531;2021;Ordenanza.010.021 Por la que se denomina una calle que queda frente al colegio nacional defensores del chaco;ORDENANZAS JUNTA MUNICIPAL AÑO 2021;Ordenanzas Junta Municipal  2021;;ordenanza010021-por-la-que-se-denomina-una-calle-que-queda-frente-al-colegio-nacional-defensores-del-chaco;https://mcde.gov.py/post/ordenanza010021-por-la-que-se-denomina-una-calle-que-queda-frente-al-colegio-nacional-defensores-del-chaco;https://mcde.gov.py/api/v1/public/file/306bb9e9531c289f1d2363a73b5983ae8261ea4b5635dd05699ab29a;03_PDF_Originales/2021/2531_ordenanza010021-por-la-que-se-denomina-una-calle-que-queda-frente-al-colegio-nacional-defe.pdf;136370;2;3172;ok
2532;2021;Ordenanza.009.021 Por la que se denomina una calle al costado de la capilla Medalla Milagrosa de la Fraccion Ciudad Nueva Sur;ORDENANZAS JUNTA MUNICIPAL AÑO 2021;Ordenanzas Junta Municipal  2021;;ordenanza009021-por-la-que-se-denomina-una-calle-al-costado-de-la-capilla-medalla-milagrosa-de-la-fraccion-ciudad-nueva-sur;https://mcde.gov.py/post/ordenanza009021-por-la-que-se-denomina-una-calle-al-costado-de-la-capilla-medalla-milagrosa-de-la-fraccion-ciudad-nueva-sur;https://mcde.gov.py/api/v1/public/file/715764712c7f072f52eb6c26cad25aaa2af8ccb5c182bbb66c748094;03_PDF_Originales/2021/2532_ordenanza009021-por-la-que-se-denomina-una-calle-al-costado-de-la-capilla-medalla-milagros.pdf;135823;2;3056;ok
2533;2021;Ordenanza.008.021 Por la cual se modifica el art. 50 y 139 Ord. tribu 021.2020 exoneracion de inspeccion y desinfeccion moto taxis y transporte universitario;ORDENANZAS JUNTA MUNICIPAL AÑO 2021;Ordenanzas Junta Municipal  2021;;ordenanza008021-por-la-cual-se-modifica-el-art-50-y-139-ord-tribu-0212020-exoneracion-de-inspeccion-y-desinfeccion-moto-taxis-y-transporte-universitario;https://mcde.gov.py/post/ordenanza008021-por-la-cual-se-modifica-el-art-50-y-139-ord-tribu-0212020-exoneracion-de-inspeccion-y-desinfeccion-moto-taxis-y-transporte-universitario;https://mcde.gov.py/api/v1/public/file/7bc045babd55d59a66d77c7c3b11bf524e749c1473efb83558b030dd;03_PDF_Originales/2021/2533_ordenanza008021-por-la-cual-se-modifica-el-art-50-y-139-ord-tribu-0212020-exoneracion-de-i.pdf;190692;2;4766;ok
2534;2021;Ordenanza.007.021 Por la cual se modifica el art. 50 y 139 Ord. tribu 021.2020 exoneracion de inspeccion tecnica de transporte escolar;ORDENANZAS JUNTA MUNICIPAL AÑO 2021;Ordenanzas Junta Municipal  2021;;ordenanza007021-por-la-cual-se-modifica-el-art-50-y-139-ord-tribu-0212020-exoneracion-de-inspeccion-tecnica-de-transporte-escolar;https://mcde.gov.py/post/ordenanza007021-por-la-cual-se-modifica-el-art-50-y-139-ord-tribu-0212020-exoneracion-de-inspeccion-tecnica-de-transporte-escolar;https://mcde.gov.py/api/v1/public/file/b5ab49d1760fa69cc4b253553b4c3a82fd3ba8a71e7c90e829a67205;03_PDF_Originales/2021/2534_ordenanza007021-por-la-cual-se-modifica-el-art-50-y-139-ord-tribu-0212020-exoneracion-de-i.pdf;425467;5;11832;ok
2535;2021;Ordenanza.006.021 Por la que se denomina una calle del Km. 9 a 10 Monday con el nombre de Wilfrido Cabañas Rolon;ORDENANZAS JUNTA MUNICIPAL AÑO 2021;Ordenanzas Junta Municipal  2021;;ordenanza006021-por-la-que-se-denomina-una-calle-del-km-9-a-10-monday-con-el-nombre-de-wilfrido-cabanas-rolon;https://mcde.gov.py/post/ordenanza006021-por-la-que-se-denomina-una-calle-del-km-9-a-10-monday-con-el-nombre-de-wilfrido-cabanas-rolon;https://mcde.gov.py/api/v1/public/file/b8b50b5e9c10f3f8c9828081d35f0d9c637e8c9b46f48bc257476d3c;03_PDF_Originales/2021/2535_ordenanza006021-por-la-que-se-denomina-una-calle-del-km-9-a-10-monday-con-el-nombre-de-wil.pdf;259079;4;12696;ok
2536;2021;Ordenanza.005.021 Que modifica el Art. 8 de la Ord. 042.2020 J.M. Que autoriza a la intendencia regular y ejecutar el control y fiscalizacion de estacionamiento publico y privado de la m;ORDENANZAS JUNTA MUNICIPAL AÑO 2021;Ordenanzas Junta Municipal  2021;;ordenanza005021-que-modifica-el-art-8-de-la-ord-0422020-jm-que-autoriza-a-la-intendencia-regular-y-ejecutar-el-control-y-fiscalizacion-de-estacionamiento-publico-y-privado-de-la-m;https://mcde.gov.py/post/ordenanza005021-que-modifica-el-art-8-de-la-ord-0422020-jm-que-autoriza-a-la-intendencia-regular-y-ejecutar-el-control-y-fiscalizacion-de-estacionamiento-publico-y-privado-de-la-m;https://mcde.gov.py/api/v1/public/file/48fdf4d7fc9d8f2cab6deca2d5bf4c87219204786fae198adbfb4355;03_PDF_Originales/2021/2536_ordenanza005021-que-modifica-el-art-8-de-la-ord-0422020-jm-que-autoriza-a-la-intendencia-r.pdf;205357;2;4673;ok
2537;2021;Ordenanza.004.021 Por la que se dispone el cumplimiento de disposiciones administrativas referente a la calidad del aire;ORDENANZAS JUNTA MUNICIPAL AÑO 2021;Ordenanzas Junta Municipal  2021;;ordenanza004021-por-la-que-se-dispone-el-cumplimiento-de-disposiciones-administrativas-referente-a-la-calidad-del-aire;https://mcde.gov.py/post/ordenanza004021-por-la-que-se-dispone-el-cumplimiento-de-disposiciones-administrativas-referente-a-la-calidad-del-aire;https://mcde.gov.py/api/v1/public/file/d87954dac3e13b4bd59a777b35daddf2a669192e132a676ec208507a;03_PDF_Originales/2021/2537_ordenanza004021-por-la-que-se-dispone-el-cumplimiento-de-disposiciones-administrativas-ref.pdf;474082;6;16699;ok
2538;2021;Ordenanza.003.021 Por la que se modifica y amplia la Ord. 25.20, que mod. 031.019 J.M.;ORDENANZAS JUNTA MUNICIPAL AÑO 2021;Ordenanzas Junta Municipal  2021;;ordenanza003021-por-la-que-se-modifica-y-amplia-la-ord-2520-que-mod-031019-jm;https://mcde.gov.py/post/ordenanza003021-por-la-que-se-modifica-y-amplia-la-ord-2520-que-mod-031019-jm;https://mcde.gov.py/api/v1/public/file/131458bc1051c2ba555b3172301526122a75e95cb76b76b5b933cf8a;03_PDF_Originales/2021/2538_ordenanza003021-por-la-que-se-modifica-y-amplia-la-ord-2520-que-mod-031019-jm.pdf;148340;2;3719;ok
2539;2021;Ordenanza.002.021 Por la que se establece la realizacion de eventos musicales los dias viernes;ORDENANZAS JUNTA MUNICIPAL AÑO 2021;Ordenanzas Junta Municipal  2021;;ordenanza002021-por-la-que-se-establece-la-realizacion-de-eventos-musicales-los-dias-viernes;https://mcde.gov.py/post/ordenanza002021-por-la-que-se-establece-la-realizacion-de-eventos-musicales-los-dias-viernes;https://mcde.gov.py/api/v1/public/file/afb68ed24fcd01db4091ce1c1a94701fc1d9a387b5add31858239f0f;03_PDF_Originales/2021/2539_ordenanza002021-por-la-que-se-establece-la-realizacion-de-eventos-musicales-los-dias-viern.pdf;521839;2;4251;ok
2540;2021;Ordenanza.001.021 Por la que se modifica el punto 1 del art. 151 de la ordenanza tributaria ejercicio 2021;ORDENANZAS JUNTA MUNICIPAL AÑO 2021;Ordenanzas Junta Municipal  2021;;ordenanza001021-por-la-que-se-modifica-el-punto-1-del-art-151-de-la-ordenanza-tributaria-ejercicio-2021;https://mcde.gov.py/post/ordenanza001021-por-la-que-se-modifica-el-punto-1-del-art-151-de-la-ordenanza-tributaria-ejercicio-2021;https://mcde.gov.py/api/v1/public/file/1b9926d424fb4eb7f8bd8dd798f5f1c54aefb618360a3ac768e5d92c;03_PDF_Originales/2021/2540_ordenanza001021-por-la-que-se-modifica-el-punto-1-del-art-151-de-la-ordenanza-tributaria-e.pdf;297936;2;4829;ok
2670;2021;Ordenanza.024.021 Por la cual se modifica el art. 163 tributaria canon por ocupación de espacios de dominio publico CDE;ORDENANZA 2021;Ordenanzas Junta Municipal  2021;;ordenanza024021-por-la-cual-se-modifica-el-art-163-tributaria-canon-por-ocupacion-de-espacios-de-dominio-publico-cde;https://mcde.gov.py/post/ordenanza024021-por-la-cual-se-modifica-el-art-163-tributaria-canon-por-ocupacion-de-espacios-de-dominio-publico-cde;https://mcde.gov.py/api/v1/public/file/71eb5c05cbfb640ae5889ef5bf3618afb077da5b5b9fb78643acdaa1;03_PDF_Originales/2021/2670_ordenanza024021-por-la-cual-se-modifica-el-art-163-tributaria-canon-por-ocupacion-de-espac.pdf;222235;2;5333;ok
2671;2021;Ordenanza.025.021 Por la cual se dispone el horario de apertura y cierre del mercado zonal km 7;ORDENANZA 2021;Ordenanzas Junta Municipal  2021;;ordenanza025021-por-la-cual-se-dispone-el-horario-de-apertura-y-cierre-del-mercado-zonal-km-7;https://mcde.gov.py/post/ordenanza025021-por-la-cual-se-dispone-el-horario-de-apertura-y-cierre-del-mercado-zonal-km-7;https://mcde.gov.py/api/v1/public/file/b6955b36fa1b8f7d5f2e57571b98f526f39b1ef23de86dcef9e368f6;03_PDF_Originales/2021/2671_ordenanza025021-por-la-cual-se-dispone-el-horario-de-apertura-y-cierre-del-mercado-zonal-k.pdf;125821;1;2742;ok
2672;2021;Ordenanza.026.021 Que amplia el presupuesto ejercicio fiscal 2021;ORDENANZA 2021;Ordenanzas Junta Municipal  2021;;ordenanza026021-que-amplia-el-presupuesto-ejercicio-fiscal-2021;https://mcde.gov.py/post/ordenanza026021-que-amplia-el-presupuesto-ejercicio-fiscal-2021;https://mcde.gov.py/api/v1/public/file/04b4be0cc093346cc9a8b1266ecfac15b6a38c58d82e17eb0f640994;03_PDF_Originales/2021/2672_ordenanza026021-que-amplia-el-presupuesto-ejercicio-fiscal-2021.pdf;232372;2;6445;ok
2673;2021;Ordenanza.027.021 Por la que se dispone la nomenclatura de una calle detras de la plaza pino II del Barrio Cdad Nueva;ORDENANZA 2021;Ordenanzas Junta Municipal  2021;;ordenanza027021-por-la-que-se-dispone-la-nomenclatura-de-una-calle-detras-de-la-plaza-pino-ii-del-barrio-cdad-nueva;https://mcde.gov.py/post/ordenanza027021-por-la-que-se-dispone-la-nomenclatura-de-una-calle-detras-de-la-plaza-pino-ii-del-barrio-cdad-nueva;https://mcde.gov.py/api/v1/public/file/82d5260b14c25e867987748f09128f7270190a90d4ec5239ce2a1ed9;03_PDF_Originales/2021/2673_ordenanza027021-por-la-que-se-dispone-la-nomenclatura-de-una-calle-detras-de-la-plaza-pino.pdf;113027;1;2233;ok
2675;2021;Ordenanza.028.021 Por la que se dispone la nomenclatura de una calle en km 11 frente a la ASO de funcionarios de la Aduna con el nombre de Jose Marcos Rodriguez;ORDENANZA 2021;Ordenanzas Junta Municipal  2021;;ordenanza028021-por-la-que-se-dispone-la-nomenclatura-de-una-calle-en-km-11-frente-a-la-aso-de-funcionarios-de-la-aduna-con-el-nombre-de-jose-marcos-rodriguez;https://mcde.gov.py/post/ordenanza028021-por-la-que-se-dispone-la-nomenclatura-de-una-calle-en-km-11-frente-a-la-aso-de-funcionarios-de-la-aduna-con-el-nombre-de-jose-marcos-rodriguez;https://mcde.gov.py/api/v1/public/file/17c20da75de0031d89fdae8dc68671e0fc62debaa86da1f54252250a;03_PDF_Originales/2021/2675_ordenanza028021-por-la-que-se-dispone-la-nomenclatura-de-una-calle-en-km-11-frente-a-la-as.pdf;176611;2;4350;ok
2676;2021;Ordenanza.029.021 Por la que se dispone nuevo costo de pasaje de transporte publico en CDE;ORDENANZA 2021;Ordenanzas Junta Municipal  2021;;ordenanza029021-por-la-que-se-dispone-nuevo-costo-de-pasaje-de-transporte-publico-en-cde;https://mcde.gov.py/post/ordenanza029021-por-la-que-se-dispone-nuevo-costo-de-pasaje-de-transporte-publico-en-cde;https://mcde.gov.py/api/v1/public/file/63a4c0eaa68d02555912228974e8ec9b61b7c13a90dfcb00800d4dcc;03_PDF_Originales/2021/2676_ordenanza029021-por-la-que-se-dispone-nuevo-costo-de-pasaje-de-transporte-publico-en-cde.pdf;140580;1;3306;ok
2677;2021;Ordenanza.030.021 Por la que se dispone la nomenclatura de una calle a 3 cuadras de la rotonda área _0;ORDENANZA 2021;Ordenanzas Junta Municipal  2021;;ordenanza030021-por-la-que-se-dispone-la-nomenclatura-de-una-calle-a-3-cuadras-de-la-rotonda-area-0;https://mcde.gov.py/post/ordenanza030021-por-la-que-se-dispone-la-nomenclatura-de-una-calle-a-3-cuadras-de-la-rotonda-area-0;https://mcde.gov.py/api/v1/public/file/c3f2eb05399e6e7665adc792d4a9a0ddd9e901f7c291699834ca943b;03_PDF_Originales/2021/2677_ordenanza030021-por-la-que-se-dispone-la-nomenclatura-de-una-calle-a-3-cuadras-de-la-roton.pdf;156091;1;3928;ok
2678;2021;Ordenanza.031.021 Por la que se dispone el itinerario urbano de los ómnibus de transporte de larga distancia que ingresan al distrito de CDE;ORDENAZA 2021;Ordenanzas Junta Municipal  2021;;ordenanza031021-por-la-que-se-dispone-el-itinerario-urbano-de-los-omnibus-de-transporte-de-larga-distancia-que-ingresan-al-distrito-de-cde;https://mcde.gov.py/post/ordenanza031021-por-la-que-se-dispone-el-itinerario-urbano-de-los-omnibus-de-transporte-de-larga-distancia-que-ingresan-al-distrito-de-cde;https://mcde.gov.py/api/v1/public/file/85963bcfa333f7ec62d1a8aa816293d19101a31f3ef263cdb0cb2875;03_PDF_Originales/2021/2678_ordenanza031021-por-la-que-se-dispone-el-itinerario-urbano-de-los-omnibus-de-transporte-de.pdf;149581;1;3479;ok
2679;2021;Ordenanza.032.021 Por la que se dispone la nomenclatura de una calle en km 12 Monday con el nombre de Nuestra Señora del Carmen;ORDENANZA 2021;Ordenanzas Junta Municipal  2021;;ordenanza032021-por-la-que-se-dispone-la-nomenclatura-de-una-calle-en-km-12-monday-con-el-nombre-de-nuestra-senora-del-carmen;https://mcde.gov.py/post/ordenanza032021-por-la-que-se-dispone-la-nomenclatura-de-una-calle-en-km-12-monday-con-el-nombre-de-nuestra-senora-del-carmen;https://mcde.gov.py/api/v1/public/file/7f0895a98e7020d5e11499ab4d46757151df8e0010e22d8b33259e2d;03_PDF_Originales/2021/2679_ordenanza032021-por-la-que-se-dispone-la-nomenclatura-de-una-calle-en-km-12-monday-con-el-.pdf;131649;1;2552;ok
2680;2021;Ordenanza.033.021 Por la que se dispone la nomenclatura de una calle en el Barrio San Lucas con el nombre de el Verbo Divino;ORDENANZA  2021;Ordenanzas Junta Municipal  2021;;ordenanza033021-por-la-que-se-dispone-la-nomenclatura-de-una-calle-en-el-barrio-san-lucas-con-el-nombre-de-el-verbo-divino;https://mcde.gov.py/post/ordenanza033021-por-la-que-se-dispone-la-nomenclatura-de-una-calle-en-el-barrio-san-lucas-con-el-nombre-de-el-verbo-divino;https://mcde.gov.py/api/v1/public/file/2f8fe933f2084a55c1f616877af60aa262e13597656ce37fc72e86c4;03_PDF_Originales/2021/2680_ordenanza033021-por-la-que-se-dispone-la-nomenclatura-de-una-calle-en-el-barrio-san-lucas-.pdf;122519;1;2436;ok
2681;2021;Ordenanza.034.021 Por la que se dispone la nomenclatura de una calle en el Barrio San José como Juan Cristobal Acosta Cáceres;ORDENANAZA 2021;Ordenanzas Junta Municipal  2021;;ordenanza034021-por-la-que-se-dispone-la-nomenclatura-de-una-calle-en-el-barrio-san-jose-como-juan-cristobal-acosta-caceres;https://mcde.gov.py/post/ordenanza034021-por-la-que-se-dispone-la-nomenclatura-de-una-calle-en-el-barrio-san-jose-como-juan-cristobal-acosta-caceres;https://mcde.gov.py/api/v1/public/file/1b7abfe95aff7580e8d8d7e47e0ef0194f5089c6774759252955098f;03_PDF_Originales/2021/2681_ordenanza034021-por-la-que-se-dispone-la-nomenclatura-de-una-calle-en-el-barrio-san-jose-c.pdf;143994;1;3125;ok
2682;2021;Ordenanza.035.021 Por la que se modifica parcialmente la ord. 27.2020 y se desglosa los ingresos pro_021;ORDENAZA 2021;Ordenanzas Junta Municipal  2021;;ordenanza035021-por-la-que-se-modifica-parcialmente-la-ord-272020-y-se-desglosa-los-ingresos-pro021;https://mcde.gov.py/post/ordenanza035021-por-la-que-se-modifica-parcialmente-la-ord-272020-y-se-desglosa-los-ingresos-pro021;https://mcde.gov.py/api/v1/public/file/aa9779a802aed2ce3261a3a14cd98badf5e2d5432ba22c45a01e8bdd;03_PDF_Originales/2021/2682_ordenanza035021-por-la-que-se-modifica-parcialmente-la-ord-272020-y-se-desglosa-los-ingres.pdf;301574;3;7422;ok
2683;2021;Ordenanza.036.021 Por la que se modifica parcialmente el punto 7 del art. 1 de la ord. 017.21 tributaria 21.2021 (2);ORDENANZA 2021;Ordenanzas Junta Municipal  2021;;ordenanza036021-por-la-que-se-modifica-parcialmente-el-punto-7-del-art-1-de-la-ord-01721-tributaria-212021-2;https://mcde.gov.py/post/ordenanza036021-por-la-que-se-modifica-parcialmente-el-punto-7-del-art-1-de-la-ord-01721-tributaria-212021-2;https://mcde.gov.py/api/v1/public/file/d604ca490bac9780c180e2b0461c8b201fae24193774739d156e7b76;03_PDF_Originales/2021/2683_ordenanza036021-por-la-que-se-modifica-parcialmente-el-punto-7-del-art-1-de-la-ord-01721-t.pdf;1176159;10;25388;ok
2684;2021;Ordenanza.037.021 Por la que se modifica parcialmente el Art. 3 y se amplia el Art. 8 Ord. 014.2021;ORDENANZA 2021;Ordenanzas Junta Municipal  2021;;ordenanza037021-por-la-que-se-modifica-parcialmente-el-art-3-y-se-amplia-el-art-8-ord-0142021;https://mcde.gov.py/post/ordenanza037021-por-la-que-se-modifica-parcialmente-el-art-3-y-se-amplia-el-art-8-ord-0142021;https://mcde.gov.py/api/v1/public/file/259c9ba351b632405e13ccac976aee063c4c98b75436870209267948;03_PDF_Originales/2021/2684_ordenanza037021-por-la-que-se-modifica-parcialmente-el-art-3-y-se-amplia-el-art-8-ord-0142.pdf;306163;3;7242;ok
2685;2021;Ordenanza.038.021 Por la que se dispone la nomenclatura de una calle en km 12 Monday con el nombre d_021;ORDENANZA 2021;Ordenanzas Junta Municipal  2021;;ordenanza038021-por-la-que-se-dispone-la-nomenclatura-de-una-calle-en-km-12-monday-con-el-nombre-d021;https://mcde.gov.py/post/ordenanza038021-por-la-que-se-dispone-la-nomenclatura-de-una-calle-en-km-12-monday-con-el-nombre-d021;https://mcde.gov.py/api/v1/public/file/5c083a936732d6a4a6e40e0ac912ff1ac434dd4f21bc097b20025de7;03_PDF_Originales/2021/2685_ordenanza038021-por-la-que-se-dispone-la-nomenclatura-de-una-calle-en-km-12-monday-con-el-.pdf;154726;1;3574;ok
2686;2021;Ordenanza.039.021 Por la que se dispone el cambio de origen de financiamiento del programa servicios municipales al programa royalties;ORDENANZA 2021;Ordenanzas Junta Municipal  2021;;ordenanza039021-por-la-que-se-dispone-el-cambio-de-origen-de-financiamiento-del-programa-servicios-municipales-al-programa-royalties;https://mcde.gov.py/post/ordenanza039021-por-la-que-se-dispone-el-cambio-de-origen-de-financiamiento-del-programa-servicios-municipales-al-programa-royalties;https://mcde.gov.py/api/v1/public/file/49beccfc15f08b5badc857352436ddebc4245043ba49d91c17c8aea4;03_PDF_Originales/2021/2686_ordenanza039021-por-la-que-se-dispone-el-cambio-de-origen-de-financiamiento-del-programa-s.pdf;216946;2;4426;ok
2687;2021;Ordenanza.040.021 Que amplia el art. 104 de la tributaria sobre juegos de azar o de suerte_000;ORDENANAZA 2021;Ordenanzas Junta Municipal  2021;;ordenanza040021-que-amplia-el-art-104-de-la-tributaria-sobre-juegos-de-azar-o-de-suerte000;https://mcde.gov.py/post/ordenanza040021-que-amplia-el-art-104-de-la-tributaria-sobre-juegos-de-azar-o-de-suerte000;https://mcde.gov.py/api/v1/public/file/478dba43aa3ef1424719f9c40138861c0a48aeb5f6c0d76912b69065;03_PDF_Originales/2021/2687_ordenanza040021-que-amplia-el-art-104-de-la-tributaria-sobre-juegos-de-azar-o-de-suerte000.pdf;315137;2;8284;ok
2688;2021;Ordenanza.041.021 Que modifica parcialmente el punto 1 art 159 de la tributaria sobre estacionamiento controlado;ORDENANAZA 2021;Ordenanzas Junta Municipal  2021;;ordenanza041021-que-modifica-parcialmente-el-punto-1-art-159-de-la-tributaria-sobre-estacionamiento-controlado;https://mcde.gov.py/post/ordenanza041021-que-modifica-parcialmente-el-punto-1-art-159-de-la-tributaria-sobre-estacionamiento-controlado;https://mcde.gov.py/api/v1/public/file/5cb7f1937fb7f8d8f8d3f95f5fb117ffb02822c19d03a296603eb4d1;03_PDF_Originales/2021/2688_ordenanza041021-que-modifica-parcialmente-el-punto-1-art-159-de-la-tributaria-sobre-estaci.pdf;299229;2;6764;ok
2689;2021;Ordenanza.042.021 Por la que se dispone la nomenclatura de una calle en el Barrio Cdad Nueva, Fraccion Sandra María km 6 a 7 con el nombre de San Judas Tadeo;ORDENANZA 2021;Ordenanzas Junta Municipal  2021;;ordenanza042021-por-la-que-se-dispone-la-nomenclatura-de-una-calle-en-el-barrio-cdad-nueva-fraccion-sandra-maria-km-6-a-7-con-el-nombre-de-san-judas-tadeo;https://mcde.gov.py/post/ordenanza042021-por-la-que-se-dispone-la-nomenclatura-de-una-calle-en-el-barrio-cdad-nueva-fraccion-sandra-maria-km-6-a-7-con-el-nombre-de-san-judas-tadeo;https://mcde.gov.py/api/v1/public/file/68dc57229dd53ce29dc8fea0730afe5f7e3809bd054fafe1fb331d9e;03_PDF_Originales/2021/2689_ordenanza042021-por-la-que-se-dispone-la-nomenclatura-de-una-calle-en-el-barrio-cdad-nueva.pdf;142971;1;3062;ok
2691;2021;Ordenanza.044.021 Por la que se dispone la nomenclatura de una plaza del km 12 Acaray con el nombre de Justiniano Cabañas;ORDENANZA 2021;Ordenanzas Junta Municipal  2021;;ordenanza044021-por-la-que-se-dispone-la-nomenclatura-de-una-plaza-del-km-12-acaray-con-el-nombre-de-justiniano-cabanas;https://mcde.gov.py/post/ordenanza044021-por-la-que-se-dispone-la-nomenclatura-de-una-plaza-del-km-12-acaray-con-el-nombre-de-justiniano-cabanas;https://mcde.gov.py/api/v1/public/file/2790fea1b42b78149934d1ddb839bb7e7d5eb23d317dfca492516831;03_PDF_Originales/2021/2691_ordenanza044021-por-la-que-se-dispone-la-nomenclatura-de-una-plaza-del-km-12-acaray-con-el.pdf;158669;1;3710;ok
2692;2021;Ordenanza.045.021 Por la que se deroga la Ord. 06.2020 J.M. Quedando vigente la 016.2016 J.M._000;ORDENANZA 2021;Ordenanzas Junta Municipal  2021;;ordenanza045021-por-la-que-se-deroga-la-ord-062020-jm-quedando-vigente-la-0162016-jm000;https://mcde.gov.py/post/ordenanza045021-por-la-que-se-deroga-la-ord-062020-jm-quedando-vigente-la-0162016-jm000;https://mcde.gov.py/api/v1/public/file/1326164a150c79a3219f5a09b94daf94743bacf530b55c96fb922f34;03_PDF_Originales/2021/2692_ordenanza045021-por-la-que-se-deroga-la-ord-062020-jm-quedando-vigente-la-0162016-jm000.pdf;255993;2;5394;ok
2693;2021;Ordenanza.046.021 Por la que se aprueba con mod. el presupuesto de la Municipalidad CDE 2022_000-1;ORDENANZA 2021 ;Ordenanzas Junta Municipal  2021;;ordenanza046021-por-la-que-se-aprueba-con-mod-el-presupuesto-de-la-municipalidad-cde-2022000-1;https://mcde.gov.py/post/ordenanza046021-por-la-que-se-aprueba-con-mod-el-presupuesto-de-la-municipalidad-cde-2022000-1;https://mcde.gov.py/api/v1/public/file/22bb05a23b9a29f3a50ed6b8353d37af66bdca0084b0df66adc388b4;03_PDF_Originales/2021/2693_ordenanza046021-por-la-que-se-aprueba-con-mod-el-presupuesto-de-la-municipalidad-cde-20220.pdf;1809187;19;77128;ok
2694;2021;Ordenanza.047.021 Por la que se amplia el presupuesto de ingreso y egreso fiscal 2021 convenio itaipu y la municipalidad;ORDENANZA 2021;Ordenanzas Junta Municipal  2021;;ordenanza047021-por-la-que-se-amplia-el-presupuesto-de-ingreso-y-egreso-fiscal-2021-convenio-itaipu-y-la-municipalidad;https://mcde.gov.py/post/ordenanza047021-por-la-que-se-amplia-el-presupuesto-de-ingreso-y-egreso-fiscal-2021-convenio-itaipu-y-la-municipalidad;https://mcde.gov.py/api/v1/public/file/3ece71ea4c03f1329bdfe58cf1c2d69fc8ce8fa15074d27e7a97db89;03_PDF_Originales/2021/2694_ordenanza047021-por-la-que-se-amplia-el-presupuesto-de-ingreso-y-egreso-fiscal-2021-conven.pdf;264461;2;6289;ok
2695;2021;Ordenanza.048.021 Por la que se dispone la nomenclatura de la calle ubicada en Bo. San Alfredo con e_000;ORDENANZA  2021;Ordenanzas Junta Municipal  2021;;ordenanza048021-por-la-que-se-dispone-la-nomenclatura-de-la-calle-ubicada-en-bo-san-alfredo-con-e000;https://mcde.gov.py/post/ordenanza048021-por-la-que-se-dispone-la-nomenclatura-de-la-calle-ubicada-en-bo-san-alfredo-con-e000;https://mcde.gov.py/api/v1/public/file/a70c1b5a6854c6ab91b630533fb8c6b9b21cede8694814ce5a968a0b;03_PDF_Originales/2021/2695_ordenanza048021-por-la-que-se-dispone-la-nomenclatura-de-la-calle-ubicada-en-bo-san-alfred.pdf;143694;1;2919;ok
2696;2021;Ordenanza.049.021 Por la que se amplia el presupuesto 2021, transferencia de fonacide, royalties y juego de azar corresp. año 2020;ORDENANZA 2021;Ordenanzas Junta Municipal  2021;;ordenanza049021-por-la-que-se-amplia-el-presupuesto-2021-transferencia-de-fonacide-royalties-y-juego-de-azar-corresp-ano-2020;https://mcde.gov.py/post/ordenanza049021-por-la-que-se-amplia-el-presupuesto-2021-transferencia-de-fonacide-royalties-y-juego-de-azar-corresp-ano-2020;https://mcde.gov.py/api/v1/public/file/7ae812647a3bc45d00673c88b7f3e7a733c0570fc66d5f0cd2aedcc4;03_PDF_Originales/2021/2696_ordenanza049021-por-la-que-se-amplia-el-presupuesto-2021-transferencia-de-fonacide-royalti.pdf;269571;2;6533;ok
2697;2021;Ordenanza.050.021 Que modifica el art. 4 de la Ord. 28.2020 de polucion sonora y ruidos molestos;"ORDENANZA 2021
";Ordenanzas Junta Municipal  2021;;ordenanza050021-que-modifica-el-art-4-de-la-ord-282020-de-polucion-sonora-y-ruidos-molestos;https://mcde.gov.py/post/ordenanza050021-que-modifica-el-art-4-de-la-ord-282020-de-polucion-sonora-y-ruidos-molestos;https://mcde.gov.py/api/v1/public/file/62c86b0b0a4d9b6523710a409c33884b5daa60585abd79214d4ef32b;03_PDF_Originales/2021/2697_ordenanza050021-que-modifica-el-art-4-de-la-ord-282020-de-polucion-sonora-y-ruidos-molesto.pdf;221628;2;4642;ok
2698;2021;Ordenanza.051.021 Que crea la Secretaria de la Vivienda del Municipio de CDE_0;ORDENANZA 2021;Ordenanzas Junta Municipal  2021;;ordenanza051021-que-crea-la-secretaria-de-la-vivienda-del-municipio-de-cde0;https://mcde.gov.py/post/ordenanza051021-que-crea-la-secretaria-de-la-vivienda-del-municipio-de-cde0;https://mcde.gov.py/api/v1/public/file/bb405f89c18816dd760655ef8a8e85ea6e5eb7752441649bc522684d;03_PDF_Originales/2021/2698_ordenanza051021-que-crea-la-secretaria-de-la-vivienda-del-municipio-de-cde0.pdf;359332;3;9132;ok
2699;2022;Ord.001.022 Por la cual se establece un nuevo sistema organizacional de la Dirección de Orden y Seguridad y Se crea la Policía Municipal Turística;ORDENANZA 2022;Ordenanzas Junta Municipal 2022;;ord001022-por-la-cual-se-establece-un-nuevo-sistema-organizacional-de-la-direccion-de-orden-y-seguridad-y-se-crea-la-policia-municipal-turistica;https://mcde.gov.py/post/ord001022-por-la-cual-se-establece-un-nuevo-sistema-organizacional-de-la-direccion-de-orden-y-seguridad-y-se-crea-la-policia-municipal-turistica;https://mcde.gov.py/api/v1/public/file/ec9e3120e653c11007da4d4185ec0c11c0134e881126ed8acd4212f8;03_PDF_Originales/2022/2699_ord001022-por-la-cual-se-establece-un-nuevo-sistema-organizacional-de-la-direccion-de-orde.pdf;564207;5;0;escaneado_sin_texto
2700;2022;Ord.002 POR LA CUAL SE CREA EL CONSEJO DE SUPERINTENDENCIA Y DE PROCEDIMIENTOS ORGANIZACIONALES DE LOS JUZGADOS DE FALTAS;OEDENANZA 2022;Ordenanzas Junta Municipal 2022;;ord002-por-la-cual-se-crea-el-consejo-de-superintendencia-y-de-procedimientos-organizacionales-de-los-juzgados-de-faltas;https://mcde.gov.py/post/ord002-por-la-cual-se-crea-el-consejo-de-superintendencia-y-de-procedimientos-organizacionales-de-los-juzgados-de-faltas;https://mcde.gov.py/api/v1/public/file/2fc9cd146f848ab29d44942464e58ba42aef38ae72ef0fca7b943d3d;03_PDF_Originales/2022/2700_ord002-por-la-cual-se-crea-el-consejo-de-superintendencia-y-de-procedimientos-organizacion.pdf;658033;6;16609;ok
2701;2022;Ord.003.022 Que modifica el punto 8 del Art. 163 Tributaria Municipal Ejercicio 2022;ORDENANZA 2022;Ordenanzas Junta Municipal 2022;;ord003022-que-modifica-el-punto-8-del-art-163-tributaria-municipal-ejercicio-2022;https://mcde.gov.py/post/ord003022-que-modifica-el-punto-8-del-art-163-tributaria-municipal-ejercicio-2022;https://mcde.gov.py/api/v1/public/file/7495b1c80292d610e9a4656b6dedb0910b3b97489bab85220c76f424;03_PDF_Originales/2022/2701_ord003022-que-modifica-el-punto-8-del-art-163-tributaria-municipal-ejercicio-2022.pdf;1005484;9;19494;ok
2702;2022;Ord.004.022 Por la cual se amplia el presupuesto de ingresos y egresos inclusion final de Saldo Inicial de Caja Fonacide;ORDENANZA  2022;Ordenanzas Junta Municipal 2022;;ord004022-por-la-cual-se-amplia-el-presupuesto-de-ingresos-y-egresos-inclusion-final-de-saldo-inicial-de-caja-fonacide;https://mcde.gov.py/post/ord004022-por-la-cual-se-amplia-el-presupuesto-de-ingresos-y-egresos-inclusion-final-de-saldo-inicial-de-caja-fonacide;https://mcde.gov.py/api/v1/public/file/cec79909f052282c8e8d540e708590b5c4fce301d220f35a3b86d5a1;03_PDF_Originales/2022/2702_ord004022-por-la-cual-se-amplia-el-presupuesto-de-ingresos-y-egresos-inclusion-final-de-sa.pdf;263038;3;5345;ok
2703;2022;Ord.006.022 Por la cual se nombra plaza municipal del microcentro barrio catedral mujeres paraguayas;ORDENANZA 2022;Ordenanzas Junta Municipal 2022;;ord006022-por-la-cual-se-nombra-plaza-municipal-del-microcentro-barrio-catedral-mujeres-paraguayas;https://mcde.gov.py/post/ord006022-por-la-cual-se-nombra-plaza-municipal-del-microcentro-barrio-catedral-mujeres-paraguayas;https://mcde.gov.py/api/v1/public/file/36bca7bd7cf2356dd11f44e058f487eff8c77974c8be91bdaa8a2c8e;03_PDF_Originales/2022/2703_ord006022-por-la-cual-se-nombra-plaza-municipal-del-microcentro-barrio-catedral-mujeres-pa.pdf;155882;1;3493;ok
2704;2022;Ord.005.022 NUEVO COSTO DEL PASAJE DEL SERVICIO DE TRANSPORTE DE PASAJERO DE CARACTER URBANO_20220224;OREDENAZA 2022;Ordenanzas Junta Municipal 2022;;ord005022-nuevo-costo-del-pasaje-del-servicio-de-transporte-de-pasajero-de-caracter-urbano20220224;https://mcde.gov.py/post/ord005022-nuevo-costo-del-pasaje-del-servicio-de-transporte-de-pasajero-de-caracter-urbano20220224;https://mcde.gov.py/api/v1/public/file/55c38ea5d5feeb4b53c8e0c9825af85b8567c438f3cdf9927f73eac9;03_PDF_Originales/2022/2704_ord005022-nuevo-costo-del-pasaje-del-servicio-de-transporte-de-pasajero-de-caracter-urbano.pdf;152379;1;3454;ok
2705;2022;Ord.007.022 Saldo final de caja Royalties;ORDENANZA 2022;Ordenanzas Junta Municipal 2022;;ord007022-saldo-final-de-caja-royalties;https://mcde.gov.py/post/ord007022-saldo-final-de-caja-royalties;https://mcde.gov.py/api/v1/public/file/c48574097201d2a7b806095b4f1d94de3f8b49ac32a8e9c9564b6f7b;03_PDF_Originales/2022/2705_ord007022-saldo-final-de-caja-royalties.pdf;295157;3;6874;ok
2706;2022;Ord.008.022 Que modifica el anexo personal y el presupuesto vigente para crear nuevos cargos y crear_20220329;ORDENANAZA 2022;Ordenanzas Junta Municipal 2022;;ord008022-que-modifica-el-anexo-personal-y-el-presupuesto-vigente-para-crear-nuevos-cargos-y-crear20220329;https://mcde.gov.py/post/ord008022-que-modifica-el-anexo-personal-y-el-presupuesto-vigente-para-crear-nuevos-cargos-y-crear20220329;https://mcde.gov.py/api/v1/public/file/486dfd8cd41ca3f881935015f84e38c4cbd2df00b75a3a4dbaa2bd32;03_PDF_Originales/2022/2706_ord008022-que-modifica-el-anexo-personal-y-el-presupuesto-vigente-para-crear-nuevos-cargos.pdf;279007;2;6194;ok
2707;2022;Ord.009.022 Por la cual se modifica el Art. 1,5,6 y amplia Art. 6 de la Ord. 23.93 sobre reglamentacion de patios baldios;ORDENANZA 2022;Ordenanzas Junta Municipal 2022;;ord009022-por-la-cual-se-modifica-el-art-156-y-amplia-art-6-de-la-ord-2393-sobre-reglamentacion-de-patios-baldios;https://mcde.gov.py/post/ord009022-por-la-cual-se-modifica-el-art-156-y-amplia-art-6-de-la-ord-2393-sobre-reglamentacion-de-patios-baldios;https://mcde.gov.py/api/v1/public/file/2e98ade8bfafdf1d7850fd610f8465d9001ea403bf9ba5ac890fc7c0;03_PDF_Originales/2022/2707_ord009022-por-la-cual-se-modifica-el-art-156-y-amplia-art-6-de-la-ord-2393-sobre-reglament.pdf;333554;2;8361;ok
2708;2022;Ord.010.022 Por la cual se amplia la Ord. 043.21 9.4 art. 163 Tributaria Municipal;ORDENANZA 2022;Ordenanzas Junta Municipal 2022;;ord010022-por-la-cual-se-amplia-la-ord-04321-94-art-163-tributaria-municipal;https://mcde.gov.py/post/ord010022-por-la-cual-se-amplia-la-ord-04321-94-art-163-tributaria-municipal;https://mcde.gov.py/api/v1/public/file/8e2f1b2aa615311508e91ac9befffcffb1c869f8616adf89dc495700;03_PDF_Originales/2022/2708_ord010022-por-la-cual-se-amplia-la-ord-04321-94-art-163-tributaria-municipal.pdf;163374;1;3307;ok
2709;2022;Ord.011.022 Por la cual se modifica la Ord. 003.22 que modifica la 43.2021 J.M. Tributaria Municipal_0;ORDENANAZA 2022;Ordenanzas Junta Municipal 2022;;ord011022-por-la-cual-se-modifica-la-ord-00322-que-modifica-la-432021-jm-tributaria-municipal0;https://mcde.gov.py/post/ord011022-por-la-cual-se-modifica-la-ord-00322-que-modifica-la-432021-jm-tributaria-municipal0;https://mcde.gov.py/api/v1/public/file/c4122f5fc3a635d834072e1bd2b024752ffd45ec95076bfe6ee7c466;03_PDF_Originales/2022/2709_ord011022-por-la-cual-se-modifica-la-ord-00322-que-modifica-la-432021-jm-tributaria-munici.pdf;966019;8;19184;ok
2710;2022;Ord.012.022 Por la cual se deroga los precios referenciales por construcción de empedrado;ORDENANAZA 2022;Ordenanzas Junta Municipal 2022;;ord012022-por-la-cual-se-deroga-los-precios-referenciales-por-construccion-de-empedrado;https://mcde.gov.py/post/ord012022-por-la-cual-se-deroga-los-precios-referenciales-por-construccion-de-empedrado;https://mcde.gov.py/api/v1/public/file/dab04c5df397bc97d2e28d7db9438904613dedf13da17ae363f37649;03_PDF_Originales/2022/2710_ord012022-por-la-cual-se-deroga-los-precios-referenciales-por-construccion-de-empedrado.pdf;311032;2;7482;ok
2711;2022;Ord.013.022 Por la cual se modifica parcialmente la ordenanza 02.2022 y la 19.2005 Que crea el Consejo de Superintendencia juzgados de faltas;ORDENANZA 2022;Ordenanzas Junta Municipal 2022;;ord013022-por-la-cual-se-modifica-parcialmente-la-ordenanza-022022-y-la-192005-que-crea-el-consejo-de-superintendencia-juzgados-de-faltas;https://mcde.gov.py/post/ord013022-por-la-cual-se-modifica-parcialmente-la-ordenanza-022022-y-la-192005-que-crea-el-consejo-de-superintendencia-juzgados-de-faltas;https://mcde.gov.py/api/v1/public/file/777bf567058f78811c9f84c9de39f0d4f764aa02dee4e1d6b550d287;03_PDF_Originales/2022/2711_ord013022-por-la-cual-se-modifica-parcialmente-la-ordenanza-022022-y-la-192005-que-crea-el.pdf;274007;2;5924;ok
2712;2022;Ord.014.022 Por la cual se amplia la ord. 09.2017 que reconoce patrimonio historico cultural y natur_1;ORDENANZA 2022;Ordenanzas Junta Municipal 2022;;ord014022-por-la-cual-se-amplia-la-ord-092017-que-reconoce-patrimonio-historico-cultural-y-natur1;https://mcde.gov.py/post/ord014022-por-la-cual-se-amplia-la-ord-092017-que-reconoce-patrimonio-historico-cultural-y-natur1;https://mcde.gov.py/api/v1/public/file/9359ac1adb681dc065b5f38055f82d3f17ac0fdad5c5ae08e5beca7e;03_PDF_Originales/2022/2712_ord014022-por-la-cual-se-amplia-la-ord-092017-que-reconoce-patrimonio-historico-cultural-y.pdf;253008;3;4683;ok
2713;2022;Ord.015.022 Por la cual se declara patrimonio historico cultural Biblioteca Municipal;ORDENANZA 2022;Ordenanzas Junta Municipal 2022;;ord015022-por-la-cual-se-declara-patrimonio-historico-cultural-biblioteca-municipal;https://mcde.gov.py/post/ord015022-por-la-cual-se-declara-patrimonio-historico-cultural-biblioteca-municipal;https://mcde.gov.py/api/v1/public/file/3f33ad0d6e63b1f503115ba2689017d807d1e1a1387880aa75657f21;03_PDF_Originales/2022/2713_ord015022-por-la-cual-se-declara-patrimonio-historico-cultural-biblioteca-municipal.pdf;147577;1;3396;ok
2714;2022;Ord.016.022 Por la Cual se denomina como Prof. Neri Gianotti Añazco la calle del barrio San Rafael;ORDENANZA 2022;Ordenanzas Junta Municipal 2022;;ord016022-por-la-cual-se-denomina-como-prof-neri-gianotti-anazco-la-calle-del-barrio-san-rafael;https://mcde.gov.py/post/ord016022-por-la-cual-se-denomina-como-prof-neri-gianotti-anazco-la-calle-del-barrio-san-rafael;https://mcde.gov.py/api/v1/public/file/02358015641a8423a5fa1f1818d9caebcf716b8ddc5e4292aa4621a0;03_PDF_Originales/2022/2714_ord016022-por-la-cual-se-denomina-como-prof-neri-gianotti-anazco-la-calle-del-barrio-san-r.pdf;142702;1;3030;ok
2715;2022;Ord.017.022 Por la cual se crea el registro de promotores locales de turismo de compra y servicios;ORDENANAZA 2022;Ordenanzas Junta Municipal 2022;;ord017022-por-la-cual-se-crea-el-registro-de-promotores-locales-de-turismo-de-compra-y-servicios;https://mcde.gov.py/post/ord017022-por-la-cual-se-crea-el-registro-de-promotores-locales-de-turismo-de-compra-y-servicios;;;0;0;0;sin_pdf
2716;2022;Ord.018.022 Por la cual se establece el sistema de numeración domiciliaria en Ciudad del Este y el m_0;ORDENANZA 2022;Ordenanzas Junta Municipal 2022;;ord018022-por-la-cual-se-establece-el-sistema-de-numeracion-domiciliaria-en-ciudad-del-este-y-el-m0;https://mcde.gov.py/post/ord018022-por-la-cual-se-establece-el-sistema-de-numeracion-domiciliaria-en-ciudad-del-este-y-el-m0;https://mcde.gov.py/api/v1/public/file/08cbff098f9a238e04b82e8ece5d6ecb1d267adf731b92c284dc7dd4;03_PDF_Originales/2022/2716_ord018022-por-la-cual-se-establece-el-sistema-de-numeracion-domiciliaria-en-ciudad-del-est.pdf;521708;4;14247;ok
2717;2022;Ord.019.022 Por la cual se establece las normas para el manejo y proteccion del bosque urbano de CDE_0;ORDENANZA 2022;Ordenanzas Junta Municipal 2022;;ord019022-por-la-cual-se-establece-las-normas-para-el-manejo-y-proteccion-del-bosque-urbano-de-cde0;https://mcde.gov.py/post/ord019022-por-la-cual-se-establece-las-normas-para-el-manejo-y-proteccion-del-bosque-urbano-de-cde0;https://mcde.gov.py/api/v1/public/file/0b3c7fdeca4550e2655cf56d5eb08a7d7d53a5003bbaf23619bf1432;03_PDF_Originales/2022/2717_ord019022-por-la-cual-se-establece-las-normas-para-el-manejo-y-proteccion-del-bosque-urban.pdf;681293;5;20039;ok
2718;2022;Ord.020.022 Por la cual se establece el reglamento general de transito en el distrito de Ciudad del Este;ORDENANZA 2022;Ordenanzas Junta Municipal 2022;;ord020022-por-la-cual-se-establece-el-reglamento-general-de-transito-en-el-distrito-de-ciudad-del-este;https://mcde.gov.py/post/ord020022-por-la-cual-se-establece-el-reglamento-general-de-transito-en-el-distrito-de-ciudad-del-este;https://mcde.gov.py/api/v1/public/file/6dd840dfe32d45a316abdce57c57e19d36b309a94b43aefb7eab1798;03_PDF_Originales/2022/2718_ord020022-por-la-cual-se-establece-el-reglamento-general-de-transito-en-el-distrito-de-ciu.pdf;7724313;90;355729;ok
2719;2022;Ord.021.022 Por la cual se amplia el presupuesto de la municipalidad ingresos, egresos, jornales y otros;ORDENANZA 2022;Ordenanzas Junta Municipal 2022;;ord021022-por-la-cual-se-amplia-el-presupuesto-de-la-municipalidad-ingresos-egresos-jornales-y-otros;https://mcde.gov.py/post/ord021022-por-la-cual-se-amplia-el-presupuesto-de-la-municipalidad-ingresos-egresos-jornales-y-otros;https://mcde.gov.py/api/v1/public/file/55c38ea5d5feeb4b53c8e0c9825af85b8567c438f3cdf9927f73eac9;03_PDF_Originales/2022/2704_ord005022-nuevo-costo-del-pasaje-del-servicio-de-transporte-de-pasajero-de-caracter-urbano.pdf;152379;0;0;duplicado_pdf
2720;2022;Ord.022.022 Por la Cual se denomina como Calixto Vazquez  la calle ubicado en el km, 6 y 7 Monday_0;ORDENANZA 2022;Ordenanzas Junta Municipal 2022;;ord022022-por-la-cual-se-denomina-como-calixto-vazquez-la-calle-ubicado-en-el-km-6-y-7-monday0;https://mcde.gov.py/post/ord022022-por-la-cual-se-denomina-como-calixto-vazquez-la-calle-ubicado-en-el-km-6-y-7-monday0;https://mcde.gov.py/api/v1/public/file/6e66ca3b75dedfcd136cd92859fdaa434a5e798ffa7619eb7c403788;03_PDF_Originales/2022/2720_ord022022-por-la-cual-se-denomina-como-calixto-vazquez-la-calle-ubicado-en-el-km-6-y-7-mon.pdf;152230;1;3327;ok
2721;2022;Ord.023.022 Por la cual se modifica y amplia la ordenanza 41.97 que reglamenta el servicio de transporte publico de pasajeros en el Distrito de Ciudad del Este;ORDENANZA 2022;Ordenanzas Junta Municipal 2022;;ord023022-por-la-cual-se-modifica-y-amplia-la-ordenanza-4197-que-reglamenta-el-servicio-de-transporte-publico-de-pasajeros-en-el-distrito-de-ciudad-del-este;https://mcde.gov.py/post/ord023022-por-la-cual-se-modifica-y-amplia-la-ordenanza-4197-que-reglamenta-el-servicio-de-transporte-publico-de-pasajeros-en-el-distrito-de-ciudad-del-este;https://mcde.gov.py/api/v1/public/file/d9aaa024e14ee1c24459824f5a6f3aea09590e54e27d8e54826fe5a7;03_PDF_Originales/2022/2721_ord023022-por-la-cual-se-modifica-y-amplia-la-ordenanza-4197-que-reglamenta-el-servicio-de.pdf;421324;4;11175;ok
2722;2022;Ord.024.022 Por la cual se modifica el precio del pasaje a 4000 en CDE de fecha 3.08.22_0;ORDENANZA 2022;Ordenanzas Junta Municipal 2022;;ord024022-por-la-cual-se-modifica-el-precio-del-pasaje-a-4000-en-cde-de-fecha-308220;https://mcde.gov.py/post/ord024022-por-la-cual-se-modifica-el-precio-del-pasaje-a-4000-en-cde-de-fecha-308220;https://mcde.gov.py/api/v1/public/file/695f864e0df7ad177f69b616602f87fb558f2b8f7563fff7274cb97a;03_PDF_Originales/2022/2722_ord024022-por-la-cual-se-modifica-el-precio-del-pasaje-a-4000-en-cde-de-fecha-308220.pdf;174031;2;3532;ok
2723;2022;Ord.025.022 Por la cual se declara barrio historico a barrio obrero, primer barrio de CDE_0;ORDENANZA 2022;Ordenanzas Junta Municipal 2022;;ord025022-por-la-cual-se-declara-barrio-historico-a-barrio-obrero-primer-barrio-de-cde0;https://mcde.gov.py/post/ord025022-por-la-cual-se-declara-barrio-historico-a-barrio-obrero-primer-barrio-de-cde0;https://mcde.gov.py/api/v1/public/file/736aed5bab2ea3c4ab228df2ce9d595e444608c51412362a37f09d4b;03_PDF_Originales/2022/2723_ord025022-por-la-cual-se-declara-barrio-historico-a-barrio-obrero-primer-barrio-de-cde0.pdf;571507;4;16955;ok
2724;2022;Ord.026.022 Por la cual se amplia TRANSFERENCIA RECIBIDA DEL MINISTERIO DE HACIENDA FONDOS REMANENTES DE FONACIDE Y ROYALTIES CORRESPONDIENTE AL AÑO 2021;ORDENANZA 2022;Ordenanzas Junta Municipal 2022;;ord026022-por-la-cual-se-amplia-transferencia-recibida-del-ministerio-de-hacienda-fondos-remanentes-de-fonacide-y-royalties-correspondiente-al-ano-2021;https://mcde.gov.py/post/ord026022-por-la-cual-se-amplia-transferencia-recibida-del-ministerio-de-hacienda-fondos-remanentes-de-fonacide-y-royalties-correspondiente-al-ano-2021;https://mcde.gov.py/api/v1/public/file/cd9d99b8e3d50f4b04100546915b371d8284ab0ca31df202ffdae393;03_PDF_Originales/2022/2724_ord026022-por-la-cual-se-amplia-transferencia-recibida-del-ministerio-de-hacienda-fondos-r.pdf;302634;2;7185;ok
2725;2022;Ord.027.022 Por la cual se reglamenta las disposiciones de los art. 227 y 229 de la ley 3966 sobre dimensiones minimas de lotes y calles y avenidas;ORDENANZA 2022;Ordenanzas Junta Municipal 2022;;ord027022-por-la-cual-se-reglamenta-las-disposiciones-de-los-art-227-y-229-de-la-ley-3966-sobre-dimensiones-minimas-de-lotes-y-calles-y-avenidas;https://mcde.gov.py/post/ord027022-por-la-cual-se-reglamenta-las-disposiciones-de-los-art-227-y-229-de-la-ley-3966-sobre-dimensiones-minimas-de-lotes-y-calles-y-avenidas;https://mcde.gov.py/api/v1/public/file/a758c0364d2e8fd3f0c5f95840150e028a0c5413d62e27c29b0b60d1;03_PDF_Originales/2022/2725_ord027022-por-la-cual-se-reglamenta-las-disposiciones-de-los-art-227-y-229-de-la-ley-3966-.pdf;364145;3;9990;ok
2726;2022;Ord.028.022 Por la cual se nombra con el nombre de San Roque Yrendague la plaza del km. 9 Monday;ORDENANZA 2022;Ordenanzas Junta Municipal 2022;;ord028022-por-la-cual-se-nombra-con-el-nombre-de-san-roque-yrendague-la-plaza-del-km-9-monday;https://mcde.gov.py/post/ord028022-por-la-cual-se-nombra-con-el-nombre-de-san-roque-yrendague-la-plaza-del-km-9-monday;https://mcde.gov.py/api/v1/public/file/3cf62c2c16964a94174bed6f71fdb878aa2cae83f46b7de9fa02b2be;03_PDF_Originales/2022/2726_ord028022-por-la-cual-se-nombra-con-el-nombre-de-san-roque-yrendague-la-plaza-del-km-9-mon.pdf;158325;2;3173;ok
2727;2022;Ord.029.022 Por la cual se crea la oficina de fondos ciudadanos del Municipio de CDE_0;ORENANZA 2022;Ordenanzas Junta Municipal 2022;;ord029022-por-la-cual-se-crea-la-oficina-de-fondos-ciudadanos-del-municipio-de-cde0;https://mcde.gov.py/post/ord029022-por-la-cual-se-crea-la-oficina-de-fondos-ciudadanos-del-municipio-de-cde0;https://mcde.gov.py/api/v1/public/file/95359c981ec24bdc2433577706270d838825c7689d6674a0094aa477;03_PDF_Originales/2022/2727_ord029022-por-la-cual-se-crea-la-oficina-de-fondos-ciudadanos-del-municipio-de-cde0.pdf;514980;4;14032;ok
2728;2022;Ord.030.022 Que aprueba la Ordenanza Tributaria de la Municipalidad de Ciudad del Este ejercicio 2023_0001-1;ORDENANZA 2022;Ordenanzas Junta Municipal 2022;;ord030022-que-aprueba-la-ordenanza-tributaria-de-la-municipalidad-de-ciudad-del-este-ejercicio-20230001-1;https://mcde.gov.py/post/ord030022-que-aprueba-la-ordenanza-tributaria-de-la-municipalidad-de-ciudad-del-este-ejercicio-20230001-1;https://mcde.gov.py/api/v1/public/file/65199d41b671cb4a6977ca73899f09e4e222066b707014d07d099946;03_PDF_Originales/2022/2728_ord030022-que-aprueba-la-ordenanza-tributaria-de-la-municipalidad-de-ciudad-del-este-ejerc.pdf;2309655;15;61064;ok
2729;2022;Ord.031.022 Por la que se establece sentido de circulación vehicular a la altura del km 7 de la ruta_0;ORDENANZA 2022;Ordenanzas Junta Municipal 2022;;ord031022-por-la-que-se-establece-sentido-de-circulacion-vehicular-a-la-altura-del-km-7-de-la-ruta0;https://mcde.gov.py/post/ord031022-por-la-que-se-establece-sentido-de-circulacion-vehicular-a-la-altura-del-km-7-de-la-ruta0;https://mcde.gov.py/api/v1/public/file/f412fa886d32d0db7efd4e2628dae77cb78a55c5b9d9a2d64405529e;03_PDF_Originales/2022/2729_ord031022-por-la-que-se-establece-sentido-de-circulacion-vehicular-a-la-altura-del-km-7-de.pdf;139341;1;3035;ok
2730;2022;Ord.032.022 Por la que se establece con el nombre de Senador German Segovia Mercado la calle km 9 Monday;ORDENANZA 2022;Ordenanzas Junta Municipal 2022;;ord032022-por-la-que-se-establece-con-el-nombre-de-senador-german-segovia-mercado-la-calle-km-9-monday;https://mcde.gov.py/post/ord032022-por-la-que-se-establece-con-el-nombre-de-senador-german-segovia-mercado-la-calle-km-9-monday;https://mcde.gov.py/api/v1/public/file/3b29e81abc6e2620cab503bc9cbd2b15b090028fc887ce496b93ec43;03_PDF_Originales/2022/2730_ord032022-por-la-que-se-establece-con-el-nombre-de-senador-german-segovia-mercado-la-calle.pdf;222643;2;5338;ok
2731;2022;Ord.033.022 Por la que se aprueba con modificaciones el presupuesto municipal 2023 con firma-1;ORDENANZA 2022;Ordenanzas Junta Municipal 2022;;ord033022-por-la-que-se-aprueba-con-modificaciones-el-presupuesto-municipal-2023-con-firma-1;https://mcde.gov.py/post/ord033022-por-la-que-se-aprueba-con-modificaciones-el-presupuesto-municipal-2023-con-firma-1;https://mcde.gov.py/api/v1/public/file/021d74242f6fb34d59562176899dc9cdf2148b06b1da0914cbc1f6f5;03_PDF_Originales/2022/2731_ord033022-por-la-que-se-aprueba-con-modificaciones-el-presupuesto-municipal-2023-con-firma.pdf;1718137;18;51851;ok
2732;2022;Ord.034.022 Por la que se establece sentido unico la calle Emiliano R. Fernandez entre las Calles Emeterio Miranda y Capitan Miranda_0001;ORDENANZA 2022;Ordenanzas Junta Municipal 2022;;ord034022-por-la-que-se-establece-sentido-unico-la-calle-emiliano-r-fernandez-entre-las-calles-emeterio-miranda-y-capitan-miranda0001;https://mcde.gov.py/post/ord034022-por-la-que-se-establece-sentido-unico-la-calle-emiliano-r-fernandez-entre-las-calles-emeterio-miranda-y-capitan-miranda0001;https://mcde.gov.py/api/v1/public/file/9fba9fd82b276a225132b85d406380e320986f1f21c72d7500f68ab1;03_PDF_Originales/2022/2732_ord034022-por-la-que-se-establece-sentido-unico-la-calle-emiliano-r-fernandez-entre-las-ca.pdf;147354;1;3121;ok
2733;2022;Ord.035.022 Por la que se establece A EMPRESA DE TRANSP. MATIAUDA;ORDENANZA 2022;Ordenanzas Junta Municipal 2022;;ord035022-por-la-que-se-establece-a-empresa-de-transp-matiauda;https://mcde.gov.py/post/ord035022-por-la-que-se-establece-a-empresa-de-transp-matiauda;https://mcde.gov.py/api/v1/public/file/6c1659c3cb27e85e672c214d8a61a73ecc930866192ab2ed0143f5fd;03_PDF_Originales/2022/2733_ord035022-por-la-que-se-establece-a-empresa-de-transp-matiauda.pdf;174475;1;4339;ok
2734;2022;Ord.036.022 Por la cual se amplia el presupuesto 2023 para cumplir lineamientos del Decreto 7007.2022_0001;ORDENANZA 2022;Ordenanzas Junta Municipal 2022;;ord036022-por-la-cual-se-amplia-el-presupuesto-2023-para-cumplir-lineamientos-del-decreto-700720220001;https://mcde.gov.py/post/ord036022-por-la-cual-se-amplia-el-presupuesto-2023-para-cumplir-lineamientos-del-decreto-700720220001;https://mcde.gov.py/api/v1/public/file/649c774980be1f395ca061b4164489a838054110ac85e54d59d3979a;03_PDF_Originales/2022/2734_ord036022-por-la-cual-se-amplia-el-presupuesto-2023-para-cumplir-lineamientos-del-decreto-.pdf;601354;4;17733;ok
2735;2022;Ord.037.022 Se amplia presupuesto Royalties_0001;ORDENANZA 2022;Ordenanzas Junta Municipal 2022;;ord037022-se-amplia-presupuesto-royalties0001;https://mcde.gov.py/post/ord037022-se-amplia-presupuesto-royalties0001;https://mcde.gov.py/api/v1/public/file/26ca33617a90bc0be703a6a9554f5fb15d9e319249704b342f5fd2c1;03_PDF_Originales/2022/2735_ord037022-se-amplia-presupuesto-royalties0001.pdf;231753;3;0;escaneado_sin_texto
2736;2022;Ord.038.022 Se regula Plan Piloto transporte publico urbanos electricos_0001;ORDENANZA 2022;Ordenanzas Junta Municipal 2022;;ord038022-se-regula-plan-piloto-transporte-publico-urbanos-electricos0001;https://mcde.gov.py/post/ord038022-se-regula-plan-piloto-transporte-publico-urbanos-electricos0001;https://mcde.gov.py/api/v1/public/file/ed770c30e8f07f24e27966ee59bd7e56d9ec9d35ad47b946e5df5b83;03_PDF_Originales/2022/2736_ord038022-se-regula-plan-piloto-transporte-publico-urbanos-electricos0001.pdf;370748;3;0;escaneado_sin_texto
2615;2023;ORDENANZA N°019/2023 J.M.;POR LA CUAL SE REGLAMENTA LA AUTORIZACIÓN PARA LA CAPACITACIÓN DE AGUAS SUBTERRANEAS A TRAVÉS DE CONTRUCCIONES DE POZOS ARTESIANOS, SEMI ARTESIANOS Y SONDEOS DENTRO DEL DISTRITO DE CIUDAD DE ESTE ;Ordenanzas Junta Municipal 2023;;ordenanza-n0192023-jm;https://mcde.gov.py/post/ordenanza-n0192023-jm;https://mcde.gov.py/api/v1/public/file/074636530275446e8d5f008fd072e32f8e416c29e6a1167cb46d0f20;03_PDF_Originales/2023/2615_ordenanza-n0192023-jm.pdf;1629892;15;0;escaneado_sin_texto
2754;2023;Ord.001.023 Por la cual se amplia el presupuesto 2023 que incorpora el saldo final conciliado de fondos genuinos royalties y fonacide;Ord.001.023 Por la cual se amplia el presupuesto 2023 que incorpora el saldo final conciliado de fondos genuinos royalties y fonacide;Ordenanzas Junta Municipal 2023;;ord001023-por-la-cual-se-amplia-el-presupuesto-2023-que-incorpora-el-saldo-final-conciliado-de-fondos-genuinos-royalties-y-fonacide;https://mcde.gov.py/post/ord001023-por-la-cual-se-amplia-el-presupuesto-2023-que-incorpora-el-saldo-final-conciliado-de-fondos-genuinos-royalties-y-fonacide;https://mcde.gov.py/api/v1/public/file/1d8e925a43ee1786ba5bcd3b7184e6c3b8e9f9f91e36da0cf497d0a1;03_PDF_Originales/2023/2754_ord001023-por-la-cual-se-amplia-el-presupuesto-2023-que-incorpora-el-saldo-final-conciliad.pdf;352967;3;10129;ok
2755;2023;Ord.002.023 Por la cual se aprueba el plan estratégico y turístico 2023-2026 CDE_0001-1;Ord.002.023 Por la cual se aprueba el plan estratégico y turístico 2023-2026 CDE_0001-1;Ordenanzas Junta Municipal 2023;;ord002023-por-la-cual-se-aprueba-el-plan-estrategico-y-turistico-2023-2026-cde0001-1;https://mcde.gov.py/post/ord002023-por-la-cual-se-aprueba-el-plan-estrategico-y-turistico-2023-2026-cde0001-1;https://mcde.gov.py/api/v1/public/file/0bb2621915bcbd579c0a365976d2cc120d7b708bf8fba8fe4a3e53c0;03_PDF_Originales/2023/2755_ord002023-por-la-cual-se-aprueba-el-plan-estrategico-y-turistico-2023-2026-cde0001-1.pdf;1847097;22;46146;ok
2756;2023;Ord.003.023 Por la cual se aprueban las transferencias de rubros del presupuesto fiscal 2023_000098;Ord.003.023 Por la cual se aprueban las transferencias de rubros del presupuesto fiscal 2023_000098;Ordenanzas Junta Municipal 2023;;ord003023-por-la-cual-se-aprueban-las-transferencias-de-rubros-del-presupuesto-fiscal-2023000098;https://mcde.gov.py/post/ord003023-por-la-cual-se-aprueban-las-transferencias-de-rubros-del-presupuesto-fiscal-2023000098;https://mcde.gov.py/api/v1/public/file/633722f2544324829dbc850399ba3832473cd688160e3dae948a04f8;03_PDF_Originales/2023/2756_ord003023-por-la-cual-se-aprueban-las-transferencias-de-rubros-del-presupuesto-fiscal-2023.pdf;223987;2;5258;ok
2757;2023;Ord.004.023 Por la cual se establece sentido único de circulación vehicular calle 29 de setiembre de_0;Ord.004.023 Por la cual se establece sentido único de circulación vehicular calle 29 de setiembre de_0;Ordenanzas Junta Municipal 2023;;ord004023-por-la-cual-se-establece-sentido-unico-de-circulacion-vehicular-calle-29-de-setiembre-de0;https://mcde.gov.py/post/ord004023-por-la-cual-se-establece-sentido-unico-de-circulacion-vehicular-calle-29-de-setiembre-de0;https://mcde.gov.py/api/v1/public/file/bf8944bc6a41c555769a41abbaec0ce4f16a7d1f26ba0be32f177cdd;03_PDF_Originales/2023/2757_ord004023-por-la-cual-se-establece-sentido-unico-de-circulacion-vehicular-calle-29-de-seti.pdf;147182;1;3077;ok
2758;2023;Ord.005.023 Por la cual se prohíbe la rotura o movimiento de pavimento asfaltico a entidades del Estado, empresas privadas sin autorización en CDE_0001;Ord.005.023 Por la cual se prohíbe la rotura o movimiento de pavimento asfaltico a entidades del Estado, empresas privadas sin autorización en CDE_0001;Ordenanzas Junta Municipal 2023;;ord005023-por-la-cual-se-prohibe-la-rotura-o-movimiento-de-pavimento-asfaltico-a-entidades-del-estado-empresas-privadas-sin-autorizacion-en-cde0001;https://mcde.gov.py/post/ord005023-por-la-cual-se-prohibe-la-rotura-o-movimiento-de-pavimento-asfaltico-a-entidades-del-estado-empresas-privadas-sin-autorizacion-en-cde0001;https://mcde.gov.py/api/v1/public/file/791420483d938219e297d9ca2cdb53c378f2d009ef89421af2f4be8f;03_PDF_Originales/2023/2758_ord005023-por-la-cual-se-prohibe-la-rotura-o-movimiento-de-pavimento-asfaltico-a-entidades.pdf;267375;2;0;escaneado_sin_texto
2759;2023;Ord.006.023 Por la cual se reglamenta las funciones de las comisiones vecinales y del regimen  jurídico;Ord.006.023 Por la cual se reglamenta las funciones de las comisiones vecinales y del regimen  jurídico;Ordenanzas Junta Municipal 2023;;ord006023-por-la-cual-se-reglamenta-las-funciones-de-las-comisiones-vecinales-y-del-regimen-juridico;https://mcde.gov.py/post/ord006023-por-la-cual-se-reglamenta-las-funciones-de-las-comisiones-vecinales-y-del-regimen-juridico;https://mcde.gov.py/api/v1/public/file/7260244fa0918887bcc30063627510e4e222ec4ab4a7fb91256fd89b;03_PDF_Originales/2023/2759_ord006023-por-la-cual-se-reglamenta-las-funciones-de-las-comisiones-vecinales-y-del-regime.pdf;1367128;10;0;escaneado_sin_texto
2760;2023;Ord.007.023 Por la cual se aprueba el formato administrativo de boleta de contravención por quema de residuos solidos;Ord.007.023 Por la cual se aprueba el formato administrativo de boleta de contravención por quema de residuos solidos;Ordenanzas Junta Municipal 2023;;ord007023-por-la-cual-se-aprueba-el-formato-administrativo-de-boleta-de-contravencion-por-quema-de-residuos-solidos;https://mcde.gov.py/post/ord007023-por-la-cual-se-aprueba-el-formato-administrativo-de-boleta-de-contravencion-por-quema-de-residuos-solidos;https://mcde.gov.py/api/v1/public/file/22864706280ac1e02ac55838bc27adceacdf8971849398707749b55a;03_PDF_Originales/2023/2760_ord007023-por-la-cual-se-aprueba-el-formato-administrativo-de-boleta-de-contravencion-por-.pdf;118783;1;2515;ok
2761;2023;Ord.008.023 Por la cual se denomina Plaza Parque Espíritu Santo;Ord.008.023 Por la cual se denomina Plaza Parque Espíritu Santo;Ordenanzas Junta Municipal 2023;;ord008023-por-la-cual-se-denomina-plaza-parque-espiritu-santo;https://mcde.gov.py/post/ord008023-por-la-cual-se-denomina-plaza-parque-espiritu-santo;https://mcde.gov.py/api/v1/public/file/5f6e0a5258462c12d98a05fd52060948fe5a90e48322aad4eff359a8;03_PDF_Originales/2023/2761_ord008023-por-la-cual-se-denomina-plaza-parque-espiritu-santo.pdf;142483;1;3402;ok
2762;2023;Ord.009.023 Por la cual se aprueba las modificaciones al presupuesto 2023 que incorpora las transferencias de royalties, fonacide y juegos de azar;Ord.009.023 Por la cual se aprueba las modificaciones al presupuesto 2023 que incorpora las transferencias de royalties, fonacide y juegos de azar;Ordenanzas Junta Municipal 2023;;ord009023-por-la-cual-se-aprueba-las-modificaciones-al-presupuesto-2023-que-incorpora-las-transferencias-de-royalties-fonacide-y-juegos-de-azar;https://mcde.gov.py/post/ord009023-por-la-cual-se-aprueba-las-modificaciones-al-presupuesto-2023-que-incorpora-las-transferencias-de-royalties-fonacide-y-juegos-de-azar;https://mcde.gov.py/api/v1/public/file/d0f838d9b8359c23200c4bc5865a9e4dc02b69d6cdf198525b2f5c55;03_PDF_Originales/2023/2762_ord009023-por-la-cual-se-aprueba-las-modificaciones-al-presupuesto-2023-que-incorpora-las-.pdf;360095;3;9095;ok
2764;2023;Ord.010.023 Por la cual se modifica las Ord. 005.99 35.2001 que posibilita y reglamenta transferenci_0;Ord.010.023 Por la cual se modifica las Ord. 005.99 35.2001 que posibilita y reglamenta transferenci_0;Ordenanzas Junta Municipal 2023;;ord010023-por-la-cual-se-modifica-las-ord-00599-352001-que-posibilita-y-reglamenta-transferenci0;https://mcde.gov.py/post/ord010023-por-la-cual-se-modifica-las-ord-00599-352001-que-posibilita-y-reglamenta-transferenci0;https://mcde.gov.py/api/v1/public/file/725cccc286d4f84443852b745570dda5ab3db753472bb2ded66b7c2b;03_PDF_Originales/2023/2764_ord010023-por-la-cual-se-modifica-las-ord-00599-352001-que-posibilita-y-reglamenta-transfe.pdf;157009;1;3723;ok
2765;2023;Ord.011.023 Por la cual se denomina Plaza YRENDY la plaza situado en el km. 12 Monday_0;Ord.011.023 Por la cual se denomina Plaza YRENDY la plaza situado en el km. 12 Monday_0;Ordenanzas Junta Municipal 2023;;ord011023-por-la-cual-se-denomina-plaza-yrendy-la-plaza-situado-en-el-km-12-monday0;https://mcde.gov.py/post/ord011023-por-la-cual-se-denomina-plaza-yrendy-la-plaza-situado-en-el-km-12-monday0;https://mcde.gov.py/api/v1/public/file/513a7dee77ee5266cb8fe9c014d5c304052f98b5c28f8817d6e6f1c0;03_PDF_Originales/2023/2765_ord011023-por-la-cual-se-denomina-plaza-yrendy-la-plaza-situado-en-el-km-12-monday0.pdf;133814;1;2825;ok
2766;2023;Ord.012.023 Por la cual se aprueba las transferencias de rubros de gastos del presupuesto, programas servicios recursos genuinos_0001;Ord.012.023 Por la cual se aprueba las transferencias de rubros de gastos del presupuesto, programas servicios recursos genuinos_0001;Ordenanzas Junta Municipal 2023;;ord012023-por-la-cual-se-aprueba-las-transferencias-de-rubros-de-gastos-del-presupuesto-programas-servicios-recursos-genuinos0001;https://mcde.gov.py/post/ord012023-por-la-cual-se-aprueba-las-transferencias-de-rubros-de-gastos-del-presupuesto-programas-servicios-recursos-genuinos0001;https://mcde.gov.py/api/v1/public/file/2481e21b306ff9f6574f3d51ced97339a7b1ff5b9d089dcb535dfc41;03_PDF_Originales/2023/2766_ord012023-por-la-cual-se-aprueba-las-transferencias-de-rubros-de-gastos-del-presupuesto-pr.pdf;302905;3;7440;ok
2767;2023;Ord.013.023 Por la cual se modifica las Ord. 06.2023 Que reglamenta la función de las comisiones vecinales_0001;Ord.013.023 Por la cual se modifica las Ord. 06.2023 Que reglamenta la función de las comisiones vecinales_0001;Ordenanzas Junta Municipal 2023;;ord013023-por-la-cual-se-modifica-las-ord-062023-que-reglamenta-la-funcion-de-las-comisiones-vecinales0001;https://mcde.gov.py/post/ord013023-por-la-cual-se-modifica-las-ord-062023-que-reglamenta-la-funcion-de-las-comisiones-vecinales0001;https://mcde.gov.py/api/v1/public/file/a7b6f93c6de81e5b6fafaa71af63b48f9870bf3e38044682411e4fa8;03_PDF_Originales/2023/2767_ord013023-por-la-cual-se-modifica-las-ord-062023-que-reglamenta-la-funcion-de-las-comision.pdf;290575;3;0;escaneado_sin_texto
2768;2023;Ord.014.023 Por la cual se modifica Art. 163, núm.. 8 Ord. 30.2022 Tributaria Municipal Ejercicio 2023_0001;Ord.014.023 Por la cual se modifica Art. 163, núm.. 8 Ord. 30.2022 Tributaria Municipal Ejercicio 2023_0001;Ordenanzas Junta Municipal 2023;;ord014023-por-la-cual-se-modifica-art-163-num-8-ord-302022-tributaria-municipal-ejercicio-20230001;https://mcde.gov.py/post/ord014023-por-la-cual-se-modifica-art-163-num-8-ord-302022-tributaria-municipal-ejercicio-20230001;https://mcde.gov.py/api/v1/public/file/83424c5b26bd34f92f68e45ebcd035ac87247dc0c3cffe04c3567e36;03_PDF_Originales/2023/2768_ord014023-por-la-cual-se-modifica-art-163-num-8-ord-302022-tributaria-municipal-ejercicio-.pdf;221235;3;0;escaneado_sin_texto
2769;2023;Ord.015.2023 J.M. Por la se dispone el Nombre de Abdón Benítez Núñez;Ord.015.2023 J.M. Por la se dispone el Nombre de Abdón Benítez Núñez;Ordenanzas Junta Municipal 2023;;ord0152023-jm-por-la-se-dispone-el-nombre-de-abdon-benitez-nunez;https://mcde.gov.py/post/ord0152023-jm-por-la-se-dispone-el-nombre-de-abdon-benitez-nunez;https://mcde.gov.py/api/v1/public/file/55c9a4bab99e141a840a8a3f2b9a14daefe884b027235383eeec8a48;03_PDF_Originales/2023/2769_ord0152023-jm-por-la-se-dispone-el-nombre-de-abdon-benitez-nunez.pdf;131020;2;0;escaneado_sin_texto
2849;2023;Ord.033.2023 J.M. Que amplia y modifica la ordenanza 30.2020 que establece las normas de cumplimiento obligatoria en instalaciones sanitarias y desagües;Ord.033.2023 J.M. Que amplia y modifica la ordenanza 30.2020 que establece las normas de cumplimiento obligatoria en instalaciones sanitarias y desagües;Ordenanzas Junta Municipal 2023;;ord0332023-jm-que-amplia-y-modifica-la-ordenanza-302020-que-establece-las-normas-de-cumplimiento-obligatoria-en-instalaciones-sanitarias-y-desagues;https://mcde.gov.py/post/ord0332023-jm-que-amplia-y-modifica-la-ordenanza-302020-que-establece-las-normas-de-cumplimiento-obligatoria-en-instalaciones-sanitarias-y-desagues;https://mcde.gov.py/api/v1/public/file/ac59c1779f21cd55dac958468b06bb5f985ecf88a11b05d7b7b6654c;03_PDF_Originales/2023/2849_ord0332023-jm-que-amplia-y-modifica-la-ordenanza-302020-que-establece-las-normas-de-cumpli.pdf;2713437;4;16220;ok
3666;2023;ORDENANZA Nº 019 - 2023 JM ;POR LA CUAL SE REGLAMENTA LA AUTORIZACIÓN PARA LA CAPTACIÓN DE AGUAS SUBTERRANEAS A TRAVÉS DE CONSTRUCCIONES DE POZO ARTESIANOS, SEMI ARTESIANOS Y SONDEO DENTRO DE CIUDAD DEL ESTE;Ordenanzas Junta Municipal 2023;;ordenanza-n-019---2023-jm-;https://mcde.gov.py/post/ordenanza-n-019---2023-jm-;https://mcde.gov.py/api/v1/public/file/a863758abe4e296a7d67c8b9209890597eac2489bb2801ce85833893;03_PDF_Originales/2023/3666_ordenanza-n-019---2023-jm-.pdf;10164787;15;0;escaneado_sin_texto
3667;2023;ORDENANZA Nº 032 - 2023 JM ;POR LA QUE DELIMITA LA ZONA INDUSTRIAL EN EL DISTRITO DE CIUDAD DEL ESTE;Ordenanzas Junta Municipal 2023;;ordenanza-n-032---2023-jm-;https://mcde.gov.py/post/ordenanza-n-032---2023-jm-;https://mcde.gov.py/api/v1/public/file/2d79dde750b54548cb4ca6606a77db7821f6f64f70549b9bd9a61958;03_PDF_Originales/2023/3667_ordenanza-n-032---2023-jm-.pdf;5808111;10;0;escaneado_sin_texto
2915;2024;Ord.001.024 Por la cual se modifica la Ord. 019.02024 J.M. Que reglamenta la autorización para;Ord.001.024 Por la cual se modifica la ord. 019.02024 J.M. Que reglamenta la autorizacion para;Ordenanzas Junta Municipal año 2024;;ord001024-por-la-cual-se-modifica-la-ord-01902024-jm-que-reglamenta-la-autorizacion-para;https://mcde.gov.py/post/ord001024-por-la-cual-se-modifica-la-ord-01902024-jm-que-reglamenta-la-autorizacion-para;https://mcde.gov.py/api/v1/public/file/aa5941fa7e249dab55f3be0db741b04657c8e0a60f68c045c56eeb15;03_PDF_Originales/2024/2915_ord001024-por-la-cual-se-modifica-la-ord-01902024-jm-que-reglamenta-la-autorizacion-para.pdf;4960724;5;0;escaneado_sin_texto
2987;2024;Ordenanza N° 006/2024 J.M. ;POR LA CUAL SE RECLAMA LA UTILIZACIÓN DE LOGOTIPOS IDENTIFICARIOS ADHESIVOS EN LOS VEHICULOS DE LOS SEVICIOS DE TAXIS Y TRANSPORTE ALTERNATIVO Y LAS SANCIONES IMPUESTAS POR CARECER. ;Ordenanzas Junta Municipal año 2024;;ordenanza-n-0062024-jm-;https://mcde.gov.py/post/ordenanza-n-0062024-jm-;https://mcde.gov.py/api/v1/public/file/6343e31d9a29b501f29fefd0d65603eed59f362cd21b8f0725d32e4d;03_PDF_Originales/2024/2987_ordenanza-n-0062024-jm-.pdf;853709;3;0;escaneado_sin_texto
2988;2024;Ordenanza N° 007/2024 J.M;POR LA CUAL SE AMPLÍA EL PRESUPUESTO GENERAL DE LA MUNICIPALIDAD DE CUIDAD DEL ESTE PARA EL EJECICIO VIGENTE A FIN DE INCORPORAR EL SALDO FINAL CONCILIADO DE LOS FONDOS GENUINOS, ROYALITES, FONACIDE Y JUEGOS DE AZAR CON SUS CORRESPONDIENTES CONTRAPARTIDA OBLIGACIONAL, LA DISTRIBUCIÓN DE MONTOS POR EL LADO DE EGRESO Y TRANFERENCIAS DE PORTIDAS PRESUPUESTATRIAS DE DISTINTOS PROGRAMAS ;Ordenanzas Junta Municipal año 2024;;ordenanza-n-0072024-jm;https://mcde.gov.py/post/ordenanza-n-0072024-jm;https://mcde.gov.py/api/v1/public/file/7d9f158ea7065cb33fa3174df28177dbd799b5e0437bc2e2c02055ed;03_PDF_Originales/2024/2988_ordenanza-n-0072024-jm.pdf;327766;3;0;escaneado_sin_texto
2989;2024;Ordenanza N° 008/2024 J.M;"POR LA CUAL SE MODIFICAN PARCIALMENTE LOS ARTÍCULOS 2°,3°,6° Y 7° DE LA ORDENANZA N° 036/98 J.M. ""POR LA CUAL SE ESTABLECE EL PROGRAMA DE PADRINAZGO DE PLAZAS , PARQUES Y PASEOS CENTRALES DE AVENIDAS Y CALLES DE CUIDAD DEL ESTE"".-";Ordenanzas Junta Municipal año 2024;;ordenanza-n-0082024-jm;https://mcde.gov.py/post/ordenanza-n-0082024-jm;https://mcde.gov.py/api/v1/public/file/4f75136bfe2ee5f9d15b8c6beb4c85bbdf6b4adb9a8bd48c62692ec8;03_PDF_Originales/2024/2989_ordenanza-n-0082024-jm.pdf;278818;3;0;escaneado_sin_texto
2993;2024;ORDENANZA N° 009/2024 J.M.;"LA LEY N° 1.016/1997 ""QUE ESTABLECE EL REGIMEN JURIDICO PARA LA EXPLOTACIÓN DE LO JUEGOS DE AZAR"" Y SUS REGLAMENTACIONES ";Ordenanzas Junta Municipal año 2024;;ordenanza-n-0092024-jm;https://mcde.gov.py/post/ordenanza-n-0092024-jm;https://mcde.gov.py/api/v1/public/file/a7bb9c2eab04111bd2ed53e5a02e90040e7e34caac63dd8f6e137d30;03_PDF_Originales/2024/2993_ordenanza-n-0092024-jm.pdf;2270710;7;0;escaneado_sin_texto
3035;2024;Ord.017.2024 J.M. Que sanciona la Tributaria Municipal para el ejercicio fiscal 2024;"POR LA CUAL QUEDAN SANCIONADAS LAS NORMAS LEGALES PERTINENTES, Y SE 
REGLAMENTA EL RÉGIMEN TRIBUTARIO MUNICIPAL DE CIUDAD DEL ESTE, Y SE 
ESTABLECEN LOS IMPORTES DE TASAS, CONTRIBUCIONES ESPECIALES Y OTROS 
INGRESOS NO TRIBUTARIOS, ASÍ COMO LAS NORMAS DE APLICACIÓN GENERAL EN 
EL PROCESO DE RECAUDACIÓN DE LA MUNICIPALIDAD DE CIUDAD DEL ESTE PARA 
EL EJERCICIO FISCAL 2024.-";Ordenanzas Junta Municipal año 2024;;ord0172024-jm-que-sanciona-la-tributaria-municipal-para-el-ejercicio-fiscal-2024;https://mcde.gov.py/post/ord0172024-jm-que-sanciona-la-tributaria-municipal-para-el-ejercicio-fiscal-2024;https://mcde.gov.py/api/v1/public/file/616500c4668c6b4913f50a122f301426c6e2eed50275fd6c37372323;03_PDF_Originales/2024/3035_ord0172024-jm-que-sanciona-la-tributaria-municipal-para-el-ejercicio-fiscal-2024.pdf;15223840;23;85131;ok
3036;2024;ORDENANZA N°12- 2024  -JM;"POR LA CUAL SE MODIFICA EL NUMEROAL 1.2 DEL ART. 159. DE LA ORDENANZA TRIBUTARIA N° 017/2023 POR LA CUAL SE QUEDAN SANCIONADAS LAS NORMAS LEGALES PERTINENTES, Y SE REGLAMENTA EL REGIMEN TRIBUTARIO MUNICIPAL DE CUIDAD DEL ESTE Y SE ESTABLECEN LOS IMPORTES DE TASAS, CONTRIBUCIONES ESPECIALES Y OTROS INGRESOS NO TRIBUTARIOS, ASO COMO LA NORMAS DE APLICACION GENERAL EN EL PROCESO DE RECAUDACION DE LA MUNICIPALIDAD DE CUIDAD DEL ESTE PARA EL EJERCICO FISCAL 2024"".-";Ordenanzas Junta Municipal año 2024;;ordenanza-n12--2024--jm;https://mcde.gov.py/post/ordenanza-n12--2024--jm;https://mcde.gov.py/api/v1/public/file/03a21e54f9f0a7ac89eeeecde790e1d75f0a8fb5d4dca0da2fcfa6fd;03_PDF_Originales/2024/3036_ordenanza-n12--2024--jm.pdf;874936;3;0;escaneado_sin_texto
3399;2024;ORDENANZA N° 017-2024 J.M.;POR LA CUAL SE CREA EL REGISTRO DE PRESTADORES Y SE REGLAMENTA EL SERVICIO DE TRANSPOTE DE PASAJEROS A TRAVES DEL USO DE PLATAFORMAS DE APLICAION DIGITAL EN EL DISTRITO DE CIUDAD DEL ESTE.;Ordenanzas Junta Municipal año 2024;;ordenanza-n-017-2024-jm;https://mcde.gov.py/post/ordenanza-n-017-2024-jm;https://mcde.gov.py/api/v1/public/file/d3061b8a55c77c775fcefdd03525d86ddad80d84ce931f027f31c768;03_PDF_Originales/2024/3399_ordenanza-n-017-2024-jm.pdf;2066350;4;14523;ok
3400;2024;ORDENANZA N° 022-2024 J.M.;"POR LA QUE SE ACEPTA EL VETO PARCIAL OPUESTO POR EL INTENDENTE MUNICIPAL A LA ORDENANZA N° 017-2024 KM ""POR LA CUAL SE CREA EL REGISTRO DE PRESTADORES Y SE REGLAMENTA EL SERVICIO DE TRANSPOTE DE PASAJEROS A TRAVES DEL USO DE PLATAFORMAS DE APLICAION DIGITAL EN EL DISTRITO DE CIUDAD DEL ESTE"".";Ordenanzas Junta Municipal año 2024;;ordenanza-n-022-2024-jm;https://mcde.gov.py/post/ordenanza-n-022-2024-jm;https://mcde.gov.py/api/v1/public/file/9958c50d6adaace6f5880b665fe3d11a0c5e1bb8a98da4b9160417fc;03_PDF_Originales/2024/3400_ordenanza-n-022-2024-jm.pdf;953392;3;5537;ok
3303;2025;ORDENANZA N° 040-2024 J.M.;POR LA CUAL QUEDAN SANCIONADAS LAS NORMAS LEGALES PERTINENTES, Y SE REGLAMENTA EL RÉGIMEN TRIBUTARIO MUNICIPAL DE CIUDAD DEL ESTE, Y SE ESTABLECEN LOS IMPORTES DE TASAS, CONTRIBUCIONES ESPECIALES Y OTROS INGRESOS NO TRIBUTARIOS, ASÍ COMO LAS NORMAS DE APLICACIÓN GENERAL EN EL PROCESO DE  RECAUDACION DE LA MUNICIPALIDAD DE CIUDAD DEL ESTE PARA EL EJERCICIO FISCAL 2025.-; Ordenanzas Junta Municipal año 2025;;ordenanza-n-040-2024-jm;https://mcde.gov.py/post/ordenanza-n-040-2024-jm;https://mcde.gov.py/api/v1/public/file/00b767eeab9bc37152083b4a6d8ef43d6a1c48e0096265271ca2bbe4;03_PDF_Originales/2025/3303_ordenanza-n-040-2024-jm.pdf;6476017;28;103604;ok
3533;2025;ORDENANZA N° 013-2025 J.M.;POR LA CUAL SE AUTORIZA A LA INTENDENCIA MUNICIPAL A EJECUTAR Y ESTABLECER LOS PARÁMETROS LEGALES QUE REGULAN EL CONTROL, LA FISCALIZACIÓN Y EL COBRO DE ESTACIONAMIENTO TARIFADO Y CONTROLADO EN EL MUNICIPIO DE CIUDAD DEL ESTE.-; Ordenanzas Junta Municipal año 2025;;ordenanza-n-013-2025-jm;https://mcde.gov.py/post/ordenanza-n-013-2025-jm;https://mcde.gov.py/api/v1/public/file/b1fd8b3140a82562f71fbe66471c7ce4438614259b1ff95e0e9ca4db;03_PDF_Originales/2025/3533_ordenanza-n-013-2025-jm.pdf;7980117;11;38475;ok
3736;2025;ORDENANZA Nº 016-2025 JM;"POR LA CUAL SE MODIFICA EL PUNTO 1 DELART159° DE LA ORDENANZA N° 040/2024 J.M. ""POR LA CUAL QUEDAN SANCIONADAS LAS NORMAS LEGALES PERTINENTES, Y SE REGLAMENTA EL RÉGIMEN TRIBUTARIO MUNICIPAL DE CIUDAD DEL ESTE, Y SE ESTABLECEN LOS IMPORTES DE TASAS, CONTRIBUCIONES ESPECIALES Y OTROS INGRESOS NO TRIBUTARIOS, ASÍ COMO LAS NORMAS DE APLICACIÓN GENERAL EN EL PRO CESO DE RECAUDACION DE LA MUNICIPALIDAD DE CIUDAD DEL ESTE PARA E EJ ICIO FISCAL 2026"" "; Ordenanzas Junta Municipal año 2025;;ordenanza-n-016-2025-jm;https://mcde.gov.py/post/ordenanza-n-016-2025-jm;https://mcde.gov.py/api/v1/public/file/f9100384b67d0028b6cb78b36e3054a8fa1fce30072b797e75e98b74;03_PDF_Originales/2025/3736_ordenanza-n-016-2025-jm.pdf;2560727;4;14561;ok
3739;2025;ORDENANZA Nº 011-2025 JM;POR LA CUAL SE MODIFICA EL NUMERAI, 1° DEL ART. 163 DE LA ORDENANZA TRIBUTARIA N° 040/2024 “POR LA CUAL QUEDAN SANCIONADAS LAS NORMAS LEGALES PERTINENTES, Y SE REGLAMENTA EL REGIMEN TRIBUTARIO MUNICIPAL DE CIUDAD  DEL ESTE Y SE ESTABLECEN LOS IMPORTES DE TASAS, CONTRIBUCIONES ESPECIALES Y OTROS INGRESOS NO TRIBUTARIOS, ASI COMO LAS NORMAS DE APLICACIÓN GENERAL EN EL PROCESO DE RECAUDACION DE LA MUNICIPALIDAD DE CIUDAD DEL ESTE PARA EL EJERCICIO FISCAL 2025”  ; Ordenanzas Junta Municipal año 2025;;ordenanza-n-011-2025-jm;https://mcde.gov.py/post/ordenanza-n-011-2025-jm;https://mcde.gov.py/api/v1/public/file/08c245de4a85fabed72b38bc0624988df4952218d03700937934d9ae;03_PDF_Originales/2025/3739_ordenanza-n-011-2025-jm.pdf;931788;2;6533;ok
3741;2025;ORDENANZA Nº 009-2025 JM;POR LA CUAL SE MODIFICA EL ARTÍCULO 48 DE LA ORDENANZA TRIBUTARIA N° 040/2024 J.M., A FIN DE ADECUARLO A LAS DISPOSICIONES DE LA LEY N' 7459/2025 Y A  LOS LINEAMIENTOS DE LA AGENCIA NACIONAL DE TRÁNSITO y SEGURIDAD VIAL (ANTSV).; Ordenanzas Junta Municipal año 2025;;ordenanza-n-009-2025-jm;https://mcde.gov.py/post/ordenanza-n-009-2025-jm;https://mcde.gov.py/api/v1/public/file/dc2bd2e4a4dd6ea3fef9923e65540966d2527173ecb8f9058a6a5a0b;03_PDF_Originales/2025/3741_ordenanza-n-009-2025-jm.pdf;729440;2;4815;ok
3742;2025;ORDENANZA Nº 007-2025 JM;"POR LA CUAL SE MODIFICA EL ART. 157° DE LA ORDENANZA 040/2024 J.M. ""POR LA CUAL QUEDAN SANCIONADAS LAS NORMAS LEGALES PERTINENTES, Y SE REGLAMENTA EL RÉGIMEN TRIBUTARIO MUNICIPAL DE CIUDAD DEL ESTE, Y SE ESTABLECEN LOS IMPORTES DE TASAS, CONTRIBUCIONES ESPECIALES Y OTROS INGRESOS NO TRIBUTARIOS, ASÍ COMO LAS NORMAS DE APLICACIÓN GENERAL EN EL PROCESO DE RECAUDACION DE LA MUNICIPALIDAD DE CIUDAD DEL ESTE PARA EL EJERCICIO FISCAL 2025"""; Ordenanzas Junta Municipal año 2025;;ordenanza-n-007-2025-jm;https://mcde.gov.py/post/ordenanza-n-007-2025-jm;https://mcde.gov.py/api/v1/public/file/38cc30088ffa1e52e9efa32807ecf7656cb3094cfe9eaf52d4b79e27;03_PDF_Originales/2025/3742_ordenanza-n-007-2025-jm.pdf;2664965;4;11110;ok
3691;2026;ORDENANZA Nº 006-2026 JM ;POR EL CUAL SE REGULA EL USO DEL SUELO Y SE ESTABLECE COMO ZONA RESIDENCIAL UNA PARTE DEL BARRIO BOQUERON  DEL MUNICIPIO BARRIO BOQUERON II;Ordenanzas Junta Municipal año 2026;;ordenanza-n-006-2026-jm-;https://mcde.gov.py/post/ordenanza-n-006-2026-jm-;https://mcde.gov.py/api/v1/public/file/34af2d44f4e487a0d7c3fc7fcbad2d5239699dca36591be199e83e66;03_PDF_Originales/2026/3691_ordenanza-n-006-2026-jm-.pdf;2198190;5;0;escaneado_sin_texto
3692;2026;ORDENANZA Nº 007-2026 JM;POR EL CUAL SE REGULA EL USO DEL SUELO Y SE ESTABLECE LA ZONA RESIDENCIAL DEL AREA 1 DEL MUNICIPIO DE CIUDAD DEL ESTE;Ordenanzas Junta Municipal año 2026;;ordenanza-n-007-2026-jm;https://mcde.gov.py/post/ordenanza-n-007-2026-jm;https://mcde.gov.py/api/v1/public/file/c980c60cf4329f2eef91e42b346ba62838de0d101f806af9e4a9088a;03_PDF_Originales/2026/3692_ordenanza-n-007-2026-jm.pdf;2109895;6;0;escaneado_sin_texto
3693;2026;ORDENANZA M. N°003-2026 J.M.;POR LA CUAL SE MODIFICAN LAS ORDENANZAS N° 11-1994 Y N° 27-2014 REFERENTES A LA REGULACION DEL USO DE SUELO EN EL MUNICIPIO DE CIUDAD DEL ESTE, INCORPORANDO CRITERIOS ACTUALIZADOS DE PLANIFICACION URBANA, ORDENAMENTO TERRITORIAL Y PROTECCION AMBIENTAL ;Ordenanzas Junta Municipal año 2026;;ordenanza-m-n003-2026-jm;https://mcde.gov.py/post/ordenanza-m-n003-2026-jm;https://mcde.gov.py/api/v1/public/file/401dd4ccbb931bbd6b647ffc4e99ace6b3f3ddcec62f1db695d22f9b;03_PDF_Originales/2026/3693_ordenanza-m-n003-2026-jm.pdf;2968317;5;0;escaneado_sin_texto
3737;2026;ORDENANZA N° 015 -2026 J.M.;"POR LA CUAL SE MODIFICA EL CAPÍTULO 14 ""DEL IMPUESTO A LA PUBLICIDAD"", ARTÍCULO 111° DE LA ORDENANZA N° 040/2024 J.M., QUE ESTABLECE EL RÉGIMEN TRIBUTARIO MUNICIPAL DE CIUDAD DEL ESTE PARA EL EJERCICIO FISCAL 2026.-";Ordenanzas Junta Municipal año 2026;;ordenanza-n-015--2026-jm;https://mcde.gov.py/post/ordenanza-n-015--2026-jm;https://mcde.gov.py/api/v1/public/file/f68cf3f9813806abd0fcce9f5ef49d49f00e3f99ab3174ef27ee80f6;03_PDF_Originales/2026/3737_ordenanza-n-015--2026-jm.pdf;962383;2;6261;ok
3738;2026;ORDENANZA Nº 014-2026 JM;POR LA CUAL SE AMPLÍA EL ARTÍCULO 155° DE LA ORDENANZA N° 040/2024 J.M., QUE ESTABLECE EL RÉGIMEN TRIBUTARIO MUNICIPAL DE CIUDAD DEL ESTE PARA EL EJERCICIO FISCAL 2026, INCORPORANDO EL CANON POR PRESTACIÓN DE SERVICIOS DE LA CLINICA VETERINARIA MUNICIPAL.;Ordenanzas Junta Municipal año 2026;;ordenanza-n-014-2026-jm;https://mcde.gov.py/post/ordenanza-n-014-2026-jm;https://mcde.gov.py/api/v1/public/file/516e400a3a4d14dd12efdc381a1042e21c57981d25aac4ad169765d5;03_PDF_Originales/2026/3738_ordenanza-n-014-2026-jm.pdf;819180;2;5321;ok
3740;2026;ORDENANZA Nº 010-2026 JM;POR LA CUAL SE MODIFICAEL ARTICULO 105 DE LA ORDENANZA N° 040/2024 J.M., QUE ESTABLECE EL RÉGIMEN TRIBUTARIO MUNICIPAL DE CIUDAD DEL ESTE PARA EL EJERCICIO FISCAL, 2026, EN LO RELATIVO A LOS TIPOS DE JUEGOS DE AZAR AUTORIZADOS PARA SU EXPLOTACIÓN CON EXCLUSIVIDAD MUNICIPAL.  ;Ordenanzas Junta Municipal año 2026;;ordenanza-n-010-2026-jm;https://mcde.gov.py/post/ordenanza-n-010-2026-jm;https://mcde.gov.py/api/v1/public/file/507ab13ffcc5601d3e880f4f2f91247d2f434c43166e02e8364c21dd;03_PDF_Originales/2026/3740_ordenanza-n-010-2026-jm.pdf;875370;2;5210;ok
3743;2026;ORDENANZA Nº 004-2026 JM;POR LA CUAL SE AMPLÍA EL NUMERAL N° 9 DEL ARTÍCULO 163° DE LA ORDENANZA TRIBUTARIA N° 040/2024 J.M., “POR LA CUAL QUEDAN SANCIONADAS LAS NORMAS LEGALES PERTINENTES, Y SE REGLAMENTA EL RÉGIMEN TRIBUTARIO MUNICIPAL DE CIUDAD DEL ESTE, Y SE ESTABLECEN LOS IMPORTES DE TASAS, CONTRIBUCIONES ESPECIALES Y OTROS INGRESOS NO TRIBUTARIOS, ASÍ COMO LAS NORMAS DE APLICACIÓN GENERAL EN EL PROCESO DE RECAUDACIÓN DE LA MUNICIPALIDAD DE CIUDAD DEL ESTE PARA EL EJERCICIO FISCAL 2026”.;Ordenanzas Junta Municipal año 2026;;ordenanza-n-004-2026-jm;https://mcde.gov.py/post/ordenanza-n-004-2026-jm;https://mcde.gov.py/api/v1/public/file/9cc7a124af81fcd98a20c885924c29a9679a39407d152c891e693276;03_PDF_Originales/2026/3743_ordenanza-n-004-2026-jm.pdf;1048971;2;6315;ok
3117;VARIOS;ordenanza-001-2006;Por la cual se modifica la ordenanza numero 38-99-  Junta Municipal que se establece normas de prevención de incendios en las edificaciones;Ordenanzas Junta Municipal años varios ;;ordenanza-001-2006;https://mcde.gov.py/post/ordenanza-001-2006;https://mcde.gov.py/api/v1/public/file/56d2a56d977136994d00c9727aac33a26d90cd88b1906a594eed2a5c;03_PDF_Originales/VARIOS/3117_ordenanza-001-2006.pdf;190665;3;0;escaneado_sin_texto
3118;VARIOS;OEDENANZA  005-1976 ;Por la que se reglamenta las edificaciones en la Ciudad de Pdte. Stroessner;Ordenanzas Junta Municipal años varios ;;oedenanza-005-1976-;https://mcde.gov.py/post/oedenanza-005-1976-;https://mcde.gov.py/api/v1/public/file/4018bec874a7af3b94b5979dece2c7ebae3565cd1f21d9847e46ccf5;03_PDF_Originales/VARIOS/3118_oedenanza-005-1976-.pdf;28092142;40;87646;ok
3119;VARIOS;ORDENANAZA  007-1998 ;Por la cual se reglamenta las condiciones higiénica de salubridad en los hoteles pensiones bares restaurantes;Ordenanzas Junta Municipal años varios ;;ordenanaza-007-1998-;https://mcde.gov.py/post/ordenanaza-007-1998-;https://mcde.gov.py/api/v1/public/file/3fd2bcc00e05465624509c23c53239db0bd20f3abf3655e56480b019;03_PDF_Originales/VARIOS/3119_ordenanaza-007-1998-.pdf;2128230;6;13704;ok
3120;VARIOS;ORDENANZA  010-2011 ;Que reglamenta la Instalación de Cartel Publicitarios;Ordenanzas Junta Municipal años varios ;;ordenanza-010-2011-;https://mcde.gov.py/post/ordenanza-010-2011-;https://mcde.gov.py/api/v1/public/file/af3b0552a06aada2b71874241971a68b857cf7d25bbaa287e4557749;03_PDF_Originales/VARIOS/3120_ordenanza-010-2011-.pdf;7794299;12;43312;ok
3121;VARIOS;ORDENANZA  020-2017 ;Modifica  la Ord. 010.2011 instalaciones publicitarias;Ordenanzas Junta Municipal años varios ;;ordenanza-020-2017-;https://mcde.gov.py/post/ordenanza-020-2017-;https://mcde.gov.py/api/v1/public/file/84ed0d458f149d3a21b30edad7061084cbbe47a4a1bb2d55b8bf9d17;03_PDF_Originales/VARIOS/3121_ordenanza-020-2017-.pdf;825896;2;4936;ok
3122;VARIOS;ORDENANAZA  022-1998 ;Se modifica parcialmente la  ordenanza N°05.76  Junta Municipal  que reglamenta las edificaciones en cuidad del Este ;Ordenanzas Junta Municipal años varios ;;ordenanaza-022-1998-;https://mcde.gov.py/post/ordenanaza-022-1998-;https://mcde.gov.py/api/v1/public/file/f0401112dc6acb6c6fc2dc627ddddc853cc10e09385be1562a46feca;03_PDF_Originales/VARIOS/3122_ordenanaza-022-1998-.pdf;2628706;5;11366;ok
3123;VARIOS;ORDENANZA 038-1999; Establece normas de prevención de incendios en las edificaciones;Ordenanzas Junta Municipal años varios ;;ordenanza-038-1999;https://mcde.gov.py/post/ordenanza-038-1999;https://mcde.gov.py/api/v1/public/file/c81989e34af36ca39d2bb1de9d9a1fa2595596ed8ee10854a1f58b05;03_PDF_Originales/VARIOS/3123_ordenanza-038-1999.pdf;28764929;48;113036;ok
3124;VARIOS;Ordenanza 040.1998 ;Por la cual se regula estaciones de servicio y gasolinera en cuidad del este;Ordenanzas Junta Municipal años varios ;;ordenanza-0401998-;https://mcde.gov.py/post/ordenanza-0401998-;https://mcde.gov.py/api/v1/public/file/5704e3face5d8f2b340365854e11a097734e9f65cc73e0c658a1884f;03_PDF_Originales/VARIOS/3124_ordenanza-0401998-.pdf;3387948;6;13093;ok
3125;VARIOS;Ordenanza 053-1997 ;Por el cual se determinan acciones de carácter prohibitivo en relación al expendio de bebidas alcohólica;Ordenanzas Junta Municipal años varios ;;ordenanza-053-1997-;https://mcde.gov.py/post/ordenanza-053-1997-;https://mcde.gov.py/api/v1/public/file/3ff12ed202c1bee4414be491678a2090b254ff2ce132bb315ff1bcd6;03_PDF_Originales/VARIOS/3125_ordenanza-053-1997-.pdf;337860;5;0;escaneado_sin_texto
3126;VARIOS;Ordenanza 066-1999; Se reglamenta la colocación de carteles Publicitarios en la vía Publica y Área;Ordenanzas Junta Municipal años varios ;;ordenanza-066-1999;https://mcde.gov.py/post/ordenanza-066-1999;https://mcde.gov.py/api/v1/public/file/fb6d677d4af9fc00fa32c7bc6061028791c30cf169370bf31c935f76;03_PDF_Originales/VARIOS/3126_ordenanza-066-1999.pdf;5044750;6;13421;ok
3127;VARIOS;Ordenanza 67-1999; Se modifica y amplia la Ordenanza 37.98 uso de cámaras desbarradoras y desengrasadoras;Ordenanzas Junta Municipal años varios ;;ordenanza-67-1999;https://mcde.gov.py/post/ordenanza-67-1999;https://mcde.gov.py/api/v1/public/file/3011024768aa990ec6b08ab84ab55a1fcccdc8095de2f184a9b90173;03_PDF_Originales/VARIOS/3127_ordenanza-67-1999.pdf;1670275;5;0;escaneado_sin_texto
3128;VARIOS;Ordenanza 36.00;Por la cual se amplia y modifica la ordenanza 66-99-Junta Municipal;Ordenanzas Junta Municipal años varios ;;ordenanza-3600;https://mcde.gov.py/post/ordenanza-3600;https://mcde.gov.py/api/v1/public/file/03f1931bd8dcdb33e85902665c75de22351eb3573e880979fc52fa73;03_PDF_Originales/VARIOS/3166_ordenanza-36-00-.pdf;1450441;0;0;duplicado_pdf
3129;VARIOS;ORDENANZA 015-2018 ;Ord. 015.2018 Establece reglamentación base disponible de patente comercial se establece multa por presentación tardía de balance;Ordenanzas Junta Municipal años varios ;;ordenanza-015-2018-;https://mcde.gov.py/post/ordenanza-015-2018-;https://mcde.gov.py/api/v1/public/file/337b9a40599a0e38d05bb30d6f6bd8aea03eed320903ff3528daf956;03_PDF_Originales/VARIOS/3129_ordenanza-015-2018-.pdf;699653;2;3078;ok
3130;VARIOS;ORDENANZA 037-14;037.14 PRESENTAR FACTURA DE IMPUESTO PARA LA PATENTE COMERCIAL_020;Ordenanzas Junta Municipal años varios ;;ordenanza-037-14;https://mcde.gov.py/post/ordenanza-037-14;https://mcde.gov.py/api/v1/public/file/1a738adf819cafc91801e1972d4bba5552efc031df6f79e4fe697372;03_PDF_Originales/VARIOS/3130_ordenanza-037-14.pdf;577764;2;1811;ok
3131;VARIOS;ORDENANZA 002-1976;Ord. 002.1976 Por la que se ordena la construcción de murallas y veredas en los inmuebles;Ordenanzas Junta Municipal años varios ;;ordenanza-002-1976;https://mcde.gov.py/post/ordenanza-002-1976;https://mcde.gov.py/api/v1/public/file/1ec662a0759884185a6cd622d30499462c7413b1374acbcee1816453;03_PDF_Originales/VARIOS/3131_ordenanza-002-1976.pdf;825085;1;1629;ok
3132;VARIOS;ORDENANAZA 002-1997;Ord. 002.1997 Que reglamenta la contracción de veredas y la transitabilidad frente a los inmuebles ubicado en el distrito;Ordenanzas Junta Municipal años varios ;;ordenanaza-002-1997;https://mcde.gov.py/post/ordenanaza-002-1997;https://mcde.gov.py/api/v1/public/file/03279df1b0088606bf0e22d684a7aa79b14be88c5adedad571efd5fe;03_PDF_Originales/VARIOS/3132_ordenanaza-002-1997.pdf;1039283;2;4844;ok
3133;VARIOS;ORDENANZA 04-05;Ord. 04.05 Se establece reglamentación de patente y multa;Ordenanzas Junta Municipal años varios ;;ordenanza-04-05;https://mcde.gov.py/post/ordenanza-04-05;https://mcde.gov.py/api/v1/public/file/867e46afac4d7af33b77dcf20ad479c13ea9c28d41ea9dbe70fc80b2;03_PDF_Originales/VARIOS/3133_ordenanza-04-05.pdf;2275490;3;0;escaneado_sin_texto
3134;VARIOS;Ordenanza 05-03;Ord. 05.03 Se modifica los Artículos 4 y 5 FR. la Ordenanza 13.92 Tasa de desinfección a los ómnibus;Ordenanzas Junta Municipal años varios ;;ordenanza-05-03;https://mcde.gov.py/post/ordenanza-05-03;;;0;0;0;sin_pdf
3135;VARIOS;Ordenanza  006-1993;  Ord. 006.1993 Por la que se Reglamenta la Instalación de Pasacalle;Ordenanzas Junta Municipal años varios ;;ordenanza-006-1993;https://mcde.gov.py/post/ordenanza-006-1993;https://mcde.gov.py/api/v1/public/file/5757d71d33a672ae554599229888eb9e1f0b7c5a4f621a0afbf3042a;03_PDF_Originales/VARIOS/3135_ordenanza-006-1993.pdf;1450707;3;5607;ok
3136;VARIOS;Ordenanza 006-2000;Ord. 006.2000 Que modifica y amplia la ordenanza 19.93 y crea el registro de los profesionales de la_0000;Ordenanzas Junta Municipal años varios ;;ordenanza-006-2000;https://mcde.gov.py/post/ordenanza-006-2000;https://mcde.gov.py/api/v1/public/file/9da335b1a6aa20f12ed786d6116689e95b004016393f70d7761b2c39;03_PDF_Originales/VARIOS/3136_ordenanza-006-2000.pdf;4045655;11;19176;ok
3137;VARIOS;Ordenanza 006-2009 ;Ord. 006.2009 Modifica parcialmente el articulo 2º de la Ordenanza 24.05 Normas de prevención contra incendios en las edificaciones_0001;Ordenanzas Junta Municipal años varios ;;ordenanza-006-2009-;https://mcde.gov.py/post/ordenanza-006-2009-;https://mcde.gov.py/api/v1/public/file/a1bba98e66b7ec0ce96e73696a569bc1437e31b4bf1c8ea4db8b6bf1;03_PDF_Originales/VARIOS/3137_ordenanza-006-2009-.pdf;381790;2;1605;ok
3139;VARIOS;Ordenanza 008-1988 ;Ord. 008.1988 Por-la-que-se-establecen-tasas-por-desinfeccion-de-vehiculos-de-transporte-publico;Ordenanzas Junta Municipal años varios ;;ordenanza-008-1988-;https://mcde.gov.py/post/ordenanza-008-1988-;https://mcde.gov.py/api/v1/public/file/333dee8af4b557ccce5be869efa1328dd0dd30ed556912a9671e9482;03_PDF_Originales/VARIOS/3139_ordenanza-008-1988-.pdf;107114;1;0;escaneado_sin_texto
3140;VARIOS;Ordenanza 009-1998  ;Ord. 009.1998 Se reglamenta servicio de provisión y retiro de escombros de obras;Ordenanzas Junta Municipal años varios ;;ordenanza-009-1998-;https://mcde.gov.py/post/ordenanza-009-1998-;https://mcde.gov.py/api/v1/public/file/acb16ae826f6086a09f97ea015a8b9208acb8c4c23434b5ba37c27a7;03_PDF_Originales/VARIOS/3140_ordenanza-009-1998-.pdf;1656917;3;0;escaneado_sin_texto
3141;VARIOS;Ordenanza 009-2019 ;Ord. 009.2019 derogación del uso de suelo Barrio Defensores del chaco;Ordenanzas Junta Municipal años varios ;;ordenanza-009-2019-;https://mcde.gov.py/post/ordenanza-009-2019-;https://mcde.gov.py/api/v1/public/file/e1414f81543c53eee01032e46c8b20ec0120433476224eb3ba5cf59e;03_PDF_Originales/VARIOS/3141_ordenanza-009-2019-.pdf;804243;2;3146;ok
3142;VARIOS;Ordenanza  09-1989  ;Ord. 09.1989 Se reglamenta la colocación de carteles Publicitarios Ciudad Presidente Strossner;Ordenanzas Junta Municipal años varios ;;ordenanza-09-1989-;https://mcde.gov.py/post/ordenanza-09-1989-;https://mcde.gov.py/api/v1/public/file/015e66b68215d509b7553d29fa72842dd18305faf571ae0e7545ebde;03_PDF_Originales/VARIOS/3142_ordenanza-09-1989-.pdf;2086709;2;5005;ok
3143;VARIOS;Ordenanza 010-1988;Ord. 010.1988 Por-la-que-se-reglamenta-la-altura-y-caracteristica-de-los-edificios-en-la-zona-centrica-de-Ciudad-Presidente-Stroessner;Ordenanzas Junta Municipal años varios ;;ordenanza-010-1988;https://mcde.gov.py/post/ordenanza-010-1988;https://mcde.gov.py/api/v1/public/file/5ece189725549aae1dec6c61aec1ffd49f83df06194f944433d1916a;03_PDF_Originales/VARIOS/3143_ordenanza-010-1988.pdf;227354;3;0;escaneado_sin_texto
3144;VARIOS;Ordenanza 010-1990 ; Ord. 010.1990 Por-la-que-se-modifica-el-art-28-inc-c-y-d-la-ord-12-88-JM-que-reglamenta-la-construccion-de-locales-comerciales;Ordenanzas Junta Municipal años varios ;;ordenanza-010-1990-;https://mcde.gov.py/post/ordenanza-010-1990-;https://mcde.gov.py/api/v1/public/file/71fddabc695ed176a80be90a1374aefd9de207ec64deb87ab4f48094;03_PDF_Originales/VARIOS/3144_ordenanza-010-1990-.pdf;64852;1;0;escaneado_sin_texto
3145;VARIOS;Ordenanza 011-1988 ;Ord. 011.1988 Por-la-que-se-reglamenta-el-uso-de-suelo-en-el-barrio-Boqueron-de-ciudad-Presidente-Stroessner;Ordenanzas Junta Municipal años varios ;;ordenanza-011-1988-;https://mcde.gov.py/post/ordenanza-011-1988-;https://mcde.gov.py/api/v1/public/file/803f6ad58cf464d616337b4f71925011127de9f4dcef798bf26503e7;03_PDF_Originales/VARIOS/3145_ordenanza-011-1988-.pdf;110824;2;0;escaneado_sin_texto
3146;VARIOS;Ordenanza 011-1994 ; Ord. 011.1994 Que reglamenta el uso de suelo en Ciudad del Este;Ordenanzas Junta Municipal años varios ;;ordenanza-011-1994-;https://mcde.gov.py/post/ordenanza-011-1994-;https://mcde.gov.py/api/v1/public/file/8b12bc9a910813c8ea5bb7aaa6426b38614ea0648ab286e837f05347;03_PDF_Originales/VARIOS/3146_ordenanza-011-1994-.pdf;1340415;2;5273;ok
3147;VARIOS;Ordenanza 013-1988  ;Ord. 013.1988 Por-la-cual-se-establece-la-tasa-a-ser-percibido-por-el-servicio-de-desinfeccion-de-establecimiento-publico-y-comerciales-de-Ciudad-Presidente Stroessner;Ordenanzas Junta Municipal años varios ;;ordenanza-013-1988-;https://mcde.gov.py/post/ordenanza-013-1988-;https://mcde.gov.py/api/v1/public/file/5f63f2000e142d049ef4f7949040c68eb12df095c955fd6df1aa330d;03_PDF_Originales/VARIOS/3147_ordenanza-013-1988-.pdf;71135;1;0;escaneado_sin_texto
3148;VARIOS;Ordenanza 013-1994  ;Ord. 013.1994 Actualización del impuesto al faenamiento y las tasas por salubridad;Ordenanzas Junta Municipal años varios ;;ordenanza-013-1994-;https://mcde.gov.py/post/ordenanza-013-1994-;https://mcde.gov.py/api/v1/public/file/5c056c5d745fb5461a602095fffe49d70159b68a02aaf5b38d025139;03_PDF_Originales/VARIOS/3148_ordenanza-013-1994-.pdf;650002;1;2219;ok
3149;VARIOS;Ordenanza 015-1988;Ord. 015.1988 Por-la-cual-se-reglamenta-la-aplicacion-del-art-44-de-la-ley-620-76-del-regimen-tributario-para-la-municipalidad-del-interior-y-establece-nor;Ordenanzas Junta Municipal años varios ;;ordenanza-015-1988;https://mcde.gov.py/post/ordenanza-015-1988;https://mcde.gov.py/api/v1/public/file/d736bbc1b45aa925a94cddbf613b6a5d6d60cd84a527a34b4ebbd39a;03_PDF_Originales/VARIOS/3149_ordenanza-015-1988.pdf;178731;2;0;escaneado_sin_texto
3150;VARIOS;Ordenanza 015-1991;Ord. 015.1991 Por-la-que-se-modifica-y-se-amplia-la-ord-11-88-JM-de-fecha-8-x-1988-y-se-establece-la-prohibicion-de-construccion;Ordenanzas Junta Municipal años varios ;;ordenanza-015-1991;https://mcde.gov.py/post/ordenanza-015-1991;https://mcde.gov.py/api/v1/public/file/c5e7a7685649b33e0623b2144beedbb741119dc6dacbd0b26cbfe7ba;03_PDF_Originales/VARIOS/3150_ordenanza-015-1991.pdf;118812;2;0;escaneado_sin_texto
3151;VARIOS;Ordenanza 015-1997;Ord. 015.1997 Por-la-cual-se-modifica-de-la-ord-08-86-JM-que-se-dispone-la-regularizacion-de-construcciones  ;Ordenanzas Junta Municipal años varios ;;ordenanza-015-1997;https://mcde.gov.py/post/ordenanza-015-1997;https://mcde.gov.py/api/v1/public/file/bbd067be3742f7f23312949cf7d32ecadb1e96bf44bfaa09ab4f2e7b;03_PDF_Originales/VARIOS/3151_ordenanza-015-1997.pdf;449057;7;0;escaneado_sin_texto
3152;VARIOS;Ordenanza 016-1988  ;Ord. 016.1988 Por-la-cual-se-reglamenta-la-categoria-prerrogativa-y-responsabilidades-de-ls-profesionales-de-la-construccion;Ordenanzas Junta Municipal años varios ;;ordenanza-016-1988-;https://mcde.gov.py/post/ordenanza-016-1988-;https://mcde.gov.py/api/v1/public/file/2f4f4667112b065cc250a78ec20e72dd3ac95208ac3be0803f1eb5b7;03_PDF_Originales/VARIOS/3152_ordenanza-016-1988-.pdf;448867;6;0;escaneado_sin_texto
3153;VARIOS;Ordenanza 16-00 ;Ord. 16.00 Porlacual-se-modifica-el-ar-2-de-la-ord-44-97 reglamenta-el-impuesto-de-patente-de-comercio-Industrias-profesionales ;Ordenanzas Junta Municipal años varios ;;ordenanza-16-00-;https://mcde.gov.py/post/ordenanza-16-00-;https://mcde.gov.py/api/v1/public/file/8a5b609f0a8c376921a79059c02edd1c136ce3638f659833b6855246;03_PDF_Originales/VARIOS/3153_ordenanza-16-00-.pdf;70109;1;0;escaneado_sin_texto
3154;VARIOS;Ordenanza 018-1994 ; Ord. 018.1994 se modifica parcialmente y se amplia la Ord. 26.93 referente a la construcción de depósitos industriales y talleres en la zona Céntrica y Barrio Boquerón y Juan E.O Leary ;Ordenanzas Junta Municipal años varios ;;ordenanza-018-1994-;https://mcde.gov.py/post/ordenanza-018-1994-;https://mcde.gov.py/api/v1/public/file/53328d487bf55d140d0982edc2264cb9e758400dbdffeb4f3009c88e;03_PDF_Originales/VARIOS/3154_ordenanza-018-1994-.pdf;1834345;2;1641;ok
3155;VARIOS;Ordenanza 018-2002  ;Ord. 018.2002 Se dispone la obligatoriedad a los comercios dedicados a la venta de cola de zapatero se inscriban en la oficina de salubridad;Ordenanzas Junta Municipal años varios ;;ordenanza-018-2002-;https://mcde.gov.py/post/ordenanza-018-2002-;https://mcde.gov.py/api/v1/public/file/66d3cf4356b76fc78b900c715a146630e5e024f8208bd3a5d214efd8;03_PDF_Originales/VARIOS/3155_ordenanza-018-2002-.pdf;634101;1;0;escaneado_sin_texto
3156;VARIOS;Ordenanza 019-1994  ;Ord. 019.1994 se reglamenta el funcionamiento de depósitos ubicados en la zona del microcentro;Ordenanzas Junta Municipal años varios ;;ordenanza-019-1994-;https://mcde.gov.py/post/ordenanza-019-1994-;https://mcde.gov.py/api/v1/public/file/6ac920f15e7cbb1c30da244b4a08f70fdc13d19988cfc2b195301b81;03_PDF_Originales/VARIOS/3156_ordenanza-019-1994-.pdf;2396894;2;4833;ok
3157;VARIOS;Ordenanza 020-1997  ;Ord. 021.1997 Por la cual se regula la apertura de negocios y se dispone la cancelación de la patente comercial inhabilitación por infracción a la ley de marcas;Ordenanzas Junta Municipal años varios ;;ordenanza-020-1997-;https://mcde.gov.py/post/ordenanza-020-1997-;https://mcde.gov.py/api/v1/public/file/6aeb04c96d7aa079a63146558613aecdc266053aff722380111a6eba;03_PDF_Originales/VARIOS/3157_ordenanza-020-1997-.pdf;1704951;3;6450;ok
3158;VARIOS;Ordenanza 021-2018  ;Reglamenta la tasa de servicio de prevención y protección de incendio;Ordenanzas Junta Municipal años varios ;;ordenanza-021-2018-;https://mcde.gov.py/post/ordenanza-021-2018-;https://mcde.gov.py/api/v1/public/file/c051d828c4225d0c3fa069b808604ca4f9d3229e55ed6e112c24c888;03_PDF_Originales/VARIOS/3158_ordenanza-021-2018-.pdf;1295964;2;7048;ok
3159;VARIOS;Ordenanza 022-1998 ;Ord. 022.1998 SE MODIFICA PARCIALMENTE LA ORDENANZA N.05.76 J.M. que reglamenta las edificaciones en cde;Ordenanzas Junta Municipal años varios ;;ordenanza-022-1998-;https://mcde.gov.py/post/ordenanza-022-1998-;https://mcde.gov.py/api/v1/public/file/fcea1b492aede760527c2a0ce6209fdedd8b4e2c9c5f1c073d02d8a8;03_PDF_Originales/VARIOS/3122_ordenanaza-022-1998-.pdf;2628706;0;0;duplicado_pdf
3160;VARIOS;Ordenanza 024-2005 ; Ord. 024.2005 Por-la-cual-se-amplia-038-99-JM-que-establece-normas-de-prevencion-de-incendio-en-las-edificaciones;Ordenanzas Junta Municipal años varios ;;ordenanza-024-2005-;https://mcde.gov.py/post/ordenanza-024-2005-;https://mcde.gov.py/api/v1/public/file/132b4410df6f49ea5c51589fa1057027113fdca87a7c3ec1eb865430;03_PDF_Originales/VARIOS/3160_ordenanza-024-2005-.pdf;137192;2;0;escaneado_sin_texto
3161;VARIOS;Ordenanza 026-1990;Ord. 026.1990 Por la que se establece las normas de seguridad y prevención contra incendio en las edificaciones;Ordenanzas Junta Municipal años varios ;;ordenanza-026-1990;https://mcde.gov.py/post/ordenanza-026-1990;https://mcde.gov.py/api/v1/public/file/03a6d063b86788d057cb2220492db1a7b9fe1a38981eeffbeea6bff6;03_PDF_Originales/VARIOS/3161_ordenanza-026-1990.pdf;21081346;30;72324;ok
3162;VARIOS;Ordenanza 026-1993 ;Ord. 026.1993 Por-la-que-se-modifica-parcialmente-la-ord-15-91-JM-que-establece-la-prohibicion-de-construir-depositos-industria-y-talleres-en-la-zona-centrica;Ordenanzas Junta Municipal años varios ;;ordenanza-026-1993-;https://mcde.gov.py/post/ordenanza-026-1993-;https://mcde.gov.py/api/v1/public/file/75cf5d9d80d49948ad0740178a9fb09717b4783de026edc9c8169f3c;03_PDF_Originales/VARIOS/3162_ordenanza-026-1993-.pdf;61180;1;0;escaneado_sin_texto
3163;VARIOS;Ordenanza 028.1990  ;Ord. 028.1990 Por la que se fijan tasas por servicios de inspección de los sistemas de prevención y protección contra riesgo de incendio derrumbes u otros accidentes;Ordenanzas Junta Municipal años varios ;;ordenanza-0281990-;https://mcde.gov.py/post/ordenanza-0281990-;https://mcde.gov.py/api/v1/public/file/c84019da0052b58a6ecc506a2fc526e2dae743bd887111771cb4a55b;03_PDF_Originales/VARIOS/3163_ordenanza-0281990-.pdf;1652442;3;4559;ok
3164;VARIOS;Ordenanza 030-020;Ord. 030.020 Que modifica y amplia la Ord. 50.97 J.M. que establece normas de instalaciones sanitarias y desagües;Ordenanzas Junta Municipal años varios ;;ordenanza-030-020;https://mcde.gov.py/post/ordenanza-030-020;https://mcde.gov.py/api/v1/public/file/e5357956acb55dd1cad97c1e1e03d030b1d30b7bf36e54d20c624c72;03_PDF_Originales/VARIOS/3164_ordenanza-030-020.pdf;2891572;4;16744;ok
3165;VARIOS;Ordenanza 031- 1998  ;Ord. 031.1998 Por la cual SE MODIFICA PARCIALMENTE LA ORDENANZA N. 05.76 que reglamenta las edificaciones en ciudad del este;Ordenanzas Junta Municipal años varios ;;ordenanza-031--1998-;https://mcde.gov.py/post/ordenanza-031--1998-;https://mcde.gov.py/api/v1/public/file/6360d3a8ab94e0a1acbc615df8bb106c2241b92bf166c5b97cb18124;03_PDF_Originales/VARIOS/3165_ordenanza-031--1998-.pdf;2811779;6;11433;ok
3166;VARIOS;Ordenanza 36-00  ;Ord. 36.00 Por-la-cual-se-amplia-y-modifica-la-ord-66-99-JM-que-reglamenta-las-condiciones-para-las-actividades-publiciatrias-en-CDE;Ordenanzas Junta Municipal años varios ;;ordenanza-36-00-;https://mcde.gov.py/post/ordenanza-36-00-;https://mcde.gov.py/api/v1/public/file/09b4d7c1a98765a8286e8e9de14c60268cd6f84f73b21aa09d5e5137;03_PDF_Originales/VARIOS/3166_ordenanza-36-00-.pdf;1450441;10;0;escaneado_sin_texto
3167;VARIOS;Ordenanza 037-2000;  Ord. 037.2000 Se amplia y modifica la Ord. 11.88 Reglamenta uso del suelo Barrio Boquerón;Ordenanzas Junta Municipal años varios ;;ordenanza-037-2000;https://mcde.gov.py/post/ordenanza-037-2000;https://mcde.gov.py/api/v1/public/file/952c28f801be9dc46b3af21ce86d9f831bcaa09f8f089548a1912556;03_PDF_Originales/VARIOS/3167_ordenanza-037-2000.pdf;696366;1;0;escaneado_sin_texto
3168;VARIOS;Ordenanza 038-1999  ;Ord. 038.1999 Establece normas de prevención de incendios en las edificaciones;Ordenanzas Junta Municipal años varios ;;ordenanza-038-1999-;https://mcde.gov.py/post/ordenanza-038-1999-;;;0;0;0;sin_pdf
3169;VARIOS;Ordenanza 044-1997  ;Ord. 044.1997 Por la que se reglamenta el impuesto de patente de comercio, industria, profesiones y oficios. estimación de oficio del monto activos;Ordenanzas Junta Municipal años varios ;;ordenanza-044-1997-;https://mcde.gov.py/post/ordenanza-044-1997-;https://mcde.gov.py/api/v1/public/file/3809f8a68c0b3072e743e475c7c0f99bb0cf2fef7544ec109d1cce29;03_PDF_Originales/VARIOS/3169_ordenanza-044-1997-.pdf;1639617;3;7167;ok
3170;VARIOS;Ordenanza 049-1998 ;Ord. 049.1998 Por la cual se modifica parcialmente la ord. 05.76 que reglamenta las edificaciones_0001;Ordenanzas Junta Municipal años varios ;;ordenanza-049-1998-;https://mcde.gov.py/post/ordenanza-049-1998-;https://mcde.gov.py/api/v1/public/file/9be9c672c30e961a262e670bd7eac9a19060037b709dce020622a154;03_PDF_Originales/VARIOS/3170_ordenanza-049-1998-.pdf;4000278;5;0;escaneado_sin_texto
3171;VARIOS;Ordenanza 69-00 ;Ord. 69.00 Se amplia los términos de la Ord. 44.97 Impuesto patente ;Ordenanzas Junta Municipal años varios ;;ordenanza-69-00-;https://mcde.gov.py/post/ordenanza-69-00-;https://mcde.gov.py/api/v1/public/file/bb69e25bc14ff6a601c4f766dc81a9d4256ce0ed097f2c2d56ce2ecc;03_PDF_Originales/VARIOS/3171_ordenanza-69-00-.pdf;535554;1;0;escaneado_sin_texto
3172;VARIOS;Ordenanza.019.2014;  Ordenanza.019.2014 Amplia la Ord. 23.92 sobre control de ruidos molestos;Ordenanzas Junta Municipal años varios ;;ordenanza0192014;https://mcde.gov.py/post/ordenanza0192014;https://mcde.gov.py/api/v1/public/file/7dc1a3cb92076cf823d0061fc6c7a62c28aed64a43084ee1a4f8c1bd;03_PDF_Originales/VARIOS/3172_ordenanza0192014.pdf;670996;2;2519;ok
3173;VARIOS;Ordenanza 028-020  ;Ordenanza.028.020 Que amplia la norma de control de ruidos molestos dentro del distrito de CDE;Ordenanzas Junta Municipal años varios ;;ordenanza-028-020-;https://mcde.gov.py/post/ordenanza-028-020-;https://mcde.gov.py/api/v1/public/file/d14344c9205b02de37a7709c5c0798abd6224d9d82b181ff168f923e;03_PDF_Originales/VARIOS/3173_ordenanza-028-020-.pdf;2172770;3;12484;ok
3174;VARIOS;Ordenanza.050.021  ;Ordenanza.050.021 Que modifica el art. 4 de la Ord. 28.2020 de polución sonora y ruidos molestos;Ordenanzas Junta Municipal años varios ;;ordenanza050021-;https://mcde.gov.py/post/ordenanza050021-;https://mcde.gov.py/api/v1/public/file/2e9e68d444af65bcbf3e95ecf8658cd00b494c1199adb8bbb5928509;03_PDF_Originales/VARIOS/3174_ordenanza050021-.pdf;981011;2;4642;ok
3250;VARIOS;ORDENANZA Nº 038 -1999;"POR LA CUAL SE ESTABLECE NORMAS DE PREVENCION DE INCENDIOS EN LAS EDIFICACIONES
";Ordenanzas Junta Municipal años varios ;;ordenanza-n-038--1999;https://mcde.gov.py/post/ordenanza-n-038--1999;https://mcde.gov.py/api/v1/public/file/87a15048ea318aa331722e1c4066833af606193942a918944239b89a;03_PDF_Originales/VARIOS/3250_ordenanza-n-038--1999.pdf;3522277;48;113036;ok
3601;VARIOS;ORDENANZA Nº 05-76 ;POR LA QUE SE REGLAMENTA LAS EDIFICACIONES EN LA CIUDAD DE PRESIDENTE STROESSNER;Ordenanzas Junta Municipal años varios ;;ordenanza-n-05-76-;https://mcde.gov.py/post/ordenanza-n-05-76-;https://mcde.gov.py/api/v1/public/file/05768dc74888f5e6120eb5e654d2edc9caf14839ea49c267ac2479fe;03_PDF_Originales/VARIOS/3601_ordenanza-n-05-76-.pdf;13215500;10;0;escaneado_sin_texto
3664;VARIOS;ORDENANZA Nº 019 - 2015 JM ;POR LA CUAL SE REGLAMENTA EL SITEMA DE TORRES DE ANTENAS EN CIUDAD DEL ESTE EN SU ARTICULO3 QUEDANDO REDACTADA EN LOS SIGUIENTES TERMINOS LA UBICACION DE LAS TORRES SOPORTE DE ANTENA;Ordenanzas Junta Municipal años varios ;;ordenanza-n-019---2015-jm-;https://mcde.gov.py/post/ordenanza-n-019---2015-jm-;https://mcde.gov.py/api/v1/public/file/a6a791ac5fe582d475c93a2c632e65f2d8c310fdc38196d5a9b36c48;03_PDF_Originales/VARIOS/3664_ordenanza-n-019---2015-jm-.pdf;1447274;1;0;escaneado_sin_texto
