  0
SECTION
  2
HEADER
  9
$ACADVER
  1
AC1032
  9
$ACADMAINTVER
 90
4
  9
$DWGCODEPAGE
  3
ANSI_1252
  9
$LASTSAVEDBY
  1
jvchi
  9
$REQUIREDVERSIONS
160
0
  9
$INSBASE
 10
0.0
 20
0.0
 30
0.0
  9
$EXTMIN
 10
1e+20
 20
1e+20
 30
1e+20
  9
$EXTMAX
 10
-1e+20
 20
-1e+20
 30
-1e+20
  9
$LIMMIN
 10
0.0
 20
0.0
  9
$LIMMAX
 10
420.0
 20
297.0
  9
$ORTHOMODE
 70
0
  9
$REGENMODE
 70
1
  9
$FILLMODE
 70
1
  9
$QTEXTMODE
 70
0
  9
$MIRRTEXT
 70
1
  9
$LTSCALE
 40
1.0
  9
$ATTMODE
 70
1
  9
$TEXTSIZE
 40
2.5
  9
$TRACEWID
 40
1.0
  9
$TEXTSTYLE
  7
OpenSans
  9
$CLAYER
  8
A-FOOT-PB
  9
$CELTYPE
  6
ByLayer
  9
$CECOLOR
 62
256
  9
$CELTSCALE
 40
1.0
  9
$DISPSILH
 70
0
  9
$DIMSCALE
 40
1.0
  9
$DIMASZ
 40
0.8
  9
$DIMEXO
 40
0.125
  9
$DIMDLI
 40
3.75
  9
$DIMRND
 40
0.0
  9
$DIMDLE
 40
0.0
  9
$DIMEXE
 40
0.375
  9
$DIMTP
 40
0.0
  9
$DIMTM
 40
0.0
  9
$DIMTXT
 40
1.199999999999999
  9
$DIMCEN
 40
2.5
  9
$DIMTSZ
 40
0.0
  9
$DIMTOL
 70
0
  9
$DIMLIM
 70
0
  9
$DIMTIH
 70
0
  9
$DIMTOH
 70
0
  9
$DIMSE1
 70
0
  9
$DIMSE2
 70
0
  9
$DIMTAD
 70
1
  9
$DIMZIN
 70
12
  9
$DIMBLK
  1
ARCHTICK
  9
$DIMASO
 70
1
  9
$DIMSHO
 70
1
  9
$DIMPOST
  1

  9
$DIMAPOST
  1

  9
$DIMALT
 70
0
  9
$DIMALTD
 70
3
  9
$DIMALTF
 40
1.0
  9
$DIMLFAC
 40
1.0
  9
$DIMTOFL
 70
1
  9
$DIMTVP
 40
0.0
  9
$DIMTIX
 70
0
  9
$DIMSOXD
 70
0
  9
$DIMSAH
 70
0
  9
$DIMBLK1
  1

  9
$DIMBLK2
  1

  9
$DIMSTYLE
  2
EZDXF
  9
$DIMCLRD
 70
0
  9
$DIMCLRE
 70
0
  9
$DIMCLRT
 70
0
  9
$DIMTFAC
 40
0.5
  9
$DIMGAP
 40
0.1
  9
$DIMJUST
 70
0
  9
$DIMSD1
 70
0
  9
$DIMSD2
 70
0
  9
$DIMTOLJ
 70
0
  9
$DIMTZIN
 70
8
  9
$DIMALTZ
 70
0
  9
$DIMALTTZ
 70
0
  9
$DIMUPT
 70
1
  9
$DIMDEC
 70
2
  9
$DIMTDEC
 70
2
  9
$DIMALTU
 70
2
  9
$DIMALTTD
 70
3
  9
$DIMTXSTY
  7
OpenSansCondensed-Light
  9
$DIMAUNIT
 70
0
  9
$DIMADEC
 70
2
  9
$DIMALTRND
 40
0.0
  9
$DIMAZIN
 70
3
  9
$DIMDSEP
 70
46
  9
$DIMATFIT
 70
3
  9
$DIMFRAC
 70
0
  9
$DIMLDRBLK
  1

  9
$DIMLUNIT
 70
2
  9
$DIMLWD
 70
-2
  9
$DIMLWE
 70
-2
  9
$DIMTMOVE
 70
2
  9
$DIMFXL
 40
1.0
  9
$DIMFXLON
 70
0
  9
$DIMJOGANG
 40
0.785398163397
  9
$DIMTFILL
 70
0
  9
$DIMTFILLCLR
 70
0
  9
$DIMARCSYM
 70
0
  9
$DIMLTYPE
  6

  9
$DIMLTEX1
  6

  9
$DIMLTEX2
  6

  9
$DIMTXTDIRECTION
 70
0
  9
$LUNITS
 70
2
  9
$LUPREC
 70
2
  9
$SKETCHINC
 40
1.0
  9
$FILLETRAD
 40
10.0
  9
$AUNITS
 70
0
  9
$AUPREC
 70
2
  9
$MENU
  1
.
  9
$ELEVATION
 40
0.0
  9
$PELEVATION
 40
0.0
  9
$THICKNESS
 40
0.0
  9
$LIMCHECK
 70
0
  9
$CHAMFERA
 40
0.0
  9
$CHAMFERB
 40
0.0
  9
$CHAMFERC
 40
0.0
  9
$CHAMFERD
 40
0.0
  9
$SKPOLY
 70
0
  9
$TDCREATE
 40
2461303.8783101854
  9
$TDUCREATE
 40
2458532.153996898
  9
$TDUPDATE
 40
2461303.8783101854
  9
$TDUUPDATE
 40
2461303.972395833
  9
$TDINDWG
 40
0.1356828704
  9
$TDUSRTIMER
 40
0.1356828704
  9
$USRTIMER
 70
1
  9
$ANGBASE
 50
0.0
  9
$ANGDIR
 70
0
  9
$PDMODE
 70
0
  9
$PDSIZE
 40
0.0
  9
$PLINEWID
 40
0.0
  9
$SPLFRAME
 70
0
  9
$SPLINETYPE
 70
6
  9
$SPLINESEGS
 70
8
  9
$HANDSEED
  5
818
  9
$SURFTAB1
 70
6
  9
$SURFTAB2
 70
6
  9
$SURFTYPE
 70
6
  9
$SURFU
 70
6
  9
$SURFV
 70
6
  9
$UCSBASE
  2

  9
$UCSNAME
  2

  9
$UCSORG
 10
0.0
 20
0.0
 30
0.0
  9
$UCSXDIR
 10
1.0
 20
0.0
 30
0.0
  9
$UCSYDIR
 10
0.0
 20
1.0
 30
0.0
  9
$UCSORTHOREF
  2

  9
$UCSORTHOVIEW
 70
0
  9
$UCSORGTOP
 10
0.0
 20
0.0
 30
0.0
  9
$UCSORGBOTTOM
 10
0.0
 20
0.0
 30
0.0
  9
$UCSORGLEFT
 10
0.0
 20
0.0
 30
0.0
  9
$UCSORGRIGHT
 10
0.0
 20
0.0
 30
0.0
  9
$UCSORGFRONT
 10
0.0
 20
0.0
 30
0.0
  9
$UCSORGBACK
 10
0.0
 20
0.0
 30
0.0
  9
$PUCSBASE
  2

  9
$PUCSNAME
  2

  9
$PUCSORG
 10
0.0
 20
0.0
 30
0.0
  9
$PUCSXDIR
 10
1.0
 20
0.0
 30
0.0
  9
$PUCSYDIR
 10
0.0
 20
1.0
 30
0.0
  9
$PUCSORTHOREF
  2

  9
$PUCSORTHOVIEW
 70
0
  9
$PUCSORGTOP
 10
0.0
 20
0.0
 30
0.0
  9
$PUCSORGBOTTOM
 10
0.0
 20
0.0
 30
0.0
  9
$PUCSORGLEFT
 10
0.0
 20
0.0
 30
0.0
  9
$PUCSORGRIGHT
 10
0.0
 20
0.0
 30
0.0
  9
$PUCSORGFRONT
 10
0.0
 20
0.0
 30
0.0
  9
$PUCSORGBACK
 10
0.0
 20
0.0
 30
0.0
  9
$USERI1
 70
0
  9
$USERI2
 70
0
  9
$USERI3
 70
0
  9
$USERI4
 70
0
  9
$USERI5
 70
0
  9
$USERR1
 40
0.0
  9
$USERR2
 40
0.0
  9
$USERR3
 40
0.0
  9
$USERR4
 40
0.0
  9
$USERR5
 40
0.0
  9
$WORLDVIEW
 70
1
  9
$SHADEDGE
 70
3
  9
$SHADEDIF
 70
70
  9
$TILEMODE
 70
1
  9
$MAXACTVP
 70
64
  9
$PINSBASE
 10
0.0
 20
0.0
 30
0.0
  9
$PLIMCHECK
 70
0
  9
$PEXTMIN
 10
1e+20
 20
1e+20
 30
1e+20
  9
$PEXTMAX
 10
-1e+20
 20
-1e+20
 30
-1e+20
  9
$PLIMMIN
 10
0.0
 20
0.0
  9
$PLIMMAX
 10
420.0
 20
297.0
  9
$UNITMODE
 70
0
  9
$VISRETAIN
 70
1
  9
$PLINEGEN
 70
0
  9
$PSLTSCALE
 70
1
  9
$TREEDEPTH
 70
3020
  9
$CMLSTYLE
  2
Standard
  9
$CMLJUST
 70
0
  9
$CMLSCALE
 40
20.0
  9
$PROXYGRAPHICS
 70
1
  9
$MEASUREMENT
 70
1
  9
$CELWEIGHT
370
-1
  9
$ENDCAPS
280
0
  9
$JOINSTYLE
280
0
  9
$LWDISPLAY
290
0
  9
$INSUNITS
 70
6
  9
$HYPERLINKBASE
  1

  9
$STYLESHEET
  1

  9
$XEDIT
290
1
  9
$CEPSNTYPE
380
0
  9
$PSTYLEMODE
290
1
  9
$FINGERPRINTGUID
  2
{87E92265-94DD-4186-B899-F60FE8425F34}
  9
$VERSIONGUID
  2
{0037EEDE-D612-4343-8552-F55D856938DC}
  9
$EXTNAMES
290
1
  9
$PSVPSCALE
 40
0.0
  9
$OLESTARTUP
290
0
  9
$SORTENTS
280
127
  9
$INDEXCTL
280
0
  9
$HIDETEXT
280
1
  9
$XCLIPFRAME
280
1
  9
$HALOGAP
280
0
  9
$OBSCOLOR
 70
257
  9
$OBSLTYPE
280
0
  9
$INTERSECTIONDISPLAY
280
0
  9
$INTERSECTIONCOLOR
 70
257
  9
$DIMASSOC
280
2
  9
$PROJECTNAME
  1

  9
$CAMERADISPLAY
290
0
  9
$LENSLENGTH
 40
50.0
  9
$CAMERAHEIGHT
 40
0.0
  9
$STEPSPERSEC
 40
24.0
  9
$STEPSIZE
 40
100.0
  9
$3DDWFPREC
 40
2.0
  9
$PSOLWIDTH
 40
0.005
  9
$PSOLHEIGHT
 40
0.08
  9
$LOFTANG1
 40
1.570796326795
  9
$LOFTANG2
 40
1.570796326795
  9
$LOFTMAG1
 40
0.0
  9
$LOFTMAG2
 40
0.0
  9
$LOFTPARAM
 70
7
  9
$LOFTNORMALS
280
1
  9
$LATITUDE
 40
37.795
  9
$LONGITUDE
 40
-122.394
  9
$NORTHDIRECTION
 40
0.0
  9
$TIMEZONE
 70
-8000
  9
$LIGHTGLYPHDISPLAY
280
1
  9
$TILEMODELIGHTSYNCH
280
1
  9
$CMATERIAL
347
20
  9
$SOLIDHIST
280
0
  9
$SHOWHIST
280
1
  9
$DWFFRAME
280
2
  9
$DGNFRAME
280
2
  9
$REALWORLDSCALE
290
1
  9
$INTERFERECOLOR
 62
256
  9
$INTERFEREOBJVS
345
6B
  9
$INTERFEREVPVS
346
71
  9
$CSHADOW
280
0
  9
$SHADOWPLANELOCATION
 40
0.0
  0
ENDSEC
  0
SECTION
  2
CLASSES
  0
CLASS
  1
ACDBDICTIONARYWDFLT
  2
AcDbDictionaryWithDefault
  3
ObjectDBX Classes
 90
0
 91
1
280
0
281
0
  0
CLASS
  1
SUN
  2
AcDbSun
  3
SCENEOE
 90
1153
 91
0
280
0
281
0
  0
CLASS
  1
VISUALSTYLE
  2
AcDbVisualStyle
  3
ObjectDBX Classes
 90
4095
 91
25
280
0
281
0
  0
CLASS
  1
MATERIAL
  2
AcDbMaterial
  3
ObjectDBX Classes
 90
1153
 91
3
280
0
281
0
  0
CLASS
  1
SCALE
  2
AcDbScale
  3
ObjectDBX Classes
 90
1153
 91
17
280
0
281
0
  0
CLASS
  1
TABLESTYLE
  2
AcDbTableStyle
  3
ObjectDBX Classes
 90
4095
 91
1
280
0
281
0
  0
CLASS
  1
MLEADERSTYLE
  2
AcDbMLeaderStyle
  3
ACDB_MLEADERSTYLE_CLASS
 90
4095
 91
1
280
0
281
0
  0
CLASS
  1
DICTIONARYVAR
  2
AcDbDictionaryVar
  3
ObjectDBX Classes
 90
0
 91
7
280
0
281
0
  0
CLASS
  1
CELLSTYLEMAP
  2
AcDbCellStyleMap
  3
ObjectDBX Classes
 90
1152
 91
10
280
0
281
0
  0
CLASS
  1
MENTALRAYRENDERSETTINGS
  2
AcDbMentalRayRenderSettings
  3
SCENEOE
 90
1024
 91
0
280
0
281
0
  0
CLASS
  1
ACDBDETAILVIEWSTYLE
  2
AcDbDetailViewStyle
  3
ObjectDBX Classes
 90
1025
 91
1
280
0
281
0
  0
CLASS
  1
ACDBSECTIONVIEWSTYLE
  2
AcDbSectionViewStyle
  3
ObjectDBX Classes
 90
1025
 91
1
280
0
281
0
  0
CLASS
  1
RASTERVARIABLES
  2
AcDbRasterVariables
  3
ISM
 90
0
 91
0
280
0
281
0
  0
CLASS
  1
DIMASSOC
  2
AcDbDimAssoc
  3
"AcDbDimAssoc|Product Desc:     AcDim ARX App For Dimension|Company:          Autodesk, Inc.|WEB Address:      www.autodesk.com"
 90
0
 91
1
280
0
281
0
  0
CLASS
  1
SORTENTSTABLE
  2
AcDbSortentsTable
  3
ObjectDBX Classes
 90
0
 91
30
280
0
281
0
  0
CLASS
  1
MULTILEADER
  2
AcDbMLeader
  3
ACDB_MLEADER_CLASS
 90
1025
 91
0
280
0
281
1
  0
CLASS
  1
LAYOUT
  2
AcDbLayout
  3
ObjectDBX Classes
 90
0
 91
0
280
0
281
0
  0
CLASS
  1
ACDBPLACEHOLDER
  2
AcDbPlaceHolder
  3
ObjectDBX Classes
 90
0
 91
0
280
0
281
0
  0
ENDSEC
  0
SECTION
  2
TABLES
  0
TABLE
  2
VPORT
  5
8
330
0
100
AcDbSymbolTable
 70
1
  0
VPORT
  5
23
330
8
100
AcDbSymbolTableRecord
100
AcDbViewportTableRecord
  2
*Active
 70
0
 10
0.0
 20
0.0
 11
1.0
 21
1.0
 12
66.13625212294977
 22
36.53955457656436
 13
0.0
 23
0.0
 14
0.5
 24
0.5
 15
0.5
 25
0.5
 16
0.0
 26
0.0
 36
1.0
 17
0.0
 27
0.0
 37
0.0
 40
133.4447702830709
 41
2.494805194805195
 42
50.0
 43
0.0
 44
0.0
 50
0.0
 51
0.0
 71
0
 72
1000
 73
1
 74
3
 75
0
 76
0
 77
0
 78
0
281
0
 65
0
110
0.0
120
0.0
130
0.0
111
1.0
121
0.0
131
0.0
112
0.0
122
1.0
132
0.0
 79
0
146
0.0
 60
3
 61
5
348
5A
292
1
282
1
141
0.0
142
0.0
 63
250
421
3355443
1001
ACAD_NAV_VCDISPLAY
1070
3
  0
ENDTAB
  0
TABLE
  2
LTYPE
  5
2
330
0
100
AcDbSymbolTable
 70
21
  0
LTYPE
  5
24
330
2
100
AcDbSymbolTableRecord
100
AcDbLinetypeTableRecord
  2
ByBlock
 70
0
  3

 72
65
 73
0
 40
0.0
  0
LTYPE
  5
25
330
2
100
AcDbSymbolTableRecord
100
AcDbLinetypeTableRecord
  2
ByLayer
 70
0
  3

 72
65
 73
0
 40
0.0
  0
LTYPE
  5
26
330
2
100
AcDbSymbolTableRecord
100
AcDbLinetypeTableRecord
  2
Continuous
 70
0
  3

 72
65
 73
0
 40
0.0
  0
LTYPE
  5
2F
330
2
100
AcDbSymbolTableRecord
100
AcDbLinetypeTableRecord
  2
CENTER
 70
0
  3
Center ____ _ ____ _ ____ _ ____ _ ____ _ ____
 72
65
 73
4
 40
5.08
 49
3.174999999999999
 74
0
 49
-0.635
 74
0
 49
0.635
 74
0
 49
-0.635
 74
0
  0
LTYPE
  5
30
330
2
100
AcDbSymbolTableRecord
100
AcDbLinetypeTableRecord
  2
CENTERX2
 70
0
  3
Center (2x) ________  __  ________  __  ________
 72
65
 73
4
 40
8.89
 49
6.349999999999999
 74
0
 49
-0.635
 74
0
 49
1.27
 74
0
 49
-0.635
 74
0
  0
LTYPE
  5
31
330
2
100
AcDbSymbolTableRecord
100
AcDbLinetypeTableRecord
  2
CENTER2
 70
0
  3
Center (.5x) ____ _ ____ _ ____ _ ____ _ ____
 72
65
 73
4
 40
2.54
 49
1.586999999999999
 74
0
 49
-0.318
 74
0
 49
0.318
 74
0
 49
-0.318
 74
0
  0
LTYPE
  5
32
330
2
100
AcDbSymbolTableRecord
100
AcDbLinetypeTableRecord
  2
DASHED
 70
0
  3
Dashed __ __ __ __ __ __ __ __ __ __ __ __ __ _
 72
65
 73
2
 40
1.524
 49
1.27
 74
0
 49
-0.254
 74
0
  0
LTYPE
  5
33
330
2
100
AcDbSymbolTableRecord
100
AcDbLinetypeTableRecord
  2
DASHEDX2
 70
0
  3
Dashed (2x) ____  ____  ____  ____  ____  ____
 72
65
 73
2
 40
3.048
 49
2.54
 74
0
 49
-0.508
 74
0
  0
LTYPE
  5
34
330
2
100
AcDbSymbolTableRecord
100
AcDbLinetypeTableRecord
  2
DASHED2
 70
0
  3
Dashed (.5x) _ _ _ _ _ _ _ _ _ _ _ _ _ _
 72
65
 73
2
 40
0.762
 49
0.635
 74
0
 49
-0.127
 74
0
  0
LTYPE
  5
35
330
2
100
AcDbSymbolTableRecord
100
AcDbLinetypeTableRecord
  2
PHANTOM
 70
0
  3
Phantom ______  __  __  ______  __  __  ______
 72
65
 73
6
 40
6.349999999999999
 49
3.174999999999999
 74
0
 49
-0.635
 74
0
 49
0.635
 74
0
 49
-0.635
 74
0
 49
0.635
 74
0
 49
-0.635
 74
0
  0
LTYPE
  5
36
330
2
100
AcDbSymbolTableRecord
100
AcDbLinetypeTableRecord
  2
PHANTOMX2
 70
0
  3
Phantom (2x)____________    ____    ____    ____________
 72
65
 73
6
 40
10.795
 49
6.349999999999999
 74
0
 49
-0.635
 74
0
 49
1.27
 74
0
 49
-0.635
 74
0
 49
1.27
 74
0
 49
-0.635
 74
0
  0
LTYPE
  5
37
330
2
100
AcDbSymbolTableRecord
100
AcDbLinetypeTableRecord
  2
PHANTOM2
 70
0
  3
Phantom (.5x) ___ _ _ ___ _ _ ___ _ _ ___ _ _ ___
 72
65
 73
6
 40
3.174999999999999
 49
1.586999999999999
 74
0
 49
-0.318
 74
0
 49
0.318
 74
0
 49
-0.318
 74
0
 49
0.318
 74
0
 49
-0.318
 74
0
  0
LTYPE
  5
38
330
2
100
AcDbSymbolTableRecord
100
AcDbLinetypeTableRecord
  2
DASHDOT
 70
0
  3
Dash dot __ . __ . __ . __ . __ . __ . __ . __
 72
65
 73
4
 40
3.556
 49
2.54
 74
0
 49
-0.508
 74
0
 49
0.0
 74
0
 49
-0.508
 74
0
  0
LTYPE
  5
39
330
2
100
AcDbSymbolTableRecord
100
AcDbLinetypeTableRecord
  2
DASHDOTX2
 70
0
  3
Dash dot (2x) ____  .  ____  .  ____  .  ____
 72
65
 73
4
 40
6.096
 49
5.08
 74
0
 49
-0.508
 74
0
 49
0.0
 74
0
 49
-0.508
 74
0
  0
LTYPE
  5
3A
330
2
100
AcDbSymbolTableRecord
100
AcDbLinetypeTableRecord
  2
DASHDOT2
 70
0
  3
Dash dot (.5x) _ . _ . _ . _ . _ . _ . _ . _
 72
65
 73
4
 40
1.778
 49
1.27
 74
0
 49
-0.254
 74
0
 49
0.0
 74
0
 49
-0.254
 74
0
  0
LTYPE
  5
3B
330
2
100
AcDbSymbolTableRecord
100
AcDbLinetypeTableRecord
  2
DOT
 70
0
  3
Dot .  .  .  .  .  .  .  .  .  .  .  .  .  .  .  .
 72
65
 73
2
 40
0.508
 49
0.0
 74
0
 49
-0.508
 74
0
  0
LTYPE
  5
3C
330
2
100
AcDbSymbolTableRecord
100
AcDbLinetypeTableRecord
  2
DOTX2
 70
0
  3
Dot (2x) .    .    .    .    .    .    .    . 
 72
65
 73
2
 40
1.016
 49
0.0
 74
0
 49
-1.016
 74
0
  0
LTYPE
  5
3D
330
2
100
AcDbSymbolTableRecord
100
AcDbLinetypeTableRecord
  2
DOT2
 70
0
  3
Dot (.5) . . . . . . . . . . . . . . . . . . . 
 72
65
 73
2
 40
0.254
 49
0.0
 74
0
 49
-0.254
 74
0
  0
LTYPE
  5
3E
330
2
100
AcDbSymbolTableRecord
100
AcDbLinetypeTableRecord
  2
DIVIDE
 70
0
  3
Divide __ . . __ . . __ . . __ . . __ . . __
 72
65
 73
6
 40
4.064
 49
2.54
 74
0
 49
-0.508
 74
0
 49
0.0
 74
0
 49
-0.508
 74
0
 49
0.0
 74
0
 49
-0.508
 74
0
  0
LTYPE
  5
3F
330
2
100
AcDbSymbolTableRecord
100
AcDbLinetypeTableRecord
  2
DIVIDEX2
 70
0
  3
Divide (2x) ____  . .  ____  . .  ____  . .  ____
 72
65
 73
6
 40
6.604
 49
5.08
 74
0
 49
-0.508
 74
0
 49
0.0
 74
0
 49
-0.508
 74
0
 49
0.0
 74
0
 49
-0.508
 74
0
  0
LTYPE
  5
40
330
2
100
AcDbSymbolTableRecord
100
AcDbLinetypeTableRecord
  2
DIVIDE2
 70
0
  3
Divide(.5x) _ . _ . _ . _ . _ . _ . _ . _
 72
65
 73
6
 40
2.032
 49
1.27
 74
0
 49
-0.254
 74
0
 49
0.0
 74
0
 49
-0.254
 74
0
 49
0.0
 74
0
 49
-0.254
 74
0
  0
ENDTAB
  0
TABLE
  2
LAYER
  5
1
102
{ACAD_XDICTIONARY
360
103
102
}
330
0
100
AcDbSymbolTable
 70
19
  0
LAYER
  5
27
330
1
100
AcDbSymbolTableRecord
100
AcDbLayerTableRecord
  2
0
 70
0
 62
7
  6
Continuous
370
-3
390
13
347
21
348
0
  0
LAYER
  5
28
330
1
100
AcDbSymbolTableRecord
100
AcDbLayerTableRecord
  2
Defpoints
 70
0
 62
7
  6
Continuous
290
0
370
-3
390
13
347
21
348
0
  0
LAYER
  5
8A
330
1
100
AcDbSymbolTableRecord
100
AcDbLayerTableRecord
  2
C-PROP-LINE
 70
0
 62
3
  6
Continuous
370
-3
390
13
347
21
348
0
1001
AcAecLayerStandard
1000

1000
Límite Catastral del Terreno (7.618,49 m²)
  0
LAYER
  5
8C
330
1
100
AcDbSymbolTableRecord
100
AcDbLayerTableRecord
  2
C-PROP-VERT
 70
0
 62
2
  6
Continuous
370
-3
390
13
347
21
348
0
1001
AcAecLayerStandard
1000

1000
Vértices P1-P4 con Marcadores y Coordenadas
  0
LAYER
  5
8D
330
1
100
AcDbSymbolTableRecord
100
AcDbLayerTableRecord
  2
C-PROP-TEXT
 70
0
 62
7
  6
Continuous
370
-3
390
13
347
21
348
0
1001
AcAecLayerStandard
1000

1000
Textos del Predio, Rumbos y Áreas
  0
LAYER
  5
8E
330
1
100
AcDbSymbolTableRecord
100
AcDbLayerTableRecord
  2
C-SETB-LINE
 70
0
 62
1
  6
DASHED
370
-3
390
13
347
21
348
0
1001
AcAecLayerStandard
1000

1000
Línea de Retiros Reglamentarios (A definir por arquitecto)
  0
LAYER
  5
8F
330
1
100
AcDbSymbolTableRecord
100
AcDbLayerTableRecord
  2
A-FOOT-PB
 70
0
 62
4
  6
Continuous
370
-3
390
13
347
21
348
0
1001
AcAecLayerStandard
1000

1000
Huella Edificable Planta Baja
  0
LAYER
  5
90
330
1
100
AcDbSymbolTableRecord
100
AcDbLayerTableRecord
  2
A-FOOT-TOWR
 70
0
 62
5
  6
Continuous
370
-3
390
13
347
21
348
0
1001
AcAecLayerStandard
1000

1000
Huella Torre Residencial
  0
LAYER
  5
91
330
1
100
AcDbSymbolTableRecord
100
AcDbLayerTableRecord
  2
A-WALL-CORE
 70
0
 62
251
  6
Continuous
370
-3
390
13
347
21
348
0
1001
AcAecLayerStandard
1000

1000
Núcleos Estructurales H°A°
  0
LAYER
  5
92
330
1
100
AcDbSymbolTableRecord
100
AcDbLayerTableRecord
  2
A-ZONE-COMM
 70
0
 62
30
  6
Continuous
370
-3
390
13
347
21
348
0
1001
AcAecLayerStandard
1000

1000
Zonificación Locales Comerciales
  0
LAYER
  5
93
330
1
100
AcDbSymbolTableRecord
100
AcDbLayerTableRecord
  2
A-ZONE-LOBBY
 70
0
 62
40
  6
Continuous
370
-3
390
13
347
21
348
0
1001
AcAecLayerStandard
1000

1000
Zonificación Lobby Residencial
  0
LAYER
  5
94
330
1
100
AcDbSymbolTableRecord
100
AcDbLayerTableRecord
  2
A-ZONE-SERV
 70
0
 62
140
  6
Continuous
370
-3
390
13
347
21
348
0
1001
AcAecLayerStandard
1000

1000
Bloque Técnico, RSU & Rampas
  0
LAYER
  5
95
330
1
100
AcDbSymbolTableRecord
100
AcDbLayerTableRecord
  2
A-ZONE-PARK
 70
0
 62
61
  6
Continuous
370
-3
390
13
347
21
348
0
1001
AcAecLayerStandard
1000

1000
Zonificación Estacionamiento Exterior/Frente
  0
LAYER
  5
96
330
1
100
AcDbSymbolTableRecord
100
AcDbLayerTableRecord
  2
A-PARK-LINE
 70
0
 62
140
  6
Continuous
370
-3
390
13
347
21
348
0
1001
AcAecLayerStandard
1000

1000
Demarcación de Cocheras y Módulos de Parqueo (2.50x5.00m)
  0
LAYER
  5
97
330
1
100
AcDbSymbolTableRecord
100
AcDbLayerTableRecord
  2
A-PARK-CARS
 70
0
 62
8
  6
Continuous
370
-3
390
13
347
21
348
0
1001
AcAecLayerStandard
1000

1000
Vehículos y Bloques de Estacionamiento
  0
LAYER
  5
98
330
1
100
AcDbSymbolTableRecord
100
AcDbLayerTableRecord
  2
A-ANNO-DIMS
 70
0
 62
2
  6
Continuous
370
-3
390
13
347
21
348
0
1001
AcAecLayerStandard
1000

1000
Acotaciones del Proyecto
  0
LAYER
  5
99
330
1
100
AcDbSymbolTableRecord
100
AcDbLayerTableRecord
  2
A-ANNO-TEXT
 70
0
 62
7
  6
Continuous
370
-3
390
13
347
21
348
0
1001
AcAecLayerStandard
1000

1000
Textos de Espacios y Especificaciones
  0
LAYER
  5
9A
330
1
100
AcDbSymbolTableRecord
100
AcDbLayerTableRecord
  2
G-TITLE-BLOCK
 70
0
 62
7
  6
Continuous
370
-3
390
13
347
21
348
0
1001
AcAecLayerStandard
1000

1000
Carátula / Rótulo de Plano ISO 19650
  0
LAYER
  5
815
330
1
100
AcDbSymbolTableRecord
100
AcDbLayerTableRecord
  2
A-ZONE-RAMP
 70
0
 62
30
  6
Continuous
370
-3
390
13
347
21
  0
ENDTAB
  0
TABLE
  2
STYLE
  5
5
330
0
100
AcDbSymbolTable
 70
26
  0
STYLE
  5
29
330
5
100
AcDbSymbolTableRecord
100
AcDbTextStyleTableRecord
  2
Standard
 70
0
 40
0.0
 41
1.0
 50
0.0
 71
0
 42
2.5
  3
txt
  4

  0
STYLE
  5
41
330
5
100
AcDbSymbolTableRecord
100
AcDbTextStyleTableRecord
  2
OpenSans-Light
 70
0
 40
0.0
 41
1.0
 50
0.0
 71
0
 42
2.5
  3
OpenSans-Light.ttf
  4

  0
STYLE
  5
42
330
5
100
AcDbSymbolTableRecord
100
AcDbTextStyleTableRecord
  2
OpenSans-Light-Italic
 70
0
 40
0.0
 41
1.0
 50
0.0
 71
0
 42
2.5
  3
OpenSans-LightItalic.ttf
  4

  0
STYLE
  5
43
330
5
100
AcDbSymbolTableRecord
100
AcDbTextStyleTableRecord
  2
OpenSans
 70
0
 40
0.0
 41
1.0
 50
0.0
 71
0
 42
2.5
  3
OpenSans-Regular.ttf
  4

  0
STYLE
  5
44
330
5
100
AcDbSymbolTableRecord
100
AcDbTextStyleTableRecord
  2
OpenSans-Italic
 70
0
 40
0.0
 41
1.0
 50
0.0
 71
0
 42
2.5
  3
OpenSans-Italic.ttf
  4

  0
STYLE
  5
45
330
5
100
AcDbSymbolTableRecord
100
AcDbTextStyleTableRecord
  2
OpenSans-SemiBold
 70
0
 40
0.0
 41
1.0
 50
0.0
 71
0
 42
2.5
  3
OpenSans-SemiBold.ttf
  4

  0
STYLE
  5
46
330
5
100
AcDbSymbolTableRecord
100
AcDbTextStyleTableRecord
  2
OpenSans-SemiBoldItalic
 70
0
 40
0.0
 41
1.0
 50
0.0
 71
0
 42
2.5
  3
OpenSans-SemiBoldItalic.ttf
  4

  0
STYLE
  5
47
330
5
100
AcDbSymbolTableRecord
100
AcDbTextStyleTableRecord
  2
OpenSans-Bold
 70
0
 40
0.0
 41
1.0
 50
0.0
 71
0
 42
2.5
  3
OpenSans-Bold.ttf
  4

  0
STYLE
  5
48
330
5
100
AcDbSymbolTableRecord
100
AcDbTextStyleTableRecord
  2
OpenSans-BoldItalic
 70
0
 40
0.0
 41
1.0
 50
0.0
 71
0
 42
2.5
  3
OpenSans-BoldItalic.ttf
  4

  0
STYLE
  5
49
330
5
100
AcDbSymbolTableRecord
100
AcDbTextStyleTableRecord
  2
OpenSans-ExtraBold
 70
0
 40
0.0
 41
1.0
 50
0.0
 71
0
 42
2.5
  3
OpenSans-ExtraBold.ttf
  4

  0
STYLE
  5
4A
330
5
100
AcDbSymbolTableRecord
100
AcDbTextStyleTableRecord
  2
OpenSans-ExtraBoldItalic
 70
0
 40
0.0
 41
1.0
 50
0.0
 71
0
 42
2.5
  3
OpenSans-ExtraBoldItalic.ttf
  4

  0
STYLE
  5
4B
330
5
100
AcDbSymbolTableRecord
100
AcDbTextStyleTableRecord
  2
OpenSansCondensed-Bold
 70
0
 40
0.0
 41
1.0
 50
0.0
 71
0
 42
2.5
  3
OpenSansCondensed-Bold.ttf
  4

  0
STYLE
  5
4C
330
5
100
AcDbSymbolTableRecord
100
AcDbTextStyleTableRecord
  2
OpenSansCondensed-Light
 70
0
 40
0.0
 41
1.0
 50
0.0
 71
0
 42
2.5
  3
OpenSansCondensed-Light.ttf
  4

  0
STYLE
  5
4D
330
5
100
AcDbSymbolTableRecord
100
AcDbTextStyleTableRecord
  2
OpenSansCondensed-Italic
 70
0
 40
0.0
 41
1.0
 50
0.0
 71
0
 42
2.5
  3
OpenSansCondensed-LightItalic.ttf
  4

  0
STYLE
  5
4E
330
5
100
AcDbSymbolTableRecord
100
AcDbTextStyleTableRecord
  2
LiberationSans
 70
0
 40
0.0
 41
1.0
 50
0.0
 71
0
 42
2.5
  3
LiberationSans-Regular.ttf
  4

  0
STYLE
  5
4F
330
5
100
AcDbSymbolTableRecord
100
AcDbTextStyleTableRecord
  2
LiberationSans-Bold
 70
0
 40
0.0
 41
1.0
 50
0.0
 71
0
 42
2.5
  3
LiberationSans-Bold.ttf
  4

  0
STYLE
  5
50
330
5
100
AcDbSymbolTableRecord
100
AcDbTextStyleTableRecord
  2
LiberationSans-BoldItalic
 70
0
 40
0.0
 41
1.0
 50
0.0
 71
0
 42
2.5
  3
LiberationSans-BoldItalic.ttf
  4

  0
STYLE
  5
51
330
5
100
AcDbSymbolTableRecord
100
AcDbTextStyleTableRecord
  2
LiberationSans-Italic
 70
0
 40
0.0
 41
1.0
 50
0.0
 71
0
 42
2.5
  3
LiberationSans-Italic.ttf
  4

  0
STYLE
  5
52
330
5
100
AcDbSymbolTableRecord
100
AcDbTextStyleTableRecord
  2
LiberationSerif
 70
0
 40
0.0
 41
1.0
 50
0.0
 71
0
 42
2.5
  3
LiberationSerif-Regular.ttf
  4

  0
STYLE
  5
53
330
5
100
AcDbSymbolTableRecord
100
AcDbTextStyleTableRecord
  2
LiberationSerif-Bold
 70
0
 40
0.0
 41
1.0
 50
0.0
 71
0
 42
2.5
  3
LiberationSerif-Bold.ttf
  4

  0
STYLE
  5
54
330
5
100
AcDbSymbolTableRecord
100
AcDbTextStyleTableRecord
  2
LiberationSerif-BoldItalic
 70
0
 40
0.0
 41
1.0
 50
0.0
 71
0
 42
2.5
  3
LiberationSerif-BoldItalic.ttf
  4

  0
STYLE
  5
55
330
5
100
AcDbSymbolTableRecord
100
AcDbTextStyleTableRecord
  2
LiberationSerif-Italic
 70
0
 40
0.0
 41
1.0
 50
0.0
 71
0
 42
2.5
  3
LiberationSerif-Italic.ttf
  4

  0
STYLE
  5
56
330
5
100
AcDbSymbolTableRecord
100
AcDbTextStyleTableRecord
  2
LiberationMono
 70
0
 40
0.0
 41
1.0
 50
0.0
 71
0
 42
2.5
  3
LiberationMono-Regular.ttf
  4

  0
STYLE
  5
57
330
5
100
AcDbSymbolTableRecord
100
AcDbTextStyleTableRecord
  2
LiberationMono-Bold
 70
0
 40
0.0
 41
1.0
 50
0.0
 71
0
 42
2.5
  3
LiberationMono-Bold.ttf
  4

  0
STYLE
  5
58
330
5
100
AcDbSymbolTableRecord
100
AcDbTextStyleTableRecord
  2
LiberationMono-BoldItalic
 70
0
 40
0.0
 41
1.0
 50
0.0
 71
0
 42
2.5
  3
LiberationMono-BoldItalic.ttf
  4

  0
STYLE
  5
59
330
5
100
AcDbSymbolTableRecord
100
AcDbTextStyleTableRecord
  2
LiberationMono-Italic
 70
0
 40
0.0
 41
1.0
 50
0.0
 71
0
 42
2.5
  3
LiberationMono-Italic.ttf
  4

  0
ENDTAB
  0
TABLE
  2
VIEW
  5
7
330
0
100
AcDbSymbolTable
 70
0
  0
ENDTAB
  0
TABLE
  2
UCS
  5
6
330
0
100
AcDbSymbolTable
 70
0
  0
ENDTAB
  0
TABLE
  2
APPID
  5
3
330
0
100
AcDbSymbolTable
 70
7
  0
APPID
  5
2A
330
3
100
AcDbSymbolTableRecord
100
AcDbRegAppTableRecord
  2
ACAD
 70
0
  0
APPID
  5
8B
330
3
100
AcDbSymbolTableRecord
100
AcDbRegAppTableRecord
  2
AcAecLayerStandard
 70
0
  0
APPID
  5
E5
330
3
100
AcDbSymbolTableRecord
100
AcDbRegAppTableRecord
  2
HATCHBACKGROUNDCOLOR
 70
0
  0
APPID
  5
E6
330
3
100
AcDbSymbolTableRecord
100
AcDbRegAppTableRecord
  2
EZDXF
 70
0
  0
APPID
  5
108
330
3
100
AcDbSymbolTableRecord
100
AcDbRegAppTableRecord
  2
AcLayerTools
 70
0
  0
APPID
  5
109
330
3
100
AcDbSymbolTableRecord
100
AcDbRegAppTableRecord
  2
ACAD_EXEMPT_FROM_CAD_STANDARDS
 70
0
  0
APPID
  5
111
330
3
100
AcDbSymbolTableRecord
100
AcDbRegAppTableRecord
  2
ACAD_NAV_VCDISPLAY
 70
0
  0
ENDTAB
  0
TABLE
  2
DIMSTYLE
  5
4
330
0
100
AcDbSymbolTable
 70
12
100
AcDbDimStyleTable
  0
DIMSTYLE
105
2B
330
4
100
AcDbSymbolTableRecord
100
AcDbDimStyleTableRecord
  2
Standard
 70
0
 40
1.0
 41
2.5
 42
0.625
 43
3.75
 44
1.25
 45
0.0
 46
0.0
 47
0.0
 48
0.0
 49
2.5
140
2.5
141
2.5
142
0.0
143
0.03937007874
144
1.0
145
0.0
146
1.0
147
0.625
148
0.0
 69
0
 70
0
 71
0
 72
0
 73
0
 74
0
 75
0
 76
0
 77
1
 78
8
 79
3
170
0
171
3
172
1
173
0
174
0
175
0
176
0
177
0
178
0
179
2
271
2
272
2
273
2
274
3
275
0
276
0
277
2
278
44
279
0
280
0
281
0
282
0
283
0
284
8
285
0
286
0
288
0
289
3
290
0
371
-2
372
-2
  0
DIMSTYLE
105
73
330
4
100
AcDbSymbolTableRecord
100
AcDbDimStyleTableRecord
  2
EZDXF
 70
0
 40
1.0
 41
0.175
 42
0.125
 43
3.75
 44
0.375
 45
0.0
 46
0.0
 47
0.0
 48
0.0
 49
2.5
140
0.25
141
2.5
142
0.0
143
0.03937007874
144
100.0
145
0.0
146
0.5
147
0.1
148
0.0
 69
0
 70
0
 71
0
 72
0
 73
0
 74
0
 75
0
 76
0
 77
1
 78
12
 79
3
170
0
171
3
172
1
173
0
174
0
175
0
176
0
177
0
178
0
179
2
271
2
272
2
273
2
274
3
275
0
276
0
277
2
278
44
279
2
280
0
281
0
282
0
283
0
284
8
285
0
286
0
288
1
289
3
290
0
340
4C
342
74
371
-2
372
-2
  0
DIMSTYLE
105
7C
330
4
100
AcDbSymbolTableRecord
100
AcDbDimStyleTableRecord
  2
EZ_M_100_H25_CM
 70
0
 40
1.0
 41
0.25
 42
0.125
 43
3.75
 44
0.375
 45
0.0
 46
0.0
 47
0.0
 48
0.0
 49
2.5
140
0.25
141
2.5
142
0.125
143
0.03937007874
144
100.0
145
0.0
146
0.5
147
0.1
148
0.0
 69
0
 70
0
 71
0
 72
0
 73
0
 74
0
 75
0
 76
0
 77
1
 78
12
 79
3
170
0
171
3
172
1
173
0
174
0
175
0
176
0
177
0
178
0
179
2
271
2
272
2
273
2
274
3
275
0
276
0
277
2
278
44
279
2
280
0
281
0
282
0
283
0
284
8
285
0
286
0
288
1
289
3
290
0
340
4C
371
-2
372
-2
  0
DIMSTYLE
105
7D
330
4
100
AcDbSymbolTableRecord
100
AcDbDimStyleTableRecord
  2
EZ_M_50_H25_CM
 70
0
 40
1.0
 41
0.125
 42
0.625
 43
3.75
 44
0.1875
 45
0.0
 46
0.0
 47
0.0
 48
0.0
 49
2.5
140
0.125
141
2.5
142
0.0625
143
0.03937007874
144
100.0
145
0.0
146
0.5
147
0.05
148
0.0
 69
0
 70
0
 71
0
 72
0
 73
0
 74
0
 75
0
 76
0
 77
1
 78
12
 79
3
170
0
171
3
172
1
173
0
174
0
175
0
176
0
177
0
178
0
179
2
271
2
272
2
273
2
274
3
275
0
276
0
277
2
278
44
279
2
280
0
281
0
282
0
283
0
284
8
285
0
286
0
288
1
289
3
290
0
340
4C
371
-2
372
-2
  0
DIMSTYLE
105
7E
330
4
100
AcDbSymbolTableRecord
100
AcDbDimStyleTableRecord
  2
EZ_M_25_H25_CM
 70
0
 40
1.0
 41
0.0625
 42
0.03125
 43
3.75
 44
0.09375
 45
0.0
 46
0.0
 47
0.0
 48
0.0
 49
2.5
140
0.0625
141
2.5
142
0.03125
143
0.03937007874
144
100.0
145
0.0
146
0.5
147
0.025
148
0.0
 69
0
 70
0
 71
0
 72
0
 73
0
 74
0
 75
0
 76
0
 77
1
 78
12
 79
3
170
0
171
3
172
1
173
0
174
0
175
0
176
0
177
0
178
0
179
2
271
2
272
2
273
2
274
3
275
0
276
0
277
2
278
44
279
2
280
0
281
0
282
0
283
0
284
8
285
0
286
0
288
1
289
3
290
0
340
4C
371
-2
372
-2
  0
DIMSTYLE
105
7F
330
4
100
AcDbSymbolTableRecord
100
AcDbDimStyleTableRecord
  2
EZ_M_20_H25_CM
 70
0
 40
1.0
 41
0.05
 42
0.025
 43
3.75
 44
0.075
 45
0.0
 46
0.0
 47
0.0
 48
0.0
 49
2.5
140
0.05
141
2.5
142
0.025
143
0.03937007874
144
100.0
145
0.0
146
0.5
147
0.02
148
0.0
 69
0
 70
0
 71
0
 72
0
 73
0
 74
0
 75
0
 76
0
 77
1
 78
12
 79
3
170
0
171
3
172
1
173
0
174
0
175
0
176
0
177
0
178
0
179
2
271
2
272
2
273
2
274
3
275
0
276
0
277
2
278
44
279
2
280
0
281
0
282
0
283
0
284
8
285
0
286
0
288
1
289
3
290
0
340
4C
371
-2
372
-2
  0
DIMSTYLE
105
80
330
4
100
AcDbSymbolTableRecord
100
AcDbDimStyleTableRecord
  2
EZ_M_10_H25_CM
 70
0
 40
1.0
 41
0.025
 42
0.0125
 43
3.75
 44
0.0375
 45
0.0
 46
0.0
 47
0.0
 48
0.0
 49
2.5
140
0.025
141
2.5
142
0.0125
143
0.03937007874
144
100.0
145
0.0
146
0.5
147
0.01
148
0.0
 69
0
 70
0
 71
0
 72
0
 73
0
 74
0
 75
0
 76
0
 77
1
 78
12
 79
3
170
0
171
3
172
1
173
0
174
0
175
0
176
0
177
0
178
0
179
2
271
2
272
2
273
2
274
3
275
0
276
0
277
2
278
44
279
2
280
0
281
0
282
0
283
0
284
8
285
0
286
0
288
1
289
3
290
0
340
4C
371
-2
372
-2
  0
DIMSTYLE
105
81
330
4
100
AcDbSymbolTableRecord
100
AcDbDimStyleTableRecord
  2
EZ_M_5_H25_CM
 70
0
 40
1.0
 41
0.0125
 42
0.00625
 43
3.75
 44
0.01875
 45
0.0
 46
0.0
 47
0.0
 48
0.0
 49
2.5
140
0.0125
141
2.5
142
0.00625
143
0.03937007874
144
100.0
145
0.0
146
0.5
147
0.005
148
0.0
 69
0
 70
0
 71
0
 72
0
 73
0
 74
0
 75
0
 76
0
 77
1
 78
12
 79
3
170
0
171
3
172
1
173
0
174
0
175
0
176
0
177
0
178
0
179
2
271
2
272
2
273
2
274
3
275
0
276
0
277
2
278
44
279
2
280
0
281
0
282
0
283
0
284
8
285
0
286
0
288
1
289
3
290
0
340
4C
371
-2
372
-2
  0
DIMSTYLE
105
82
330
4
100
AcDbSymbolTableRecord
100
AcDbDimStyleTableRecord
  2
EZ_M_1_H25_CM
 70
0
 40
1.0
 41
0.0025
 42
0.00125
 43
3.75
 44
0.00375
 45
0.0
 46
0.0
 47
0.0
 48
0.0
 49
2.5
140
0.0025
141
2.5
142
0.00125
143
0.03937007874
144
100.0
145
0.0
146
0.5
147
0.001
148
0.0
 69
0
 70
0
 71
0
 72
0
 73
0
 74
0
 75
0
 76
0
 77
1
 78
12
 79
3
170
0
171
3
172
1
173
0
174
0
175
0
176
0
177
0
178
0
179
2
271
2
272
2
273
2
274
3
275
0
276
0
277
2
278
44
279
2
280
0
281
0
282
0
283
0
284
8
285
0
286
0
288
1
289
3
290
0
340
4C
371
-2
372
-2
  0
DIMSTYLE
105
83
330
4
100
AcDbSymbolTableRecord
100
AcDbDimStyleTableRecord
  2
EZ_RADIUS
 70
0
 40
1.0
 41
0.25
 42
0.125
 43
3.75
 44
0.375
 45
0.0
 46
0.0
 47
0.0
 48
0.0
 49
2.5
140
0.25
141
0.0
142
0.0
143
0.03937007874
144
100.0
145
0.0
146
0.5
147
0.1
148
0.0
 69
0
 70
0
 71
0
 72
0
 73
0
 74
0
 75
0
 76
0
 77
1
 78
12
 79
3
170
0
171
3
172
1
173
0
174
0
175
0
176
0
177
0
178
0
179
2
271
2
272
2
273
2
274
3
275
0
276
0
277
2
278
44
279
1
280
0
281
0
282
0
283
0
284
8
285
0
286
0
288
1
289
3
290
0
340
4C
342
84
371
-2
372
-2
  0
DIMSTYLE
105
88
330
4
100
AcDbSymbolTableRecord
100
AcDbDimStyleTableRecord
  2
EZ_RADIUS_INSIDE
 70
0
 40
1.0
 41
0.25
 42
0.125
 43
3.75
 44
0.375
 45
0.0
 46
0.0
 47
0.0
 48
0.0
 49
2.5
140
0.25
141
0.0
142
0.0
143
0.03937007874
144
100.0
145
0.0
146
0.5
147
0.1
148
0.0
 69
0
 70
0
 71
0
 72
0
 73
0
 74
0
 75
0
 76
0
 77
1
 78
12
 79
3
170
0
171
3
172
1
173
0
174
1
175
0
176
0
177
0
178
0
179
2
271
2
272
2
273
2
274
3
275
0
276
0
277
2
278
44
279
0
280
0
281
0
282
0
283
0
284
8
285
0
286
0
288
1
289
0
290
0
340
4C
342
84
371
-2
372
-2
  0
DIMSTYLE
105
89
330
4
100
AcDbSymbolTableRecord
100
AcDbDimStyleTableRecord
  2
EZ_CURVED
 70
0
 40
1.0
 41
0.25
 42
0.125
 43
3.75
 44
0.375
 45
0.0
 46
0.0
 47
0.0
 48
0.0
 49
2.5
140
0.25
141
2.5
142
0.0
143
0.03937007874
144
100.0
145
0.0
146
0.5
147
0.1
148
0.0
 69
0
 70
0
 71
0
 72
0
 73
0
 74
0
 75
0
 76
0
 77
1
 78
12
 79
2
 90
2
170
0
171
3
172
1
173
0
174
0
175
0
176
0
177
0
178
0
179
2
271
2
272
2
273
2
274
3
275
0
276
0
277
2
278
44
279
2
280
0
281
0
282
0
283
0
284
8
285
0
286
0
288
1
289
3
290
0
340
4C
371
-2
372
-2
  0
ENDTAB
  0
TABLE
  2
BLOCK_RECORD
  5
9
330
0
100
AcDbSymbolTable
 70
6
  0
BLOCK_RECORD
  5
17
102
{ACAD_XDICTIONARY
360
2FA
102
}
330
9
100
AcDbSymbolTableRecord
100
AcDbBlockTableRecord
  2
*Model_Space
340
1A
 70
0
280
1
281
0
  0
BLOCK_RECORD
  5
1B
330
9
100
AcDbSymbolTableRecord
100
AcDbBlockTableRecord
  2
*Paper_Space
340
1E
 70
0
280
1
281
0
  0
BLOCK_RECORD
  5
74
330
9
100
AcDbSymbolTableRecord
100
AcDbBlockTableRecord
  2
_ARCHTICK
340
0
 70
0
280
1
281
0
  0
BLOCK_RECORD
  5
78
330
9
100
AcDbSymbolTableRecord
100
AcDbBlockTableRecord
  2
_CLOSEDFILLED
340
0
 70
0
280
1
281
0
  0
BLOCK_RECORD
  5
84
330
9
100
AcDbSymbolTableRecord
100
AcDbBlockTableRecord
  2
_CLOSEDBLANK
340
0
 70
0
280
1
281
0
  0
BLOCK_RECORD
  5
26A
330
9
100
AcDbSymbolTableRecord
100
AcDbBlockTableRecord
  2
A$Ce347ae82
340
0
 70
6
280
1
281
0
  0
ENDTAB
  0
ENDSEC
  0
SECTION
  2
BLOCKS
  0
BLOCK
  5
18
330
17
100
AcDbEntity
  8
0
100
AcDbBlockBegin
  2
*Model_Space
 70
0
 10
0.0
 20
0.0
 30
0.0
  3
*Model_Space
  1

  0
ENDBLK
  5
19
330
17
100
AcDbEntity
  8
0
100
AcDbBlockEnd
  0
BLOCK
  5
1C
330
1B
100
AcDbEntity
 67
1
  8
0
100
AcDbBlockBegin
  2
*Paper_Space
 70
0
 10
0.0
 20
0.0
 30
0.0
  3
*Paper_Space
  1

  0
ENDBLK
  5
1D
330
1B
100
AcDbEntity
 67
1
  8
0
100
AcDbBlockEnd
  0
BLOCK
  5
75
330
74
100
AcDbEntity
  8
0
100
AcDbBlockBegin
  2
_ARCHTICK
 70
0
 10
0.0
 20
0.0
 30
0.0
  3
_ARCHTICK
  1

  0
LWPOLYLINE
  5
77
330
74
100
AcDbEntity
  8
0
  6
ByBlock
 62
0
100
AcDbPolyline
 90
2
 70
0
 43
0.15
 10
-0.5
 20
-0.5
 10
0.5
 20
0.5
  0
ENDBLK
  5
76
330
74
100
AcDbEntity
  8
0
100
AcDbBlockEnd
  0
BLOCK
  5
79
330
78
100
AcDbEntity
  8
0
100
AcDbBlockBegin
  2
_CLOSEDFILLED
 70
0
 10
0.0
 20
0.0
 30
0.0
  3
_CLOSEDFILLED
  1

  0
SOLID
  5
7B
330
78
100
AcDbEntity
  8
0
  6
ByBlock
 62
0
100
AcDbTrace
 10
-1.0
 20
0.1643989837240253
 30
0.0
 11
0.0
 21
0.0
 31
0.0
 12
-1.0
 22
-0.1643989837240253
 32
0.0
 13
-1.0
 23
-0.1643989837240253
 33
0.0
  0
ENDBLK
  5
7A
330
78
100
AcDbEntity
  8
0
100
AcDbBlockEnd
  0
BLOCK
  5
85
330
84
100
AcDbEntity
  8
0
100
AcDbBlockBegin
  2
_CLOSEDBLANK
 70
0
 10
0.0
 20
0.0
 30
0.0
  3
_CLOSEDBLANK
  1

  0
LWPOLYLINE
  5
87
330
84
100
AcDbEntity
  8
0
  6
ByBlock
 62
0
100
AcDbPolyline
 90
3
 70
1
 10
-1.0
 20
0.1643989837240253
 10
0.0
 20
0.0
 10
-1.0
 20
-0.1643989837240253
  0
ENDBLK
  5
86
330
84
100
AcDbEntity
  8
0
100
AcDbBlockEnd
  0
BLOCK
  5
290
330
26A
100
AcDbEntity
  8
0
100
AcDbBlockBegin
  2
A$Ce347ae82
 70
0
 10
0.0
 20
0.0
 30
0.0
  3
A$Ce347ae82
  1

  0
LWPOLYLINE
  5
26B
330
26A
100
AcDbEntity
  8
A-ZONE-PARK
100
AcDbPolyline
 90
4
 70
1
 10
2.121320343559631
 20
0.0
 10
0.0
 20
2.121320343559659
 10
4.242640687119276
 20
6.363961030678922
 10
6.363961030678922
 20
4.24264068711929
  0
LINE
  5
26C
330
26A
100
AcDbEntity
  8
A-ZONE-PARK
100
AcDbLine
 10
0.0
 20
2.121320343559659
 30
0.0
 11
0.0
 21
130.3486460849732
 31
0.0
  0
LINE
  5
26D
330
26A
100
AcDbEntity
  8
A-ZONE-PARK
100
AcDbLine
 10
2.121320343559631
 20
0.0
 30
0.0
 11
2.121320343559631
 21
147.9589990534078
 31
0.0
  0
LWPOLYLINE
  5
26E
330
26A
100
AcDbEntity
  8
A-ZONE-PARK
100
AcDbPolyline
 90
4
 70
1
 10
2.121320343559638
 20
4.24264068711929
 10
7.1e-15
 20
6.363961030678922
 10
4.242640687119283
 20
10.60660171779821
 10
6.363961030678929
 20
8.48528137423858
  0
LWPOLYLINE
  5
26F
330
26A
100
AcDbEntity
  8
A-ZONE-PARK
100
AcDbPolyline
 90
4
 70
1
 10
2.121320343559645
 20
8.48528137423858
 10
1.42e-14
 20
10.60660171779821
 10
4.24264068711929
 20
14.8492424049175
 10
6.363961030678936
 20
12.72792206135784
  0
LWPOLYLINE
  5
270
330
26A
100
AcDbEntity
  8
A-ZONE-PARK
100
AcDbPolyline
 90
4
 70
1
 10
2.121320343559631
 20
12.72792206135784
 10
0.0
 20
14.84924240491747
 10
4.242640687119276
 20
19.09188309203677
 10
6.363961030678922
 20
16.9705627484771
  0
LWPOLYLINE
  5
271
330
26A
100
AcDbEntity
  8
A-ZONE-PARK
100
AcDbPolyline
 90
4
 70
1
 10
2.121320343559638
 20
16.9705627484771
 10
7.1e-15
 20
19.09188309203677
 10
4.242640687119283
 20
23.33452377915603
 10
6.363961030678929
 20
21.2132034355964
  0
LWPOLYLINE
  5
272
330
26A
100
AcDbEntity
  8
A-ZONE-PARK
100
AcDbPolyline
 90
4
 70
1
 10
2.121320343559631
 20
21.21320343559637
 10
0.0
 20
23.33452377915603
 10
4.242640687119276
 20
27.57716446627529
 10
6.363961030678922
 20
25.45584412271569
  0
LWPOLYLINE
  5
273
330
26A
100
AcDbEntity
  8
A-ZONE-PARK
100
AcDbPolyline
 90
4
 70
1
 10
2.121320343559631
 20
25.45584412271566
 10
0.0
 20
27.57716446627529
 10
4.242640687119276
 20
31.81980515339458
 10
6.363961030678922
 20
29.69848480983495
  0
LWPOLYLINE
  5
274
330
26A
100
AcDbEntity
  8
A-ZONE-PARK
100
AcDbPolyline
 90
4
 70
1
 10
2.121320343559638
 20
29.8406345555839
 10
7.1e-15
 20
31.96195489914356
 10
4.242640687119283
 20
36.20459558626283
 10
6.363961030678929
 20
34.08327524270319
  0
LWPOLYLINE
  5
275
330
26A
100
AcDbEntity
  8
A-ZONE-PARK
100
AcDbPolyline
 90
4
 70
1
 10
2.121320343559645
 20
34.08327524270317
 10
1.42e-14
 20
36.20459558626283
 10
4.24264068711929
 20
40.44723627338209
 10
6.363961030678936
 20
38.32591592982249
  0
LWPOLYLINE
  5
276
330
26A
100
AcDbEntity
  8
A-ZONE-PARK
100
AcDbPolyline
 90
4
 70
1
 10
2.121320343559652
 20
38.32591592982249
 10
2.13e-14
 20
40.44723627338211
 10
4.242640687119298
 20
44.68987696050141
 10
6.363961030678943
 20
42.56855661694174
  0
LWPOLYLINE
  5
277
330
26A
100
AcDbEntity
  8
A-ZONE-PARK
100
AcDbPolyline
 90
4
 70
1
 10
2.121320343559638
 20
42.56855661694174
 10
7.1e-15
 20
44.68987696050137
 10
4.242640687119283
 20
48.93251764762067
 10
6.363961030678929
 20
46.81119730406101
  0
LWPOLYLINE
  5
278
330
26A
100
AcDbEntity
  8
A-ZONE-PARK
100
AcDbPolyline
 90
4
 70
1
 10
2.121320343559645
 20
46.81119730406101
 10
1.42e-14
 20
48.93251764762067
 10
4.24264068711929
 20
53.17515833473994
 10
6.363961030678936
 20
51.05383799118033
  0
LWPOLYLINE
  5
279
330
26A
100
AcDbEntity
  8
A-ZONE-PARK
100
AcDbPolyline
 90
4
 70
1
 10
2.121320343559638
 20
51.05383799118027
 10
7.1e-15
 20
53.17515833473994
 10
4.242640687119283
 20
57.41779902185919
 10
6.363961030678929
 20
55.29647867829959
  0
LWPOLYLINE
  5
27A
330
26A
100
AcDbEntity
  8
A-ZONE-PARK
100
AcDbPolyline
 90
4
 70
1
 10
2.121320343559638
 20
55.29647867829956
 10
7.1e-15
 20
57.41779902185919
 10
4.242640687119283
 20
61.66043970897849
 10
6.363961030678929
 20
59.53911936541885
  0
LWPOLYLINE
  5
27B
330
26A
100
AcDbEntity
  8
A-ZONE-PARK
100
AcDbPolyline
 90
4
 70
1
 10
2.121320343559631
 20
59.6812691111678
 10
0.0
 20
61.80258945472747
 10
4.242640687119276
 20
66.04523014184673
 10
6.363961030678922
 20
63.9239097982871
  0
LWPOLYLINE
  5
27C
330
26A
100
AcDbEntity
  8
A-ZONE-PARK
100
AcDbPolyline
 90
4
 70
1
 10
2.121320343559638
 20
63.92390979828707
 10
7.1e-15
 20
66.04523014184673
 10
4.242640687119283
 20
70.28787082896599
 10
6.363961030678929
 20
68.16655048540638
  0
LWPOLYLINE
  5
27D
330
26A
100
AcDbEntity
  8
A-ZONE-PARK
100
AcDbPolyline
 90
4
 70
1
 10
2.121320343559645
 20
68.16655048540638
 10
1.42e-14
 20
70.28787082896602
 10
4.24264068711929
 20
74.53051151608531
 10
6.363961030678936
 20
72.40919117252565
  0
LWPOLYLINE
  5
27E
330
26A
100
AcDbEntity
  8
A-ZONE-PARK
100
AcDbPolyline
 90
4
 70
1
 10
2.121320343559631
 20
72.40919117252565
 10
0.0
 20
74.53051151608528
 10
4.242640687119276
 20
78.77315220320457
 10
6.363961030678922
 20
76.65183185964491
  0
LWPOLYLINE
  5
27F
330
26A
100
AcDbEntity
  8
A-ZONE-PARK
100
AcDbPolyline
 90
4
 70
1
 10
2.121320343559638
 20
76.65183185964491
 10
7.1e-15
 20
78.77315220320457
 10
4.242640687119283
 20
83.01579289032384
 10
6.363961030678929
 20
80.89447254676423
  0
LWPOLYLINE
  5
280
330
26A
100
AcDbEntity
  8
A-ZONE-PARK
100
AcDbPolyline
 90
4
 70
1
 10
2.121320343559631
 20
80.89447254676418
 10
0.0
 20
83.01579289032384
 10
4.242640687119276
 20
87.25843357744309
 10
6.363961030678922
 20
85.1371132338835
  0
LWPOLYLINE
  5
281
330
26A
100
AcDbEntity
  8
A-ZONE-PARK
100
AcDbPolyline
 90
4
 70
1
 10
2.121320343559631
 20
85.13711323388347
 10
0.0
 20
87.25843357744309
 10
4.242640687119276
 20
91.50107426456242
 10
6.363961030678922
 20
89.37975392100275
  0
LWPOLYLINE
  5
282
330
26A
100
AcDbEntity
  8
A-ZONE-PARK
100
AcDbPolyline
 90
4
 70
1
 10
2.121320343559638
 20
89.52190366675171
 10
7.1e-15
 20
91.64322401031137
 10
4.242640687119283
 20
95.88586469743063
 10
6.363961030678929
 20
93.76454435387103
  0
LWPOLYLINE
  5
283
330
26A
100
AcDbEntity
  8
A-ZONE-PARK
100
AcDbPolyline
 90
4
 70
1
 10
2.121320343559645
 20
93.76454435387103
 10
1.42e-14
 20
95.88586469743063
 10
4.24264068711929
 20
100.1285053845499
 10
6.363961030678936
 20
98.0071850409903
  0
LWPOLYLINE
  5
284
330
26A
100
AcDbEntity
  8
A-ZONE-PARK
100
AcDbPolyline
 90
4
 70
1
 10
2.121320343559652
 20
98.0071850409903
 10
2.13e-14
 20
100.1285053845499
 10
4.242640687119298
 20
104.3711460716692
 10
6.363961030678943
 20
102.2498257281096
  0
LWPOLYLINE
  5
285
330
26A
100
AcDbEntity
  8
A-ZONE-PARK
100
AcDbPolyline
 90
4
 70
1
 10
2.121320343559638
 20
102.2498257281095
 10
7.1e-15
 20
104.3711460716692
 10
4.242640687119283
 20
108.6137867587884
 10
6.363961030678929
 20
106.4924664152288
  0
LWPOLYLINE
  5
286
330
26A
100
AcDbEntity
  8
A-ZONE-PARK
100
AcDbPolyline
 90
4
 70
1
 10
2.121320343559645
 20
106.4924664152288
 10
1.42e-14
 20
108.6137867587884
 10
4.24264068711929
 20
112.8564274459077
 10
6.363961030678936
 20
110.7351071023481
  0
LWPOLYLINE
  5
287
330
26A
100
AcDbEntity
  8
A-ZONE-PARK
100
AcDbPolyline
 90
4
 70
1
 10
2.121320343559638
 20
110.7351071023481
 10
7.1e-15
 20
112.8564274459077
 10
4.242640687119283
 20
117.099068133027
 10
6.363961030678929
 20
114.9777477894674
  0
LWPOLYLINE
  5
288
330
26A
100
AcDbEntity
  8
A-ZONE-PARK
100
AcDbPolyline
 90
4
 70
1
 10
2.121320343559638
 20
114.9777477894674
 10
7.1e-15
 20
117.099068133027
 10
4.242640687119283
 20
121.3417088201463
 10
6.363961030678929
 20
119.2203884765866
  0
LWPOLYLINE
  5
289
330
26A
100
AcDbEntity
  8
A-ZONE-PARK
100
AcDbPolyline
 90
4
 70
1
 10
2.121320343559645
 20
119.3625382223356
 10
1.42e-14
 20
121.4838585658952
 10
4.24264068711929
 20
125.7264992530146
 10
6.363961030678936
 20
123.6051789094549
  0
LWPOLYLINE
  5
28A
330
26A
100
AcDbEntity
  8
A-ZONE-PARK
100
AcDbPolyline
 90
4
 70
1
 10
2.121320343559652
 20
123.6051789094549
 10
2.13e-14
 20
125.7264992530146
 10
4.242640687119298
 20
129.9691399401338
 10
6.363961030678943
 20
127.8478195965742
  0
LWPOLYLINE
  5
28B
330
26A
100
AcDbEntity
  8
A-ZONE-PARK
100
AcDbPolyline
 90
4
 70
1
 10
2.121320343559659
 20
127.8478195965742
 10
2.84e-14
 20
129.9691399401338
 10
4.242640687119305
 20
134.2117806272531
 10
6.36396103067895
 20
132.0904602836935
  0
LWPOLYLINE
  5
28C
330
26A
100
AcDbEntity
  8
A-ZONE-PARK
100
AcDbPolyline
 90
4
 70
1
 10
2.121320343559645
 20
132.0904602836934
 10
1.42e-14
 20
134.2117806272531
 10
4.24264068711929
 20
138.4544213143724
 10
6.363961030678936
 20
136.3331009708128
  0
LWPOLYLINE
  5
28D
330
26A
100
AcDbEntity
  8
A-ZONE-PARK
100
AcDbPolyline
 90
4
 70
1
 10
2.121320343559652
 20
136.3331009708128
 10
2.13e-14
 20
138.4544213143724
 10
4.242640687119298
 20
142.6970620014917
 10
6.363961030678943
 20
140.575741657932
  0
LWPOLYLINE
  5
28E
330
26A
100
AcDbEntity
  8
A-ZONE-PARK
100
AcDbPolyline
 90
4
 70
1
 10
2.121320343559645
 20
140.575741657932
 10
1.42e-14
 20
142.6970620014917
 10
4.24264068711929
 20
146.9397026886109
 10
6.363961030678936
 20
144.8183823450513
  0
LWPOLYLINE
  5
28F
330
26A
100
AcDbEntity
  8
A-ZONE-PARK
100
AcDbPolyline
 90
4
 70
1
 10
2.121320343559645
 20
144.8183823450513
 10
1.42e-14
 20
146.9397026886109
 10
4.24264068711929
 20
151.1823433757302
 10
6.363961030678936
 20
149.0610230321706
  0
ENDBLK
  5
291
330
26A
100
AcDbEntity
  8
0
100
AcDbBlockEnd
  0
ENDSEC
  0
SECTION
  2
ENTITIES
  0
LWPOLYLINE
  5
9B
330
17
100
AcDbEntity
  8
C-PROP-LINE
100
AcDbPolyline
 90
4
 70
1
 43
0.35
 10
0.0
 20
0.0
 10
115.7700000000186
 20
18.70000000018626
 10
131.5999999999767
 20
60.87000000011176
 10
34.02000000001863
 20
96.6699999999255
  0
CIRCLE
  5
9C
330
17
100
AcDbEntity
  8
C-PROP-VERT
100
AcDbCircle
 10
0.0
 20
0.0
 30
0.0
 40
0.8
  0
CIRCLE
  5
9D
330
17
100
AcDbEntity
  8
C-PROP-VERT
100
AcDbCircle
 10
0.0
 20
0.0
 30
0.0
 40
0.2
  0
TEXT
  5
9E
330
17
100
AcDbEntity
  8
C-PROP-TEXT
100
AcDbText
 10
1.5
 20
1.5
 30
0.0
 40
1.199999999999999
  1
P1 (Vértice Agudo 61,44°)
100
AcDbText
  0
TEXT
  5
9F
330
17
100
AcDbEntity
  8
C-PROP-TEXT
100
AcDbText
 10
1.5
 20
-1.0
 30
0.0
 40
0.8
  1
E: 737721.76 | N: 7176185.26
100
AcDbText
  0
CIRCLE
  5
A0
330
17
100
AcDbEntity
  8
C-PROP-VERT
100
AcDbCircle
 10
115.7700000000186
 20
18.70000000018626
 30
0.0
 40
0.8
  0
CIRCLE
  5
A1
330
17
100
AcDbEntity
  8
C-PROP-VERT
100
AcDbCircle
 10
115.7700000000186
 20
18.70000000018626
 30
0.0
 40
0.2
  0
TEXT
  5
A2
330
17
100
AcDbEntity
  8
C-PROP-TEXT
100
AcDbText
 10
117.2700000000186
 20
20.20000000018626
 30
0.0
 40
1.199999999999999
  1
P2 (Frente Principal 117,27m)
100
AcDbText
  0
TEXT
  5
A3
330
17
100
AcDbEntity
  8
C-PROP-TEXT
100
AcDbText
 10
117.2700000000186
 20
17.70000000018626
 30
0.0
 40
0.8
  1
E: 737837.53 | N: 7176203.96
100
AcDbText
  0
CIRCLE
  5
A4
330
17
100
AcDbEntity
  8
C-PROP-VERT
100
AcDbCircle
 10
131.5999999999767
 20
60.87000000011176
 30
0.0
 40
0.8
  0
CIRCLE
  5
A5
330
17
100
AcDbEntity
  8
C-PROP-VERT
100
AcDbCircle
 10
131.5999999999767
 20
60.87000000011176
 30
0.0
 40
0.2
  0
TEXT
  5
A6
330
17
100
AcDbEntity
  8
C-PROP-TEXT
100
AcDbText
 10
133.0999999999767
 20
62.37000000011176
 30
0.0
 40
1.199999999999999
  1
P3 (Esquina Fondo Este)
100
AcDbText
  0
TEXT
  5
A7
330
17
100
AcDbEntity
  8
C-PROP-TEXT
100
AcDbText
 10
133.0999999999767
 20
59.87000000011176
 30
0.0
 40
0.8
  1
E: 737853.36 | N: 7176246.13
100
AcDbText
  0
CIRCLE
  5
A8
330
17
100
AcDbEntity
  8
C-PROP-VERT
100
AcDbCircle
 10
34.02000000001863
 20
96.6699999999255
 30
0.0
 40
0.8
  0
CIRCLE
  5
A9
330
17
100
AcDbEntity
  8
C-PROP-VERT
100
AcDbCircle
 10
34.02000000001863
 20
96.6699999999255
 30
0.0
 40
0.2
  0
TEXT
  5
AA
330
17
100
AcDbEntity
  8
C-PROP-TEXT
100
AcDbText
 10
35.52000000001863
 20
98.1699999999255
 30
0.0
 40
1.199999999999999
  1
P4 (Esquina Fondo Norte)
100
AcDbText
  0
TEXT
  5
AB
330
17
100
AcDbEntity
  8
C-PROP-TEXT
100
AcDbText
 10
35.52000000001863
 20
95.6699999999255
 30
0.0
 40
0.8
  1
E: 737755.78 | N: 7176281.93
100
AcDbText
  0
LINE
  5
AC
330
17
100
AcDbEntity
  8
C-PROP-TEXT
100
AcDbLine
 10
-15.0
 20
50.0
 30
0.0
 11
-15.0
 21
65.0
 31
0.0
  0
LINE
  5
AD
330
17
100
AcDbEntity
  8
C-PROP-TEXT
100
AcDbLine
 10
-15.0
 20
65.0
 30
0.0
 11
-16.5
 21
61.0
 31
0.0
  0
LINE
  5
AE
330
17
100
AcDbEntity
  8
C-PROP-TEXT
100
AcDbLine
 10
-15.0
 20
65.0
 30
0.0
 11
-13.5
 21
61.0
 31
0.0
  0
TEXT
  5
AF
330
17
100
AcDbEntity
  8
C-PROP-TEXT
100
AcDbText
 10
-19.5
 20
67.0
 30
0.0
 40
1.5
  1
N (NORTE REAL)
100
AcDbText
  0
LWPOLYLINE
  5
11E
330
17
100
AcDbEntity
  8
A-ZONE-PARK
100
AcDbPolyline
 90
4
 70
1
 10
10.81650164460826
 20
30.73577936457682
 10
12.11332861895788
 20
28.03055482702006
 10
17.52377769407141
 20
30.62420877571931
 10
16.22695071972179
 20
33.32943331327607
  0
LWPOLYLINE
  5
11F
330
17
100
AcDbEntity
  8
A-ZONE-PARK
100
AcDbPolyline
 90
4
 70
1
 10
12.22489920781542
 20
34.7378308764832
 10
13.52172618216503
 20
32.03260633892644
 10
18.93217525727856
 20
34.62626028762568
 10
17.63534828292893
 20
37.33148482518244
  0
LWPOLYLINE
  5
120
330
17
100
AcDbEntity
  8
A-ZONE-PARK
100
AcDbPolyline
 90
4
 70
1
 10
13.63329677102256
 20
38.73988238838958
 10
14.93012374537217
 20
36.03465785083283
 10
20.34057282048571
 20
38.62831179953207
 10
19.04374584613609
 20
41.33353633708883
  0
LWPOLYLINE
  5
121
330
17
100
AcDbEntity
  8
A-ZONE-PARK
100
AcDbPolyline
 90
4
 70
1
 10
15.04169433422971
 20
42.74193390029596
 10
16.33852130857933
 20
40.03670936273922
 10
21.74897038369286
 20
42.63036331143844
 10
20.45214340934324
 20
45.33558784899521
  0
LWPOLYLINE
  5
122
330
17
100
AcDbEntity
  8
A-ZONE-PARK
100
AcDbPolyline
 90
4
 70
1
 10
16.45009189743683
 20
46.74398541220234
 10
17.74691887178644
 20
44.03876087464557
 10
23.15736794689998
 20
46.63241482334481
 10
21.86054097255035
 20
49.33763936090158
  0
LWPOLYLINE
  5
123
330
17
100
AcDbEntity
  8
A-ZONE-PARK
100
AcDbPolyline
 90
4
 70
1
 10
17.85848946064398
 20
50.74603692410871
 10
19.15531643499359
 20
48.04081238655195
 10
24.56576551010713
 20
50.63446633525119
 10
23.2689385357575
 20
53.33969087280795
  0
LWPOLYLINE
  5
124
330
17
100
AcDbEntity
  8
A-ZONE-PARK
100
AcDbPolyline
 90
4
 70
1
 10
19.26688702385113
 20
54.74808843601509
 10
20.56371399820074
 20
52.04286389845833
 10
25.97416307331427
 20
54.63651784715757
 10
24.67733609896465
 20
57.34174238471434
  0
LWPOLYLINE
  5
125
330
17
100
AcDbEntity
  8
A-ZONE-PARK
100
AcDbPolyline
 90
4
 70
1
 10
20.67528458705829
 20
58.75013994792148
 10
21.97211156140789
 20
56.04491541036472
 10
27.38256063652142
 20
58.63856935906395
 10
26.08573366217181
 20
61.34379389662072
  0
LWPOLYLINE
  5
126
330
17
100
AcDbEntity
  8
A-ZONE-PARK
100
AcDbPolyline
 90
4
 70
1
 10
22.08368215026542
 20
62.75219145982785
 10
23.38050912461504
 20
60.04696692227108
 10
28.79095819972857
 20
62.64062087097034
 10
27.49413122537895
 20
65.34584540852708
  0
LWPOLYLINE
  5
127
330
17
100
AcDbEntity
  8
A-ZONE-PARK
100
AcDbPolyline
 90
4
 70
1
 10
23.49207971347254
 20
66.75424297173421
 10
24.78890668782216
 20
64.04901843417746
 10
30.19935576293569
 20
66.64267238287671
 10
28.90252878858606
 20
69.34789692043346
  0
LWPOLYLINE
  5
128
330
17
100
AcDbEntity
  8
A-ZONE-PARK
100
AcDbPolyline
 90
4
 70
1
 10
24.90047727667968
 20
70.75629448364057
 10
26.19730425102929
 20
68.05106994608383
 10
31.60775332614283
 20
70.64472389478308
 10
30.31092635179321
 20
73.34994843233984
  0
LWPOLYLINE
  5
129
330
17
100
AcDbEntity
  8
A-ZONE-PARK
100
AcDbPolyline
 90
4
 70
1
 10
26.30887483988683
 20
74.75834599554697
 10
27.60570181423644
 20
72.05312145799022
 10
33.01615088934998
 20
74.64677540668946
 10
31.71932391500035
 20
77.35199994424622
  0
LWPOLYLINE
  5
1FB
330
17
100
AcDbEntity
  8
A-ZONE-PARK
100
AcDbPolyline
 90
4
 70
1
 10
109.1492036394525
 20
19.77937739105303
 10
107.3932934109926
 20
17.34693432499995
 10
102.5284072788864
 20
20.8587547819198
 10
104.2843175073463
 20
23.2911978479729
  0
LWPOLYLINE
  5
1FC
330
17
100
AcDbEntity
  8
A-ZONE-PARK
100
AcDbPolyline
 90
4
 70
1
 10
104.9608503449395
 20
19.10284455345987
 10
103.2049401164795
 20
16.67040148740676
 10
98.34005398437341
 20
20.18222194432664
 10
100.0959642128333
 20
22.61466501037972
  0
LWPOLYLINE
  5
1FD
330
17
100
AcDbEntity
  8
A-ZONE-PARK
100
AcDbPolyline
 90
4
 70
1
 10
100.7724970504265
 20
18.4263117158667
 10
99.01658682196654
 20
15.9938686498136
 10
94.15170068986033
 20
19.50568910673347
 10
95.9076109183203
 20
21.93813217278657
  0
LWPOLYLINE
  5
1FE
330
17
100
AcDbEntity
  8
A-ZONE-PARK
100
AcDbPolyline
 90
4
 70
1
 10
96.58414375591346
 20
17.74977887827354
 10
94.8282335274535
 20
15.31733581222043
 10
89.96334739534734
 20
18.8291562691403
 10
91.7192576238073
 20
21.26159933519341
  0
LWPOLYLINE
  5
1FF
330
17
100
AcDbEntity
  8
A-ZONE-PARK
100
AcDbPolyline
 90
4
 70
1
 10
92.39579046140045
 20
17.07324604068039
 10
90.63988023294048
 20
14.64080297462728
 10
85.77499410083433
 20
18.15262343154714
 10
87.53090432929422
 20
20.58506649760024
  0
LWPOLYLINE
  5
200
330
17
100
AcDbEntity
  8
A-ZONE-PARK
100
AcDbPolyline
 90
4
 70
1
 10
88.06710632111736
 20
16.37404595927684
 10
86.31119609265743
 20
13.94160289322374
 10
81.44630996055125
 20
17.45342335014361
 10
83.20222018901119
 20
19.8858664161967
  0
LWPOLYLINE
  5
201
330
17
100
AcDbEntity
  8
A-ZONE-PARK
100
AcDbPolyline
 90
4
 70
1
 10
83.87875302660436
 20
15.69751312168368
 10
82.1228427981444
 20
13.26507005563058
 10
77.25795666603824
 20
16.77689051255043
 10
79.01386689449815
 20
19.20933357860354
  0
LWPOLYLINE
  5
202
330
17
100
AcDbEntity
  8
A-ZONE-PARK
100
AcDbPolyline
 90
4
 70
1
 10
79.69039973209131
 20
15.02098028409054
 10
77.93448950363138
 20
12.58853721803743
 10
73.0696033715252
 20
16.10035767495727
 10
74.82551359998511
 20
18.53280074101038
  0
LWPOLYLINE
  5
203
330
17
100
AcDbEntity
  8
A-ZONE-PARK
100
AcDbPolyline
 90
4
 70
1
 10
75.50204643757831
 20
14.34444744649734
 10
73.74613620911839
 20
11.91200438044425
 10
68.88125007701218
 20
15.42382483736412
 10
70.63716030547211
 20
17.8562679034172
  0
LWPOLYLINE
  5
204
330
17
100
AcDbEntity
  8
A-ZONE-PARK
100
AcDbPolyline
 90
4
 70
1
 10
71.31369314306528
 20
13.66791460890417
 10
69.55778291460535
 20
11.2354715428511
 10
64.69289678249916
 20
14.74729199977093
 10
66.44880701095904
 20
17.17973506582403
  0
LWPOLYLINE
  5
205
330
17
100
AcDbEntity
  8
A-ZONE-PARK
100
AcDbPolyline
 90
4
 70
1
 10
67.12533984855227
 20
12.99138177131099
 10
65.36942962009233
 20
10.55893870525792
 10
60.50454348798615
 20
14.07075916217779
 10
62.26045371644609
 20
16.50320222823087
  0
LWPOLYLINE
  5
206
330
17
100
AcDbEntity
  8
A-ZONE-PARK
100
AcDbPolyline
 90
4
 70
1
 10
62.93698655403926
 20
12.31484893371783
 10
61.18107632557931
 20
9.882405867664751
 10
56.31619019347314
 20
13.39422632458461
 10
58.07210042193304
 20
15.82666939063769
  0
LWPOLYLINE
  5
207
330
17
100
AcDbEntity
  8
A-ZONE-PARK
100
AcDbPolyline
 90
4
 70
1
 10
58.60830241375617
 20
11.61564885231431
 10
56.85239218529627
 20
9.183205786261224
 10
51.98750605319005
 20
12.69502624318107
 10
53.74341628165
 20
15.12746930923416
  0
LWPOLYLINE
  5
208
330
17
100
AcDbEntity
  8
A-ZONE-PARK
100
AcDbPolyline
 90
4
 70
1
 10
54.41994911924316
 20
10.93911601472114
 10
52.66403889078322
 20
8.50667294866804
 10
47.79915275867703
 20
12.01849340558791
 10
49.55506298713698
 20
14.45093647164101
  0
LWPOLYLINE
  5
209
330
17
100
AcDbEntity
  8
A-ZONE-PARK
100
AcDbPolyline
 90
4
 70
1
 10
50.23159582473016
 20
10.26258317712799
 10
48.47568559627021
 20
7.830140111074904
 10
43.61079946416397
 20
11.34196056799475
 10
45.36670969262392
 20
13.77440363404784
  0
LWPOLYLINE
  5
20A
330
17
100
AcDbEntity
  8
A-ZONE-PARK
100
AcDbPolyline
 90
4
 70
1
 10
46.04324253021709
 20
9.586050339534793
 10
44.28733230175719
 20
7.153607273481725
 10
39.42244616965097
 20
10.66542773040157
 10
41.17835639811091
 20
13.09787079645468
  0
LWPOLYLINE
  5
20B
330
17
100
AcDbEntity
  8
A-ZONE-PARK
100
AcDbPolyline
 90
4
 70
1
 10
41.85488923570408
 20
8.909517501941629
 10
40.09897900724419
 20
6.47707443588856
 10
35.23409287513797
 20
9.98889489280841
 10
36.99000310359786
 20
12.42133795886152
  0
LWPOLYLINE
  5
2BB
330
17
100
AcDbEntity
  8
A-ZONE-PARK
100
AcDbPolyline
 90
4
 70
1
 10
127.3774489793836
 20
55.65750895661942
 10
128.6179351926619
 20
52.92599033968369
 10
123.1548979587905
 20
50.44501791312708
 10
121.9144117455122
 20
53.17653653006281
  0
LWPOLYLINE
  5
2BC
330
17
100
AcDbEntity
  8
A-ZONE-PARK
100
AcDbPolyline
 90
4
 70
1
 10
125.8864165757262
 20
51.6855041264054
 10
127.1269027890045
 20
48.95398550946969
 10
121.6638655551331
 20
46.47301308291304
 10
120.4233793418548
 20
49.20453169984878
  0
LWPOLYLINE
  5
2BD
330
17
100
AcDbEntity
  8
A-ZONE-PARK
100
AcDbPolyline
 90
4
 70
1
 10
124.3953841720688
 20
47.71349929619137
 10
125.6358703853471
 20
44.98198067925564
 10
120.1728331514757
 20
42.50100825269905
 10
118.9323469381974
 20
45.23252686963475
  0
LWPOLYLINE
  5
2BE
330
17
100
AcDbEntity
  8
A-ZONE-PARK
100
AcDbPolyline
 90
4
 70
1
 10
122.9043517684114
 20
43.74149446597736
 10
124.1448379816897
 20
41.00997584904163
 10
118.6818007478183
 20
38.52900342248502
 10
117.44131453454
 20
41.2605220394207
  0
LWPOLYLINE
  5
2BF
330
17
100
AcDbEntity
  8
A-ZONE-PARK
100
AcDbPolyline
 90
4
 70
1
 10
121.413319364754
 20
39.76948963576333
 10
122.6538055780323
 20
37.03797101882762
 10
117.1907683441609
 20
34.55699859227099
 10
115.9502821308826
 20
37.28851720920669
  0
LWPOLYLINE
  5
2C0
330
17
100
AcDbEntity
  8
A-ZONE-PARK
100
AcDbPolyline
 90
4
 70
1
 10
119.8723298959775
 20
35.66440271862104
 10
121.1128161092558
 20
32.93288410168531
 10
115.6497788753844
 20
30.4519116751287
 10
114.4092926621061
 20
33.1834302920644
  0
LWPOLYLINE
  5
2C1
330
17
100
AcDbEntity
  8
A-ZONE-PARK
100
AcDbPolyline
 90
4
 70
1
 10
118.3812974923201
 20
31.69239788840704
 10
119.6217837055984
 20
28.96087927147128
 10
114.158746471727
 20
26.4799068449147
 10
112.9182602584487
 20
29.21142546185037
  0
LWPOLYLINE
  5
5AF
330
17
100
AcDbEntity
  8
A-WALL-CORE
100
AcDbPolyline
 90
5
 70
0
 10
69.64964057697708
 20
21.74459031781164
 10
68.05503738645204
 20
31.61663370632891
 10
75.95267209726586
 20
32.89231625874894
 10
77.54727528779088
 20
23.02027287023166
 10
69.64964057697709
 20
21.74459031781164
  0
LWPOLYLINE
  5
5B0
330
17
100
AcDbEntity
  8
A-WALL-CORE
100
AcDbPolyline
 90
5
 70
0
 10
30.3141796995509
 20
56.48772360830454
 10
33.06961899658477
 20
63.9982198822109
 10
42.45773933896773
 20
60.55392076091857
 10
39.70230004193386
 20
53.0434244870122
 10
30.3141796995509
 20
56.48772360830453
  0
LWPOLYLINE
  5
5B3
330
17
100
AcDbEntity
  8
A-WALL-CORE
100
AcDbPolyline
 90
5
 70
0
 10
105.5793889362496
 20
49.11288269097225
 10
108.3348282332835
 20
56.62337896487861
 10
117.7229485756664
 20
53.17907984358627
 10
114.9675092786326
 20
45.6685835696799
 10
105.5793889362496
 20
49.11288269097225
  0
MTEXT
  5
681
330
17
100
AcDbEntity
  8
A-ANNO-DIMS
100
AcDbMText
 10
25.63417085229431
 20
35.02138643555633
 30
0.0
 40
0.5
 41
8.71521678440012
 46
0.0
 71
1
 72
5
  1
Salon 1^J118.79m2
  7
OpenSans
101
Embedded Object
 70
1
 10
1.0
 20
0.0
 30
0.0
 11
25.63417085229431
 21
35.02138643555633
 31
0.0
 40
8.71521678440012
 41
0.0
 42
3.476190476190476
 43
1.333333333333333
 71
2
 72
1
 44
8.71521678440012
 45
12.5
 73
0
 74
0
 46
0.0
  0
MTEXT
  5
689
330
17
100
AcDbEntity
  8
A-ANNO-DIMS
100
AcDbMText
 10
29.1575025146984
 20
44.62492564279183
 30
0.0
 40
0.5
 41
8.71521678440012
 46
0.0
 71
1
 72
5
  1
Salon 2^J80m2
  7
OpenSans
101
Embedded Object
 70
1
 10
1.0
 20
0.0
 30
0.0
 11
29.1575025146984
 21
44.62492564279183
 31
0.0
 40
8.71521678440012
 41
0.0
 42
2.809523809523809
 43
1.333333333333333
 71
2
 72
1
 44
8.71521678440012
 45
12.5
 73
0
 74
0
 46
0.0
  0
MTEXT
  5
691
330
17
100
AcDbEntity
  8
A-ANNO-DIMS
100
AcDbMText
 10
31.97325689871195
 20
52.29982264819274
 30
0.0
 40
0.5
 41
8.71521678440012
 46
0.0
 71
1
 72
5
  1
Salon 3^J80m2
  7
OpenSans
101
Embedded Object
 70
1
 10
1.0
 20
0.0
 30
0.0
 11
31.97325689871195
 21
52.29982264819274
 31
0.0
 40
8.71521678440012
 41
0.0
 42
2.809523809523809
 43
1.333333333333333
 71
2
 72
1
 44
8.71521678440012
 45
12.5
 73
0
 74
0
 46
0.0
  0
MTEXT
  5
699
330
17
100
AcDbEntity
  8
A-ANNO-DIMS
100
AcDbMText
 10
33.07100975063645
 20
59.22881769136598
 30
0.0
 40
0.5
 41
8.71521678440012
 46
0.0
 71
1
 72
5
  1
Nucleo Ascensor y\PEscaleras Torre 1\P80m2
  7
OpenSans
101
Embedded Object
 70
1
 10
1.0
 20
0.0
 30
0.0
 11
33.07100975063645
 21
59.22881769136598
 31
0.0
 40
8.71521678440012
 41
0.0
 42
7.095238095238094
 43
2.166666666666666
 71
2
 72
1
 44
8.71521678440012
 45
12.5
 73
0
 74
0
 46
0.0
  0
MTEXT
  5
6A1
330
17
100
AcDbEntity
  8
A-ANNO-DIMS
100
AcDbMText
 10
37.21601007173035
 20
66.66500359365666
 30
0.0
 40
0.5
 41
8.71521678440012
 46
0.0
 71
1
 72
5
  1
Salon 4^J70m2
  7
OpenSans
101
Embedded Object
 70
1
 10
1.0
 20
0.0
 30
0.0
 11
37.21601007173035
 21
66.66500359365666
 31
0.0
 40
8.71521678440012
 41
0.0
 42
2.833333333333333
 43
1.333333333333333
 71
2
 72
1
 44
8.71521678440012
 45
12.5
 73
0
 74
0
 46
0.0
  0
MTEXT
  5
6A9
330
17
100
AcDbEntity
  8
A-ANNO-DIMS
100
AcDbMText
 10
39.13892006765568
 20
73.16459207171785
 30
0.0
 40
0.5
 41
8.71521678440012
 46
0.0
 71
1
 72
5
  1
Salon 5^J70m2
  7
OpenSans
101
Embedded Object
 70
1
 10
1.0
 20
0.0
 30
0.0
 11
39.13892006765568
 21
73.16459207171785
 31
0.0
 40
8.71521678440012
 41
0.0
 42
2.809523809523809
 43
1.333333333333333
 71
2
 72
1
 44
8.71521678440012
 45
12.5
 73
0
 74
0
 46
0.0
  0
MTEXT
  5
6B1
330
17
100
AcDbEntity
  8
A-ANNO-DIMS
100
AcDbMText
 10
39.76242590273682
 20
46.99503199608261
 30
0.0
 40
0.5
 41
8.71521678440012
 46
0.0
 71
1
 72
5
  1
Salon 6^J102,36m2
  7
OpenSans
101
Embedded Object
 70
1
 10
1.0
 20
0.0
 30
0.0
 11
39.76242590273682
 21
46.99503199608261
 31
0.0
 40
8.71521678440012
 41
0.0
 42
3.571428571428571
 43
1.428571428571428
 71
2
 72
1
 44
8.71521678440012
 45
12.5
 73
0
 74
0
 46
0.0
  0
MTEXT
  5
6B9
330
17
100
AcDbEntity
  8
A-ANNO-DIMS
100
AcDbMText
 10
43.6810703060637
 20
55.96195980762728
 30
0.0
 40
0.5
 41
8.71521678440012
 46
0.0
 71
1
 72
5
  1
Salon 7^J100m2
  7
OpenSans
101
Embedded Object
 70
1
 10
1.0
 20
0.0
 30
0.0
 11
43.6810703060637
 21
55.96195980762728
 31
0.0
 40
8.71521678440012
 41
0.0
 42
2.809523809523809
 43
1.333333333333333
 71
2
 72
1
 44
8.71521678440012
 45
12.5
 73
0
 74
0
 46
0.0
  0
MTEXT
  5
6C1
330
17
100
AcDbEntity
  8
A-ANNO-DIMS
100
AcDbMText
 10
48.25568722414914
 20
66.37937772302186
 30
0.0
 40
0.5
 41
8.71521678440012
 46
0.0
 71
1
 72
5
  1
Salon 8^J130m2
  7
OpenSans
101
Embedded Object
 70
1
 10
1.0
 20
0.0
 30
0.0
 11
48.25568722414914
 21
66.37937772302186
 31
0.0
 40
8.71521678440012
 41
0.0
 42
2.809523809523809
 43
1.333333333333333
 71
2
 72
1
 44
8.71521678440012
 45
12.5
 73
0
 74
0
 46
0.0
  0
MTEXT
  5
6C9
330
17
100
AcDbEntity
  8
A-ANNO-DIMS
100
AcDbMText
 10
69.24314817108029
 20
27.96180664723636
 30
0.0
 40
0.5
 41
8.71521678440012
 46
0.0
 71
1
 72
5
  1
Nucleo Ascensor y\PEscaleras Torre 2\P80m2
  7
OpenSans
101
Embedded Object
 70
1
 10
1.0
 20
0.0
 30
0.0
 11
69.24314817108029
 21
27.96180664723636
 31
0.0
 40
8.71521678440012
 41
0.0
 42
7.095238095238094
 43
2.166666666666666
 71
2
 72
1
 44
8.71521678440012
 45
12.5
 73
0
 74
0
 46
0.0
  0
MTEXT
  5
6D1
330
17
100
AcDbEntity
  8
A-ANNO-DIMS
100
AcDbMText
 10
108.035282240779
 20
52.51502891654574
 30
0.0
 40
0.5
 41
8.71521678440012
 46
0.0
 71
1
 72
5
  1
Nucleo Ascensor y\PEscaleras Torre 3\P80m2
  7
OpenSans
101
Embedded Object
 70
1
 10
1.0
 20
0.0
 30
0.0
 11
108.035282240779
 21
52.51502891654574
 31
0.0
 40
8.71521678440012
 41
0.0
 42
7.095238095238094
 43
2.166666666666666
 71
2
 72
1
 44
8.71521678440012
 45
12.5
 73
0
 74
0
 46
0.0
  0
MTEXT
  5
6D9
330
17
100
AcDbEntity
  8
A-ANNO-DIMS
100
AcDbMText
 10
34.35086681948928
 20
20.41509730195294
 30
0.0
 40
0.5
 41
8.71521678440012
 46
0.0
 71
1
 72
5
  1
Salon 9^J121,29m2
  7
OpenSans
101
Embedded Object
 70
1
 10
1.0
 20
0.0
 30
0.0
 11
34.35086681948928
 21
20.41509730195294
 31
0.0
 40
8.71521678440012
 41
0.0
 42
3.476190476190476
 43
1.428571428571428
 71
2
 72
1
 44
8.71521678440012
 45
12.5
 73
0
 74
0
 46
0.0
  0
MTEXT
  5
6E1
330
17
100
AcDbEntity
  8
A-ANNO-DIMS
100
AcDbMText
 10
45.79786824237453
 20
23.98859378973398
 30
0.0
 40
0.5
 41
8.71521678440012
 46
0.0
 71
1
 72
5
  1
Salon 10^J100m2
  7
OpenSans
101
Embedded Object
 70
1
 10
1.0
 20
0.0
 30
0.0
 11
45.79786824237453
 21
23.98859378973398
 31
0.0
 40
8.71521678440012
 41
0.0
 42
3.19047619047619
 43
1.333333333333333
 71
2
 72
1
 44
8.71521678440012
 45
12.5
 73
0
 74
0
 46
0.0
  0
MTEXT
  5
6E9
330
17
100
AcDbEntity
  8
A-ANNO-DIMS
100
AcDbMText
 10
55.65328665516472
 20
25.22585488178603
 30
0.0
 40
0.5
 41
8.71521678440012
 46
0.0
 71
1
 72
5
  1
Salon 12^J80m2
  7
OpenSans
101
Embedded Object
 70
1
 10
1.0
 20
0.0
 30
0.0
 11
55.65328665516472
 21
25.22585488178603
 31
0.0
 40
8.71521678440012
 41
0.0
 42
3.19047619047619
 43
1.333333333333333
 71
2
 72
1
 44
8.71521678440012
 45
12.5
 73
0
 74
0
 46
0.0
  0
MTEXT
  5
6F8
330
17
100
AcDbEntity
  8
A-ANNO-DIMS
100
AcDbMText
 10
52.40731881281362
 20
34.38131444389997
 30
0.0
 40
0.5
 41
8.71521678440012
 46
0.0
 71
1
 72
5
  1
Salon 11^J140,39m2
  7
OpenSans
101
Embedded Object
 70
1
 10
1.0
 20
0.0
 30
0.0
 11
52.40731881281362
 21
34.38131444389997
 31
0.0
 40
8.71521678440012
 41
0.0
 42
3.571428571428572
 43
1.428571428571428
 71
2
 72
1
 44
8.71521678440012
 45
12.5
 73
0
 74
0
 46
0.0
  0
MTEXT
  5
700
330
17
100
AcDbEntity
  8
A-ANNO-DIMS
100
AcDbMText
 10
63.79372041988881
 20
26.50901324622062
 30
0.0
 40
0.5
 41
8.71521678440012
 46
0.0
 71
1
 72
5
  1
Salon 13^J80m2
  7
OpenSans
101
Embedded Object
 70
1
 10
1.0
 20
0.0
 30
0.0
 11
63.79372041988881
 21
26.50901324622062
 31
0.0
 40
8.71521678440012
 41
0.0
 42
3.19047619047619
 43
1.333333333333333
 71
2
 72
1
 44
8.71521678440012
 45
12.5
 73
0
 74
0
 46
0.0
  0
MTEXT
  5
708
330
17
100
AcDbEntity
  8
A-ANNO-DIMS
100
AcDbMText
 10
63.97693546503069
 20
36.99979427146934
 30
0.0
 40
0.5
 41
8.71521678440012
 46
0.0
 71
1
 72
5
  1
Salon 14 \P100m2
  7
OpenSans
101
Embedded Object
 70
1
 10
1.0
 20
0.0
 30
0.0
 11
63.97693546503069
 21
36.99979427146934
 31
0.0
 40
8.71521678440012
 41
0.0
 42
3.214285714285714
 43
1.333333333333333
 71
2
 72
1
 44
8.71521678440012
 45
12.5
 73
0
 74
0
 46
0.0
  0
MTEXT
  5
710
330
17
100
AcDbEntity
  8
A-ANNO-DIMS
100
AcDbMText
 10
75.34000175831852
 20
38.47883418838827
 30
0.0
 40
0.5
 41
8.71521678440012
 46
0.0
 71
1
 72
5
  1
Salon 15 \P120m2
  7
OpenSans
101
Embedded Object
 70
1
 10
1.0
 20
0.0
 30
0.0
 11
75.34000175831852
 21
38.47883418838827
 31
0.0
 40
8.71521678440012
 41
0.0
 42
3.19047619047619
 43
1.333333333333333
 71
2
 72
1
 44
8.71521678440012
 45
12.5
 73
0
 74
0
 46
0.0
  0
MTEXT
  5
718
330
17
100
AcDbEntity
  8
A-ANNO-DIMS
100
AcDbMText
 10
79.44616828644803
 20
29.3757739165911
 30
0.0
 40
0.5
 41
8.71521678440012
 46
0.0
 71
1
 72
5
  1
Salon 16 \P80m2
  7
OpenSans
101
Embedded Object
 70
1
 10
1.0
 20
0.0
 30
0.0
 11
79.44616828644803
 21
29.3757739165911
 31
0.0
 40
8.71521678440012
 41
0.0
 42
3.166666666666666
 43
1.333333333333333
 71
2
 72
1
 44
8.71521678440012
 45
12.5
 73
0
 74
0
 46
0.0
  0
MTEXT
  5
720
330
17
100
AcDbEntity
  8
A-ANNO-DIMS
100
AcDbMText
 10
87.52898269473417
 20
30.75381421551977
 30
0.0
 40
0.5
 41
8.71521678440012
 46
0.0
 71
1
 72
5
  1
Salon 17 \P80m2
  7
OpenSans
101
Embedded Object
 70
1
 10
1.0
 20
0.0
 30
0.0
 11
87.52898269473417
 21
30.75381421551977
 31
0.0
 40
8.71521678440012
 41
0.0
 42
3.19047619047619
 43
1.333333333333333
 71
2
 72
1
 44
8.71521678440012
 45
12.5
 73
0
 74
0
 46
0.0
  0
MTEXT
  5
728
330
17
100
AcDbEntity
  8
A-ANNO-DIMS
100
AcDbMText
 10
86.57031812060973
 20
40.47128403013558
 30
0.0
 40
0.5
 41
8.71521678440012
 46
0.0
 71
1
 72
5
  1
Salon 18 \P104.63m2
  7
OpenSans
101
Embedded Object
 70
1
 10
1.0
 20
0.0
 30
0.0
 11
86.57031812060973
 21
40.47128403013558
 31
0.0
 40
8.71521678440012
 41
0.0
 42
3.57142857142857
 43
1.333333333333333
 71
2
 72
1
 44
8.71521678440012
 45
12.5
 73
0
 74
0
 46
0.0
  0
MTEXT
  5
730
330
17
100
AcDbEntity
  8
A-ANNO-DIMS
100
AcDbMText
 10
94.47540677178154
 20
31.7722330293063
 30
0.0
 40
0.5
 41
8.71521678440012
 46
0.0
 71
1
 72
5
  1
Salon 19 \P74.88m2
  7
OpenSans
101
Embedded Object
 70
1
 10
1.0
 20
0.0
 30
0.0
 11
94.47540677178154
 21
31.7722330293063
 31
0.0
 40
8.71521678440012
 41
0.0
 42
3.19047619047619
 43
1.333333333333333
 71
2
 72
1
 44
8.71521678440012
 45
12.5
 73
0
 74
0
 46
0.0
  0
MTEXT
  5
738
330
17
100
AcDbEntity
  8
A-ANNO-DIMS
100
AcDbMText
 10
107.3150618304949
 20
43.41837933087934
 30
0.0
 40
0.5
 41
8.71521678440012
 46
0.0
 71
1
 72
5
  1
Salon 20 \P92.50m2
  7
OpenSans
101
Embedded Object
 70
1
 10
1.0
 20
0.0
 30
0.0
 11
107.3150618304949
 21
43.41837933087934
 31
0.0
 40
8.71521678440012
 41
0.0
 42
3.285714285714285
 43
1.333333333333333
 71
2
 72
1
 44
8.71521678440012
 45
12.5
 73
0
 74
0
 46
0.0
  0
LWPOLYLINE
  5
73B
330
17
100
AcDbEntity
  8
A-ZONE-LOBBY
100
AcDbPolyline
 90
5
 70
0
 10
57.35673827541845
 20
72.13061418743897
 10
61.48989722096924
 20
83.39635859829853
 10
70.87801756335222
 20
79.9520594770062
 10
66.74485861780141
 20
68.68631506614663
 10
57.35673827541845
 20
72.13061418743897
  0
LINE
  5
73C
330
17
100
AcDbEntity
  8
A-ZONE-SERV
100
AcDbLine
 10
57.35673827541845
 20
72.13061418743897
 30
0.0
 11
47.96861793303548
 21
75.57491330873131
 31
0.0
  0
LINE
  5
73D
330
17
100
AcDbEntity
  8
A-ZONE-SERV
100
AcDbLine
 10
47.96861793303548
 20
75.57491330873131
 30
0.0
 11
52.10177687858629
 21
86.84065771959087
 31
0.0
  0
LINE
  5
73E
330
17
100
AcDbEntity
  8
A-ZONE-SERV
100
AcDbLine
 10
52.10177687858629
 20
86.84065771959087
 30
0.0
 11
61.48989722096924
 21
83.39635859829853
 31
0.0
  0
LINE
  5
73F
330
17
100
AcDbEntity
  8
A-ZONE-SERV
100
AcDbLine
 10
61.48989722096924
 20
83.39635859829853
 30
0.0
 11
57.35673827541843
 21
72.13061418743897
 31
0.0
  0
MTEXT
  5
74A
330
17
100
AcDbEntity
  8
A-ANNO-DIMS
100
AcDbMText
 10
100.8349338216458
 20
59.6628686295082
 30
0.0
 40
0.5
 41
8.71521678440012
 46
0.0
 71
1
 72
5
  1
Salon 22 \P241.60m2
  7
OpenSans
101
Embedded Object
 70
1
 10
1.0
 20
0.0
 30
0.0
 11
100.8349338216458
 21
59.6628686295082
 31
0.0
 40
8.71521678440012
 41
0.0
 42
3.571428571428571
 43
1.333333333333333
 71
2
 72
1
 44
8.71521678440012
 45
12.5
 73
0
 74
0
 46
0.0
  0
MTEXT
  5
752
330
17
100
AcDbEntity
  8
A-ANNO-DIMS
100
AcDbMText
 10
113.6082267588256
 20
59.57164615686584
 30
0.0
 40
0.5
 41
8.71521678440012
 46
0.0
 71
1
 72
5
  1
Salon 21 \P90m2
  7
OpenSans
101
Embedded Object
 70
1
 10
1.0
 20
0.0
 30
0.0
 11
113.6082267588256
 21
59.57164615686584
 31
0.0
 40
8.71521678440012
 41
0.0
 42
3.071428571428571
 43
1.333333333333333
 71
2
 72
1
 44
8.71521678440012
 45
12.5
 73
0
 74
0
 46
0.0
  0
MTEXT
  5
75A
330
17
100
AcDbEntity
  8
A-ANNO-DIMS
100
AcDbMText
 10
90.54619386687068
 20
65.83447726507845
 30
0.0
 40
0.5
 41
8.71521678440012
 46
0.0
 71
1
 72
5
  1
Salon 23 \P122.54m2
  7
OpenSans
101
Embedded Object
 70
1
 10
1.0
 20
0.0
 30
0.0
 11
90.54619386687068
 21
65.83447726507845
 31
0.0
 40
8.71521678440012
 41
0.0
 42
3.571428571428571
 43
1.333333333333333
 71
2
 72
1
 44
8.71521678440012
 45
12.5
 73
0
 74
0
 46
0.0
  0
MTEXT
  5
762
330
17
100
AcDbEntity
  8
A-ANNO-DIMS
100
AcDbMText
 10
81.39684713044949
 20
69.41775196319493
 30
0.0
 40
0.5
 41
8.71521678440012
 46
0.0
 71
1
 72
5
  1
Salon 24 \P120m2
  7
OpenSans
101
Embedded Object
 70
1
 10
1.0
 20
0.0
 30
0.0
 11
81.39684713044949
 21
69.41775196319493
 31
0.0
 40
8.71521678440012
 41
0.0
 42
3.309523809523809
 43
1.333333333333333
 71
2
 72
1
 44
8.71521678440012
 45
12.5
 73
0
 74
0
 46
0.0
  0
MTEXT
  5
76A
330
17
100
AcDbEntity
  8
A-ANNO-DIMS
100
AcDbMText
 10
71.81868188501198
 20
73.26860949566579
 30
0.0
 40
0.5
 41
8.71521678440012
 46
0.0
 71
1
 72
5
  1
Salon 25 \P120m2
  7
OpenSans
101
Embedded Object
 70
1
 10
1.0
 20
0.0
 30
0.0
 11
71.81868188501198
 21
73.26860949566579
 31
0.0
 40
8.71521678440012
 41
0.0
 42
3.285714285714285
 43
1.333333333333333
 71
2
 72
1
 44
8.71521678440012
 45
12.5
 73
0
 74
0
 46
0.0
  0
MTEXT
  5
772
330
17
100
AcDbEntity
  8
A-ANNO-DIMS
100
AcDbMText
 10
61.99507149559167
 20
77.05046224682667
 30
0.0
 40
0.5
 41
8.71521678440012
 46
0.0
 71
1
 72
5
  1
Administracion\P120m2
  7
OpenSans
101
Embedded Object
 70
1
 10
1.0
 20
0.0
 30
0.0
 11
61.99507149559167
 21
77.05046224682667
 31
0.0
 40
8.71521678440012
 41
0.0
 42
5.357142857142853
 43
1.333333333333333
 71
2
 72
1
 44
8.71521678440012
 45
12.5
 73
0
 74
0
 46
0.0
  0
MTEXT
  5
77A
330
17
100
AcDbEntity
  8
A-ANNO-DIMS
100
AcDbMText
 10
52.97187846060523
 20
80.80389772396957
 30
0.0
 40
0.5
 41
8.71521678440012
 46
0.0
 71
1
 72
5
  1
Baños sexados\P120m2
  7
OpenSans
101
Embedded Object
 70
1
 10
1.0
 20
0.0
 30
0.0
 11
52.97187846060523
 21
80.80389772396957
 31
0.0
 40
8.71521678440012
 41
0.0
 42
5.571428571428568
 43
1.333333333333333
 71
2
 72
1
 44
8.71521678440012
 45
12.5
 73
0
 74
0
 46
0.0
  0
LWPOLYLINE
  5
7B1
330
17
100
AcDbEntity
  8
A-FOOT-TOWR
100
AcDbPolyline
 90
6
 70
1
 10
53.94428718897149
 20
42.50586387720052
 10
46.04339875516444
 20
20.9704255147824
 10
69.17125961981957
 20
24.70620333436682
 10
106.2804578513317
 20
30.70034695478727
 10
108.7067740546253
 20
37.31375296368462
 10
82.14055378363774
 20
47.06032691015747
  0
LWPOLYLINE
  5
7B2
330
17
100
AcDbEntity
  8
A-FOOT-TOWR
100
AcDbPolyline
 90
4
 70
1
 10
36.23048501142891
 20
63.90374218006152
 10
18.86878562907399
 20
16.58098727117118
 10
41.5142965674827
 20
20.23885247418053
 10
55.00672569619482
 20
57.01514393747685
  0
LWPOLYLINE
  5
7B3
330
17
100
AcDbEntity
  8
A-FOOT-TOWR
100
AcDbPolyline
 90
4
 70
1
 10
116.973091945727
 20
59.84524178540374
 10
44.49680290253051
 20
86.43523100178064
 10
37.60820465994584
 20
67.65899031701471
 10
110.0844937031423
 20
41.0690011006378
  0
LWPOLYLINE
  5
7C1
330
17
100
AcDbEntity
  8
A-FOOT-PB
100
AcDbPolyline
 90
5
 70
0
 10
17.84581688047263
 20
22.50272796887821
 10
24.80330110548315
 20
41.4667310604918
 10
34.19142144786611
 20
38.02243193919946
 10
32.96621358150034
 20
34.68288491125136
 10
17.84581688047262
 20
22.5027279688782
  0
LWPOLYLINE
  5
7C3
330
17
100
AcDbEntity
  8
A-FOOT-PB
100
AcDbPolyline
 90
5
 70
0
 10
24.80330110548316
 20
41.46673106049179
 10
27.55874040251703
 20
48.97722733439817
 10
36.94686074489999
 20
45.53292821310582
 10
34.19142144786611
 20
38.02243193919947
 10
24.80330110548316
 20
41.46673106049179
  0
LWPOLYLINE
  5
7C4
330
17
100
AcDbEntity
  8
A-FOOT-PB
100
AcDbPolyline
 90
5
 70
0
 10
27.55874040251703
 20
48.97722733439817
 10
30.31417969955089
 20
56.48772360830453
 10
39.70230004193386
 20
53.0434244870122
 10
36.94686074489999
 20
45.53292821310582
 10
27.55874040251703
 20
48.97722733439817
  0
LWPOLYLINE
  5
7C5
330
17
100
AcDbEntity
  8
A-FOOT-PB
100
AcDbPolyline
 90
5
 70
0
 10
32.96621358150035
 20
34.68288491125136
 10
39.35787012980462
 20
52.10461245277389
 10
48.74599047218758
 20
48.66031333148156
 10
48.08661028252807
 20
46.86304185362451
 10
32.96621358150035
 20
34.68288491125136
  0
LWPOLYLINE
  5
7C6
330
17
100
AcDbEntity
  8
A-FOOT-PB
100
AcDbPolyline
 90
5
 70
0
 10
39.35787012980462
 20
52.10461245277389
 10
42.80216925109697
 20
61.49273279515688
 10
52.19028959347994
 20
58.04843367386455
 10
48.7459904721876
 20
48.66031333148155
 10
39.35787012980462
 20
52.10461245277389
  0
LWPOLYLINE
  5
7C9
330
17
100
AcDbEntity
  8
A-FOOT-PB
100
AcDbPolyline
 90
5
 70
0
 10
42.45773933896773
 20
60.55392076091857
 10
33.06961899658476
 20
63.9982198822109
 10
35.4806283814894
 20
70.56990412187896
 10
44.86874872387237
 20
67.12560500058665
 10
42.45773933896773
 20
60.55392076091857
  0
LWPOLYLINE
  5
7CA
330
17
100
AcDbEntity
  8
A-FOOT-PB
100
AcDbPolyline
 90
5
 70
0
 10
35.4806283814894
 20
70.56990412187896
 10
37.89163776639405
 20
77.14158836154708
 10
47.279758108777
 20
73.69728924025472
 10
44.86874872387237
 20
67.12560500058665
 10
35.4806283814894
 20
70.56990412187896
  0
LWPOLYLINE
  5
7CB
330
17
100
AcDbEntity
  8
A-FOOT-PB
100
AcDbPolyline
 90
5
 70
0
 10
52.19028959347992
 20
58.04843367386452
 10
42.80216925109696
 20
61.49273279515686
 10
47.279758108777
 20
73.69728924025472
 10
56.66787845115997
 20
70.25299011896237
 10
52.19028959347992
 20
58.04843367386452
  0
LWPOLYLINE
  5
7CC
330
17
100
AcDbEntity
  8
A-FOOT-PB
100
AcDbPolyline
 90
4
 70
0
 10
23.61444321720263
 20
14.30865535507331
 10
42.10748130454316
 20
29.20562602977671
 10
43.98232776683218
 20
17.59862202244659
 10
23.61444321720263
 20
14.30865535507331
  0
LWPOLYLINE
  5
7CD
330
17
100
AcDbEntity
  8
A-FOOT-PB
100
AcDbPolyline
 90
5
 70
0
 10
42.38772457630715
 20
27.47066541096387
 10
52.25976796482443
 20
29.06526860148889
 10
53.85437115534944
 20
19.19322521297161
 10
43.98232776683218
 20
17.59862202244659
 10
42.38772457630715
 20
27.47066541096387
  0
LWPOLYLINE
  5
7CF
330
17
100
AcDbEntity
  8
A-FOOT-PB
100
AcDbPolyline
 90
6
 70
0
 10
42.38772457630715
 20
27.47066541096387
 10
42.10748130454316
 20
29.20562602977671
 10
55.07201388202434
 20
39.64913783707587
 10
60.5372081628167
 20
40.53191518053115
 10
62.13181135334171
 20
30.65987179201391
 10
42.38772457630715
 20
27.47066541096387
  0
LWPOLYLINE
  5
7D1
330
17
100
AcDbEntity
  8
A-FOOT-PB
100
AcDbPolyline
 90
5
 70
0
 10
70.40925155133392
 20
42.12651837105616
 10
82.25570361755464
 20
44.04004219968618
 10
83.85030680807967
 20
34.16799881116894
 10
72.00385474185896
 20
32.25447498253892
 10
70.40925155133392
 20
42.12651837105616
  0
LWPOLYLINE
  5
7D2
330
17
100
AcDbEntity
  8
A-FOOT-PB
100
AcDbPolyline
 90
5
 70
0
 10
60.5372081628167
 20
40.53191518053115
 10
70.40925155133392
 20
42.12651837105616
 10
72.00385474185896
 20
32.25447498253892
 10
62.13181135334171
 20
30.65987179201391
 10
60.5372081628167
 20
40.53191518053115
  0
LWPOLYLINE
  5
7D3
330
17
100
AcDbEntity
  8
A-FOOT-PB
100
AcDbPolyline
 90
5
 70
0
 10
82.25570361755464
 20
44.04004219968618
 10
90.10488452068265
 20
45.307898145872
 10
96.6597363093092
 20
36.23706965573436
 10
83.85030680807967
 20
34.16799881116894
 10
82.25570361755464
 20
44.04004219968618
  0
LWPOLYLINE
  5
7D4
330
17
100
AcDbEntity
  8
A-FOOT-PB
100
AcDbPolyline
 90
5
 70
0
 10
52.25976796482443
 20
29.06526860148889
 10
60.15740267563824
 20
30.3409511539089
 10
61.75200586616326
 20
20.46890776539163
 10
53.85437115534944
 20
19.19322521297161
 10
52.25976796482443
 20
29.06526860148889
  0
LWPOLYLINE
  5
7D5
330
17
100
AcDbEntity
  8
A-FOOT-PB
100
AcDbPolyline
 90
5
 70
0
 10
60.15740267563824
 20
30.3409511539089
 10
68.05503738645204
 20
31.61663370632891
 10
69.64964057697708
 20
21.74459031781164
 10
61.75200586616326
 20
20.46890776539163
 10
60.15740267563824
 20
30.3409511539089
  0
LWPOLYLINE
  5
7D7
330
17
100
AcDbEntity
  8
A-FOOT-PB
100
AcDbPolyline
 90
5
 70
0
 10
75.95267209726586
 20
32.89231625874894
 10
83.85030680807967
 20
34.16799881116894
 10
85.44490999860469
 20
24.29595542265167
 10
77.54727528779088
 20
23.02027287023166
 10
75.95267209726586
 20
32.89231625874893
  0
LWPOLYLINE
  5
7D8
330
17
100
AcDbEntity
  8
A-FOOT-PB
100
AcDbPolyline
 90
5
 70
0
 10
83.85030680807967
 20
34.16799881116894
 10
91.74794151889348
 20
35.44368136358895
 10
93.3425447094185
 20
25.57163797507169
 10
85.44490999860469
 20
24.29595542265167
 10
83.85030680807967
 20
34.16799881116894
  0
LWPOLYLINE
  5
7D9
330
17
100
AcDbEntity
  8
A-FOOT-PB
100
AcDbPolyline
 90
5
 70
0
 10
91.74794151889348
 20
35.44368136358895
 10
96.6597363093092
 20
36.23706965573436
 10
103.2145880979357
 20
27.16624116559671
 10
93.3425447094185
 20
25.57163797507169
 10
91.74794151889348
 20
35.44368136358895
  0
LWPOLYLINE
  5
7DA
330
17
100
AcDbEntity
  8
A-FOOT-PB
100
AcDbPolyline
 90
5
 70
0
 10
110.6621353770171
 20
33.93343314170122
 10
103.5972241264987
 20
43.71009939107246
 10
105.5793889362496
 20
49.11288269097225
 10
114.9675092786326
 20
45.6685835696799
 10
110.6621353770171
 20
33.93343314170122
  0
LWPOLYLINE
  5
7DB
330
17
100
AcDbEntity
  8
A-FOOT-PB
100
AcDbPolyline
 90
5
 70
0
 10
117.7229485756664
 20
53.17907984358627
 10
108.3348282332835
 20
56.62337896487861
 10
111.4346974424466
 20
65.07268727302329
 10
120.8228177848295
 20
61.62838815173094
 10
117.7229485756664
 20
53.17907984358627
  0
LWPOLYLINE
  5
7DC
330
17
100
AcDbEntity
  8
A-FOOT-PB
100
AcDbPolyline
 90
5
 70
0
 10
103.5972241264987
 20
43.71009939107246
 10
94.2715412758145
 20
56.61529884024251
 10
99.04237859050113
 20
69.61916211312916
 10
111.4346974424466
 20
65.07268727302329
 10
103.5972241264987
 20
43.71009939107245
  0
LWPOLYLINE
  5
7DD
330
17
100
AcDbEntity
  8
A-FOOT-PB
100
AcDbPolyline
 90
6
 70
0
 10
94.2715412758145
 20
56.61529884024251
 10
92.33235246147314
 20
59.29881476281525
 10
85.52109930256734
 20
61.79771682356197
 10
89.65425824811815
 20
73.06346123442151
 10
99.04237859050113
 20
69.61916211312916
 10
94.2715412758145
 20
56.61529884024251
  0
LWPOLYLINE
  5
7DE
330
17
100
AcDbEntity
  8
A-FOOT-PB
100
AcDbPolyline
 90
5
 70
0
 10
85.52109930256734
 20
61.79771682356197
 10
76.13297896018435
 20
65.2420159448543
 10
80.26613790573518
 20
76.50776035571386
 10
89.65425824811815
 20
73.06346123442151
 10
85.52109930256734
 20
61.79771682356197
  0
LWPOLYLINE
  5
7DF
330
17
100
AcDbEntity
  8
A-FOOT-PB
100
AcDbPolyline
 90
5
 70
0
 10
76.13297896018435
 20
65.2420159448543
 10
66.74485861780141
 20
68.68631506614663
 10
70.87801756335222
 20
79.9520594770062
 10
80.26613790573518
 20
76.50776035571386
 10
76.13297896018435
 20
65.2420159448543
  0
LWPOLYLINE
  5
816
330
17
100
AcDbEntity
  8
A-ZONE-RAMP
100
AcDbPolyline
 90
4
 70
1
 10
32.0
 20
84.0
 10
60.0
 20
84.0
 10
60.0
 20
92.5
 10
32.0
 20
92.5
  0
MTEXT
  5
817
330
17
100
AcDbEntity
  8
A-ZONE-RAMP
100
AcDbMText
 10
46.0
 20
88.25
 30
0.0
 40
2.5
 71
1
  1
RAMPA ACCESO SUBSUELO 1\P(i=15%, W=6.5m)
  0
ENDSEC
  0
SECTION
  2
OBJECTS
  0
DICTIONARY
  5
A
330
0
100
AcDbDictionary
281
1
  3
ACAD_CIP_PREVIOUS_PRODUCT_INFO
350
102
  3
ACAD_COLOR
350
B
  3
ACAD_DETAILVIEWSTYLE
350
FF
  3
ACAD_GROUP
350
C
  3
ACAD_LAYOUT
350
D
  3
ACAD_MATERIAL
350
E
  3
ACAD_MLEADERSTYLE
350
F
  3
ACAD_MLINESTYLE
350
10
  3
ACAD_PLOTSETTINGS
350
11
  3
ACAD_PLOTSTYLENAME
350
12
  3
ACAD_SCALELIST
350
14
  3
ACAD_SECTIONVIEWSTYLE
350
FD
  3
ACAD_TABLESTYLE
350
15
  3
ACAD_VISUALSTYLE
350
16
  3
ACDB_RECOMPOSE_DATA
350
814
  3
AcDbVariableDictionary
350
112
  3
EZDXF_META
350
2D
  0
DICTIONARY
  5
103
330
1
100
AcDbDictionary
280
1
281
1
  3
ACAD_LAYERSTATES
360
104
  0
DICTIONARY
  5
2FA
330
17
100
AcDbDictionary
280
1
281
1
  3
ACAD_SORTENTS
360
2FB
  0
XRECORD
  5
102
102
{ACAD_REACTORS
330
A
102
}
330
A
100
AcDbXrecord
280
1
300
ACD
300
2021
300

  0
DICTIONARY
  5
B
330
A
100
AcDbDictionary
281
1
  0
DICTIONARY
  5
FF
102
{ACAD_REACTORS
330
A
102
}
330
A
100
AcDbDictionary
281
1
  3
Metric50
350
100
  0
DICTIONARY
  5
C
330
A
100
AcDbDictionary
281
1
  0
DICTIONARY
  5
D
330
A
100
AcDbDictionary
281
1
  3
Layout1
350
1E
  3
Model
350
1A
  0
DICTIONARY
  5
E
330
A
100
AcDbDictionary
281
1
  3
ByBlock
350
1F
  3
ByLayer
350
20
  3
Global
350
21
  0
DICTIONARY
  5
F
330
A
100
AcDbDictionary
281
1
  3
Standard
350
2C
  0
DICTIONARY
  5
10
330
A
100
AcDbDictionary
281
1
  3
Standard
350
22
  0
DICTIONARY
  5
11
330
A
100
AcDbDictionary
281
1
  0
ACDBDICTIONARYWDFLT
  5
12
330
A
100
AcDbDictionary
281
1
  3
Normal
350
13
100
AcDbDictionaryWithDefault
340
13
  0
DICTIONARY
  5
14
330
A
100
AcDbDictionary
281
1
  3
A0
350
EC
  3
A1
350
ED
  3
A2
350
EE
  3
A3
350
EF
  3
A4
350
F0
  3
A5
350
F1
  3
A6
350
F2
  3
A7
350
F3
  3
A8
350
F4
  3
A9
350
F5
  3
B0
350
F6
  3
B1
350
F7
  3
B2
350
F8
  3
B3
350
F9
  3
B4
350
FA
  3
B5
350
FB
  3
B6
350
FC
  0
DICTIONARY
  5
FD
102
{ACAD_REACTORS
330
A
102
}
330
A
100
AcDbDictionary
281
1
  3
Metric50
350
FE
  0
DICTIONARY
  5
15
330
A
100
AcDbDictionary
281
1
  3
Standard
350
EB
  0
DICTIONARY
  5
16
330
A
100
AcDbDictionary
281
1
  3
2dWireframe
350
5A
  3
Basic
350
5B
  3
Brighten
350
5C
  3
ColorChange
350
5D
  3
Conceptual
350
5E
  3
Dim
350
5F
  3
EdgeColorOff
350
60
  3
Facepattern
350
61
  3
Flat
350
62
  3
FlatWithEdges
350
63
  3
Gouraud
350
64
  3
GouraudWithEdges
350
65
  3
Hidden
350
66
  3
JitterOff
350
67
  3
Linepattern
350
68
  3
Modeling
350
69
  3
OverhangOff
350
6A
  3
Realistic
350
6B
  3
Shaded
350
6C
  3
Shaded with edges
350
6D
  3
Shades of Gray
350
6E
  3
Sketchy
350
6F
  3
Thicken
350
70
  3
Wireframe
350
71
  3
X-Ray
350
72
  0
XRECORD
  5
814
102
{ACAD_REACTORS
330
A
102
}
330
A
100
AcDbXrecord
280
1
 90
1
330
EB
  0
DICTIONARY
  5
112
102
{ACAD_REACTORS
330
A
102
}
330
A
100
AcDbDictionary
281
1
  3
CANNOSCALE
350
117
  3
CMLEADERSTYLE
350
114
  3
CTABLESTYLE
350
113
  3
CVIEWDETAILSTYLE
350
115
  3
CVIEWSECTIONSTYLE
350
116
  0
DICTIONARY
  5
2D
330
A
100
AcDbDictionary
280
1
281
1
  3
CREATED_BY_EZDXF
360
2E
  3
WRITTEN_BY_EZDXF
360
E7
  0
DICTIONARY
  5
104
102
{ACAD_REACTORS
330
103
102
}
330
103
100
AcDbDictionary
281
1
  3
_LAYISO_STATE
350
7E0
1001
AcLayerTools
1000
1A
1000
0
  0
SORTENTSTABLE
  5
2FB
102
{ACAD_REACTORS
330
2FA
102
}
330
2FA
100
AcDbSortentsTable
330
17
331
5AF
  5
681
331
5B0
  5
689
331
5B3
  5
691
331
681
  5
699
331
689
  5
6A1
331
691
  5
6A9
331
699
  5
6B1
331
6A1
  5
6B9
331
6A9
  5
6C1
331
6B1
  5
6C9
331
6B9
  5
6D1
331
6C1
  5
6D9
331
6C9
  5
6E1
331
6D1
  5
6E9
331
6D9
  5
6F0
331
6E1
  5
6F8
331
6E9
  5
700
331
6F8
  5
708
331
700
  5
710
331
708
  5
718
331
710
  5
720
331
718
  5
728
331
720
  5
730
331
728
  5
738
331
730
  5
739
331
738
  5
73A
  0
ACDBDETAILVIEWSTYLE
  5
100
102
{ACAD_REACTORS
330
FF
102
}
330
FF
100
AcDbModelDocViewStyle
 70
0
  3
Metric50
290
0
300
Metric50
 90
0
100
AcDbDetailViewStyle
 70
0
 71
0
 90
3
 71
1
340
29
 62
256
 40
5.0
340
0
 62
256
 40
5.0
300

 40
0.0
280
1
 71
2
340
26
 90
25
 62
256
 71
3
340
29
 62
256
 40
5.0
 90
0
 40
15.0
 90
1
300
%<\AcVar ViewDetailId>% (%<\AcVar ViewScale \f "%sn">%)
 71
4
340
26
 90
25
 62
256
340
26
 90
25
 62
256
280
0
  0
LAYOUT
  5
1E
330
D
100
AcDbPlotSettings
  1

  2
C:\Users\jvchi\AppData\Roaming\Autodesk\AutoCAD 2021\R24.0\esp\plotters\AutoCAD PDF (High Quality Print).pc3
  4
A3
  6

 40
7.5
 41
20.0
 42
7.5
 43
20.0
 44
420.0
 45
297.0
 46
0.0
 47
0.0
 48
0.0
 49
0.0
140
0.0
141
0.0
142
1.0
143
1.0
 70
0
 72
1
 73
0
 74
5
  7

 75
16
 76
0
 77
2
 78
300
147
1.0
148
0.0
149
0.0
100
AcDbLayout
  1
Layout1
 70
1
 71
1
 10
0.0
 20
0.0
 11
420.0
 21
297.0
 12
0.0
 22
0.0
 32
0.0
 14
1e+20
 24
1e+20
 34
1e+20
 15
-1e+20
 25
-1e+20
 35
-1e+20
146
0.0
 13
0.0
 23
0.0
 33
0.0
 16
1.0
 26
0.0
 36
0.0
 17
0.0
 27
1.0
 37
0.0
 76
0
330
1B
  0
LAYOUT
  5
1A
102
{ACAD_XDICTIONARY
360
635
102
}
330
D
100
AcDbPlotSettings
  1

  2
C:\Users\jvchi\AppData\Roaming\Autodesk\AutoCAD 2021\R24.0\esp\plotters\AutoCAD PDF (High Quality Print).pc3
  4
A3
  6

 40
7.5
 41
20.0
 42
7.5
 43
20.0
 44
420.0
 45
297.0
 46
0.0
 47
0.0
 48
0.0
 49
0.0
140
0.0
141
0.0
142
1.0
143
1.0
 70
1024
 72
1
 73
0
 74
5
  7

 75
16
 76
0
 77
2
 78
300
147
1.0
148
0.0
149
0.0
100
AcDbLayout
  1
Model
 70
1
 71
0
 10
0.0
 20
0.0
 11
420.0
 21
297.0
 12
0.0
 22
0.0
 32
0.0
 14
1e+20
 24
1e+20
 34
1e+20
 15
-1e+20
 25
-1e+20
 35
-1e+20
146
0.0
 13
0.0
 23
0.0
 33
0.0
 16
1.0
 26
0.0
 36
0.0
 17
0.0
 27
1.0
 37
0.0
 76
1
330
17
331
23
  0
MATERIAL
  5
1F
102
{ACAD_REACTORS
330
E
102
}
330
E
100
AcDbMaterial
  1
ByBlock
  2

 70
0
 40
1.0
 71
1
 41
1.0
 91
-1023410177
 42
1.0
 72
1
  3

 73
1
 74
1
 75
1
 44
0.5
 73
0
 45
1.0
 46
1.0
 77
1
  4

 78
1
 79
1
170
1
 48
1.0
171
1
  6

172
1
173
1
174
1
140
1.0
141
1.0
175
1
  7

176
1
177
1
178
1
143
1.0
179
1
  8

270
1
271
1
272
1
145
1.0
146
1.0
273
1
  9

274
1
275
1
276
1
 42
1.0
 72
1
  3

 73
1
 74
1
 75
1
 94
63
  0
MATERIAL
  5
20
102
{ACAD_REACTORS
330
E
102
}
330
E
100
AcDbMaterial
  1
ByLayer
  2

 70
0
 40
1.0
 71
1
 41
1.0
 91
-1023410177
 42
1.0
 72
1
  3

 73
1
 74
1
 75
1
 44
0.5
 73
0
 45
1.0
 46
1.0
 77
1
  4

 78
1
 79
1
170
1
 48
1.0
171
1
  6

172
1
173
1
174
1
140
1.0
141
1.0
175
1
  7

176
1
177
1
178
1
143
1.0
179
1
  8

270
1
271
1
272
1
145
1.0
146
1.0
273
1
  9

274
1
275
1
276
1
 42
1.0
 72
1
  3

 73
1
 74
1
 75
1
 94
63
  0
MATERIAL
  5
21
102
{ACAD_REACTORS
330
E
102
}
330
E
100
AcDbMaterial
  1
Global
  2

 70
0
 40
1.0
 71
1
 41
1.0
 91
-1023410177
 42
1.0
 72
1
  3

 73
1
 74
1
 75
1
 44
0.5
 73
0
 45
1.0
 46
1.0
 77
1
  4

 78
1
 79
1
170
1
 48
1.0
171
1
  6

172
1
173
1
174
1
140
1.0
141
1.0
175
1
  7

176
1
177
1
178
1
143
1.0
179
1
  8

270
1
271
1
272
1
145
1.0
146
1.0
273
1
  9

274
1
275
1
276
1
 42
1.0
 72
1
  3

 73
1
 74
1
 75
1
 94
63
  0
MLEADERSTYLE
  5
2C
102
{ACAD_REACTORS
330
F
102
}
330
F
100
AcDbMLeaderStyle
179
2
170
2
171
1
172
0
 90
2
 40
0.0
 41
0.0
173
1
 91
-1056964608
 92
-2
290
1
 42
2.0
291
1
 43
8.0
  3
Standard
 44
4.0
300

342
29
174
1
175
1
176
0
178
1
 93
-1056964608
 45
4.0
292
0
297
0
 46
4.0
293
1
 94
-1056964608
 47
1.0
 49
1.0
140
1.0
294
1
141
0.0
177
0
142
1.0
295
0
296
0
143
3.75
271
0
272
9
273
9
298
1
  0
MLINESTYLE
  5
22
102
{ACAD_REACTORS
330
10
102
}
330
10
100
AcDbMlineStyle
  2
STANDARD
 70
0
  3

 62
256
 51
90.0
 52
90.0
 71
2
 49
0.5
 62
256
  6
BYLAYER
 49
-0.5
 62
256
  6
BYLAYER
  0
ACDBPLACEHOLDER
  5
13
330
12
  0
SCALE
  5
EC
102
{ACAD_REACTORS
330
14
102
}
330
14
100
AcDbScale
 70
0
300
1:1
140
1.0
141
1.0
290
1
  0
SCALE
  5
ED
102
{ACAD_REACTORS
330
14
102
}
330
14
100
AcDbScale
 70
0
300
1:2
140
1.0
141
2.0
290
0
  0
SCALE
  5
EE
102
{ACAD_REACTORS
330
14
102
}
330
14
100
AcDbScale
 70
0
300
1:4
140
1.0
141
4.0
290
0
  0
SCALE
  5
EF
102
{ACAD_REACTORS
330
14
102
}
330
14
100
AcDbScale
 70
0
300
1:5
140
1.0
141
5.0
290
0
  0
SCALE
  5
F0
102
{ACAD_REACTORS
330
14
102
}
330
14
100
AcDbScale
 70
0
300
1:8
140
1.0
141
8.0
290
0
  0
SCALE
  5
F1
102
{ACAD_REACTORS
330
14
102
}
330
14
100
AcDbScale
 70
0
300
1:10
140
1.0
141
10.0
290
0
  0
SCALE
  5
F2
102
{ACAD_REACTORS
330
14
102
}
330
14
100
AcDbScale
 70
0
300
1:16
140
1.0
141
16.0
290
0
  0
SCALE
  5
F3
102
{ACAD_REACTORS
330
14
102
}
330
14
100
AcDbScale
 70
0
300
1:20
140
1.0
141
20.0
290
0
  0
SCALE
  5
F4
102
{ACAD_REACTORS
330
14
102
}
330
14
100
AcDbScale
 70
0
300
1:30
140
1.0
141
30.0
290
0
  0
SCALE
  5
F5
102
{ACAD_REACTORS
330
14
102
}
330
14
100
AcDbScale
 70
0
300
1:40
140
1.0
141
40.0
290
0
  0
SCALE
  5
F6
102
{ACAD_REACTORS
330
14
102
}
330
14
100
AcDbScale
 70
0
300
1:50
140
1.0
141
50.0
290
0
  0
SCALE
  5
F7
102
{ACAD_REACTORS
330
14
102
}
330
14
100
AcDbScale
 70
0
300
1:100
140
1.0
141
100.0
290
0
  0
SCALE
  5
F8
102
{ACAD_REACTORS
330
14
102
}
330
14
100
AcDbScale
 70
0
300
2:1
140
2.0
141
1.0
290
0
  0
SCALE
  5
F9
102
{ACAD_REACTORS
330
14
102
}
330
14
100
AcDbScale
 70
0
300
4:1
140
4.0
141
1.0
290
0
  0
SCALE
  5
FA
102
{ACAD_REACTORS
330
14
102
}
330
14
100
AcDbScale
 70
0
300
8:1
140
8.0
141
1.0
290
0
  0
SCALE
  5
FB
102
{ACAD_REACTORS
330
14
102
}
330
14
100
AcDbScale
 70
0
300
10:1
140
10.0
141
1.0
290
0
  0
SCALE
  5
FC
102
{ACAD_REACTORS
330
14
102
}
330
14
100
AcDbScale
 70
0
300
100:1
140
100.0
141
1.0
290
0
  0
ACDBSECTIONVIEWSTYLE
  5
FE
102
{ACAD_REACTORS
330
FD
102
}
330
FD
100
AcDbModelDocViewStyle
 70
0
  3
Metric50
290
0
300
Metric50
 90
0
100
AcDbSectionViewStyle
 70
0
 71
0
 90
102
 71
1
340
29
 62
256
 40
5.0
340
0
340
0
 62
256
 40
5.0
300
I, O, Q, S, X, Z
 40
10.0
 90
0
 40
2.5
 90
0
 71
2
340
26
 90
25
 62
256
340
26
 90
50
 62
256
 40
5.0
 40
2.5
 40
5.0
 71
3
340
29
 62
256
 40
5.0
 90
0
 40
15.0
 90
1
300
%<\AcVar ViewSectionStartId>%-%<\AcVar ViewSectionEndId>% (%<\AcVar ViewScale \f "%sn">%)
 71
4
 62
256
 62
257
300
ANSI31
 40
1.0
 90
0
290
0
290
0
 90
6
 40
0.0
 40
1.570796326794896
 40
0.2617993877991494
 40
1.308996938995747
 40
-0.2617993877991494
 40
1.832595714594046
  0
TABLESTYLE
  5
EB
102
{ACAD_XDICTIONARY
360
812
102
}
102
{ACAD_REACTORS
330
15
102
}
330
15
100
AcDbTableStyle
280
0
  3
Standard
 70
0
 71
0
 40
1.5
 41
1.5
280
0
281
0
  7
Standard
140
4.5
170
2
 62
0
 63
7
283
0
 90
512
 91
0
  1

274
-2
284
1
 64
0
275
-2
285
1
 65
0
276
-2
286
1
 66
0
277
-2
287
1
 67
0
278
-2
288
1
 68
0
279
-2
289
1
 69
0
  7
Standard
140
6.0
170
5
 62
0
 63
7
283
0
 90
512
 91
0
  1

274
-2
284
1
 64
0
275
-2
285
1
 65
0
276
-2
286
1
 66
0
277
-2
287
1
 67
0
278
-2
288
1
 68
0
279
-2
289
1
 69
0
  7
Standard
140
4.5
170
5
 62
0
 63
7
283
0
 90
512
 91
0
  1

274
-2
284
1
 64
0
275
-2
285
1
 65
0
276
-2
286
1
 66
0
277
-2
287
1
 67
0
278
-2
288
1
 68
0
279
-2
289
1
 69
0
  0
VISUALSTYLE
  5
5A
102
{ACAD_REACTORS
330
16
102
}
330
16
100
AcDbVisualStyle
  2
2dWireframe
 70
4
177
3
291
0
 70
58
 90
2
176
1
 90
2
176
1
 90
0
176
1
 90
0
176
1
 40
0.6
176
1
 40
30.0
176
1
 62
7
420
16777215
176
1
 90
1
176
1
 90
4
176
1
 62
7
176
1
 62
257
176
1
 90
1
176
1
 90
1
176
1
 40
1.0
176
1
 90
8
176
1
 62
7
176
1
 40
1.0
176
1
 90
1
176
1
 90
6
176
1
 90
2
176
1
 62
7
176
1
 90
5
176
1
 90
0
176
1
 90
0
176
1
290
0
176
1
 90
1
176
1
 40
0.0
176
1
 90
0
176
1
290
1
176
1
290
1
176
1
290
0
176
1
290
0
176
1
290
0
176
1
290
0
176
1
290
0
176
1
290
0
176
1
290
0
176
1
 90
50
176
1
 40
0.0
176
1
 40
1.0
176
1
 90
0
176
1
 62
18
176
1
 90
50
176
1
 90
3
176
1
 62
5
420
255
176
1
290
0
176
1
 90
50
176
1
 90
50
176
1
 90
50
176
1
290
0
176
1
 90
50
176
1
 62
256
176
0
 40
1.0
176
0
 90
2
176
1
  1
strokes_ogs.tif
176
1
290
0
176
1
 40
1.0
176
1
 40
1.0
176
1
  0
VISUALSTYLE
  5
5B
102
{ACAD_REACTORS
330
16
102
}
330
16
100
AcDbVisualStyle
  2
Basic
 70
7
177
3
291
1
 70
58
 90
2
176
1
 90
2
176
1
 90
0
176
1
 90
1
176
1
 40
0.6
176
1
 40
30.0
176
1
 62
7
420
16777215
176
1
 90
1
176
1
 90
4
176
1
 62
7
176
1
 62
257
176
1
 90
1
176
1
 90
1
176
1
 40
1.0
176
1
 90
8
176
1
 62
7
176
1
 40
1.0
176
1
 90
1
176
1
 90
6
176
1
 90
2
176
1
 62
7
176
1
 90
5
176
1
 90
0
176
1
 90
0
176
1
290
0
176
1
 90
1
176
1
 40
0.0
176
1
 90
0
176
1
290
0
176
1
290
1
176
1
290
1
176
1
290
0
176
1
290
0
176
1
290
0
176
1
290
0
176
1
290
0
176
1
290
0
176
1
 90
50
176
1
 40
0.0
176
1
 40
1.0
176
1
 90
0
176
1
 62
18
176
1
 90
50
176
1
 90
3
176
1
 62
5
420
255
176
1
290
0
176
1
 90
50
176
1
 90
50
176
1
 90
50
176
1
290
0
176
1
 90
50
176
1
 62
256
176
0
 40
1.0
176
0
 90
2
176
1
  1
strokes_ogs.tif
176
1
290
0
176
1
 40
1.0
176
1
 40
1.0
176
1
  0
VISUALSTYLE
  5
5C
102
{ACAD_REACTORS
330
16
102
}
330
16
100
AcDbVisualStyle
  2
Brighten
 70
12
177
3
291
1
 70
58
 90
2
176
1
 90
2
176
1
 90
0
176
1
 90
2
176
1
 40
0.6
176
1
 40
30.0
176
1
 62
7
420
16777215
176
1
 90
1
176
1
 90
4
176
1
 62
7
176
1
 62
257
176
1
 90
1
176
1
 90
1
176
1
 40
1.0
176
1
 90
8
176
1
 62
7
176
1
 40
1.0
176
1
 90
1
176
1
 90
6
176
1
 90
2
176
1
 62
7
176
1
 90
5
176
1
 90
0
176
1
 90
0
176
1
290
0
176
1
 90
1
176
1
 40
0.0
176
1
 90
0
176
1
290
0
176
1
290
1
176
1
290
1
176
1
290
0
176
1
290
0
176
1
290
0
176
1
290
0
176
1
290
0
176
1
290
0
176
1
 90
50
176
1
 40
0.0
176
1
 40
1.0
176
1
 90
0
176
1
 62
18
176
1
 90
50
176
1
 90
3
176
1
 62
5
420
255
176
1
290
0
176
1
 90
50
176
1
 90
50
176
1
 90
50
176
1
290
0
176
1
 90
50
176
1
 62
256
176
0
 40
1.0
176
0
 90
2
176
1
  1
strokes_ogs.tif
176
1
290
0
176
1
 40
1.0
176
1
 40
1.0
176
1
  0
VISUALSTYLE
  5
5D
102
{ACAD_REACTORS
330
16
102
}
330
16
100
AcDbVisualStyle
  2
ColorChange
 70
16
177
3
291
1
 70
58
 90
2
176
1
 90
2
176
1
 90
0
176
1
 90
2
176
1
 40
0.6
176
1
 40
30.0
176
1
 62
7
420
16777215
176
1
 90
1
176
1
 90
4
176
1
 62
7
176
1
 62
257
176
1
 90
1
176
1
 90
1
176
1
 40
1.0
176
1
 90
8
176
1
 62
7
176
1
 40
1.0
176
1
 90
1
176
1
 90
6
176
1
 90
2
176
1
 62
7
176
1
 90
5
176
1
 90
0
176
1
 90
0
176
1
290
0
176
1
 90
1
176
1
 40
0.0
176
1
 90
0
176
1
290
0
176
1
290
1
176
1
290
1
176
1
290
0
176
1
290
0
176
1
290
0
176
1
290
0
176
1
290
0
176
1
290
0
176
1
 90
50
176
1
 40
0.0
176
1
 40
1.0
176
1
 90
0
176
1
 62
18
176
1
 90
50
176
1
 90
3
176
1
 62
5
420
255
176
1
290
0
176
1
 90
50
176
1
 90
50
176
1
 90
50
176
1
290
0
176
1
 90
50
176
1
 62
256
176
0
 40
1.0
176
0
 90
2
176
1
  1
strokes_ogs.tif
176
1
290
0
176
1
 40
1.0
176
1
 40
1.0
176
1
  0
VISUALSTYLE
  5
5E
102
{ACAD_REACTORS
330
16
102
}
330
16
100
AcDbVisualStyle
  2
Conceptual
 70
9
177
3
291
0
 70
58
 90
2
176
1
 90
2
176
1
 90
0
176
1
 90
3
176
1
 40
0.6
176
1
 40
30.0
176
1
 62
7
420
16777215
176
1
 90
1
176
1
 90
4
176
1
 62
7
176
1
 62
257
176
1
 90
1
176
1
 90
1
176
1
 40
1.0
176
1
 90
8
176
1
 62
7
176
1
 40
1.0
176
1
 90
1
176
1
 90
6
176
1
 90
2
176
1
 62
7
176
1
 90
5
176
1
 90
0
176
1
 90
0
176
1
290
0
176
1
 90
1
176
1
 40
0.0
176
1
 90
0
176
1
290
0
176
1
290
1
176
1
290
1
176
1
290
0
176
1
290
0
176
1
290
0
176
1
290
0
176
1
290
0
176
1
290
0
176
1
 90
50
176
1
 40
0.0
176
1
 40
1.0
176
1
 90
0
176
1
 62
18
176
1
 90
50
176
1
 90
3
176
1
 62
5
420
255
176
1
290
0
176
1
 90
50
176
1
 90
50
176
1
 90
50
176
1
290
0
176
1
 90
50
176
1
 62
256
176
0
 40
1.0
176
0
 90
2
176
1
  1
strokes_ogs.tif
176
1
290
0
176
1
 40
1.0
176
1
 40
1.0
176
1
  0
VISUALSTYLE
  5
5F
102
{ACAD_REACTORS
330
16
102
}
330
16
100
AcDbVisualStyle
  2
Dim
 70
11
177
3
291
1
 70
58
 90
2
176
1
 90
2
176
1
 90
0
176
1
 90
2
176
1
 40
0.6
176
1
 40
30.0
176
1
 62
7
420
16777215
176
1
 90
1
176
1
 90
4
176
1
 62
7
176
1
 62
257
176
1
 90
1
176
1
 90
1
176
1
 40
1.0
176
1
 90
8
176
1
 62
7
176
1
 40
1.0
176
1
 90
1
176
1
 90
6
176
1
 90
2
176
1
 62
7
176
1
 90
5
176
1
 90
0
176
1
 90
0
176
1
290
0
176
1
 90
1
176
1
 40
0.0
176
1
 90
0
176
1
290
0
176
1
290
1
176
1
290
1
176
1
290
0
176
1
290
0
176
1
290
0
176
1
290
0
176
1
290
0
176
1
290
0
176
1
 90
50
176
1
 40
0.0
176
1
 40
1.0
176
1
 90
0
176
1
 62
18
176
1
 90
50
176
1
 90
3
176
1
 62
5
420
255
176
1
290
0
176
1
 90
50
176
1
 90
50
176
1
 90
50
176
1
290
0
176
1
 90
50
176
1
 62
256
176
0
 40
1.0
176
0
 90
2
176
1
  1
strokes_ogs.tif
176
1
290
0
176
1
 40
1.0
176
1
 40
1.0
176
1
  0
VISUALSTYLE
  5
60
102
{ACAD_REACTORS
330
16
102
}
330
16
100
AcDbVisualStyle
  2
EdgeColorOff
 70
22
177
3
291
1
 70
58
 90
2
176
1
 90
2
176
1
 90
0
176
1
 90
2
176
1
 40
0.6
176
1
 40
30.0
176
1
 62
7
420
16777215
176
1
 90
1
176
1
 90
4
176
1
 62
7
176
1
 62
257
176
1
 90
1
176
1
 90
1
176
1
 40
1.0
176
1
 90
8
176
1
 62
7
176
1
 40
1.0
176
1
 90
1
176
1
 90
6
176
1
 90
2
176
1
 62
7
176
1
 90
5
176
1
 90
0
176
1
 90
0
176
1
290
0
176
1
 90
1
176
1
 40
0.0
176
1
 90
0
176
1
290
0
176
1
290
1
176
1
290
1
176
1
290
0
176
1
290
0
176
1
290
0
176
1
290
0
176
1
290
0
176
1
290
0
176
1
 90
50
176
1
 40
0.0
176
1
 40
1.0
176
1
 90
0
176
1
 62
18
176
1
 90
50
176
1
 90
3
176
1
 62
5
420
255
176
1
290
0
176
1
 90
50
176
1
 90
50
176
1
 90
50
176
1
290
0
176
1
 90
50
176
1
 62
256
176
0
 40
1.0
176
0
 90
2
176
1
  1
strokes_ogs.tif
176
1
290
0
176
1
 40
1.0
176
1
 40
1.0
176
1
  0
VISUALSTYLE
  5
61
102
{ACAD_REACTORS
330
16
102
}
330
16
100
AcDbVisualStyle
  2
Facepattern
 70
15
177
3
291
1
 70
58
 90
2
176
1
 90
2
176
1
 90
0
176
1
 90
2
176
1
 40
0.6
176
1
 40
30.0
176
1
 62
7
420
16777215
176
1
 90
1
176
1
 90
4
176
1
 62
7
176
1
 62
257
176
1
 90
1
176
1
 90
1
176
1
 40
1.0
176
1
 90
8
176
1
 62
7
176
1
 40
1.0
176
1
 90
1
176
1
 90
6
176
1
 90
2
176
1
 62
7
176
1
 90
5
176
1
 90
0
176
1
 90
0
176
1
290
0
176
1
 90
1
176
1
 40
0.0
176
1
 90
0
176
1
290
0
176
1
290
1
176
1
290
1
176
1
290
0
176
1
290
0
176
1
290
0
176
1
290
0
176
1
290
0
176
1
290
0
176
1
 90
50
176
1
 40
0.0
176
1
 40
1.0
176
1
 90
0
176
1
 62
18
176
1
 90
50
176
1
 90
3
176
1
 62
5
420
255
176
1
290
0
176
1
 90
50
176
1
 90
50
176
1
 90
50
176
1
290
0
176
1
 90
50
176
1
 62
256
176
0
 40
1.0
176
0
 90
2
176
1
  1
strokes_ogs.tif
176
1
290
0
176
1
 40
1.0
176
1
 40
1.0
176
1
  0
VISUALSTYLE
  5
62
102
{ACAD_REACTORS
330
16
102
}
330
16
100
AcDbVisualStyle
  2
Flat
 70
0
177
3
291
1
 70
58
 90
2
176
1
 90
2
176
1
 90
0
176
1
 90
2
176
1
 40
0.6
176
1
 40
30.0
176
1
 62
7
420
16777215
176
1
 90
1
176
1
 90
4
176
1
 62
7
176
1
 62
257
176
1
 90
1
176
1
 90
1
176
1
 40
1.0
176
1
 90
8
176
1
 62
7
176
1
 40
1.0
176
1
 90
1
176
1
 90
6
176
1
 90
2
176
1
 62
7
176
1
 90
5
176
1
 90
0
176
1
 90
0
176
1
290
0
176
1
 90
1
176
1
 40
0.0
176
1
 90
0
176
1
290
0
176
1
290
1
176
1
290
1
176
1
290
0
176
1
290
0
176
1
290
0
176
1
290
0
176
1
290
0
176
1
290
0
176
1
 90
50
176
1
 40
0.0
176
1
 40
1.0
176
1
 90
0
176
1
 62
18
176
1
 90
50
176
1
 90
3
176
1
 62
5
420
255
176
1
290
0
176
1
 90
50
176
1
 90
50
176
1
 90
50
176
1
290
0
176
1
 90
50
176
1
 62
256
176
0
 40
1.0
176
0
 90
2
176
1
  1
strokes_ogs.tif
176
1
290
0
176
1
 40
1.0
176
1
 40
1.0
176
1
  0
VISUALSTYLE
  5
63
102
{ACAD_REACTORS
330
16
102
}
330
16
100
AcDbVisualStyle
  2
FlatWithEdges
 70
1
177
3
291
1
 70
58
 90
2
176
1
 90
2
176
1
 90
0
176
1
 90
2
176
1
 40
0.6
176
1
 40
30.0
176
1
 62
7
420
16777215
176
1
 90
1
176
1
 90
4
176
1
 62
7
176
1
 62
257
176
1
 90
1
176
1
 90
1
176
1
 40
1.0
176
1
 90
8
176
1
 62
7
176
1
 40
1.0
176
1
 90
1
176
1
 90
6
176
1
 90
2
176
1
 62
7
176
1
 90
5
176
1
 90
0
176
1
 90
0
176
1
290
0
176
1
 90
1
176
1
 40
0.0
176
1
 90
0
176
1
290
0
176
1
290
1
176
1
290
1
176
1
290
0
176
1
290
0
176
1
290
0
176
1
290
0
176
1
290
0
176
1
290
0
176
1
 90
50
176
1
 40
0.0
176
1
 40
1.0
176
1
 90
0
176
1
 62
18
176
1
 90
50
176
1
 90
3
176
1
 62
5
420
255
176
1
290
0
176
1
 90
50
176
1
 90
50
176
1
 90
50
176
1
290
0
176
1
 90
50
176
1
 62
256
176
0
 40
1.0
176
0
 90
2
176
1
  1
strokes_ogs.tif
176
1
290
0
176
1
 40
1.0
176
1
 40
1.0
176
1
  0
VISUALSTYLE
  5
64
102
{ACAD_REACTORS
330
16
102
}
330
16
100
AcDbVisualStyle
  2
Gouraud
 70
2
177
3
291
1
 70
58
 90
2
176
1
 90
2
176
1
 90
0
176
1
 90
2
176
1
 40
0.6
176
1
 40
30.0
176
1
 62
7
420
16777215
176
1
 90
1
176
1
 90
4
176
1
 62
7
176
1
 62
257
176
1
 90
1
176
1
 90
1
176
1
 40
1.0
176
1
 90
8
176
1
 62
7
176
1
 40
1.0
176
1
 90
1
176
1
 90
6
176
1
 90
2
176
1
 62
7
176
1
 90
5
176
1
 90
0
176
1
 90
0
176
1
290
0
176
1
 90
1
176
1
 40
0.0
176
1
 90
0
176
1
290
0
176
1
290
1
176
1
290
1
176
1
290
0
176
1
290
0
176
1
290
0
176
1
290
0
176
1
290
0
176
1
290
0
176
1
 90
50
176
1
 40
0.0
176
1
 40
1.0
176
1
 90
0
176
1
 62
18
176
1
 90
50
176
1
 90
3
176
1
 62
5
420
255
176
1
290
0
176
1
 90
50
176
1
 90
50
176
1
 90
50
176
1
290
0
176
1
 90
50
176
1
 62
256
176
0
 40
1.0
176
0
 90
2
176
1
  1
strokes_ogs.tif
176
1
290
0
176
1
 40
1.0
176
1
 40
1.0
176
1
  0
VISUALSTYLE
  5
65
102
{ACAD_REACTORS
330
16
102
}
330
16
100
AcDbVisualStyle
  2
GouraudWithEdges
 70
3
177
3
291
1
 70
58
 90
2
176
1
 90
2
176
1
 90
0
176
1
 90
2
176
1
 40
0.6
176
1
 40
30.0
176
1
 62
7
420
16777215
176
1
 90
1
176
1
 90
4
176
1
 62
7
176
1
 62
257
176
1
 90
1
176
1
 90
1
176
1
 40
1.0
176
1
 90
8
176
1
 62
7
176
1
 40
1.0
176
1
 90
1
176
1
 90
6
176
1
 90
2
176
1
 62
7
176
1
 90
5
176
1
 90
0
176
1
 90
0
176
1
290
0
176
1
 90
1
176
1
 40
0.0
176
1
 90
0
176
1
290
0
176
1
290
1
176
1
290
1
176
1
290
0
176
1
290
0
176
1
290
0
176
1
290
0
176
1
290
0
176
1
290
0
176
1
 90
50
176
1
 40
0.0
176
1
 40
1.0
176
1
 90
0
176
1
 62
18
176
1
 90
50
176
1
 90
3
176
1
 62
5
420
255
176
1
290
0
176
1
 90
50
176
1
 90
50
176
1
 90
50
176
1
290
0
176
1
 90
50
176
1
 62
256
176
0
 40
1.0
176
0
 90
2
176
1
  1
strokes_ogs.tif
176
1
290
0
176
1
 40
1.0
176
1
 40
1.0
176
1
  0
VISUALSTYLE
  5
66
102
{ACAD_REACTORS
330
16
102
}
330
16
100
AcDbVisualStyle
  2
Hidden
 70
6
177
3
291
0
 70
58
 90
2
176
1
 90
2
176
1
 90
0
176
1
 90
1
176
1
 40
0.6
176
1
 40
30.0
176
1
 62
7
420
16777215
176
1
 90
1
176
1
 90
4
176
1
 62
7
176
1
 62
257
176
1
 90
1
176
1
 90
1
176
1
 40
1.0
176
1
 90
8
176
1
 62
7
176
1
 40
1.0
176
1
 90
1
176
1
 90
6
176
1
 90
2
176
1
 62
7
176
1
 90
5
176
1
 90
0
176
1
 90
0
176
1
290
0
176
1
 90
1
176
1
 40
0.0
176
1
 90
0
176
1
290
0
176
1
290
1
176
1
290
1
176
1
290
0
176
1
290
0
176
1
290
0
176
1
290
0
176
1
290
0
176
1
290
0
176
1
 90
50
176
1
 40
0.0
176
1
 40
1.0
176
1
 90
0
176
1
 62
18
176
1
 90
50
176
1
 90
3
176
1
 62
5
420
255
176
1
290
0
176
1
 90
50
176
1
 90
50
176
1
 90
50
176
1
290
0
176
1
 90
50
176
1
 62
256
176
0
 40
1.0
176
0
 90
2
176
1
  1
strokes_ogs.tif
176
1
290
0
176
1
 40
1.0
176
1
 40
1.0
176
1
  0
VISUALSTYLE
  5
67
102
{ACAD_REACTORS
330
16
102
}
330
16
100
AcDbVisualStyle
  2
JitterOff
 70
20
177
3
291
1
 70
58
 90
2
176
1
 90
2
176
1
 90
0
176
1
 90
2
176
1
 40
0.6
176
1
 40
30.0
176
1
 62
7
420
16777215
176
1
 90
1
176
1
 90
4
176
1
 62
7
176
1
 62
257
176
1
 90
1
176
1
 90
1
176
1
 40
1.0
176
1
 90
8
176
1
 62
7
176
1
 40
1.0
176
1
 90
1
176
1
 90
6
176
1
 90
2
176
1
 62
7
176
1
 90
5
176
1
 90
0
176
1
 90
0
176
1
290
0
176
1
 90
1
176
1
 40
0.0
176
1
 90
0
176
1
290
0
176
1
290
1
176
1
290
1
176
1
290
0
176
1
290
0
176
1
290
0
176
1
290
0
176
1
290
0
176
1
290
0
176
1
 90
50
176
1
 40
0.0
176
1
 40
1.0
176
1
 90
0
176
1
 62
18
176
1
 90
50
176
1
 90
3
176
1
 62
5
420
255
176
1
290
0
176
1
 90
50
176
1
 90
50
176
1
 90
50
176
1
290
0
176
1
 90
50
176
1
 62
256
176
0
 40
1.0
176
0
 90
2
176
1
  1
strokes_ogs.tif
176
1
290
0
176
1
 40
1.0
176
1
 40
1.0
176
1
  0
VISUALSTYLE
  5
68
102
{ACAD_REACTORS
330
16
102
}
330
16
100
AcDbVisualStyle
  2
Linepattern
 70
14
177
3
291
1
 70
58
 90
2
176
1
 90
2
176
1
 90
0
176
1
 90
2
176
1
 40
0.6
176
1
 40
30.0
176
1
 62
7
420
16777215
176
1
 90
1
176
1
 90
4
176
1
 62
7
176
1
 62
257
176
1
 90
1
176
1
 90
1
176
1
 40
1.0
176
1
 90
8
176
1
 62
7
176
1
 40
1.0
176
1
 90
1
176
1
 90
6
176
1
 90
2
176
1
 62
7
176
1
 90
5
176
1
 90
0
176
1
 90
0
176
1
290
0
176
1
 90
1
176
1
 40
0.0
176
1
 90
0
176
1
290
0
176
1
290
1
176
1
290
1
176
1
290
0
176
1
290
0
176
1
290
0
176
1
290
0
176
1
290
0
176
1
290
0
176
1
 90
50
176
1
 40
0.0
176
1
 40
1.0
176
1
 90
0
176
1
 62
18
176
1
 90
50
176
1
 90
3
176
1
 62
5
420
255
176
1
290
0
176
1
 90
50
176
1
 90
50
176
1
 90
50
176
1
290
0
176
1
 90
50
176
1
 62
256
176
0
 40
1.0
176
0
 90
2
176
1
  1
strokes_ogs.tif
176
1
290
0
176
1
 40
1.0
176
1
 40
1.0
176
1
  0
VISUALSTYLE
  5
69
102
{ACAD_REACTORS
330
16
102
}
330
16
100
AcDbVisualStyle
  2
Modeling
 70
10
177
3
291
0
 70
58
 90
2
176
1
 90
2
176
1
 90
0
176
1
 90
2
176
1
 40
0.6
176
1
 40
30.0
176
1
 62
7
420
16777215
176
1
 90
1
176
1
 90
4
176
1
 62
7
176
1
 62
257
176
1
 90
1
176
1
 90
1
176
1
 40
1.0
176
1
 90
8
176
1
 62
7
176
1
 40
1.0
176
1
 90
1
176
1
 90
6
176
1
 90
2
176
1
 62
7
176
1
 90
5
176
1
 90
0
176
1
 90
0
176
1
290
0
176
1
 90
1
176
1
 40
0.0
176
1
 90
0
176
1
290
0
176
1
290
1
176
1
290
1
176
1
290
0
176
1
290
0
176
1
290
0
176
1
290
0
176
1
290
0
176
1
290
0
176
1
 90
50
176
1
 40
0.0
176
1
 40
1.0
176
1
 90
0
176
1
 62
18
176
1
 90
50
176
1
 90
3
176
1
 62
5
420
255
176
1
290
0
176
1
 90
50
176
1
 90
50
176
1
 90
50
176
1
290
0
176
1
 90
50
176
1
 62
256
176
0
 40
1.0
176
0
 90
2
176
1
  1
strokes_ogs.tif
176
1
290
0
176
1
 40
1.0
176
1
 40
1.0
176
1
  0
VISUALSTYLE
  5
6A
102
{ACAD_REACTORS
330
16
102
}
330
16
100
AcDbVisualStyle
  2
OverhangOff
 70
21
177
3
291
1
 70
58
 90
2
176
1
 90
2
176
1
 90
0
176
1
 90
2
176
1
 40
0.6
176
1
 40
30.0
176
1
 62
7
420
16777215
176
1
 90
1
176
1
 90
4
176
1
 62
7
176
1
 62
257
176
1
 90
1
176
1
 90
1
176
1
 40
1.0
176
1
 90
8
176
1
 62
7
176
1
 40
1.0
176
1
 90
1
176
1
 90
6
176
1
 90
2
176
1
 62
7
176
1
 90
5
176
1
 90
0
176
1
 90
0
176
1
290
0
176
1
 90
1
176
1
 40
0.0
176
1
 90
0
176
1
290
0
176
1
290
1
176
1
290
1
176
1
290
0
176
1
290
0
176
1
290
0
176
1
290
0
176
1
290
0
176
1
290
0
176
1
 90
50
176
1
 40
0.0
176
1
 40
1.0
176
1
 90
0
176
1
 62
18
176
1
 90
50
176
1
 90
3
176
1
 62
5
420
255
176
1
290
0
176
1
 90
50
176
1
 90
50
176
1
 90
50
176
1
290
0
176
1
 90
50
176
1
 62
256
176
0
 40
1.0
176
0
 90
2
176
1
  1
strokes_ogs.tif
176
1
290
0
176
1
 40
1.0
176
1
 40
1.0
176
1
  0
VISUALSTYLE
  5
6B
102
{ACAD_REACTORS
330
16
102
}
330
16
100
AcDbVisualStyle
  2
Realistic
 70
8
177
3
291
0
 70
58
 90
2
176
1
 90
2
176
1
 90
0
176
1
 90
2
176
1
 40
0.6
176
1
 40
30.0
176
1
 62
7
420
16777215
176
1
 90
1
176
1
 90
4
176
1
 62
7
176
1
 62
257
176
1
 90
1
176
1
 90
1
176
1
 40
1.0
176
1
 90
8
176
1
 62
7
176
1
 40
1.0
176
1
 90
1
176
1
 90
6
176
1
 90
2
176
1
 62
7
176
1
 90
5
176
1
 90
0
176
1
 90
0
176
1
290
0
176
1
 90
1
176
1
 40
0.0
176
1
 90
0
176
1
290
0
176
1
290
1
176
1
290
1
176
1
290
0
176
1
290
0
176
1
290
0
176
1
290
0
176
1
290
0
176
1
290
0
176
1
 90
50
176
1
 40
0.0
176
1
 40
1.0
176
1
 90
0
176
1
 62
18
176
1
 90
50
176
1
 90
3
176
1
 62
5
420
255
176
1
290
0
176
1
 90
50
176
1
 90
50
176
1
 90
50
176
1
290
0
176
1
 90
50
176
1
 62
256
176
0
 40
1.0
176
0
 90
2
176
1
  1
strokes_ogs.tif
176
1
290
0
176
1
 40
1.0
176
1
 40
1.0
176
1
  0
VISUALSTYLE
  5
6C
102
{ACAD_REACTORS
330
16
102
}
330
16
100
AcDbVisualStyle
  2
Shaded
 70
27
177
3
291
0
 70
58
 90
2
176
1
 90
2
176
1
 90
0
176
1
 90
2
176
1
 40
0.6
176
1
 40
30.0
176
1
 62
7
420
16777215
176
1
 90
1
176
1
 90
4
176
1
 62
7
176
1
 62
257
176
1
 90
1
176
1
 90
1
176
1
 40
1.0
176
1
 90
8
176
1
 62
7
176
1
 40
1.0
176
1
 90
1
176
1
 90
6
176
1
 90
2
176
1
 62
7
176
1
 90
5
176
1
 90
0
176
1
 90
0
176
1
290
0
176
1
 90
1
176
1
 40
0.0
176
1
 90
0
176
1
290
0
176
1
290
1
176
1
290
1
176
1
290
0
176
1
290
0
176
1
290
0
176
1
290
0
176
1
290
0
176
1
290
0
176
1
 90
50
176
1
 40
0.0
176
1
 40
1.0
176
1
 90
0
176
1
 62
18
176
1
 90
50
176
1
 90
3
176
1
 62
5
420
255
176
1
290
0
176
1
 90
50
176
1
 90
50
176
1
 90
50
176
1
290
0
176
1
 90
50
176
1
 62
256
176
0
 40
1.0
176
0
 90
2
176
1
  1
strokes_ogs.tif
176
1
290
0
176
1
 40
1.0
176
1
 40
1.0
176
1
  0
VISUALSTYLE
  5
6D
102
{ACAD_REACTORS
330
16
102
}
330
16
100
AcDbVisualStyle
  2
Shaded with edges
 70
26
177
3
291
0
 70
58
 90
2
176
1
 90
2
176
1
 90
0
176
1
 90
2
176
1
 40
0.6
176
1
 40
30.0
176
1
 62
7
420
16777215
176
1
 90
1
176
1
 90
4
176
1
 62
7
176
1
 62
257
176
1
 90
1
176
1
 90
1
176
1
 40
1.0
176
1
 90
8
176
1
 62
7
176
1
 40
1.0
176
1
 90
1
176
1
 90
6
176
1
 90
2
176
1
 62
7
176
1
 90
5
176
1
 90
0
176
1
 90
0
176
1
290
0
176
1
 90
1
176
1
 40
0.0
176
1
 90
0
176
1
290
0
176
1
290
1
176
1
290
1
176
1
290
0
176
1
290
0
176
1
290
0
176
1
290
0
176
1
290
0
176
1
290
0
176
1
 90
50
176
1
 40
0.0
176
1
 40
1.0
176
1
 90
0
176
1
 62
18
176
1
 90
50
176
1
 90
3
176
1
 62
5
420
255
176
1
290
0
176
1
 90
50
176
1
 90
50
176
1
 90
50
176
1
290
0
176
1
 90
50
176
1
 62
256
176
0
 40
1.0
176
0
 90
2
176
1
  1
strokes_ogs.tif
176
1
290
0
176
1
 40
1.0
176
1
 40
1.0
176
1
  0
VISUALSTYLE
  5
6E
102
{ACAD_REACTORS
330
16
102
}
330
16
100
AcDbVisualStyle
  2
Shades of Gray
 70
23
177
3
291
0
 70
58
 90
2
176
1
 90
2
176
1
 90
0
176
1
 90
2
176
1
 40
0.6
176
1
 40
30.0
176
1
 62
7
420
16777215
176
1
 90
1
176
1
 90
4
176
1
 62
7
176
1
 62
257
176
1
 90
1
176
1
 90
1
176
1
 40
1.0
176
1
 90
8
176
1
 62
7
176
1
 40
1.0
176
1
 90
1
176
1
 90
6
176
1
 90
2
176
1
 62
7
176
1
 90
5
176
1
 90
0
176
1
 90
0
176
1
290
0
176
1
 90
1
176
1
 40
0.0
176
1
 90
0
176
1
290
0
176
1
290
1
176
1
290
1
176
1
290
0
176
1
290
0
176
1
290
0
176
1
290
0
176
1
290
0
176
1
290
0
176
1
 90
50
176
1
 40
0.0
176
1
 40
1.0
176
1
 90
0
176
1
 62
18
176
1
 90
50
176
1
 90
3
176
1
 62
5
420
255
176
1
290
0
176
1
 90
50
176
1
 90
50
176
1
 90
50
176
1
290
0
176
1
 90
50
176
1
 62
256
176
0
 40
1.0
176
0
 90
2
176
1
  1
strokes_ogs.tif
176
1
290
0
176
1
 40
1.0
176
1
 40
1.0
176
1
  0
VISUALSTYLE
  5
6F
102
{ACAD_REACTORS
330
16
102
}
330
16
100
AcDbVisualStyle
  2
Sketchy
 70
24
177
3
291
0
 70
58
 90
2
176
1
 90
2
176
1
 90
0
176
1
 90
1
176
1
 40
0.6
176
1
 40
30.0
176
1
 62
7
420
16777215
176
1
 90
1
176
1
 90
4
176
1
 62
7
176
1
 62
257
176
1
 90
1
176
1
 90
1
176
1
 40
1.0
176
1
 90
8
176
1
 62
7
176
1
 40
1.0
176
1
 90
1
176
1
 90
6
176
1
 90
2
176
1
 62
7
176
1
 90
5
176
1
 90
0
176
1
 90
0
176
1
290
0
176
1
 90
1
176
1
 40
0.0
176
1
 90
0
176
1
290
0
176
1
290
1
176
1
290
1
176
1
290
0
176
1
290
0
176
1
290
0
176
1
290
0
176
1
290
0
176
1
290
0
176
1
 90
50
176
1
 40
0.0
176
1
 40
1.0
176
1
 90
0
176
1
 62
18
176
1
 90
50
176
1
 90
3
176
1
 62
5
420
255
176
1
290
0
176
1
 90
50
176
1
 90
50
176
1
 90
50
176
1
290
0
176
1
 90
50
176
1
 62
256
176
0
 40
1.0
176
0
 90
2
176
1
  1
strokes_ogs.tif
176
1
290
0
176
1
 40
1.0
176
1
 40
1.0
176
1
  0
VISUALSTYLE
  5
70
102
{ACAD_REACTORS
330
16
102
}
330
16
100
AcDbVisualStyle
  2
Thicken
 70
13
177
3
291
1
 70
58
 90
2
176
1
 90
2
176
1
 90
0
176
1
 90
2
176
1
 40
0.6
176
1
 40
30.0
176
1
 62
7
420
16777215
176
1
 90
1
176
1
 90
4
176
1
 62
7
176
1
 62
257
176
1
 90
1
176
1
 90
1
176
1
 40
1.0
176
1
 90
8
176
1
 62
7
176
1
 40
1.0
176
1
 90
1
176
1
 90
6
176
1
 90
2
176
1
 62
7
176
1
 90
5
176
1
 90
0
176
1
 90
0
176
1
290
0
176
1
 90
1
176
1
 40
0.0
176
1
 90
0
176
1
290
0
176
1
290
1
176
1
290
1
176
1
290
0
176
1
290
0
176
1
290
0
176
1
290
0
176
1
290
0
176
1
290
0
176
1
 90
50
176
1
 40
0.0
176
1
 40
1.0
176
1
 90
0
176
1
 62
18
176
1
 90
50
176
1
 90
3
176
1
 62
5
420
255
176
1
290
0
176
1
 90
50
176
1
 90
50
176
1
 90
50
176
1
290
0
176
1
 90
50
176
1
 62
256
176
0
 40
1.0
176
0
 90
2
176
1
  1
strokes_ogs.tif
176
1
290
0
176
1
 40
1.0
176
1
 40
1.0
176
1
  0
VISUALSTYLE
  5
71
102
{ACAD_REACTORS
330
16
102
}
330
16
100
AcDbVisualStyle
  2
Wireframe
 70
5
177
3
291
0
 70
58
 90
2
176
1
 90
2
176
1
 90
0
176
1
 90
0
176
1
 40
0.6
176
1
 40
30.0
176
1
 62
7
420
16777215
176
1
 90
1
176
1
 90
4
176
1
 62
7
176
1
 62
257
176
1
 90
1
176
1
 90
1
176
1
 40
1.0
176
1
 90
8
176
1
 62
7
176
1
 40
1.0
176
1
 90
1
176
1
 90
6
176
1
 90
2
176
1
 62
7
176
1
 90
5
176
1
 90
0
176
1
 90
0
176
1
290
0
176
1
 90
1
176
1
 40
0.0
176
1
 90
0
176
1
290
0
176
1
290
1
176
1
290
1
176
1
290
0
176
1
290
0
176
1
290
0
176
1
290
0
176
1
290
0
176
1
290
0
176
1
 90
50
176
1
 40
0.0
176
1
 40
1.0
176
1
 90
0
176
1
 62
18
176
1
 90
50
176
1
 90
3
176
1
 62
5
420
255
176
1
290
0
176
1
 90
50
176
1
 90
50
176
1
 90
50
176
1
290
0
176
1
 90
50
176
1
 62
256
176
0
 40
1.0
176
0
 90
2
176
1
  1
strokes_ogs.tif
176
1
290
0
176
1
 40
1.0
176
1
 40
1.0
176
1
  0
VISUALSTYLE
  5
72
102
{ACAD_REACTORS
330
16
102
}
330
16
100
AcDbVisualStyle
  2
X-Ray
 70
25
177
3
291
0
 70
58
 90
2
176
1
 90
2
176
1
 90
0
176
1
 90
2
176
1
 40
0.5
176
1
 40
30.0
176
1
 62
7
420
16777215
176
1
 90
1
176
1
 90
4
176
1
 62
7
176
1
 62
257
176
1
 90
1
176
1
 90
1
176
1
 40
1.0
176
1
 90
8
176
1
 62
7
176
1
 40
1.0
176
1
 90
1
176
1
 90
6
176
1
 90
2
176
1
 62
7
176
1
 90
5
176
1
 90
0
176
1
 90
0
176
1
290
0
176
1
 90
1
176
1
 40
0.0
176
1
 90
0
176
1
290
0
176
1
290
1
176
1
290
1
176
1
290
0
176
1
290
0
176
1
290
0
176
1
290
0
176
1
290
0
176
1
290
0
176
1
 90
50
176
1
 40
0.0
176
1
 40
1.0
176
1
 90
0
176
1
 62
18
176
1
 90
50
176
1
 90
3
176
1
 62
5
420
255
176
1
290
0
176
1
 90
50
176
1
 90
50
176
1
 90
50
176
1
290
0
176
1
 90
50
176
1
 62
256
176
0
 40
1.0
176
0
 90
2
176
1
  1
strokes_ogs.tif
176
1
290
0
176
1
 40
1.0
176
1
 40
1.0
176
1
  0
DICTIONARYVAR
  5
117
102
{ACAD_REACTORS
330
112
102
}
330
112
100
DictionaryVariables
280
0
  1
1:1
  0
DICTIONARYVAR
  5
114
102
{ACAD_REACTORS
330
112
102
}
330
112
100
DictionaryVariables
280
0
  1
STANDARD
  0
DICTIONARYVAR
  5
113
102
{ACAD_REACTORS
330
112
102
}
330
112
100
DictionaryVariables
280
0
  1
STANDARD
  0
DICTIONARYVAR
  5
115
102
{ACAD_REACTORS
330
112
102
}
330
112
100
DictionaryVariables
280
0
  1
Metric50
  0
DICTIONARYVAR
  5
116
102
{ACAD_REACTORS
330
112
102
}
330
112
100
DictionaryVariables
280
0
  1
Metric50
  0
DICTIONARYVAR
  5
2E
330
2D
100
DictionaryVariables
280
0
  1
1.4.3 @ 2026-09-19T20:01:01.089415+00:00
  0
DICTIONARYVAR
  5
E7
330
2D
100
DictionaryVariables
280
0
  1
1.4.3 @ 2026-09-20T00:04:46.540019+00:00
  0
XRECORD
  5
7E0
102
{ACAD_XDICTIONARY
360
7E1
102
}
102
{ACAD_REACTORS
330
104
102
}
330
104
100
AcDbXrecord
280
1
 91
535
301

290
0
302
A-FOOT-PB
330
9A
 90
8
 62
7
370
-3
331
26
  1
Color_7
440
0
330
99
 90
8
 62
7
370
-3
331
26
  1
Color_7
440
0
330
98
 90
8
 62
2
370
-3
331
26
  1
Color_2
440
0
330
97
 90
8
 62
8
370
-3
331
26
  1
Color_8
440
0
330
96
 90
8
 62
140
370
-3
331
26
  1
Color_140
440
0
330
95
 90
8
 62
61
370
-3
331
26
  1
Color_61
440
0
330
94
 90
8
 62
140
370
-3
331
26
  1
Color_140
440
0
330
93
 90
8
 62
40
370
-3
331
26
  1
Color_40
440
0
330
92
 90
8
 62
30
370
-3
331
26
  1
Color_30
440
0
330
91
 90
8
 62
251
370
-3
331
26
  1
Color_251
440
0
330
90
 90
8
 62
5
370
-3
331
26
  1
Color_5
440
0
330
8F
 90
8
 62
4
370
-3
331
26
  1
Color_4
440
0
330
8E
 90
8
 62
1
370
-3
331
32
  1
Color_1
440
0
330
8D
 90
8
 62
7
370
-3
331
26
  1
Color_7
440
0
330
8C
 90
8
 62
2
370
-3
331
26
  1
Color_2
440
0
330
8A
 90
8
 62
3
370
-3
331
26
  1
Color_3
440
0
330
28
 90
0
 62
7
370
-3
331
26
  1
Color_7
440
0
330
27
 90
8
 62
7
370
-3
331
26
  1
Color_7
440
0
  0
DICTIONARY
  5
635
330
1A
100
AcDbDictionary
280
1
281
1
  0
DICTIONARY
  5
812
330
EB
100
AcDbDictionary
280
1
281
1
  3
ACAD_ROUNDTRIP_2008_TABLESTYLE_CELLSTYLEMAP
360
813
  0
DICTIONARY
  5
7E1
330
7E0
100
AcDbDictionary
280
1
281
1
  3
AcadLayerStateAnnoScale
360
7E2
  0
CELLSTYLEMAP
  5
813
102
{ACAD_REACTORS
330
812
102
}
330
812
100
AcDbCellStyleMap
 90
3
300
CELLSTYLE
  1
TABLEFORMAT_BEGIN
 90
5
170
1
 91
0
 92
32768
 62
257
 93
1
300
CONTENTFORMAT
  1
CONTENTFORMAT_BEGIN
 90
0
 91
0
 92
512
 93
0
300

 40
0.0
140
1.0
 94
5
 62
0
340
29
144
6.0
309
CONTENTFORMAT_END
171
1
301
MARGIN
  1
CELLMARGIN_BEGIN
 40
1.5
 40
1.5
 40
1.5
 40
1.5
 40
4.5
 40
4.5
309
CELLMARGIN_END
 94
6
 95
1
302
GRIDFORMAT
  1
GRIDFORMAT_BEGIN
 90
0
 91
1
 62
0
 92
-2
340
0
 93
0
 40
1.125
309
GRIDFORMAT_END
 95
2
302
GRIDFORMAT
  1
GRIDFORMAT_BEGIN
 90
0
 91
1
 62
0
 92
-2
340
0
 93
0
 40
1.125
309
GRIDFORMAT_END
 95
4
302
GRIDFORMAT
  1
GRIDFORMAT_BEGIN
 90
0
 91
1
 62
0
 92
-2
340
0
 93
0
 40
1.125
309
GRIDFORMAT_END
 95
8
302
GRIDFORMAT
  1
GRIDFORMAT_BEGIN
 90
0
 91
1
 62
0
 92
-2
340
0
 93
0
 40
1.125
309
GRIDFORMAT_END
 95
16
302
GRIDFORMAT
  1
GRIDFORMAT_BEGIN
 90
0
 91
1
 62
0
 92
-2
340
0
 93
0
 40
1.125
309
GRIDFORMAT_END
 95
32
302
GRIDFORMAT
  1
GRIDFORMAT_BEGIN
 90
0
 91
1
 62
0
 92
-2
340
0
 93
0
 40
1.125
309
GRIDFORMAT_END
309
TABLEFORMAT_END
  1
CELLSTYLE_BEGIN
 90
1
 91
1
300
_TITLE
309
CELLSTYLE_END
300
CELLSTYLE
  1
TABLEFORMAT_BEGIN
 90
5
170
1
 91
0
 92
0
 62
257
 93
1
300
CONTENTFORMAT
  1
CONTENTFORMAT_BEGIN
 90
0
 91
0
 92
512
 93
0
300

 40
0.0
140
1.0
 94
5
 62
0
340
29
144
4.5
309
CONTENTFORMAT_END
171
1
301
MARGIN
  1
CELLMARGIN_BEGIN
 40
1.5
 40
1.5
 40
1.5
 40
1.5
 40
4.5
 40
4.5
309
CELLMARGIN_END
 94
6
 95
1
302
GRIDFORMAT
  1
GRIDFORMAT_BEGIN
 90
0
 91
1
 62
0
 92
-2
340
0
 93
0
 40
1.125
309
GRIDFORMAT_END
 95
2
302
GRIDFORMAT
  1
GRIDFORMAT_BEGIN
 90
0
 91
1
 62
0
 92
-2
340
0
 93
0
 40
1.125
309
GRIDFORMAT_END
 95
4
302
GRIDFORMAT
  1
GRIDFORMAT_BEGIN
 90
0
 91
1
 62
0
 92
-2
340
0
 93
0
 40
1.125
309
GRIDFORMAT_END
 95
8
302
GRIDFORMAT
  1
GRIDFORMAT_BEGIN
 90
0
 91
1
 62
0
 92
-2
340
0
 93
0
 40
1.125
309
GRIDFORMAT_END
 95
16
302
GRIDFORMAT
  1
GRIDFORMAT_BEGIN
 90
0
 91
1
 62
0
 92
-2
340
0
 93
0
 40
1.125
309
GRIDFORMAT_END
 95
32
302
GRIDFORMAT
  1
GRIDFORMAT_BEGIN
 90
0
 91
1
 62
0
 92
-2
340
0
 93
0
 40
1.125
309
GRIDFORMAT_END
309
TABLEFORMAT_END
  1
CELLSTYLE_BEGIN
 90
2
 91
1
300
_HEADER
309
CELLSTYLE_END
300
CELLSTYLE
  1
TABLEFORMAT_BEGIN
 90
5
170
1
 91
0
 92
0
 62
257
 93
1
300
CONTENTFORMAT
  1
CONTENTFORMAT_BEGIN
 90
0
 91
0
 92
512
 93
0
300

 40
0.0
140
1.0
 94
2
 62
0
340
29
144
4.5
309
CONTENTFORMAT_END
171
1
301
MARGIN
  1
CELLMARGIN_BEGIN
 40
1.5
 40
1.5
 40
1.5
 40
1.5
 40
4.5
 40
4.5
309
CELLMARGIN_END
 94
6
 95
1
302
GRIDFORMAT
  1
GRIDFORMAT_BEGIN
 90
0
 91
1
 62
0
 92
-2
340
0
 93
0
 40
1.125
309
GRIDFORMAT_END
 95
2
302
GRIDFORMAT
  1
GRIDFORMAT_BEGIN
 90
0
 91
1
 62
0
 92
-2
340
0
 93
0
 40
1.125
309
GRIDFORMAT_END
 95
4
302
GRIDFORMAT
  1
GRIDFORMAT_BEGIN
 90
0
 91
1
 62
0
 92
-2
340
0
 93
0
 40
1.125
309
GRIDFORMAT_END
 95
8
302
GRIDFORMAT
  1
GRIDFORMAT_BEGIN
 90
0
 91
1
 62
0
 92
-2
340
0
 93
0
 40
1.125
309
GRIDFORMAT_END
 95
16
302
GRIDFORMAT
  1
GRIDFORMAT_BEGIN
 90
0
 91
1
 62
0
 92
-2
340
0
 93
0
 40
1.125
309
GRIDFORMAT_END
 95
32
302
GRIDFORMAT
  1
GRIDFORMAT_BEGIN
 90
0
 91
1
 62
0
 92
-2
340
0
 93
0
 40
1.125
309
GRIDFORMAT_END
309
TABLEFORMAT_END
  1
CELLSTYLE_BEGIN
 90
3
 91
2
300
_DATA
309
CELLSTYLE_END
  0
XRECORD
  5
7E2
102
{ACAD_REACTORS
330
7E1
102
}
330
7E1
100
AcDbXrecord
280
1
330
EC
  0
ENDSEC
  0
SECTION
  2
ACDSDATA
 70
2
 71
8
  0
ACDSSCHEMA
 90
0
  1
AcDb_Thumbnail_Schema
  2
AcDbDs::ID
280
10
 91
8
  2
Thumbnail_Data
280
15
 91
0
101
ACDSRECORD
 95
0
 90
1
  2
AcDbDs::TreatedAsObjectData
280
1
291
1
101
ACDSRECORD
 95
0
 90
2
  2
AcDbDs::Legacy
280
1
291
1
101
ACDSRECORD
  1
AcDbDs::ID
 90
3
  2
AcDs:Indexable
280
1
291
1
101
ACDSRECORD
  1
AcDbDs::ID
 90
4
  2
AcDbDs::HandleAttribute
280
7
282
1
  0
ACDSSCHEMA
 90
1
  1
AcDbDs::TreatedAsObjectDataSchema
  2
AcDbDs::TreatedAsObjectData
280
1
 91
0
  0
ACDSSCHEMA
 90
2
  1
AcDbDs::LegacySchema
  2
AcDbDs::Legacy
280
1
 91
0
  0
ACDSSCHEMA
 90
3
  1
AcDbDs::IndexedPropertySchema
  2
AcDs:Indexable
280
1
 91
0
  0
ACDSSCHEMA
 90
4
  1
AcDbDs::HandleAttributeSchema
  2
AcDbDs::HandleAttribute
280
7
 91
1
284
1
  0
ACDSRECORD
 90
0
  2
AcDbDs::ID
280
10
320
1A
  2
Thumbnail_Data
280
15
 94
2667
310
89504E470D0A1A0A0000000D49484452000001000000006608030000001376BFA700000300504C5445000000FFFFFF0000000000000000000000000000000000000000000000000000000000330000660000990000CC0000FF0033000033330033660033990033CC0033FF0066000066330066660066990066CC0066FF0099
310
000099330099660099990099CC0099FF00CC0000CC3300CC6600CC9900CCCC00CCFF00FF0000FF3300FF6600FF9900FFCC00FFFF3300003300333300663300993300CC3300FF3333003333333333663333993333CC3333FF3366003366333366663366993366CC3366FF3399003399333399663399993399CC3399FF33CC00
310
33CC3333CC6633CC9933CCCC33CCFF33FF0033FF3333FF6633FF9933FFCC33FFFF6600006600336600666600996600CC6600FF6633006633336633666633996633CC6633FF6666006666336666666666996666CC6666FF6699006699336699666699996699CC6699FF66CC0066CC3366CC6666CC9966CCCC66CCFF66FF0066
310
FF3366FF6666FF9966FFCC66FFFF9900009900339900669900999900CC9900FF9933009933339933669933999933CC9933FF9966009966339966669966999966CC9966FF9999009999339999669999999999CC9999FF99CC0099CC3399CC6699CC9999CCCC99CCFF99FF0099FF3399FF6699FF9999FFCC99FFFFCC0000CC00
310
33CC0066CC0099CC00CCCC00FFCC3300CC3333CC3366CC3399CC33CCCC33FFCC6600CC6633CC6666CC6699CC66CCCC66FFCC9900CC9933CC9966CC9999CC99CCCC99FFCCCC00CCCC33CCCC66CCCC99CCCCCCCCCCFFCCFF00CCFF33CCFF66CCFF99CCFFCCCCFFFFFF0000FF0033FF0066FF0099FF00CCFF00FFFF3300FF3333
310
FF3366FF3399FF33CCFF33FFFF6600FF6633FF6666FF6699FF66CCFF66FFFF9900FF9933FF9966FF9999FF99CCFF99FFFFCC00FFCC33FFCC66FFCC99FFCCCCFFCCFFFFFF00FFFF33FFFF66FFFF99FFFFCCFFFFFF0000000D0D0D1A1A1A2828283535354343435050505D5D5D6B6B6B787878868686939393A1A1A1AEAEAEBB
310
BBBBC9C9C9D6D6D6E4E4E4F1F1F1FFFFFF0000000000000000000000000000000000000000000000000000000000003AE5ACE9000004E44944415478DAED5CC971EB300C650728C3BCA0FF1915E2931A5001BA7F71C1C245B692C38F2012CE448E2D2BF31EF00010B4EDDCB469D3FE87EDFBF12396FF1807FFBA97361A016B
310
4DC03E9A024627C0A7DF7ED81448C8FDA81C28D8437250411E8F8316EF601CD4605FAFB128504801220191827138D0041C14C08BA260100E0AFC12060705EF3138680878853088C7F71014D404BC8EA5C1BA260E32058FE6A0130007FE704C1CBC119FCD418700C7C740013AC448827F2607DE2D4B3822D6F8D72885FCF063
310
39F0017E60801CFD7AB9420998536278FE895208D80307981410384814502460AA8C2861F02C0E8E08480A70901D9E2850F86324203C530AA48010002BF93B52F0AE08704A0A81848770C00AC0540330C3C6D0021C4D006A21B0147220DC9F0219EF9E0DFA4401D1AF5801A626200742920238C98937E7E0EB985B2B005C83
310
9F82A150423C15F929DB52901A90BADF02A7A280FFC61408D21DB8BB73B07F6B8216EDDF03574B00973F5102A7445519FD6DD3C0851A80690D8CB9EBC1F6D494FA4B890075CAC562A1DA65FBE36D86CFFF9C14B0457C8058A6FA0E09758E004906390CD6BB11F04104A4808DBB4092768EEF330E748E048A9D74C96697EDCE
310
398014B01D0930487BA362A8E6423D0EE2092B2D15DCAA55638A80AC80CD31FE14D5DCF59C858163021215C0F8EF970AF70B3500D7D8066F2861ED3E715077092A006C11C05D10353B1CD50A768F03690BB6DC44C7478EEB9922202B20E23D606C424005B9A1008B3B3929443AEFD70C7CAF013C0910508DCFEB30E073635B
310
185F9BE83445002B204F02F09C808603CC0A8853B33514D240E71DBBC1FD8A02521BCC35F0AC006A0E386B84B3B7FB2AE04A0D68260170FE2AA600750DD8EEAB809FD40042061F5F476180396824021653EBE2A5AA0128AD1D9CE0AEBA03E428B0A980C5E51A10BB204469EDA0459EB103222F9820DFBD770DB8A2009A0657
310
190034F2981F2362592AE6E949EE824C2B40F027973A068EC8C8254D0A2B00217CD0A602A80680AE6A4400416FDB3EC703C4942F5200D060C152042C7A430C911B21205963A7EF9525202542675401AEDA10139CC0631E450015081902E444C8F80D2A40177D35F7050A0514DC2E1E5B3144AA8C2A80B684A11CF605FCD2EC
310
697F53EF23C9414D4FEC2A00EA2938D063751260E85A1F605F0179CAAF1639502A3DACF9363D14AF0890926A4F01980B5E39E102E1028B3E8009080421E30F97B2AB00D7B89FB3820A7857A4454C9B43D22686926A6A7F50D7801ABFB8BC07DDD10631484B1CC3C9DA24C075F147E050418F6F955AD3E8033572D44D95B745
310
003BBC943F29A0097848D01533BA162ED63E6DE3C5E3AE1E71A5C690B680E38EB9DA2E45B52C2C2F693200102AFC341C085E4FD05D03FDE49A4615A0AB1FF7052DF42D36024D2991D26F530152F1D588035AAF6F5B5344E3527291EEC7EF2766067F7A830C17859380CFD097856A5F6A293A1F3C3545402EEB6B91E0B1EF74
310
A180EE867745DC6E4BFC1A0190479BE05CB9DAF9E6747ACC875B90BF29025400E4F2D6059EDAE5BED343E31BA09B5AFE740820AF77560A1966EB74179DBE587E8FACFFB246A25B813E0137EBF44BF8BF38FD01D0BF11D03AFD01F1FEA30078ACD3AF66808724B95F13E09F91E47E83DF7B3FCAE7A47D0FF948DF14D0FDB6A0
310
81F0FBC109B0B5689B044C9B366DDAB469D3A64D9B366DDAB469D3A64D9B366DDAB4E1EC1F4BF1A8878EDCBD3C0000000049454E44AE4260829D9D94FE9280E073DA3AE03571075F1402E59860DA26C0B667635BF8B137863ED769CFC88BA6208E51C20248AE1CD26A6BFA85F0087F6E0F45AE730202E24440687D003A2571
310
66E649408D61E8C23F2CE8E4D287BE833690D31D47B02C95B56312134F022CBFDCDEFDA9FF876E3E200848D0DB3220DAA1699B00CBB55D517F26816D2BBCC58007F0D094013921A921303B0188D0E3970444E0E93900CFB95E555083AE04DB9C19D00C3ED9A8A736BE5B4D762683DE7C803E3301DCDF5AB313D63244409639
310
5E077CEA8650EFB09DFEB7A62440363BC817739087A1D8AC7BBCF77EB8BC70E9C35D25033AFC795308F809F87E16AA7B3D2F2E9CE3EDBF550E468A63DCF30400D2B92E793C148F123D6127AF5706721EC473817470DD4C72932A9580E872E06B3F3C80CE9C6E1C3B6FEE8AFF5301B43B0166BA7B7375F8A1DDF83816F726D5
310
9DE30FF930D0BE028C07A4A7BC39992400CA3B444E867B9FEAE4FAF861237833B1295787279CAEA7BAA33C48C0DD05DE22A2E0FFE4F4EC5F35D523F6E9BDFE6F3A1396EAEE28D5DDC5DE27F8F172CFA4BACD117FC577897EC63FA8EA32D5AFFB46697B26F28F52FDE2EF93FF74FDB2B43BE1F47BDC29E2A3F669A97EA3FBC5
310
9C80723FAFFF490D88FEBE9BD7CF0580AD666E6BD63E16BA1A00F641D093A59B08E445A9A527F3941B68DB1DAA25EC568EA71E807FDBB667057C4FC0C3EF1DBF6CD9B265CB962D5BB66CD9B265CB962D5BB66CD965ED1F172211F2F45141B40000000049454E44AE4260824DA433CFA4650C140000000049454E44AE426082
  0
ENDSEC
  0
EOF
