ISO-10303-21;
HEADER;
FILE_DESCRIPTION(('ViewDefinition [CoordinationView]'),'2;1');
FILE_NAME('','2026-09-10T11:46:15',(''),(''),'IfcOpenShell 0.8.5-1c5b825','IfcOpenShell 0.8.5-1c5b825','');
FILE_SCHEMA(('IFC4'));
ENDSEC;
DATA;
#1=IFCPERSON($,'BIM','Copilot',$,$,$,$,$);
#2=IFCORGANIZATION($,'Tesis Edificio 18P',$,$,$);
#3=IFCPERSONANDORGANIZATION(#1,#2,$);
#4=IFCAPPLICATION(#2,'0.8.5','IfcOpenShell 0.8.5','IFC');
#5=IFCOWNERHISTORY(#3,#4,.READWRITE.,.ADDED.,$,$,$,1789051575);
#6=IFCSIUNIT(*,.LENGTHUNIT.,$,.METRE.);
#7=IFCSIUNIT(*,.AREAUNIT.,$,.SQUARE_METRE.);
#8=IFCSIUNIT(*,.VOLUMEUNIT.,$,.CUBIC_METRE.);
#9=IFCSIUNIT(*,.FORCEUNIT.,$,.NEWTON.);
#10=IFCSIUNIT(*,.PRESSUREUNIT.,$,.PASCAL.);
#11=IFCUNITASSIGNMENT((#6,#7,#8,#9,#10));
#12=IFCCARTESIANPOINT((0.,0.,0.));
#13=IFCAXIS2PLACEMENT3D(#12,$,$);
#14=IFCGEOMETRICREPRESENTATIONCONTEXT($,'Model',3,1.0000000000000001E-05,#13,$);
#15=IFCPROJECT('3kkk9c7pj3OfwoJfQrSmMO',#5,'Edificio 18P + 3 Subsuelos','Edificio de Uso Mixto',$,$,$,(#14),#11);
#16=IFCCARTESIANPOINT((0.,0.,0.));
#17=IFCAXIS2PLACEMENT3D(#16,$,$);
#18=IFCLOCALPLACEMENT($,#17);
#19=IFCSITE('3klAD7c2bBSextE6luZDyz',#5,'Site CDE','Terreno 90\X2\00D7\X0\40 m',$,#18,$,'CDE',.ELEMENT.,$,$,$,$,$);
#20=IFCCARTESIANPOINT((0.,0.,0.));
#21=IFCAXIS2PLACEMENT3D(#20,$,$);
#22=IFCLOCALPLACEMENT(#18,#21);
#23=IFCBUILDING('0gU0wqGHnEj9zVeAUImnb8',#5,'Edificio Torre','Edificio 18P + 3 Subsuelos',$,#22,$,'Torre',.ELEMENT.,$,$,$);
#24=IFCRELAGGREGATES('2G3TpD1E57fhN0rZWqa8FG',#5,$,$,#15,(#19));
#25=IFCRELAGGREGATES('32f1QWDWL5aAb3UK2b2SQf',#5,$,$,#19,(#23));
#26=IFCCARTESIANPOINT((0.,0.,-10.5));
#27=IFCAXIS2PLACEMENT3D(#26,$,$);
#28=IFCLOCALPLACEMENT(#22,#27);
#29=IFCBUILDINGSTOREY('17R0j_Vo5EcALj1$7BU6uX',#5,'S3','Nivel S3',$,#28,$,'Nivel',.ELEMENT.,-10.5);
#30=IFCCARTESIANPOINT((0.,0.,-7.));
#31=IFCAXIS2PLACEMENT3D(#30,$,$);
#32=IFCLOCALPLACEMENT(#22,#31);
#33=IFCBUILDINGSTOREY('2i$_U6d6D2PA$UY2S$MGn3',#5,'S2','Nivel S2',$,#32,$,'Nivel',.ELEMENT.,-7.);
#34=IFCCARTESIANPOINT((0.,0.,-3.5));
#35=IFCAXIS2PLACEMENT3D(#34,$,$);
#36=IFCLOCALPLACEMENT(#22,#35);
#37=IFCBUILDINGSTOREY('3A5rqjZ0n3Ru9jr$niym5K',#5,'S1','Nivel S1',$,#36,$,'Nivel',.ELEMENT.,-3.5);
#38=IFCCARTESIANPOINT((0.,0.,0.));
#39=IFCAXIS2PLACEMENT3D(#38,$,$);
#40=IFCLOCALPLACEMENT(#22,#39);
#41=IFCBUILDINGSTOREY('3MrNoLif5Fnf$IBTf6IEE7',#5,'PB','Nivel PB',$,#40,$,'Nivel',.ELEMENT.,0.);
#42=IFCCARTESIANPOINT((0.,0.,4.));
#43=IFCAXIS2PLACEMENT3D(#42,$,$);
#44=IFCLOCALPLACEMENT(#22,#43);
#45=IFCBUILDINGSTOREY('0hQaj$C65DCPJ7USaCp5Xl',#5,'P01','Nivel P01',$,#44,$,'Nivel',.ELEMENT.,4.);
#46=IFCCARTESIANPOINT((0.,0.,7.3499999999999996));
#47=IFCAXIS2PLACEMENT3D(#46,$,$);
#48=IFCLOCALPLACEMENT(#22,#47);
#49=IFCBUILDINGSTOREY('1UDNGUilv5nx89lG0tI7td',#5,'P02','Nivel P02',$,#48,$,'Nivel',.ELEMENT.,7.3499999999999996);
#50=IFCCARTESIANPOINT((0.,0.,10.699999999999999));
#51=IFCAXIS2PLACEMENT3D(#50,$,$);
#52=IFCLOCALPLACEMENT(#22,#51);
#53=IFCBUILDINGSTOREY('1qOxpAP_PEPwcFsrWXRSdV',#5,'P03','Nivel P03',$,#52,$,'Nivel',.ELEMENT.,10.699999999999999);
#54=IFCCARTESIANPOINT((0.,0.,14.050000000000001));
#55=IFCAXIS2PLACEMENT3D(#54,$,$);
#56=IFCLOCALPLACEMENT(#22,#55);
#57=IFCBUILDINGSTOREY('1aIU_UrC9EDu7Nv9WPrU$j',#5,'P04','Nivel P04',$,#56,$,'Nivel',.ELEMENT.,14.050000000000001);
#58=IFCCARTESIANPOINT((0.,0.,17.399999999999999));
#59=IFCAXIS2PLACEMENT3D(#58,$,$);
#60=IFCLOCALPLACEMENT(#22,#59);
#61=IFCBUILDINGSTOREY('3KWkfmAQH6hQioG$uBKYBl',#5,'P05','Nivel P05',$,#60,$,'Nivel',.ELEMENT.,17.399999999999999);
#62=IFCCARTESIANPOINT((0.,0.,20.75));
#63=IFCAXIS2PLACEMENT3D(#62,$,$);
#64=IFCLOCALPLACEMENT(#22,#63);
#65=IFCBUILDINGSTOREY('3LhK84phf4qwDbwgPk9w0c',#5,'P06','Nivel P06',$,#64,$,'Nivel',.ELEMENT.,20.75);
#66=IFCCARTESIANPOINT((0.,0.,24.100000000000001));
#67=IFCAXIS2PLACEMENT3D(#66,$,$);
#68=IFCLOCALPLACEMENT(#22,#67);
#69=IFCBUILDINGSTOREY('2zOlUgz1bBNv7iJe7$Xvs6',#5,'P07','Nivel P07',$,#68,$,'Nivel',.ELEMENT.,24.100000000000001);
#70=IFCCARTESIANPOINT((0.,0.,27.449999999999999));
#71=IFCAXIS2PLACEMENT3D(#70,$,$);
#72=IFCLOCALPLACEMENT(#22,#71);
#73=IFCBUILDINGSTOREY('3pCIcCiVjBJRrFC9LRpjj6',#5,'P08','Nivel P08',$,#72,$,'Nivel',.ELEMENT.,27.449999999999999);
#74=IFCCARTESIANPOINT((0.,0.,30.800000000000001));
#75=IFCAXIS2PLACEMENT3D(#74,$,$);
#76=IFCLOCALPLACEMENT(#22,#75);
#77=IFCBUILDINGSTOREY('3JlgoN0XT8MQociPalvW2s',#5,'P09','Nivel P09',$,#76,$,'Nivel',.ELEMENT.,30.800000000000001);
#78=IFCCARTESIANPOINT((0.,0.,34.150000000000006));
#79=IFCAXIS2PLACEMENT3D(#78,$,$);
#80=IFCLOCALPLACEMENT(#22,#79);
#81=IFCBUILDINGSTOREY('2V_tnJmKb3MAmLGjA9bnvB',#5,'P10','Nivel P10',$,#80,$,'Nivel',.ELEMENT.,34.150000000000006);
#82=IFCCARTESIANPOINT((0.,0.,37.5));
#83=IFCAXIS2PLACEMENT3D(#82,$,$);
#84=IFCLOCALPLACEMENT(#22,#83);
#85=IFCBUILDINGSTOREY('2CJA1UT3z7LARkXL0Ohox9',#5,'P11','Nivel P11',$,#84,$,'Nivel',.ELEMENT.,37.5);
#86=IFCCARTESIANPOINT((0.,0.,40.850000000000001));
#87=IFCAXIS2PLACEMENT3D(#86,$,$);
#88=IFCLOCALPLACEMENT(#22,#87);
#89=IFCBUILDINGSTOREY('3AsUeuYWf6q8zwfXm8N1Gl',#5,'P12','Nivel P12',$,#88,$,'Nivel',.ELEMENT.,40.850000000000001);
#90=IFCCARTESIANPOINT((0.,0.,44.200000000000003));
#91=IFCAXIS2PLACEMENT3D(#90,$,$);
#92=IFCLOCALPLACEMENT(#22,#91);
#93=IFCBUILDINGSTOREY('3IevhA$8DEROHLyplvKXIt',#5,'P13','Nivel P13',$,#92,$,'Nivel',.ELEMENT.,44.200000000000003);
#94=IFCCARTESIANPOINT((0.,0.,47.550000000000004));
#95=IFCAXIS2PLACEMENT3D(#94,$,$);
#96=IFCLOCALPLACEMENT(#22,#95);
#97=IFCBUILDINGSTOREY('3ODuJJPdf8CgkKnbFk4MDv',#5,'P14','Nivel P14',$,#96,$,'Nivel',.ELEMENT.,47.550000000000004);
#98=IFCCARTESIANPOINT((0.,0.,50.899999999999999));
#99=IFCAXIS2PLACEMENT3D(#98,$,$);
#100=IFCLOCALPLACEMENT(#22,#99);
#101=IFCBUILDINGSTOREY('2MlDiQyy50mw6B8XYeMVmq',#5,'P15','Nivel P15',$,#100,$,'Nivel',.ELEMENT.,50.899999999999999);
#102=IFCCARTESIANPOINT((0.,0.,54.25));
#103=IFCAXIS2PLACEMENT3D(#102,$,$);
#104=IFCLOCALPLACEMENT(#22,#103);
#105=IFCBUILDINGSTOREY('1d1XUcrbP70R1QanrmpN41',#5,'P16','Nivel P16',$,#104,$,'Nivel',.ELEMENT.,54.25);
#106=IFCCARTESIANPOINT((0.,0.,57.600000000000001));
#107=IFCAXIS2PLACEMENT3D(#106,$,$);
#108=IFCLOCALPLACEMENT(#22,#107);
#109=IFCBUILDINGSTOREY('06dwMkDtPA7hALz2ZK5U_2',#5,'P17','Nivel P17',$,#108,$,'Nivel',.ELEMENT.,57.600000000000001);
#110=IFCCARTESIANPOINT((0.,0.,60.950000000000003));
#111=IFCAXIS2PLACEMENT3D(#110,$,$);
#112=IFCLOCALPLACEMENT(#22,#111);
#113=IFCBUILDINGSTOREY('03rfiDqov1seaLckhYxCAL',#5,'P18','Nivel P18',$,#112,$,'Nivel',.ELEMENT.,60.950000000000003);
#114=IFCCARTESIANPOINT((0.,0.,64.300000000000011));
#115=IFCAXIS2PLACEMENT3D(#114,$,$);
#116=IFCLOCALPLACEMENT(#22,#115);
#117=IFCBUILDINGSTOREY('0jlwDx0_j2lh2XyNVzTDET',#5,'AZ','Nivel AZ',$,#116,$,'Nivel',.ELEMENT.,64.300000000000011);
#118=IFCRELAGGREGATES('1MDVzHeL95F8H1nvbOP9R1',#5,$,$,#23,(#29,#33,#37,#41,#45,#49,#53,#57,#61,#65,#69,#73,#77,#81,#85,#89,#93,#97,#101,#105,#109,#113,#117));
#119=IFCCARTESIANPOINT((45.,21.5,-0.44999999999999929));
#120=IFCAXIS2PLACEMENT3D(#119,$,$);
#121=IFCLOCALPLACEMENT(#28,#120);
#122=IFCCARTESIANPOINT((0.,0.));
#123=IFCAXIS2PLACEMENT2D(#122,$);
#124=IFCRECTANGLEPROFILEDEF(.AREA.,$,#123,85.,37.);
#125=IFCCARTESIANPOINT((0.,0.,0.));
#126=IFCAXIS2PLACEMENT3D(#125,$,$);
#127=IFCDIRECTION((0.,0.,1.));
#128=IFCEXTRUDEDAREASOLID(#124,#126,#127,0.45000000000000001);
#129=IFCSHAPEREPRESENTATION(#14,'Body','SweptSolid',(#128));
#130=IFCPRODUCTDEFINITIONSHAPE($,$,(#129));
#131=IFCSLAB('2ExoC4vnLEqgAAVAE076Au',#5,'LOSA_S3',$,$,#121,#130,$,$);
#132=IFCRELCONTAINEDINSPATIALSTRUCTURE('1x9vAMP29B3PSFS_Tevz3H',#5,$,$,(#131),#29);
#133=IFCCARTESIANPOINT((45.,21.5,-0.45000000000000018));
#134=IFCAXIS2PLACEMENT3D(#133,$,$);
#135=IFCLOCALPLACEMENT(#32,#134);
#136=IFCCARTESIANPOINT((0.,0.));
#137=IFCAXIS2PLACEMENT2D(#136,$);
#138=IFCRECTANGLEPROFILEDEF(.AREA.,$,#137,85.,37.);
#139=IFCCARTESIANPOINT((0.,0.,0.));
#140=IFCAXIS2PLACEMENT3D(#139,$,$);
#141=IFCDIRECTION((0.,0.,1.));
#142=IFCEXTRUDEDAREASOLID(#138,#140,#141,0.45000000000000001);
#143=IFCSHAPEREPRESENTATION(#14,'Body','SweptSolid',(#142));
#144=IFCPRODUCTDEFINITIONSHAPE($,$,(#143));
#145=IFCSLAB('2UafWvQCPBHQJuHRNEU2CA',#5,'LOSA_S2',$,$,#135,#144,$,$);
#146=IFCRELCONTAINEDINSPATIALSTRUCTURE('29PwqliuH1Wgf8P3nfdFUx',#5,$,$,(#145),#33);
#147=IFCCARTESIANPOINT((45.,21.5,-0.45000000000000018));
#148=IFCAXIS2PLACEMENT3D(#147,$,$);
#149=IFCLOCALPLACEMENT(#36,#148);
#150=IFCCARTESIANPOINT((0.,0.));
#151=IFCAXIS2PLACEMENT2D(#150,$);
#152=IFCRECTANGLEPROFILEDEF(.AREA.,$,#151,85.,37.);
#153=IFCCARTESIANPOINT((0.,0.,0.));
#154=IFCAXIS2PLACEMENT3D(#153,$,$);
#155=IFCDIRECTION((0.,0.,1.));
#156=IFCEXTRUDEDAREASOLID(#152,#154,#155,0.45000000000000001);
#157=IFCSHAPEREPRESENTATION(#14,'Body','SweptSolid',(#156));
#158=IFCPRODUCTDEFINITIONSHAPE($,$,(#157));
#159=IFCSLAB('3qlLTWo7L8bAGyEVdySsg2',#5,'LOSA_S1',$,$,#149,#158,$,$);
#160=IFCRELCONTAINEDINSPATIALSTRUCTURE('2ijazyz8vCmO5_ImP$mtJi',#5,$,$,(#159),#37);
#161=IFCCARTESIANPOINT((45.,21.5,-0.45000000000000001));
#162=IFCAXIS2PLACEMENT3D(#161,$,$);
#163=IFCLOCALPLACEMENT(#40,#162);
#164=IFCCARTESIANPOINT((0.,0.));
#165=IFCAXIS2PLACEMENT2D(#164,$);
#166=IFCRECTANGLEPROFILEDEF(.AREA.,$,#165,85.,37.);
#167=IFCCARTESIANPOINT((0.,0.,0.));
#168=IFCAXIS2PLACEMENT3D(#167,$,$);
#169=IFCDIRECTION((0.,0.,1.));
#170=IFCEXTRUDEDAREASOLID(#166,#168,#169,0.45000000000000001);
#171=IFCSHAPEREPRESENTATION(#14,'Body','SweptSolid',(#170));
#172=IFCPRODUCTDEFINITIONSHAPE($,$,(#171));
#173=IFCSLAB('1j5$RWDUf1Bg30PdkwVUmh',#5,'LOSA_PB',$,$,#163,#172,$,$);
#174=IFCRELCONTAINEDINSPATIALSTRUCTURE('0F5Dt$jcfEww7UdR735VgO',#5,$,$,(#173),#41);
#175=IFCCARTESIANPOINT((45.,21.5,-0.35000000000000009));
#176=IFCAXIS2PLACEMENT3D(#175,$,$);
#177=IFCLOCALPLACEMENT(#44,#176);
#178=IFCCARTESIANPOINT((0.,0.));
#179=IFCAXIS2PLACEMENT2D(#178,$);
#180=IFCRECTANGLEPROFILEDEF(.AREA.,$,#179,85.,37.);
#181=IFCCARTESIANPOINT((0.,0.,0.));
#182=IFCAXIS2PLACEMENT3D(#181,$,$);
#183=IFCDIRECTION((0.,0.,1.));
#184=IFCEXTRUDEDAREASOLID(#180,#182,#183,0.34999999999999998);
#185=IFCSHAPEREPRESENTATION(#14,'Body','SweptSolid',(#184));
#186=IFCPRODUCTDEFINITIONSHAPE($,$,(#185));
#187=IFCSLAB('0RDIZv48D1uhGNxCj_mcA7',#5,'LOSA_P01',$,$,#177,#186,$,$);
#188=IFCRELCONTAINEDINSPATIALSTRUCTURE('3TAfw1fX98k8Vr63g$OmZi',#5,$,$,(#187),#45);
#189=IFCCARTESIANPOINT((45.,21.5,-0.34999999999999964));
#190=IFCAXIS2PLACEMENT3D(#189,$,$);
#191=IFCLOCALPLACEMENT(#48,#190);
#192=IFCCARTESIANPOINT((0.,0.));
#193=IFCAXIS2PLACEMENT2D(#192,$);
#194=IFCRECTANGLEPROFILEDEF(.AREA.,$,#193,85.,37.);
#195=IFCCARTESIANPOINT((0.,0.,0.));
#196=IFCAXIS2PLACEMENT3D(#195,$,$);
#197=IFCDIRECTION((0.,0.,1.));
#198=IFCEXTRUDEDAREASOLID(#194,#196,#197,0.34999999999999998);
#199=IFCSHAPEREPRESENTATION(#14,'Body','SweptSolid',(#198));
#200=IFCPRODUCTDEFINITIONSHAPE($,$,(#199));
#201=IFCSLAB('1jVpFoWrLEkvMx7Tful8u8',#5,'LOSA_P02',$,$,#191,#200,$,$);
#202=IFCRELCONTAINEDINSPATIALSTRUCTURE('39aoXxAp54xujClmYmX_iy',#5,$,$,(#201),#49);
#203=IFCCARTESIANPOINT((45.,21.5,-0.34999999999999964));
#204=IFCAXIS2PLACEMENT3D(#203,$,$);
#205=IFCLOCALPLACEMENT(#52,#204);
#206=IFCCARTESIANPOINT((0.,0.));
#207=IFCAXIS2PLACEMENT2D(#206,$);
#208=IFCRECTANGLEPROFILEDEF(.AREA.,$,#207,85.,37.);
#209=IFCCARTESIANPOINT((0.,0.,0.));
#210=IFCAXIS2PLACEMENT3D(#209,$,$);
#211=IFCDIRECTION((0.,0.,1.));
#212=IFCEXTRUDEDAREASOLID(#208,#210,#211,0.34999999999999998);
#213=IFCSHAPEREPRESENTATION(#14,'Body','SweptSolid',(#212));
#214=IFCPRODUCTDEFINITIONSHAPE($,$,(#213));
#215=IFCSLAB('0neFfLtwrFRuvr3RWz7xPv',#5,'LOSA_P03',$,$,#205,#214,$,$);
#216=IFCRELCONTAINEDINSPATIALSTRUCTURE('0lHl7HptnDneH3FoaOXfQM',#5,$,$,(#215),#53);
#217=IFCCARTESIANPOINT((45.,21.5,-0.34999999999999964));
#218=IFCAXIS2PLACEMENT3D(#217,$,$);
#219=IFCLOCALPLACEMENT(#56,#218);
#220=IFCCARTESIANPOINT((0.,0.));
#221=IFCAXIS2PLACEMENT2D(#220,$);
#222=IFCRECTANGLEPROFILEDEF(.AREA.,$,#221,85.,37.);
#223=IFCCARTESIANPOINT((0.,0.,0.));
#224=IFCAXIS2PLACEMENT3D(#223,$,$);
#225=IFCDIRECTION((0.,0.,1.));
#226=IFCEXTRUDEDAREASOLID(#222,#224,#225,0.34999999999999998);
#227=IFCSHAPEREPRESENTATION(#14,'Body','SweptSolid',(#226));
#228=IFCPRODUCTDEFINITIONSHAPE($,$,(#227));
#229=IFCSLAB('0X9ZWsSNvCT9XoEmpxH7nx',#5,'LOSA_P04',$,$,#219,#228,$,$);
#230=IFCRELCONTAINEDINSPATIALSTRUCTURE('3uegYgP8HBPPh3j647Tvru',#5,$,$,(#229),#57);
#231=IFCCARTESIANPOINT((45.,21.5,-0.35000000000000142));
#232=IFCAXIS2PLACEMENT3D(#231,$,$);
#233=IFCLOCALPLACEMENT(#60,#232);
#234=IFCCARTESIANPOINT((0.,0.));
#235=IFCAXIS2PLACEMENT2D(#234,$);
#236=IFCRECTANGLEPROFILEDEF(.AREA.,$,#235,85.,37.);
#237=IFCCARTESIANPOINT((0.,0.,0.));
#238=IFCAXIS2PLACEMENT3D(#237,$,$);
#239=IFCDIRECTION((0.,0.,1.));
#240=IFCEXTRUDEDAREASOLID(#236,#238,#239,0.34999999999999998);
#241=IFCSHAPEREPRESENTATION(#14,'Body','SweptSolid',(#240));
#242=IFCPRODUCTDEFINITIONSHAPE($,$,(#241));
#243=IFCSLAB('23LupOPML9rQ_EoicTadcc',#5,'LOSA_P05',$,$,#233,#242,$,$);
#244=IFCRELCONTAINEDINSPATIALSTRUCTURE('0aYHvQeOb2ifbzllsck5iO',#5,$,$,(#243),#61);
#245=IFCCARTESIANPOINT((45.,21.5,-0.35000000000000142));
#246=IFCAXIS2PLACEMENT3D(#245,$,$);
#247=IFCLOCALPLACEMENT(#64,#246);
#248=IFCCARTESIANPOINT((0.,0.));
#249=IFCAXIS2PLACEMENT2D(#248,$);
#250=IFCRECTANGLEPROFILEDEF(.AREA.,$,#249,85.,37.);
#251=IFCCARTESIANPOINT((0.,0.,0.));
#252=IFCAXIS2PLACEMENT3D(#251,$,$);
#253=IFCDIRECTION((0.,0.,1.));
#254=IFCEXTRUDEDAREASOLID(#250,#252,#253,0.34999999999999998);
#255=IFCSHAPEREPRESENTATION(#14,'Body','SweptSolid',(#254));
#256=IFCPRODUCTDEFINITIONSHAPE($,$,(#255));
#257=IFCSLAB('2YWP$FUp52ohYS0an3J0Qr',#5,'LOSA_P06',$,$,#247,#256,$,$);
#258=IFCRELCONTAINEDINSPATIALSTRUCTURE('0IJ09e7LnDDR0IM6oUFdlc',#5,$,$,(#257),#65);
#259=IFCCARTESIANPOINT((45.,21.5,-0.35000000000000142));
#260=IFCAXIS2PLACEMENT3D(#259,$,$);
#261=IFCLOCALPLACEMENT(#68,#260);
#262=IFCCARTESIANPOINT((0.,0.));
#263=IFCAXIS2PLACEMENT2D(#262,$);
#264=IFCRECTANGLEPROFILEDEF(.AREA.,$,#263,85.,37.);
#265=IFCCARTESIANPOINT((0.,0.,0.));
#266=IFCAXIS2PLACEMENT3D(#265,$,$);
#267=IFCDIRECTION((0.,0.,1.));
#268=IFCEXTRUDEDAREASOLID(#264,#266,#267,0.34999999999999998);
#269=IFCSHAPEREPRESENTATION(#14,'Body','SweptSolid',(#268));
#270=IFCPRODUCTDEFINITIONSHAPE($,$,(#269));
#271=IFCSLAB('21RhxS2r98VhqHyjPfmhXC',#5,'LOSA_P07',$,$,#261,#270,$,$);
#272=IFCRELCONTAINEDINSPATIALSTRUCTURE('3MUlCc0jv1WhyRwEA8WF5t',#5,$,$,(#271),#69);
#273=IFCCARTESIANPOINT((45.,21.5,-0.35000000000000142));
#274=IFCAXIS2PLACEMENT3D(#273,$,$);
#275=IFCLOCALPLACEMENT(#72,#274);
#276=IFCCARTESIANPOINT((0.,0.));
#277=IFCAXIS2PLACEMENT2D(#276,$);
#278=IFCRECTANGLEPROFILEDEF(.AREA.,$,#277,85.,37.);
#279=IFCCARTESIANPOINT((0.,0.,0.));
#280=IFCAXIS2PLACEMENT3D(#279,$,$);
#281=IFCDIRECTION((0.,0.,1.));
#282=IFCEXTRUDEDAREASOLID(#278,#280,#281,0.34999999999999998);
#283=IFCSHAPEREPRESENTATION(#14,'Body','SweptSolid',(#282));
#284=IFCPRODUCTDEFINITIONSHAPE($,$,(#283));
#285=IFCSLAB('0f8IWky816Kv_0KLvUxLv9',#5,'LOSA_P08',$,$,#275,#284,$,$);
#286=IFCRELCONTAINEDINSPATIALSTRUCTURE('2XoScSMpLBo9Z04tHoZOGj',#5,$,$,(#285),#73);
#287=IFCCARTESIANPOINT((45.,21.5,-0.35000000000000142));
#288=IFCAXIS2PLACEMENT3D(#287,$,$);
#289=IFCLOCALPLACEMENT(#76,#288);
#290=IFCCARTESIANPOINT((0.,0.));
#291=IFCAXIS2PLACEMENT2D(#290,$);
#292=IFCRECTANGLEPROFILEDEF(.AREA.,$,#291,85.,37.);
#293=IFCCARTESIANPOINT((0.,0.,0.));
#294=IFCAXIS2PLACEMENT3D(#293,$,$);
#295=IFCDIRECTION((0.,0.,1.));
#296=IFCEXTRUDEDAREASOLID(#292,#294,#295,0.34999999999999998);
#297=IFCSHAPEREPRESENTATION(#14,'Body','SweptSolid',(#296));
#298=IFCPRODUCTDEFINITIONSHAPE($,$,(#297));
#299=IFCSLAB('3rWgfcnY9B59RMSjDRvXtH',#5,'LOSA_P09',$,$,#289,#298,$,$);
#300=IFCRELCONTAINEDINSPATIALSTRUCTURE('2UUJaTN3H7pepry_iOIbwL',#5,$,$,(#299),#77);
#301=IFCCARTESIANPOINT((45.,21.5,-0.35000000000000142));
#302=IFCAXIS2PLACEMENT3D(#301,$,$);
#303=IFCLOCALPLACEMENT(#80,#302);
#304=IFCCARTESIANPOINT((0.,0.));
#305=IFCAXIS2PLACEMENT2D(#304,$);
#306=IFCRECTANGLEPROFILEDEF(.AREA.,$,#305,85.,37.);
#307=IFCCARTESIANPOINT((0.,0.,0.));
#308=IFCAXIS2PLACEMENT3D(#307,$,$);
#309=IFCDIRECTION((0.,0.,1.));
#310=IFCEXTRUDEDAREASOLID(#306,#308,#309,0.34999999999999998);
#311=IFCSHAPEREPRESENTATION(#14,'Body','SweptSolid',(#310));
#312=IFCPRODUCTDEFINITIONSHAPE($,$,(#311));
#313=IFCSLAB('30SccqtTv33vOCgXmBXBpO',#5,'LOSA_P10',$,$,#303,#312,$,$);
#314=IFCRELCONTAINEDINSPATIALSTRUCTURE('2nuNb7h4H6YP4TrAeM7590',#5,$,$,(#313),#81);
#315=IFCCARTESIANPOINT((45.,21.5,-0.35000000000000142));
#316=IFCAXIS2PLACEMENT3D(#315,$,$);
#317=IFCLOCALPLACEMENT(#84,#316);
#318=IFCCARTESIANPOINT((0.,0.));
#319=IFCAXIS2PLACEMENT2D(#318,$);
#320=IFCRECTANGLEPROFILEDEF(.AREA.,$,#319,85.,37.);
#321=IFCCARTESIANPOINT((0.,0.,0.));
#322=IFCAXIS2PLACEMENT3D(#321,$,$);
#323=IFCDIRECTION((0.,0.,1.));
#324=IFCEXTRUDEDAREASOLID(#320,#322,#323,0.34999999999999998);
#325=IFCSHAPEREPRESENTATION(#14,'Body','SweptSolid',(#324));
#326=IFCPRODUCTDEFINITIONSHAPE($,$,(#325));
#327=IFCSLAB('1UTbt0bCr2N81mBAqTGP2F',#5,'LOSA_P11',$,$,#317,#326,$,$);
#328=IFCRELCONTAINEDINSPATIALSTRUCTURE('1Jaxfw1W148QkOXpjnfMga',#5,$,$,(#327),#85);
#329=IFCCARTESIANPOINT((45.,21.5,-0.35000000000000142));
#330=IFCAXIS2PLACEMENT3D(#329,$,$);
#331=IFCLOCALPLACEMENT(#88,#330);
#332=IFCCARTESIANPOINT((0.,0.));
#333=IFCAXIS2PLACEMENT2D(#332,$);
#334=IFCRECTANGLEPROFILEDEF(.AREA.,$,#333,85.,37.);
#335=IFCCARTESIANPOINT((0.,0.,0.));
#336=IFCAXIS2PLACEMENT3D(#335,$,$);
#337=IFCDIRECTION((0.,0.,1.));
#338=IFCEXTRUDEDAREASOLID(#334,#336,#337,0.34999999999999998);
#339=IFCSHAPEREPRESENTATION(#14,'Body','SweptSolid',(#338));
#340=IFCPRODUCTDEFINITIONSHAPE($,$,(#339));
#341=IFCSLAB('0Erb0p5gnEHP1HTs8cV4_W',#5,'LOSA_P12',$,$,#331,#340,$,$);
#342=IFCRELCONTAINEDINSPATIALSTRUCTURE('2nncwAJCb9RwZO9pTmGA5R',#5,$,$,(#341),#89);
#343=IFCCARTESIANPOINT((45.,21.5,-0.35000000000000142));
#344=IFCAXIS2PLACEMENT3D(#343,$,$);
#345=IFCLOCALPLACEMENT(#92,#344);
#346=IFCCARTESIANPOINT((0.,0.));
#347=IFCAXIS2PLACEMENT2D(#346,$);
#348=IFCRECTANGLEPROFILEDEF(.AREA.,$,#347,85.,37.);
#349=IFCCARTESIANPOINT((0.,0.,0.));
#350=IFCAXIS2PLACEMENT3D(#349,$,$);
#351=IFCDIRECTION((0.,0.,1.));
#352=IFCEXTRUDEDAREASOLID(#348,#350,#351,0.34999999999999998);
#353=IFCSHAPEREPRESENTATION(#14,'Body','SweptSolid',(#352));
#354=IFCPRODUCTDEFINITIONSHAPE($,$,(#353));
#355=IFCSLAB('2EZYL2xdf1kQMJPVhibPLB',#5,'LOSA_P13',$,$,#345,#354,$,$);
#356=IFCRELCONTAINEDINSPATIALSTRUCTURE('1pfcoNA0TEUeT_lPvxcw6B',#5,$,$,(#355),#93);
#357=IFCCARTESIANPOINT((45.,21.5,-0.35000000000000142));
#358=IFCAXIS2PLACEMENT3D(#357,$,$);
#359=IFCLOCALPLACEMENT(#96,#358);
#360=IFCCARTESIANPOINT((0.,0.));
#361=IFCAXIS2PLACEMENT2D(#360,$);
#362=IFCRECTANGLEPROFILEDEF(.AREA.,$,#361,85.,37.);
#363=IFCCARTESIANPOINT((0.,0.,0.));
#364=IFCAXIS2PLACEMENT3D(#363,$,$);
#365=IFCDIRECTION((0.,0.,1.));
#366=IFCEXTRUDEDAREASOLID(#362,#364,#365,0.34999999999999998);
#367=IFCSHAPEREPRESENTATION(#14,'Body','SweptSolid',(#366));
#368=IFCPRODUCTDEFINITIONSHAPE($,$,(#367));
#369=IFCSLAB('2kLerdAXbFqPvo6nu1N1yP',#5,'LOSA_P14',$,$,#359,#368,$,$);
#370=IFCRELCONTAINEDINSPATIALSTRUCTURE('3Jcnrq_D5A2eKLwUF3FpCf',#5,$,$,(#369),#97);
#371=IFCCARTESIANPOINT((45.,21.5,-0.35000000000000142));
#372=IFCAXIS2PLACEMENT3D(#371,$,$);
#373=IFCLOCALPLACEMENT(#100,#372);
#374=IFCCARTESIANPOINT((0.,0.));
#375=IFCAXIS2PLACEMENT2D(#374,$);
#376=IFCRECTANGLEPROFILEDEF(.AREA.,$,#375,85.,37.);
#377=IFCCARTESIANPOINT((0.,0.,0.));
#378=IFCAXIS2PLACEMENT3D(#377,$,$);
#379=IFCDIRECTION((0.,0.,1.));
#380=IFCEXTRUDEDAREASOLID(#376,#378,#379,0.34999999999999998);
#381=IFCSHAPEREPRESENTATION(#14,'Body','SweptSolid',(#380));
#382=IFCPRODUCTDEFINITIONSHAPE($,$,(#381));
#383=IFCSLAB('1VJw5gqQ10rvK_GWtbOWS5',#5,'LOSA_P15',$,$,#373,#382,$,$);
#384=IFCRELCONTAINEDINSPATIALSTRUCTURE('2m4jqzpCX8Oe1eD8QXzZXg',#5,$,$,(#383),#101);
#385=IFCCARTESIANPOINT((45.,21.5,-0.35000000000000142));
#386=IFCAXIS2PLACEMENT3D(#385,$,$);
#387=IFCLOCALPLACEMENT(#104,#386);
#388=IFCCARTESIANPOINT((0.,0.));
#389=IFCAXIS2PLACEMENT2D(#388,$);
#390=IFCRECTANGLEPROFILEDEF(.AREA.,$,#389,85.,37.);
#391=IFCCARTESIANPOINT((0.,0.,0.));
#392=IFCAXIS2PLACEMENT3D(#391,$,$);
#393=IFCDIRECTION((0.,0.,1.));
#394=IFCEXTRUDEDAREASOLID(#390,#392,#393,0.34999999999999998);
#395=IFCSHAPEREPRESENTATION(#14,'Body','SweptSolid',(#394));
#396=IFCPRODUCTDEFINITIONSHAPE($,$,(#395));
#397=IFCSLAB('0pPeb9cO12QxgzOjCYQc4r',#5,'LOSA_P16',$,$,#387,#396,$,$);
#398=IFCRELCONTAINEDINSPATIALSTRUCTURE('2h2NN_urj5LhlqLkLVtFFF',#5,$,$,(#397),#105);
#399=IFCCARTESIANPOINT((45.,21.5,-0.35000000000000142));
#400=IFCAXIS2PLACEMENT3D(#399,$,$);
#401=IFCLOCALPLACEMENT(#108,#400);
#402=IFCCARTESIANPOINT((0.,0.));
#403=IFCAXIS2PLACEMENT2D(#402,$);
#404=IFCRECTANGLEPROFILEDEF(.AREA.,$,#403,85.,37.);
#405=IFCCARTESIANPOINT((0.,0.,0.));
#406=IFCAXIS2PLACEMENT3D(#405,$,$);
#407=IFCDIRECTION((0.,0.,1.));
#408=IFCEXTRUDEDAREASOLID(#404,#406,#407,0.34999999999999998);
#409=IFCSHAPEREPRESENTATION(#14,'Body','SweptSolid',(#408));
#410=IFCPRODUCTDEFINITIONSHAPE($,$,(#409));
#411=IFCSLAB('3Lve1H$kf2hObuOpP4EDCf',#5,'LOSA_P17',$,$,#401,#410,$,$);
#412=IFCRELCONTAINEDINSPATIALSTRUCTURE('0HZaG25vL6H9EhpKvN9hRN',#5,$,$,(#411),#109);
#413=IFCCARTESIANPOINT((45.,21.5,-0.35000000000000142));
#414=IFCAXIS2PLACEMENT3D(#413,$,$);
#415=IFCLOCALPLACEMENT(#112,#414);
#416=IFCCARTESIANPOINT((0.,0.));
#417=IFCAXIS2PLACEMENT2D(#416,$);
#418=IFCRECTANGLEPROFILEDEF(.AREA.,$,#417,85.,37.);
#419=IFCCARTESIANPOINT((0.,0.,0.));
#420=IFCAXIS2PLACEMENT3D(#419,$,$);
#421=IFCDIRECTION((0.,0.,1.));
#422=IFCEXTRUDEDAREASOLID(#418,#420,#421,0.34999999999999998);
#423=IFCSHAPEREPRESENTATION(#14,'Body','SweptSolid',(#422));
#424=IFCPRODUCTDEFINITIONSHAPE($,$,(#423));
#425=IFCSLAB('1Is0jmKBrD0QbRlwkVHCis',#5,'LOSA_P18',$,$,#415,#424,$,$);
#426=IFCRELCONTAINEDINSPATIALSTRUCTURE('1gdfE5aKb2IeK6Ir4WXRBv',#5,$,$,(#425),#113);
#427=IFCCARTESIANPOINT((45.,21.5,-0.35000000000000142));
#428=IFCAXIS2PLACEMENT3D(#427,$,$);
#429=IFCLOCALPLACEMENT(#116,#428);
#430=IFCCARTESIANPOINT((0.,0.));
#431=IFCAXIS2PLACEMENT2D(#430,$);
#432=IFCRECTANGLEPROFILEDEF(.AREA.,$,#431,85.,37.);
#433=IFCCARTESIANPOINT((0.,0.,0.));
#434=IFCAXIS2PLACEMENT3D(#433,$,$);
#435=IFCDIRECTION((0.,0.,1.));
#436=IFCEXTRUDEDAREASOLID(#432,#434,#435,0.34999999999999998);
#437=IFCSHAPEREPRESENTATION(#14,'Body','SweptSolid',(#436));
#438=IFCPRODUCTDEFINITIONSHAPE($,$,(#437));
#439=IFCSLAB('2gVscHsP5FcxGixID9Dh0O',#5,'LOSA_AZ',$,$,#429,#438,$,$);
#440=IFCRELCONTAINEDINSPATIALSTRUCTURE('2oj8F4cr982v8705ctbWGN',#5,$,$,(#439),#117);
#441=IFCCARTESIANPOINT((2.5,3.,0.));
#442=IFCAXIS2PLACEMENT3D(#441,$,$);
#443=IFCLOCALPLACEMENT(#28,#442);
#444=IFCCARTESIANPOINT((0.,0.));
#445=IFCAXIS2PLACEMENT2D(#444,$);
#446=IFCRECTANGLEPROFILEDEF(.AREA.,$,#445,0.90000000000000002,0.90000000000000002);
#447=IFCCARTESIANPOINT((0.,0.,0.));
#448=IFCAXIS2PLACEMENT3D(#447,$,$);
#449=IFCDIRECTION((0.,0.,1.));
#450=IFCEXTRUDEDAREASOLID(#446,#448,#449,10.5);
#451=IFCSHAPEREPRESENTATION(#14,'Body','SweptSolid',(#450));
#452=IFCPRODUCTDEFINITIONSHAPE($,$,(#451));
#453=IFCCOLUMN('2zRCbU5tzDsw6RpkifAB9n',#5,'P001',$,$,#443,#452,$,$);
#454=IFCRELCONTAINEDINSPATIALSTRUCTURE('3gOFal9XTBjBDrFxmlr2JM',#5,$,$,(#453),#29);
#455=IFCCARTESIANPOINT((2.5,3.,0.));
#456=IFCAXIS2PLACEMENT3D(#455,$,$);
#457=IFCLOCALPLACEMENT(#40,#456);
#458=IFCCARTESIANPOINT((0.,0.));
#459=IFCAXIS2PLACEMENT2D(#458,$);
#460=IFCRECTANGLEPROFILEDEF(.AREA.,$,#459,0.80000000000000004,0.80000000000000004);
#461=IFCCARTESIANPOINT((0.,0.,0.));
#462=IFCAXIS2PLACEMENT3D(#461,$,$);
#463=IFCDIRECTION((0.,0.,1.));
#464=IFCEXTRUDEDAREASOLID(#460,#462,#463,20.75);
#465=IFCSHAPEREPRESENTATION(#14,'Body','SweptSolid',(#464));
#466=IFCPRODUCTDEFINITIONSHAPE($,$,(#465));
#467=IFCCOLUMN('29wxSHtsTDdBVdMtbaillI',#5,'P001',$,$,#457,#466,$,$);
#468=IFCRELCONTAINEDINSPATIALSTRUCTURE('1dOw$HICPBehtjk17$2s4Q',#5,$,$,(#467),#41);
#469=IFCCARTESIANPOINT((2.5,3.,0.));
#470=IFCAXIS2PLACEMENT3D(#469,$,$);
#471=IFCLOCALPLACEMENT(#64,#470);
#472=IFCCARTESIANPOINT((0.,0.));
#473=IFCAXIS2PLACEMENT2D(#472,$);
#474=IFCRECTANGLEPROFILEDEF(.AREA.,$,#473,0.69999999999999996,0.69999999999999996);
#475=IFCCARTESIANPOINT((0.,0.,0.));
#476=IFCAXIS2PLACEMENT3D(#475,$,$);
#477=IFCDIRECTION((0.,0.,1.));
#478=IFCEXTRUDEDAREASOLID(#474,#476,#477,20.100000000000001);
#479=IFCSHAPEREPRESENTATION(#14,'Body','SweptSolid',(#478));
#480=IFCPRODUCTDEFINITIONSHAPE($,$,(#479));
#481=IFCCOLUMN('1nFSCmkEf2Bwe1o4hhuupM',#5,'P001',$,$,#471,#480,$,$);
#482=IFCRELCONTAINEDINSPATIALSTRUCTURE('1WZiWmT5n8DwPApJoO7CD0',#5,$,$,(#481),#65);
#483=IFCCARTESIANPOINT((2.5,3.,0.));
#484=IFCAXIS2PLACEMENT3D(#483,$,$);
#485=IFCLOCALPLACEMENT(#88,#484);
#486=IFCCARTESIANPOINT((0.,0.));
#487=IFCAXIS2PLACEMENT2D(#486,$);
#488=IFCRECTANGLEPROFILEDEF(.AREA.,$,#487,0.59999999999999998,0.59999999999999998);
#489=IFCCARTESIANPOINT((0.,0.,0.));
#490=IFCAXIS2PLACEMENT3D(#489,$,$);
#491=IFCDIRECTION((0.,0.,1.));
#492=IFCEXTRUDEDAREASOLID(#488,#490,#491,23.45000000000001);
#493=IFCSHAPEREPRESENTATION(#14,'Body','SweptSolid',(#492));
#494=IFCPRODUCTDEFINITIONSHAPE($,$,(#493));
#495=IFCCOLUMN('2QS8Z36h58LOuHSM7WBM4Z',#5,'P001',$,$,#485,#494,$,$);
#496=IFCRELCONTAINEDINSPATIALSTRUCTURE('0nZ_$VoUv2CAFl2waMlQbe',#5,$,$,(#495),#89);
#497=IFCCARTESIANPOINT((2.5,10.,0.));
#498=IFCAXIS2PLACEMENT3D(#497,$,$);
#499=IFCLOCALPLACEMENT(#28,#498);
#500=IFCCARTESIANPOINT((0.,0.));
#501=IFCAXIS2PLACEMENT2D(#500,$);
#502=IFCRECTANGLEPROFILEDEF(.AREA.,$,#501,0.90000000000000002,0.90000000000000002);
#503=IFCCARTESIANPOINT((0.,0.,0.));
#504=IFCAXIS2PLACEMENT3D(#503,$,$);
#505=IFCDIRECTION((0.,0.,1.));
#506=IFCEXTRUDEDAREASOLID(#502,#504,#505,10.5);
#507=IFCSHAPEREPRESENTATION(#14,'Body','SweptSolid',(#506));
#508=IFCPRODUCTDEFINITIONSHAPE($,$,(#507));
#509=IFCCOLUMN('1P_xeRKz12CO0LFt$CGQqA',#5,'P002',$,$,#499,#508,$,$);
#510=IFCRELCONTAINEDINSPATIALSTRUCTURE('3Kzkl_BpX6yOfeGeBl94rI',#5,$,$,(#509),#29);
#511=IFCCARTESIANPOINT((2.5,10.,0.));
#512=IFCAXIS2PLACEMENT3D(#511,$,$);
#513=IFCLOCALPLACEMENT(#40,#512);
#514=IFCCARTESIANPOINT((0.,0.));
#515=IFCAXIS2PLACEMENT2D(#514,$);
#516=IFCRECTANGLEPROFILEDEF(.AREA.,$,#515,0.80000000000000004,0.80000000000000004);
#517=IFCCARTESIANPOINT((0.,0.,0.));
#518=IFCAXIS2PLACEMENT3D(#517,$,$);
#519=IFCDIRECTION((0.,0.,1.));
#520=IFCEXTRUDEDAREASOLID(#516,#518,#519,20.75);
#521=IFCSHAPEREPRESENTATION(#14,'Body','SweptSolid',(#520));
#522=IFCPRODUCTDEFINITIONSHAPE($,$,(#521));
#523=IFCCOLUMN('1nTCShi6f7IuGr5j_jJvc5',#5,'P002',$,$,#513,#522,$,$);
#524=IFCRELCONTAINEDINSPATIALSTRUCTURE('0GlG_Qenb51Pps0zPPT5Q3',#5,$,$,(#523),#41);
#525=IFCCARTESIANPOINT((2.5,10.,0.));
#526=IFCAXIS2PLACEMENT3D(#525,$,$);
#527=IFCLOCALPLACEMENT(#64,#526);
#528=IFCCARTESIANPOINT((0.,0.));
#529=IFCAXIS2PLACEMENT2D(#528,$);
#530=IFCRECTANGLEPROFILEDEF(.AREA.,$,#529,0.69999999999999996,0.69999999999999996);
#531=IFCCARTESIANPOINT((0.,0.,0.));
#532=IFCAXIS2PLACEMENT3D(#531,$,$);
#533=IFCDIRECTION((0.,0.,1.));
#534=IFCEXTRUDEDAREASOLID(#530,#532,#533,20.100000000000001);
#535=IFCSHAPEREPRESENTATION(#14,'Body','SweptSolid',(#534));
#536=IFCPRODUCTDEFINITIONSHAPE($,$,(#535));
#537=IFCCOLUMN('3jYel$cL926PcZDV749pbg',#5,'P002',$,$,#527,#536,$,$);
#538=IFCRELCONTAINEDINSPATIALSTRUCTURE('1eX49e9VrAhuHAn_F7Xs3C',#5,$,$,(#537),#65);
#539=IFCCARTESIANPOINT((2.5,10.,0.));
#540=IFCAXIS2PLACEMENT3D(#539,$,$);
#541=IFCLOCALPLACEMENT(#88,#540);
#542=IFCCARTESIANPOINT((0.,0.));
#543=IFCAXIS2PLACEMENT2D(#542,$);
#544=IFCRECTANGLEPROFILEDEF(.AREA.,$,#543,0.59999999999999998,0.59999999999999998);
#545=IFCCARTESIANPOINT((0.,0.,0.));
#546=IFCAXIS2PLACEMENT3D(#545,$,$);
#547=IFCDIRECTION((0.,0.,1.));
#548=IFCEXTRUDEDAREASOLID(#544,#546,#547,23.45000000000001);
#549=IFCSHAPEREPRESENTATION(#14,'Body','SweptSolid',(#548));
#550=IFCPRODUCTDEFINITIONSHAPE($,$,(#549));
#551=IFCCOLUMN('1GLiWGVab2hOG$kS28h0Oq',#5,'P002',$,$,#541,#550,$,$);
#552=IFCRELCONTAINEDINSPATIALSTRUCTURE('380Xh33qz7KxQA52JskzxG',#5,$,$,(#551),#89);
#553=IFCCARTESIANPOINT((2.5,17.,0.));
#554=IFCAXIS2PLACEMENT3D(#553,$,$);
#555=IFCLOCALPLACEMENT(#28,#554);
#556=IFCCARTESIANPOINT((0.,0.));
#557=IFCAXIS2PLACEMENT2D(#556,$);
#558=IFCRECTANGLEPROFILEDEF(.AREA.,$,#557,0.90000000000000002,0.90000000000000002);
#559=IFCCARTESIANPOINT((0.,0.,0.));
#560=IFCAXIS2PLACEMENT3D(#559,$,$);
#561=IFCDIRECTION((0.,0.,1.));
#562=IFCEXTRUDEDAREASOLID(#558,#560,#561,10.5);
#563=IFCSHAPEREPRESENTATION(#14,'Body','SweptSolid',(#562));
#564=IFCPRODUCTDEFINITIONSHAPE($,$,(#563));
#565=IFCCOLUMN('2QRSqRHcT1oAdqdp5uJidh',#5,'P003',$,$,#555,#564,$,$);
#566=IFCRELCONTAINEDINSPATIALSTRUCTURE('1$3FfLa3n638MWpcMHZm7m',#5,$,$,(#565),#29);
#567=IFCCARTESIANPOINT((2.5,17.,0.));
#568=IFCAXIS2PLACEMENT3D(#567,$,$);
#569=IFCLOCALPLACEMENT(#40,#568);
#570=IFCCARTESIANPOINT((0.,0.));
#571=IFCAXIS2PLACEMENT2D(#570,$);
#572=IFCRECTANGLEPROFILEDEF(.AREA.,$,#571,0.80000000000000004,0.80000000000000004);
#573=IFCCARTESIANPOINT((0.,0.,0.));
#574=IFCAXIS2PLACEMENT3D(#573,$,$);
#575=IFCDIRECTION((0.,0.,1.));
#576=IFCEXTRUDEDAREASOLID(#572,#574,#575,20.75);
#577=IFCSHAPEREPRESENTATION(#14,'Body','SweptSolid',(#576));
#578=IFCPRODUCTDEFINITIONSHAPE($,$,(#577));
#579=IFCCOLUMN('1zlsBZeoHBkh2EXPrwAL01',#5,'P003',$,$,#569,#578,$,$);
#580=IFCRELCONTAINEDINSPATIALSTRUCTURE('0nF4PNzzH2OfctPYgwRnDK',#5,$,$,(#579),#41);
#581=IFCCARTESIANPOINT((2.5,17.,0.));
#582=IFCAXIS2PLACEMENT3D(#581,$,$);
#583=IFCLOCALPLACEMENT(#64,#582);
#584=IFCCARTESIANPOINT((0.,0.));
#585=IFCAXIS2PLACEMENT2D(#584,$);
#586=IFCRECTANGLEPROFILEDEF(.AREA.,$,#585,0.69999999999999996,0.69999999999999996);
#587=IFCCARTESIANPOINT((0.,0.,0.));
#588=IFCAXIS2PLACEMENT3D(#587,$,$);
#589=IFCDIRECTION((0.,0.,1.));
#590=IFCEXTRUDEDAREASOLID(#586,#588,#589,20.100000000000001);
#591=IFCSHAPEREPRESENTATION(#14,'Body','SweptSolid',(#590));
#592=IFCPRODUCTDEFINITIONSHAPE($,$,(#591));
#593=IFCCOLUMN('1x0m40jkr7xwr27kGylppn',#5,'P003',$,$,#583,#592,$,$);
#594=IFCRELCONTAINEDINSPATIALSTRUCTURE('3_Vypc5UL7FOFZshHVc9rI',#5,$,$,(#593),#65);
#595=IFCCARTESIANPOINT((2.5,17.,0.));
#596=IFCAXIS2PLACEMENT3D(#595,$,$);
#597=IFCLOCALPLACEMENT(#88,#596);
#598=IFCCARTESIANPOINT((0.,0.));
#599=IFCAXIS2PLACEMENT2D(#598,$);
#600=IFCRECTANGLEPROFILEDEF(.AREA.,$,#599,0.59999999999999998,0.59999999999999998);
#601=IFCCARTESIANPOINT((0.,0.,0.));
#602=IFCAXIS2PLACEMENT3D(#601,$,$);
#603=IFCDIRECTION((0.,0.,1.));
#604=IFCEXTRUDEDAREASOLID(#600,#602,#603,23.45000000000001);
#605=IFCSHAPEREPRESENTATION(#14,'Body','SweptSolid',(#604));
#606=IFCPRODUCTDEFINITIONSHAPE($,$,(#605));
#607=IFCCOLUMN('0_7LeQ5Rv5EfNZc_DdRc9y',#5,'P003',$,$,#597,#606,$,$);
#608=IFCRELCONTAINEDINSPATIALSTRUCTURE('0HfWfa09L3iQHwFaKVdkQ$',#5,$,$,(#607),#89);
#609=IFCCARTESIANPOINT((2.5,26.,0.));
#610=IFCAXIS2PLACEMENT3D(#609,$,$);
#611=IFCLOCALPLACEMENT(#28,#610);
#612=IFCCARTESIANPOINT((0.,0.));
#613=IFCAXIS2PLACEMENT2D(#612,$);
#614=IFCRECTANGLEPROFILEDEF(.AREA.,$,#613,0.90000000000000002,0.90000000000000002);
#615=IFCCARTESIANPOINT((0.,0.,0.));
#616=IFCAXIS2PLACEMENT3D(#615,$,$);
#617=IFCDIRECTION((0.,0.,1.));
#618=IFCEXTRUDEDAREASOLID(#614,#616,#617,10.5);
#619=IFCSHAPEREPRESENTATION(#14,'Body','SweptSolid',(#618));
#620=IFCPRODUCTDEFINITIONSHAPE($,$,(#619));
#621=IFCCOLUMN('3q4VmZLPj7iuNisvXaQbIy',#5,'P004',$,$,#611,#620,$,$);
#622=IFCRELCONTAINEDINSPATIALSTRUCTURE('34u7L9Bl93dRyxH9C2soEU',#5,$,$,(#621),#29);
#623=IFCCARTESIANPOINT((2.5,26.,0.));
#624=IFCAXIS2PLACEMENT3D(#623,$,$);
#625=IFCLOCALPLACEMENT(#40,#624);
#626=IFCCARTESIANPOINT((0.,0.));
#627=IFCAXIS2PLACEMENT2D(#626,$);
#628=IFCRECTANGLEPROFILEDEF(.AREA.,$,#627,0.80000000000000004,0.80000000000000004);
#629=IFCCARTESIANPOINT((0.,0.,0.));
#630=IFCAXIS2PLACEMENT3D(#629,$,$);
#631=IFCDIRECTION((0.,0.,1.));
#632=IFCEXTRUDEDAREASOLID(#628,#630,#631,20.75);
#633=IFCSHAPEREPRESENTATION(#14,'Body','SweptSolid',(#632));
#634=IFCPRODUCTDEFINITIONSHAPE($,$,(#633));
#635=IFCCOLUMN('2YiStQ2iP2SeyWC5aqG6GP',#5,'P004',$,$,#625,#634,$,$);
#636=IFCRELCONTAINEDINSPATIALSTRUCTURE('0Jq_i3QHL6jAXHamQ2Vdv$',#5,$,$,(#635),#41);
#637=IFCCARTESIANPOINT((2.5,26.,0.));
#638=IFCAXIS2PLACEMENT3D(#637,$,$);
#639=IFCLOCALPLACEMENT(#64,#638);
#640=IFCCARTESIANPOINT((0.,0.));
#641=IFCAXIS2PLACEMENT2D(#640,$);
#642=IFCRECTANGLEPROFILEDEF(.AREA.,$,#641,0.69999999999999996,0.69999999999999996);
#643=IFCCARTESIANPOINT((0.,0.,0.));
#644=IFCAXIS2PLACEMENT3D(#643,$,$);
#645=IFCDIRECTION((0.,0.,1.));
#646=IFCEXTRUDEDAREASOLID(#642,#644,#645,20.100000000000001);
#647=IFCSHAPEREPRESENTATION(#14,'Body','SweptSolid',(#646));
#648=IFCPRODUCTDEFINITIONSHAPE($,$,(#647));
#649=IFCCOLUMN('1Gk9k9Xt91ZPvUCfKo57Sd',#5,'P004',$,$,#639,#648,$,$);
#650=IFCRELCONTAINEDINSPATIALSTRUCTURE('2nzUYweVf7xwbx9S9$UdT0',#5,$,$,(#649),#65);
#651=IFCCARTESIANPOINT((2.5,26.,0.));
#652=IFCAXIS2PLACEMENT3D(#651,$,$);
#653=IFCLOCALPLACEMENT(#88,#652);
#654=IFCCARTESIANPOINT((0.,0.));
#655=IFCAXIS2PLACEMENT2D(#654,$);
#656=IFCRECTANGLEPROFILEDEF(.AREA.,$,#655,0.59999999999999998,0.59999999999999998);
#657=IFCCARTESIANPOINT((0.,0.,0.));
#658=IFCAXIS2PLACEMENT3D(#657,$,$);
#659=IFCDIRECTION((0.,0.,1.));
#660=IFCEXTRUDEDAREASOLID(#656,#658,#659,23.45000000000001);
#661=IFCSHAPEREPRESENTATION(#14,'Body','SweptSolid',(#660));
#662=IFCPRODUCTDEFINITIONSHAPE($,$,(#661));
#663=IFCCOLUMN('1NerLo$758wAwB7v6PSs4D',#5,'P004',$,$,#653,#662,$,$);
#664=IFCRELCONTAINEDINSPATIALSTRUCTURE('17cp6zlvPE0PfQ$pta4Ag9',#5,$,$,(#663),#89);
#665=IFCCARTESIANPOINT((2.5,33.,0.));
#666=IFCAXIS2PLACEMENT3D(#665,$,$);
#667=IFCLOCALPLACEMENT(#28,#666);
#668=IFCCARTESIANPOINT((0.,0.));
#669=IFCAXIS2PLACEMENT2D(#668,$);
#670=IFCRECTANGLEPROFILEDEF(.AREA.,$,#669,0.90000000000000002,0.90000000000000002);
#671=IFCCARTESIANPOINT((0.,0.,0.));
#672=IFCAXIS2PLACEMENT3D(#671,$,$);
#673=IFCDIRECTION((0.,0.,1.));
#674=IFCEXTRUDEDAREASOLID(#670,#672,#673,10.5);
#675=IFCSHAPEREPRESENTATION(#14,'Body','SweptSolid',(#674));
#676=IFCPRODUCTDEFINITIONSHAPE($,$,(#675));
#677=IFCCOLUMN('3qAM2w2F97AeoB1gkWzJUo',#5,'P005',$,$,#667,#676,$,$);
#678=IFCRELCONTAINEDINSPATIALSTRUCTURE('2WPWlC3yH2T9Xtsc5YZDQn',#5,$,$,(#677),#29);
#679=IFCCARTESIANPOINT((2.5,33.,0.));
#680=IFCAXIS2PLACEMENT3D(#679,$,$);
#681=IFCLOCALPLACEMENT(#40,#680);
#682=IFCCARTESIANPOINT((0.,0.));
#683=IFCAXIS2PLACEMENT2D(#682,$);
#684=IFCRECTANGLEPROFILEDEF(.AREA.,$,#683,0.80000000000000004,0.80000000000000004);
#685=IFCCARTESIANPOINT((0.,0.,0.));
#686=IFCAXIS2PLACEMENT3D(#685,$,$);
#687=IFCDIRECTION((0.,0.,1.));
#688=IFCEXTRUDEDAREASOLID(#684,#686,#687,20.75);
#689=IFCSHAPEREPRESENTATION(#14,'Body','SweptSolid',(#688));
#690=IFCPRODUCTDEFINITIONSHAPE($,$,(#689));
#691=IFCCOLUMN('08B6dshkH0jh6ER7PEX3X5',#5,'P005',$,$,#681,#690,$,$);
#692=IFCRELCONTAINEDINSPATIALSTRUCTURE('3qPTG1L$zFhvsYtG9CxC3U',#5,$,$,(#691),#41);
#693=IFCCARTESIANPOINT((2.5,33.,0.));
#694=IFCAXIS2PLACEMENT3D(#693,$,$);
#695=IFCLOCALPLACEMENT(#64,#694);
#696=IFCCARTESIANPOINT((0.,0.));
#697=IFCAXIS2PLACEMENT2D(#696,$);
#698=IFCRECTANGLEPROFILEDEF(.AREA.,$,#697,0.69999999999999996,0.69999999999999996);
#699=IFCCARTESIANPOINT((0.,0.,0.));
#700=IFCAXIS2PLACEMENT3D(#699,$,$);
#701=IFCDIRECTION((0.,0.,1.));
#702=IFCEXTRUDEDAREASOLID(#698,#700,#701,20.100000000000001);
#703=IFCSHAPEREPRESENTATION(#14,'Body','SweptSolid',(#702));
#704=IFCPRODUCTDEFINITIONSHAPE($,$,(#703));
#705=IFCCOLUMN('0sSJXKZun0Hwd5INwVFY$E',#5,'P005',$,$,#695,#704,$,$);
#706=IFCRELCONTAINEDINSPATIALSTRUCTURE('1Y4w4mimP4Eg25sdAZCDCx',#5,$,$,(#705),#65);
#707=IFCCARTESIANPOINT((2.5,33.,0.));
#708=IFCAXIS2PLACEMENT3D(#707,$,$);
#709=IFCLOCALPLACEMENT(#88,#708);
#710=IFCCARTESIANPOINT((0.,0.));
#711=IFCAXIS2PLACEMENT2D(#710,$);
#712=IFCRECTANGLEPROFILEDEF(.AREA.,$,#711,0.59999999999999998,0.59999999999999998);
#713=IFCCARTESIANPOINT((0.,0.,0.));
#714=IFCAXIS2PLACEMENT3D(#713,$,$);
#715=IFCDIRECTION((0.,0.,1.));
#716=IFCEXTRUDEDAREASOLID(#712,#714,#715,23.45000000000001);
#717=IFCSHAPEREPRESENTATION(#14,'Body','SweptSolid',(#716));
#718=IFCPRODUCTDEFINITIONSHAPE($,$,(#717));
#719=IFCCOLUMN('3Ux5Sh8c1B6feo9AttjLUC',#5,'P005',$,$,#709,#718,$,$);
#720=IFCRELCONTAINEDINSPATIALSTRUCTURE('3pAyhK7WPD3PIRwPBooCD9',#5,$,$,(#719),#89);
#721=IFCCARTESIANPOINT((2.5,40.,0.));
#722=IFCAXIS2PLACEMENT3D(#721,$,$);
#723=IFCLOCALPLACEMENT(#28,#722);
#724=IFCCARTESIANPOINT((0.,0.));
#725=IFCAXIS2PLACEMENT2D(#724,$);
#726=IFCRECTANGLEPROFILEDEF(.AREA.,$,#725,0.90000000000000002,0.90000000000000002);
#727=IFCCARTESIANPOINT((0.,0.,0.));
#728=IFCAXIS2PLACEMENT3D(#727,$,$);
#729=IFCDIRECTION((0.,0.,1.));
#730=IFCEXTRUDEDAREASOLID(#726,#728,#729,10.5);
#731=IFCSHAPEREPRESENTATION(#14,'Body','SweptSolid',(#730));
#732=IFCPRODUCTDEFINITIONSHAPE($,$,(#731));
#733=IFCCOLUMN('2TC2L48zH11RxMNuN1XDlT',#5,'P006',$,$,#723,#732,$,$);
#734=IFCRELCONTAINEDINSPATIALSTRUCTURE('0w1tQp0YfFvwU1gLmczrxV',#5,$,$,(#733),#29);
#735=IFCCARTESIANPOINT((2.5,40.,0.));
#736=IFCAXIS2PLACEMENT3D(#735,$,$);
#737=IFCLOCALPLACEMENT(#40,#736);
#738=IFCCARTESIANPOINT((0.,0.));
#739=IFCAXIS2PLACEMENT2D(#738,$);
#740=IFCRECTANGLEPROFILEDEF(.AREA.,$,#739,0.80000000000000004,0.80000000000000004);
#741=IFCCARTESIANPOINT((0.,0.,0.));
#742=IFCAXIS2PLACEMENT3D(#741,$,$);
#743=IFCDIRECTION((0.,0.,1.));
#744=IFCEXTRUDEDAREASOLID(#740,#742,#743,20.75);
#745=IFCSHAPEREPRESENTATION(#14,'Body','SweptSolid',(#744));
#746=IFCPRODUCTDEFINITIONSHAPE($,$,(#745));
#747=IFCCOLUMN('30$s7aD4j0WgEl_yuWjhEQ',#5,'P006',$,$,#737,#746,$,$);
#748=IFCRELCONTAINEDINSPATIALSTRUCTURE('3KlDyGdPX5fPdlG6nLLe_Z',#5,$,$,(#747),#41);
#749=IFCCARTESIANPOINT((2.5,40.,0.));
#750=IFCAXIS2PLACEMENT3D(#749,$,$);
#751=IFCLOCALPLACEMENT(#64,#750);
#752=IFCCARTESIANPOINT((0.,0.));
#753=IFCAXIS2PLACEMENT2D(#752,$);
#754=IFCRECTANGLEPROFILEDEF(.AREA.,$,#753,0.69999999999999996,0.69999999999999996);
#755=IFCCARTESIANPOINT((0.,0.,0.));
#756=IFCAXIS2PLACEMENT3D(#755,$,$);
#757=IFCDIRECTION((0.,0.,1.));
#758=IFCEXTRUDEDAREASOLID(#754,#756,#757,20.100000000000001);
#759=IFCSHAPEREPRESENTATION(#14,'Body','SweptSolid',(#758));
#760=IFCPRODUCTDEFINITIONSHAPE($,$,(#759));
#761=IFCCOLUMN('0y1b14U4vDTPJaBaq0Jrjx',#5,'P006',$,$,#751,#760,$,$);
#762=IFCRELCONTAINEDINSPATIALSTRUCTURE('3GUXhhG1jDg8OnGlyZhzUP',#5,$,$,(#761),#65);
#763=IFCCARTESIANPOINT((2.5,40.,0.));
#764=IFCAXIS2PLACEMENT3D(#763,$,$);
#765=IFCLOCALPLACEMENT(#88,#764);
#766=IFCCARTESIANPOINT((0.,0.));
#767=IFCAXIS2PLACEMENT2D(#766,$);
#768=IFCRECTANGLEPROFILEDEF(.AREA.,$,#767,0.59999999999999998,0.59999999999999998);
#769=IFCCARTESIANPOINT((0.,0.,0.));
#770=IFCAXIS2PLACEMENT3D(#769,$,$);
#771=IFCDIRECTION((0.,0.,1.));
#772=IFCEXTRUDEDAREASOLID(#768,#770,#771,23.45000000000001);
#773=IFCSHAPEREPRESENTATION(#14,'Body','SweptSolid',(#772));
#774=IFCPRODUCTDEFINITIONSHAPE($,$,(#773));
#775=IFCCOLUMN('0fmDgpSJb1hPNVHN5YWeyM',#5,'P006',$,$,#765,#774,$,$);
#776=IFCRELCONTAINEDINSPATIALSTRUCTURE('2$AGkCBEX4Cv$MgbTmFLkD',#5,$,$,(#775),#89);
#777=IFCCARTESIANPOINT((10.380000000000001,3.,0.));
#778=IFCAXIS2PLACEMENT3D(#777,$,$);
#779=IFCLOCALPLACEMENT(#28,#778);
#780=IFCCARTESIANPOINT((0.,0.));
#781=IFCAXIS2PLACEMENT2D(#780,$);
#782=IFCRECTANGLEPROFILEDEF(.AREA.,$,#781,0.90000000000000002,0.90000000000000002);
#783=IFCCARTESIANPOINT((0.,0.,0.));
#784=IFCAXIS2PLACEMENT3D(#783,$,$);
#785=IFCDIRECTION((0.,0.,1.));
#786=IFCEXTRUDEDAREASOLID(#782,#784,#785,10.5);
#787=IFCSHAPEREPRESENTATION(#14,'Body','SweptSolid',(#786));
#788=IFCPRODUCTDEFINITIONSHAPE($,$,(#787));
#789=IFCCOLUMN('0hUHBnhpv62gwXWwDO0APq',#5,'P007',$,$,#779,#788,$,$);
#790=IFCRELCONTAINEDINSPATIALSTRUCTURE('2cReG0aXHE5OYYz3BVwkYQ',#5,$,$,(#789),#29);
#791=IFCCARTESIANPOINT((10.380000000000001,3.,0.));
#792=IFCAXIS2PLACEMENT3D(#791,$,$);
#793=IFCLOCALPLACEMENT(#40,#792);
#794=IFCCARTESIANPOINT((0.,0.));
#795=IFCAXIS2PLACEMENT2D(#794,$);
#796=IFCRECTANGLEPROFILEDEF(.AREA.,$,#795,0.80000000000000004,0.80000000000000004);
#797=IFCCARTESIANPOINT((0.,0.,0.));
#798=IFCAXIS2PLACEMENT3D(#797,$,$);
#799=IFCDIRECTION((0.,0.,1.));
#800=IFCEXTRUDEDAREASOLID(#796,#798,#799,20.75);
#801=IFCSHAPEREPRESENTATION(#14,'Body','SweptSolid',(#800));
#802=IFCPRODUCTDEFINITIONSHAPE($,$,(#801));
#803=IFCCOLUMN('1w$WHaDOr2Xe$RfsPhIz3e',#5,'P007',$,$,#793,#802,$,$);
#804=IFCRELCONTAINEDINSPATIALSTRUCTURE('17xdbePUj8oRD4XIn2FjHD',#5,$,$,(#803),#41);
#805=IFCCARTESIANPOINT((10.380000000000001,3.,0.));
#806=IFCAXIS2PLACEMENT3D(#805,$,$);
#807=IFCLOCALPLACEMENT(#64,#806);
#808=IFCCARTESIANPOINT((0.,0.));
#809=IFCAXIS2PLACEMENT2D(#808,$);
#810=IFCRECTANGLEPROFILEDEF(.AREA.,$,#809,0.69999999999999996,0.69999999999999996);
#811=IFCCARTESIANPOINT((0.,0.,0.));
#812=IFCAXIS2PLACEMENT3D(#811,$,$);
#813=IFCDIRECTION((0.,0.,1.));
#814=IFCEXTRUDEDAREASOLID(#810,#812,#813,20.100000000000001);
#815=IFCSHAPEREPRESENTATION(#14,'Body','SweptSolid',(#814));
#816=IFCPRODUCTDEFINITIONSHAPE($,$,(#815));
#817=IFCCOLUMN('0s54pQJlrBHBU8FFg84Lnf',#5,'P007',$,$,#807,#816,$,$);
#818=IFCRELCONTAINEDINSPATIALSTRUCTURE('2n4N5rUNrETxEveGy4d7Mq',#5,$,$,(#817),#65);
#819=IFCCARTESIANPOINT((10.380000000000001,3.,0.));
#820=IFCAXIS2PLACEMENT3D(#819,$,$);
#821=IFCLOCALPLACEMENT(#88,#820);
#822=IFCCARTESIANPOINT((0.,0.));
#823=IFCAXIS2PLACEMENT2D(#822,$);
#824=IFCRECTANGLEPROFILEDEF(.AREA.,$,#823,0.59999999999999998,0.59999999999999998);
#825=IFCCARTESIANPOINT((0.,0.,0.));
#826=IFCAXIS2PLACEMENT3D(#825,$,$);
#827=IFCDIRECTION((0.,0.,1.));
#828=IFCEXTRUDEDAREASOLID(#824,#826,#827,23.45000000000001);
#829=IFCSHAPEREPRESENTATION(#14,'Body','SweptSolid',(#828));
#830=IFCPRODUCTDEFINITIONSHAPE($,$,(#829));
#831=IFCCOLUMN('2ICqguBRDAR8nlPvc3rhKh',#5,'P007',$,$,#821,#830,$,$);
#832=IFCRELCONTAINEDINSPATIALSTRUCTURE('2gclw1jAr4cfTiM$KQTIae',#5,$,$,(#831),#89);
#833=IFCCARTESIANPOINT((10.380000000000001,10.,0.));
#834=IFCAXIS2PLACEMENT3D(#833,$,$);
#835=IFCLOCALPLACEMENT(#28,#834);
#836=IFCCARTESIANPOINT((0.,0.));
#837=IFCAXIS2PLACEMENT2D(#836,$);
#838=IFCRECTANGLEPROFILEDEF(.AREA.,$,#837,0.90000000000000002,0.90000000000000002);
#839=IFCCARTESIANPOINT((0.,0.,0.));
#840=IFCAXIS2PLACEMENT3D(#839,$,$);
#841=IFCDIRECTION((0.,0.,1.));
#842=IFCEXTRUDEDAREASOLID(#838,#840,#841,10.5);
#843=IFCSHAPEREPRESENTATION(#14,'Body','SweptSolid',(#842));
#844=IFCPRODUCTDEFINITIONSHAPE($,$,(#843));
#845=IFCCOLUMN('1MTWjm7Vj05ANNvjkWtQTz',#5,'P008',$,$,#835,#844,$,$);
#846=IFCRELCONTAINEDINSPATIALSTRUCTURE('0Wlhlsekv9qhhAwxS_rajT',#5,$,$,(#845),#29);
#847=IFCCARTESIANPOINT((10.380000000000001,10.,0.));
#848=IFCAXIS2PLACEMENT3D(#847,$,$);
#849=IFCLOCALPLACEMENT(#40,#848);
#850=IFCCARTESIANPOINT((0.,0.));
#851=IFCAXIS2PLACEMENT2D(#850,$);
#852=IFCRECTANGLEPROFILEDEF(.AREA.,$,#851,0.80000000000000004,0.80000000000000004);
#853=IFCCARTESIANPOINT((0.,0.,0.));
#854=IFCAXIS2PLACEMENT3D(#853,$,$);
#855=IFCDIRECTION((0.,0.,1.));
#856=IFCEXTRUDEDAREASOLID(#852,#854,#855,20.75);
#857=IFCSHAPEREPRESENTATION(#14,'Body','SweptSolid',(#856));
#858=IFCPRODUCTDEFINITIONSHAPE($,$,(#857));
#859=IFCCOLUMN('0KO_NDjef09fGxAQkEyPQG',#5,'P008',$,$,#849,#858,$,$);
#860=IFCRELCONTAINEDINSPATIALSTRUCTURE('0tkN06qwv4ah5w5zT$NCW3',#5,$,$,(#859),#41);
#861=IFCCARTESIANPOINT((10.380000000000001,10.,0.));
#862=IFCAXIS2PLACEMENT3D(#861,$,$);
#863=IFCLOCALPLACEMENT(#64,#862);
#864=IFCCARTESIANPOINT((0.,0.));
#865=IFCAXIS2PLACEMENT2D(#864,$);
#866=IFCRECTANGLEPROFILEDEF(.AREA.,$,#865,0.69999999999999996,0.69999999999999996);
#867=IFCCARTESIANPOINT((0.,0.,0.));
#868=IFCAXIS2PLACEMENT3D(#867,$,$);
#869=IFCDIRECTION((0.,0.,1.));
#870=IFCEXTRUDEDAREASOLID(#866,#868,#869,20.100000000000001);
#871=IFCSHAPEREPRESENTATION(#14,'Body','SweptSolid',(#870));
#872=IFCPRODUCTDEFINITIONSHAPE($,$,(#871));
#873=IFCCOLUMN('2_YfCTPcb4R9FiB5DUQj63',#5,'P008',$,$,#863,#872,$,$);
#874=IFCRELCONTAINEDINSPATIALSTRUCTURE('1wIW759F19FxYCCJz8KA9i',#5,$,$,(#873),#65);
#875=IFCCARTESIANPOINT((10.380000000000001,10.,0.));
#876=IFCAXIS2PLACEMENT3D(#875,$,$);
#877=IFCLOCALPLACEMENT(#88,#876);
#878=IFCCARTESIANPOINT((0.,0.));
#879=IFCAXIS2PLACEMENT2D(#878,$);
#880=IFCRECTANGLEPROFILEDEF(.AREA.,$,#879,0.59999999999999998,0.59999999999999998);
#881=IFCCARTESIANPOINT((0.,0.,0.));
#882=IFCAXIS2PLACEMENT3D(#881,$,$);
#883=IFCDIRECTION((0.,0.,1.));
#884=IFCEXTRUDEDAREASOLID(#880,#882,#883,23.45000000000001);
#885=IFCSHAPEREPRESENTATION(#14,'Body','SweptSolid',(#884));
#886=IFCPRODUCTDEFINITIONSHAPE($,$,(#885));
#887=IFCCOLUMN('28KvGXRoDDEu1d$E1TjlX0',#5,'P008',$,$,#877,#886,$,$);
#888=IFCRELCONTAINEDINSPATIALSTRUCTURE('2_MsQlJLf2xvKdlKcx30SA',#5,$,$,(#887),#89);
#889=IFCCARTESIANPOINT((10.380000000000001,17.,0.));
#890=IFCAXIS2PLACEMENT3D(#889,$,$);
#891=IFCLOCALPLACEMENT(#28,#890);
#892=IFCCARTESIANPOINT((0.,0.));
#893=IFCAXIS2PLACEMENT2D(#892,$);
#894=IFCRECTANGLEPROFILEDEF(.AREA.,$,#893,0.90000000000000002,0.90000000000000002);
#895=IFCCARTESIANPOINT((0.,0.,0.));
#896=IFCAXIS2PLACEMENT3D(#895,$,$);
#897=IFCDIRECTION((0.,0.,1.));
#898=IFCEXTRUDEDAREASOLID(#894,#896,#897,10.5);
#899=IFCSHAPEREPRESENTATION(#14,'Body','SweptSolid',(#898));
#900=IFCPRODUCTDEFINITIONSHAPE($,$,(#899));
#901=IFCCOLUMN('0cBrKKtEz4BQeNP8Kl5crJ',#5,'P009',$,$,#891,#900,$,$);
#902=IFCRELCONTAINEDINSPATIALSTRUCTURE('12HBphxbT08QlFtrkMTn95',#5,$,$,(#901),#29);
#903=IFCCARTESIANPOINT((10.380000000000001,17.,0.));
#904=IFCAXIS2PLACEMENT3D(#903,$,$);
#905=IFCLOCALPLACEMENT(#40,#904);
#906=IFCCARTESIANPOINT((0.,0.));
#907=IFCAXIS2PLACEMENT2D(#906,$);
#908=IFCRECTANGLEPROFILEDEF(.AREA.,$,#907,0.80000000000000004,0.80000000000000004);
#909=IFCCARTESIANPOINT((0.,0.,0.));
#910=IFCAXIS2PLACEMENT3D(#909,$,$);
#911=IFCDIRECTION((0.,0.,1.));
#912=IFCEXTRUDEDAREASOLID(#908,#910,#911,20.75);
#913=IFCSHAPEREPRESENTATION(#14,'Body','SweptSolid',(#912));
#914=IFCPRODUCTDEFINITIONSHAPE($,$,(#913));
#915=IFCCOLUMN('34YgbwiRb5rekPrH6cC9VB',#5,'P009',$,$,#905,#914,$,$);
#916=IFCRELCONTAINEDINSPATIALSTRUCTURE('23aRTTKG550hxmV2Sh5DSc',#5,$,$,(#915),#41);
#917=IFCCARTESIANPOINT((10.380000000000001,17.,0.));
#918=IFCAXIS2PLACEMENT3D(#917,$,$);
#919=IFCLOCALPLACEMENT(#64,#918);
#920=IFCCARTESIANPOINT((0.,0.));
#921=IFCAXIS2PLACEMENT2D(#920,$);
#922=IFCRECTANGLEPROFILEDEF(.AREA.,$,#921,0.69999999999999996,0.69999999999999996);
#923=IFCCARTESIANPOINT((0.,0.,0.));
#924=IFCAXIS2PLACEMENT3D(#923,$,$);
#925=IFCDIRECTION((0.,0.,1.));
#926=IFCEXTRUDEDAREASOLID(#922,#924,#925,20.100000000000001);
#927=IFCSHAPEREPRESENTATION(#14,'Body','SweptSolid',(#926));
#928=IFCPRODUCTDEFINITIONSHAPE($,$,(#927));
#929=IFCCOLUMN('081rbQtGz2zunzaWzLC99$',#5,'P009',$,$,#919,#928,$,$);
#930=IFCRELCONTAINEDINSPATIALSTRUCTURE('2UWS3ikJv7yuacr2PbNjCb',#5,$,$,(#929),#65);
#931=IFCCARTESIANPOINT((10.380000000000001,17.,0.));
#932=IFCAXIS2PLACEMENT3D(#931,$,$);
#933=IFCLOCALPLACEMENT(#88,#932);
#934=IFCCARTESIANPOINT((0.,0.));
#935=IFCAXIS2PLACEMENT2D(#934,$);
#936=IFCRECTANGLEPROFILEDEF(.AREA.,$,#935,0.59999999999999998,0.59999999999999998);
#937=IFCCARTESIANPOINT((0.,0.,0.));
#938=IFCAXIS2PLACEMENT3D(#937,$,$);
#939=IFCDIRECTION((0.,0.,1.));
#940=IFCEXTRUDEDAREASOLID(#936,#938,#939,23.45000000000001);
#941=IFCSHAPEREPRESENTATION(#14,'Body','SweptSolid',(#940));
#942=IFCPRODUCTDEFINITIONSHAPE($,$,(#941));
#943=IFCCOLUMN('2PkjoNm055UwIsjUwQp$ac',#5,'P009',$,$,#933,#942,$,$);
#944=IFCRELCONTAINEDINSPATIALSTRUCTURE('1gQ6s0kGr5zuLxUe_xqh1f',#5,$,$,(#943),#89);
#945=IFCCARTESIANPOINT((10.380000000000001,26.,0.));
#946=IFCAXIS2PLACEMENT3D(#945,$,$);
#947=IFCLOCALPLACEMENT(#28,#946);
#948=IFCCARTESIANPOINT((0.,0.));
#949=IFCAXIS2PLACEMENT2D(#948,$);
#950=IFCRECTANGLEPROFILEDEF(.AREA.,$,#949,0.90000000000000002,0.90000000000000002);
#951=IFCCARTESIANPOINT((0.,0.,0.));
#952=IFCAXIS2PLACEMENT3D(#951,$,$);
#953=IFCDIRECTION((0.,0.,1.));
#954=IFCEXTRUDEDAREASOLID(#950,#952,#953,10.5);
#955=IFCSHAPEREPRESENTATION(#14,'Body','SweptSolid',(#954));
#956=IFCPRODUCTDEFINITIONSHAPE($,$,(#955));
#957=IFCCOLUMN('178DjFJVTE9g3Fpewu2$nb',#5,'P010',$,$,#947,#956,$,$);
#958=IFCRELCONTAINEDINSPATIALSTRUCTURE('1UyjcDU1HESf7u1wHlL8yO',#5,$,$,(#957),#29);
#959=IFCCARTESIANPOINT((10.380000000000001,26.,0.));
#960=IFCAXIS2PLACEMENT3D(#959,$,$);
#961=IFCLOCALPLACEMENT(#40,#960);
#962=IFCCARTESIANPOINT((0.,0.));
#963=IFCAXIS2PLACEMENT2D(#962,$);
#964=IFCRECTANGLEPROFILEDEF(.AREA.,$,#963,0.80000000000000004,0.80000000000000004);
#965=IFCCARTESIANPOINT((0.,0.,0.));
#966=IFCAXIS2PLACEMENT3D(#965,$,$);
#967=IFCDIRECTION((0.,0.,1.));
#968=IFCEXTRUDEDAREASOLID(#964,#966,#967,20.75);
#969=IFCSHAPEREPRESENTATION(#14,'Body','SweptSolid',(#968));
#970=IFCPRODUCTDEFINITIONSHAPE($,$,(#969));
#971=IFCCOLUMN('1UZWpXbBP6_eVXa2jvT5g7',#5,'P010',$,$,#961,#970,$,$);
#972=IFCRELCONTAINEDINSPATIALSTRUCTURE('2ORY4D2Z1F48hUdDQw12hK',#5,$,$,(#971),#41);
#973=IFCCARTESIANPOINT((10.380000000000001,26.,0.));
#974=IFCAXIS2PLACEMENT3D(#973,$,$);
#975=IFCLOCALPLACEMENT(#64,#974);
#976=IFCCARTESIANPOINT((0.,0.));
#977=IFCAXIS2PLACEMENT2D(#976,$);
#978=IFCRECTANGLEPROFILEDEF(.AREA.,$,#977,0.69999999999999996,0.69999999999999996);
#979=IFCCARTESIANPOINT((0.,0.,0.));
#980=IFCAXIS2PLACEMENT3D(#979,$,$);
#981=IFCDIRECTION((0.,0.,1.));
#982=IFCEXTRUDEDAREASOLID(#978,#980,#981,20.100000000000001);
#983=IFCSHAPEREPRESENTATION(#14,'Body','SweptSolid',(#982));
#984=IFCPRODUCTDEFINITIONSHAPE($,$,(#983));
#985=IFCCOLUMN('3mh3huTYLF4vExE1msnnfJ',#5,'P010',$,$,#975,#984,$,$);
#986=IFCRELCONTAINEDINSPATIALSTRUCTURE('1GekeajnrFIAC1X4$HINSX',#5,$,$,(#985),#65);
#987=IFCCARTESIANPOINT((10.380000000000001,26.,0.));
#988=IFCAXIS2PLACEMENT3D(#987,$,$);
#989=IFCLOCALPLACEMENT(#88,#988);
#990=IFCCARTESIANPOINT((0.,0.));
#991=IFCAXIS2PLACEMENT2D(#990,$);
#992=IFCRECTANGLEPROFILEDEF(.AREA.,$,#991,0.59999999999999998,0.59999999999999998);
#993=IFCCARTESIANPOINT((0.,0.,0.));
#994=IFCAXIS2PLACEMENT3D(#993,$,$);
#995=IFCDIRECTION((0.,0.,1.));
#996=IFCEXTRUDEDAREASOLID(#992,#994,#995,23.45000000000001);
#997=IFCSHAPEREPRESENTATION(#14,'Body','SweptSolid',(#996));
#998=IFCPRODUCTDEFINITIONSHAPE($,$,(#997));
#999=IFCCOLUMN('0ivrRZqY97IBKec3GzXCFq',#5,'P010',$,$,#989,#998,$,$);
#1000=IFCRELCONTAINEDINSPATIALSTRUCTURE('1NWUf5ejnDUgoqVJ$0ekOA',#5,$,$,(#999),#89);
#1001=IFCCARTESIANPOINT((10.380000000000001,33.,0.));
#1002=IFCAXIS2PLACEMENT3D(#1001,$,$);
#1003=IFCLOCALPLACEMENT(#28,#1002);
#1004=IFCCARTESIANPOINT((0.,0.));
#1005=IFCAXIS2PLACEMENT2D(#1004,$);
#1006=IFCRECTANGLEPROFILEDEF(.AREA.,$,#1005,0.90000000000000002,0.90000000000000002);
#1007=IFCCARTESIANPOINT((0.,0.,0.));
#1008=IFCAXIS2PLACEMENT3D(#1007,$,$);
#1009=IFCDIRECTION((0.,0.,1.));
#1010=IFCEXTRUDEDAREASOLID(#1006,#1008,#1009,10.5);
#1011=IFCSHAPEREPRESENTATION(#14,'Body','SweptSolid',(#1010));
#1012=IFCPRODUCTDEFINITIONSHAPE($,$,(#1011));
#1013=IFCCOLUMN('2Se7B6Z$PC_OqYuzAjBgfS',#5,'P011',$,$,#1003,#1012,$,$);
#1014=IFCRELCONTAINEDINSPATIALSTRUCTURE('346fVwrdb7OvSZ2981XGNN',#5,$,$,(#1013),#29);
#1015=IFCCARTESIANPOINT((10.380000000000001,33.,0.));
#1016=IFCAXIS2PLACEMENT3D(#1015,$,$);
#1017=IFCLOCALPLACEMENT(#40,#1016);
#1018=IFCCARTESIANPOINT((0.,0.));
#1019=IFCAXIS2PLACEMENT2D(#1018,$);
#1020=IFCRECTANGLEPROFILEDEF(.AREA.,$,#1019,0.80000000000000004,0.80000000000000004);
#1021=IFCCARTESIANPOINT((0.,0.,0.));
#1022=IFCAXIS2PLACEMENT3D(#1021,$,$);
#1023=IFCDIRECTION((0.,0.,1.));
#1024=IFCEXTRUDEDAREASOLID(#1020,#1022,#1023,20.75);
#1025=IFCSHAPEREPRESENTATION(#14,'Body','SweptSolid',(#1024));
#1026=IFCPRODUCTDEFINITIONSHAPE($,$,(#1025));
#1027=IFCCOLUMN('04mKZDapH2veR5$YVMi6rl',#5,'P011',$,$,#1017,#1026,$,$);
#1028=IFCRELCONTAINEDINSPATIALSTRUCTURE('3Xu4qcAVHFJOBQB6FJo1uw',#5,$,$,(#1027),#41);
#1029=IFCCARTESIANPOINT((10.380000000000001,33.,0.));
#1030=IFCAXIS2PLACEMENT3D(#1029,$,$);
#1031=IFCLOCALPLACEMENT(#64,#1030);
#1032=IFCCARTESIANPOINT((0.,0.));
#1033=IFCAXIS2PLACEMENT2D(#1032,$);
#1034=IFCRECTANGLEPROFILEDEF(.AREA.,$,#1033,0.69999999999999996,0.69999999999999996);
#1035=IFCCARTESIANPOINT((0.,0.,0.));
#1036=IFCAXIS2PLACEMENT3D(#1035,$,$);
#1037=IFCDIRECTION((0.,0.,1.));
#1038=IFCEXTRUDEDAREASOLID(#1034,#1036,#1037,20.100000000000001);
#1039=IFCSHAPEREPRESENTATION(#14,'Body','SweptSolid',(#1038));
#1040=IFCPRODUCTDEFINITIONSHAPE($,$,(#1039));
#1041=IFCCOLUMN('0fNTNGQoj2rgpko_VPsiZc',#5,'P011',$,$,#1031,#1040,$,$);
#1042=IFCRELCONTAINEDINSPATIALSTRUCTURE('0MLzTIhRv1kRylofKNI69v',#5,$,$,(#1041),#65);
#1043=IFCCARTESIANPOINT((10.380000000000001,33.,0.));
#1044=IFCAXIS2PLACEMENT3D(#1043,$,$);
#1045=IFCLOCALPLACEMENT(#88,#1044);
#1046=IFCCARTESIANPOINT((0.,0.));
#1047=IFCAXIS2PLACEMENT2D(#1046,$);
#1048=IFCRECTANGLEPROFILEDEF(.AREA.,$,#1047,0.59999999999999998,0.59999999999999998);
#1049=IFCCARTESIANPOINT((0.,0.,0.));
#1050=IFCAXIS2PLACEMENT3D(#1049,$,$);
#1051=IFCDIRECTION((0.,0.,1.));
#1052=IFCEXTRUDEDAREASOLID(#1048,#1050,#1051,23.45000000000001);
#1053=IFCSHAPEREPRESENTATION(#14,'Body','SweptSolid',(#1052));
#1054=IFCPRODUCTDEFINITIONSHAPE($,$,(#1053));
#1055=IFCCOLUMN('1uEjCy1cD7MelhZ5tM01dj',#5,'P011',$,$,#1045,#1054,$,$);
#1056=IFCRELCONTAINEDINSPATIALSTRUCTURE('0ha2O4M9z11wcgAeoegzn6',#5,$,$,(#1055),#89);
#1057=IFCCARTESIANPOINT((10.380000000000001,40.,0.));
#1058=IFCAXIS2PLACEMENT3D(#1057,$,$);
#1059=IFCLOCALPLACEMENT(#28,#1058);
#1060=IFCCARTESIANPOINT((0.,0.));
#1061=IFCAXIS2PLACEMENT2D(#1060,$);
#1062=IFCRECTANGLEPROFILEDEF(.AREA.,$,#1061,0.90000000000000002,0.90000000000000002);
#1063=IFCCARTESIANPOINT((0.,0.,0.));
#1064=IFCAXIS2PLACEMENT3D(#1063,$,$);
#1065=IFCDIRECTION((0.,0.,1.));
#1066=IFCEXTRUDEDAREASOLID(#1062,#1064,#1065,10.5);
#1067=IFCSHAPEREPRESENTATION(#14,'Body','SweptSolid',(#1066));
#1068=IFCPRODUCTDEFINITIONSHAPE($,$,(#1067));
#1069=IFCCOLUMN('3jt_y2rt52_uPwLN0CtAjP',#5,'P012',$,$,#1059,#1068,$,$);
#1070=IFCRELCONTAINEDINSPATIALSTRUCTURE('1k8LlNCwX5HBYlH0UC618E',#5,$,$,(#1069),#29);
#1071=IFCCARTESIANPOINT((10.380000000000001,40.,0.));
#1072=IFCAXIS2PLACEMENT3D(#1071,$,$);
#1073=IFCLOCALPLACEMENT(#40,#1072);
#1074=IFCCARTESIANPOINT((0.,0.));
#1075=IFCAXIS2PLACEMENT2D(#1074,$);
#1076=IFCRECTANGLEPROFILEDEF(.AREA.,$,#1075,0.80000000000000004,0.80000000000000004);
#1077=IFCCARTESIANPOINT((0.,0.,0.));
#1078=IFCAXIS2PLACEMENT3D(#1077,$,$);
#1079=IFCDIRECTION((0.,0.,1.));
#1080=IFCEXTRUDEDAREASOLID(#1076,#1078,#1079,20.75);
#1081=IFCSHAPEREPRESENTATION(#14,'Body','SweptSolid',(#1080));
#1082=IFCPRODUCTDEFINITIONSHAPE($,$,(#1081));
#1083=IFCCOLUMN('2KsEbepzj0wx2r9dvvAEE4',#5,'P012',$,$,#1073,#1082,$,$);
#1084=IFCRELCONTAINEDINSPATIALSTRUCTURE('1tDjWxxB97OvcUdwcITyKC',#5,$,$,(#1083),#41);
#1085=IFCCARTESIANPOINT((10.380000000000001,40.,0.));
#1086=IFCAXIS2PLACEMENT3D(#1085,$,$);
#1087=IFCLOCALPLACEMENT(#64,#1086);
#1088=IFCCARTESIANPOINT((0.,0.));
#1089=IFCAXIS2PLACEMENT2D(#1088,$);
#1090=IFCRECTANGLEPROFILEDEF(.AREA.,$,#1089,0.69999999999999996,0.69999999999999996);
#1091=IFCCARTESIANPOINT((0.,0.,0.));
#1092=IFCAXIS2PLACEMENT3D(#1091,$,$);
#1093=IFCDIRECTION((0.,0.,1.));
#1094=IFCEXTRUDEDAREASOLID(#1090,#1092,#1093,20.100000000000001);
#1095=IFCSHAPEREPRESENTATION(#14,'Body','SweptSolid',(#1094));
#1096=IFCPRODUCTDEFINITIONSHAPE($,$,(#1095));
#1097=IFCCOLUMN('3dtAd1K_L6luAa8JsDUzhx',#5,'P012',$,$,#1087,#1096,$,$);
#1098=IFCRELCONTAINEDINSPATIALSTRUCTURE('0oGdrxaOf22e8feKy1j5A0',#5,$,$,(#1097),#65);
#1099=IFCCARTESIANPOINT((10.380000000000001,40.,0.));
#1100=IFCAXIS2PLACEMENT3D(#1099,$,$);
#1101=IFCLOCALPLACEMENT(#88,#1100);
#1102=IFCCARTESIANPOINT((0.,0.));
#1103=IFCAXIS2PLACEMENT2D(#1102,$);
#1104=IFCRECTANGLEPROFILEDEF(.AREA.,$,#1103,0.59999999999999998,0.59999999999999998);
#1105=IFCCARTESIANPOINT((0.,0.,0.));
#1106=IFCAXIS2PLACEMENT3D(#1105,$,$);
#1107=IFCDIRECTION((0.,0.,1.));
#1108=IFCEXTRUDEDAREASOLID(#1104,#1106,#1107,23.45000000000001);
#1109=IFCSHAPEREPRESENTATION(#14,'Body','SweptSolid',(#1108));
#1110=IFCPRODUCTDEFINITIONSHAPE($,$,(#1109));
#1111=IFCCOLUMN('0reLkKrm5D5h5y5dj2UClh',#5,'P012',$,$,#1101,#1110,$,$);
#1112=IFCRELCONTAINEDINSPATIALSTRUCTURE('1irA3ocFjE3hs4YSJlp60r',#5,$,$,(#1111),#89);
#1113=IFCCARTESIANPOINT((18.25,3.,0.));
#1114=IFCAXIS2PLACEMENT3D(#1113,$,$);
#1115=IFCLOCALPLACEMENT(#28,#1114);
#1116=IFCCARTESIANPOINT((0.,0.));
#1117=IFCAXIS2PLACEMENT2D(#1116,$);
#1118=IFCRECTANGLEPROFILEDEF(.AREA.,$,#1117,0.90000000000000002,0.90000000000000002);
#1119=IFCCARTESIANPOINT((0.,0.,0.));
#1120=IFCAXIS2PLACEMENT3D(#1119,$,$);
#1121=IFCDIRECTION((0.,0.,1.));
#1122=IFCEXTRUDEDAREASOLID(#1118,#1120,#1121,10.5);
#1123=IFCSHAPEREPRESENTATION(#14,'Body','SweptSolid',(#1122));
#1124=IFCPRODUCTDEFINITIONSHAPE($,$,(#1123));
#1125=IFCCOLUMN('2xiHEW3Fb6zPNj$St5Px9l',#5,'P013',$,$,#1115,#1124,$,$);
#1126=IFCRELCONTAINEDINSPATIALSTRUCTURE('2e3Hyg1yTFTRnCPvIGOnZc',#5,$,$,(#1125),#29);
#1127=IFCCARTESIANPOINT((18.25,3.,0.));
#1128=IFCAXIS2PLACEMENT3D(#1127,$,$);
#1129=IFCLOCALPLACEMENT(#40,#1128);
#1130=IFCCARTESIANPOINT((0.,0.));
#1131=IFCAXIS2PLACEMENT2D(#1130,$);
#1132=IFCRECTANGLEPROFILEDEF(.AREA.,$,#1131,0.80000000000000004,0.80000000000000004);
#1133=IFCCARTESIANPOINT((0.,0.,0.));
#1134=IFCAXIS2PLACEMENT3D(#1133,$,$);
#1135=IFCDIRECTION((0.,0.,1.));
#1136=IFCEXTRUDEDAREASOLID(#1132,#1134,#1135,20.75);
#1137=IFCSHAPEREPRESENTATION(#14,'Body','SweptSolid',(#1136));
#1138=IFCPRODUCTDEFINITIONSHAPE($,$,(#1137));
#1139=IFCCOLUMN('0CeJjoJbb04ByfaAjICTLr',#5,'P013',$,$,#1129,#1138,$,$);
#1140=IFCRELCONTAINEDINSPATIALSTRUCTURE('3GRClJSWv8OOoJ_UAckjDW',#5,$,$,(#1139),#41);
#1141=IFCCARTESIANPOINT((18.25,3.,0.));
#1142=IFCAXIS2PLACEMENT3D(#1141,$,$);
#1143=IFCLOCALPLACEMENT(#64,#1142);
#1144=IFCCARTESIANPOINT((0.,0.));
#1145=IFCAXIS2PLACEMENT2D(#1144,$);
#1146=IFCRECTANGLEPROFILEDEF(.AREA.,$,#1145,0.69999999999999996,0.69999999999999996);
#1147=IFCCARTESIANPOINT((0.,0.,0.));
#1148=IFCAXIS2PLACEMENT3D(#1147,$,$);
#1149=IFCDIRECTION((0.,0.,1.));
#1150=IFCEXTRUDEDAREASOLID(#1146,#1148,#1149,20.100000000000001);
#1151=IFCSHAPEREPRESENTATION(#14,'Body','SweptSolid',(#1150));
#1152=IFCPRODUCTDEFINITIONSHAPE($,$,(#1151));
#1153=IFCCOLUMN('0_xJlRbBXDMOworNL7YhNx',#5,'P013',$,$,#1143,#1152,$,$);
#1154=IFCRELCONTAINEDINSPATIALSTRUCTURE('3tWMfNwVr2BeG8jlslYSvm',#5,$,$,(#1153),#65);
#1155=IFCCARTESIANPOINT((18.25,3.,0.));
#1156=IFCAXIS2PLACEMENT3D(#1155,$,$);
#1157=IFCLOCALPLACEMENT(#88,#1156);
#1158=IFCCARTESIANPOINT((0.,0.));
#1159=IFCAXIS2PLACEMENT2D(#1158,$);
#1160=IFCRECTANGLEPROFILEDEF(.AREA.,$,#1159,0.59999999999999998,0.59999999999999998);
#1161=IFCCARTESIANPOINT((0.,0.,0.));
#1162=IFCAXIS2PLACEMENT3D(#1161,$,$);
#1163=IFCDIRECTION((0.,0.,1.));
#1164=IFCEXTRUDEDAREASOLID(#1160,#1162,#1163,23.45000000000001);
#1165=IFCSHAPEREPRESENTATION(#14,'Body','SweptSolid',(#1164));
#1166=IFCPRODUCTDEFINITIONSHAPE($,$,(#1165));
#1167=IFCCOLUMN('0fA4aOai90ghlFsPlchby9',#5,'P013',$,$,#1157,#1166,$,$);
#1168=IFCRELCONTAINEDINSPATIALSTRUCTURE('2_EtGzyLP139hbAy0SVROR',#5,$,$,(#1167),#89);
#1169=IFCCARTESIANPOINT((18.25,10.,0.));
#1170=IFCAXIS2PLACEMENT3D(#1169,$,$);
#1171=IFCLOCALPLACEMENT(#28,#1170);
#1172=IFCCARTESIANPOINT((0.,0.));
#1173=IFCAXIS2PLACEMENT2D(#1172,$);
#1174=IFCRECTANGLEPROFILEDEF(.AREA.,$,#1173,0.90000000000000002,0.90000000000000002);
#1175=IFCCARTESIANPOINT((0.,0.,0.));
#1176=IFCAXIS2PLACEMENT3D(#1175,$,$);
#1177=IFCDIRECTION((0.,0.,1.));
#1178=IFCEXTRUDEDAREASOLID(#1174,#1176,#1177,10.5);
#1179=IFCSHAPEREPRESENTATION(#14,'Body','SweptSolid',(#1178));
#1180=IFCPRODUCTDEFINITIONSHAPE($,$,(#1179));
#1181=IFCCOLUMN('3Q_8GYzeH6O8QOBgNUUZPK',#5,'P014',$,$,#1171,#1180,$,$);
#1182=IFCRELCONTAINEDINSPATIALSTRUCTURE('3f3dBrCDL5TwWkBZNuKXhk',#5,$,$,(#1181),#29);
#1183=IFCCARTESIANPOINT((18.25,10.,0.));
#1184=IFCAXIS2PLACEMENT3D(#1183,$,$);
#1185=IFCLOCALPLACEMENT(#40,#1184);
#1186=IFCCARTESIANPOINT((0.,0.));
#1187=IFCAXIS2PLACEMENT2D(#1186,$);
#1188=IFCRECTANGLEPROFILEDEF(.AREA.,$,#1187,0.80000000000000004,0.80000000000000004);
#1189=IFCCARTESIANPOINT((0.,0.,0.));
#1190=IFCAXIS2PLACEMENT3D(#1189,$,$);
#1191=IFCDIRECTION((0.,0.,1.));
#1192=IFCEXTRUDEDAREASOLID(#1188,#1190,#1191,20.75);
#1193=IFCSHAPEREPRESENTATION(#14,'Body','SweptSolid',(#1192));
#1194=IFCPRODUCTDEFINITIONSHAPE($,$,(#1193));
#1195=IFCCOLUMN('1fdzzjFIr9p8t1qWxH$AcZ',#5,'P014',$,$,#1185,#1194,$,$);
#1196=IFCRELCONTAINEDINSPATIALSTRUCTURE('2g5KoIYVD2$wKQe8DApwWA',#5,$,$,(#1195),#41);
#1197=IFCCARTESIANPOINT((18.25,10.,0.));
#1198=IFCAXIS2PLACEMENT3D(#1197,$,$);
#1199=IFCLOCALPLACEMENT(#64,#1198);
#1200=IFCCARTESIANPOINT((0.,0.));
#1201=IFCAXIS2PLACEMENT2D(#1200,$);
#1202=IFCRECTANGLEPROFILEDEF(.AREA.,$,#1201,0.69999999999999996,0.69999999999999996);
#1203=IFCCARTESIANPOINT((0.,0.,0.));
#1204=IFCAXIS2PLACEMENT3D(#1203,$,$);
#1205=IFCDIRECTION((0.,0.,1.));
#1206=IFCEXTRUDEDAREASOLID(#1202,#1204,#1205,20.100000000000001);
#1207=IFCSHAPEREPRESENTATION(#14,'Body','SweptSolid',(#1206));
#1208=IFCPRODUCTDEFINITIONSHAPE($,$,(#1207));
#1209=IFCCOLUMN('0ZllsmsLf1mhoW9R47iupI',#5,'P014',$,$,#1199,#1208,$,$);
#1210=IFCRELCONTAINEDINSPATIALSTRUCTURE('0W9Uuxp7H5y9kcr6_T46gT',#5,$,$,(#1209),#65);
#1211=IFCCARTESIANPOINT((18.25,10.,0.));
#1212=IFCAXIS2PLACEMENT3D(#1211,$,$);
#1213=IFCLOCALPLACEMENT(#88,#1212);
#1214=IFCCARTESIANPOINT((0.,0.));
#1215=IFCAXIS2PLACEMENT2D(#1214,$);
#1216=IFCRECTANGLEPROFILEDEF(.AREA.,$,#1215,0.59999999999999998,0.59999999999999998);
#1217=IFCCARTESIANPOINT((0.,0.,0.));
#1218=IFCAXIS2PLACEMENT3D(#1217,$,$);
#1219=IFCDIRECTION((0.,0.,1.));
#1220=IFCEXTRUDEDAREASOLID(#1216,#1218,#1219,23.45000000000001);
#1221=IFCSHAPEREPRESENTATION(#14,'Body','SweptSolid',(#1220));
#1222=IFCPRODUCTDEFINITIONSHAPE($,$,(#1221));
#1223=IFCCOLUMN('2gX_vXJin9RAg2eLB1A2wf',#5,'P014',$,$,#1213,#1222,$,$);
#1224=IFCRELCONTAINEDINSPATIALSTRUCTURE('2ibSqD_s1ASeO8AHt$xunT',#5,$,$,(#1223),#89);
#1225=IFCCARTESIANPOINT((18.25,17.,0.));
#1226=IFCAXIS2PLACEMENT3D(#1225,$,$);
#1227=IFCLOCALPLACEMENT(#28,#1226);
#1228=IFCCARTESIANPOINT((0.,0.));
#1229=IFCAXIS2PLACEMENT2D(#1228,$);
#1230=IFCRECTANGLEPROFILEDEF(.AREA.,$,#1229,0.90000000000000002,0.90000000000000002);
#1231=IFCCARTESIANPOINT((0.,0.,0.));
#1232=IFCAXIS2PLACEMENT3D(#1231,$,$);
#1233=IFCDIRECTION((0.,0.,1.));
#1234=IFCEXTRUDEDAREASOLID(#1230,#1232,#1233,10.5);
#1235=IFCSHAPEREPRESENTATION(#14,'Body','SweptSolid',(#1234));
#1236=IFCPRODUCTDEFINITIONSHAPE($,$,(#1235));
#1237=IFCCOLUMN('0C1cSgJ$v2d9K4j1nfh4qO',#5,'P015',$,$,#1227,#1236,$,$);
#1238=IFCRELCONTAINEDINSPATIALSTRUCTURE('0myaWBk2P2dgWsQbZsEhDA',#5,$,$,(#1237),#29);
#1239=IFCCARTESIANPOINT((18.25,17.,0.));
#1240=IFCAXIS2PLACEMENT3D(#1239,$,$);
#1241=IFCLOCALPLACEMENT(#40,#1240);
#1242=IFCCARTESIANPOINT((0.,0.));
#1243=IFCAXIS2PLACEMENT2D(#1242,$);
#1244=IFCRECTANGLEPROFILEDEF(.AREA.,$,#1243,0.80000000000000004,0.80000000000000004);
#1245=IFCCARTESIANPOINT((0.,0.,0.));
#1246=IFCAXIS2PLACEMENT3D(#1245,$,$);
#1247=IFCDIRECTION((0.,0.,1.));
#1248=IFCEXTRUDEDAREASOLID(#1244,#1246,#1247,20.75);
#1249=IFCSHAPEREPRESENTATION(#14,'Body','SweptSolid',(#1248));
#1250=IFCPRODUCTDEFINITIONSHAPE($,$,(#1249));
#1251=IFCCOLUMN('3SqUIIEkf13wh49Cs3iYip',#5,'P015',$,$,#1241,#1250,$,$);
#1252=IFCRELCONTAINEDINSPATIALSTRUCTURE('3ggOL6xb5AQBpjUNLiwuYv',#5,$,$,(#1251),#41);
#1253=IFCCARTESIANPOINT((18.25,17.,0.));
#1254=IFCAXIS2PLACEMENT3D(#1253,$,$);
#1255=IFCLOCALPLACEMENT(#64,#1254);
#1256=IFCCARTESIANPOINT((0.,0.));
#1257=IFCAXIS2PLACEMENT2D(#1256,$);
#1258=IFCRECTANGLEPROFILEDEF(.AREA.,$,#1257,0.69999999999999996,0.69999999999999996);
#1259=IFCCARTESIANPOINT((0.,0.,0.));
#1260=IFCAXIS2PLACEMENT3D(#1259,$,$);
#1261=IFCDIRECTION((0.,0.,1.));
#1262=IFCEXTRUDEDAREASOLID(#1258,#1260,#1261,20.100000000000001);
#1263=IFCSHAPEREPRESENTATION(#14,'Body','SweptSolid',(#1262));
#1264=IFCPRODUCTDEFINITIONSHAPE($,$,(#1263));
#1265=IFCCOLUMN('3gREoKMVrBdu1b9W7_AnUm',#5,'P015',$,$,#1255,#1264,$,$);
#1266=IFCRELCONTAINEDINSPATIALSTRUCTURE('10bW5aLD51PRjZBYSG6AII',#5,$,$,(#1265),#65);
#1267=IFCCARTESIANPOINT((18.25,17.,0.));
#1268=IFCAXIS2PLACEMENT3D(#1267,$,$);
#1269=IFCLOCALPLACEMENT(#88,#1268);
#1270=IFCCARTESIANPOINT((0.,0.));
#1271=IFCAXIS2PLACEMENT2D(#1270,$);
#1272=IFCRECTANGLEPROFILEDEF(.AREA.,$,#1271,0.59999999999999998,0.59999999999999998);
#1273=IFCCARTESIANPOINT((0.,0.,0.));
#1274=IFCAXIS2PLACEMENT3D(#1273,$,$);
#1275=IFCDIRECTION((0.,0.,1.));
#1276=IFCEXTRUDEDAREASOLID(#1272,#1274,#1275,23.45000000000001);
#1277=IFCSHAPEREPRESENTATION(#14,'Body','SweptSolid',(#1276));
#1278=IFCPRODUCTDEFINITIONSHAPE($,$,(#1277));
#1279=IFCCOLUMN('1vQ72Yffr26wdrpqxZY117',#5,'P015',$,$,#1269,#1278,$,$);
#1280=IFCRELCONTAINEDINSPATIALSTRUCTURE('3HZfeW$lH63elDjzyUaDoC',#5,$,$,(#1279),#89);
#1281=IFCCARTESIANPOINT((18.25,26.,0.));
#1282=IFCAXIS2PLACEMENT3D(#1281,$,$);
#1283=IFCLOCALPLACEMENT(#28,#1282);
#1284=IFCCARTESIANPOINT((0.,0.));
#1285=IFCAXIS2PLACEMENT2D(#1284,$);
#1286=IFCRECTANGLEPROFILEDEF(.AREA.,$,#1285,0.90000000000000002,0.90000000000000002);
#1287=IFCCARTESIANPOINT((0.,0.,0.));
#1288=IFCAXIS2PLACEMENT3D(#1287,$,$);
#1289=IFCDIRECTION((0.,0.,1.));
#1290=IFCEXTRUDEDAREASOLID(#1286,#1288,#1289,10.5);
#1291=IFCSHAPEREPRESENTATION(#14,'Body','SweptSolid',(#1290));
#1292=IFCPRODUCTDEFINITIONSHAPE($,$,(#1291));
#1293=IFCCOLUMN('0hyHH2kF10cvLTOgn6PCzP',#5,'P016',$,$,#1283,#1292,$,$);
#1294=IFCRELCONTAINEDINSPATIALSTRUCTURE('2RQ9m6j6108w$2HGVm91NV',#5,$,$,(#1293),#29);
#1295=IFCCARTESIANPOINT((18.25,26.,0.));
#1296=IFCAXIS2PLACEMENT3D(#1295,$,$);
#1297=IFCLOCALPLACEMENT(#40,#1296);
#1298=IFCCARTESIANPOINT((0.,0.));
#1299=IFCAXIS2PLACEMENT2D(#1298,$);
#1300=IFCRECTANGLEPROFILEDEF(.AREA.,$,#1299,0.80000000000000004,0.80000000000000004);
#1301=IFCCARTESIANPOINT((0.,0.,0.));
#1302=IFCAXIS2PLACEMENT3D(#1301,$,$);
#1303=IFCDIRECTION((0.,0.,1.));
#1304=IFCEXTRUDEDAREASOLID(#1300,#1302,#1303,20.75);
#1305=IFCSHAPEREPRESENTATION(#14,'Body','SweptSolid',(#1304));
#1306=IFCPRODUCTDEFINITIONSHAPE($,$,(#1305));
#1307=IFCCOLUMN('3g30f53W195w8oC5nPX5QB',#5,'P016',$,$,#1297,#1306,$,$);
#1308=IFCRELCONTAINEDINSPATIALSTRUCTURE('3KmCwVD358M9t16UW3JF9P',#5,$,$,(#1307),#41);
#1309=IFCCARTESIANPOINT((18.25,26.,0.));
#1310=IFCAXIS2PLACEMENT3D(#1309,$,$);
#1311=IFCLOCALPLACEMENT(#64,#1310);
#1312=IFCCARTESIANPOINT((0.,0.));
#1313=IFCAXIS2PLACEMENT2D(#1312,$);
#1314=IFCRECTANGLEPROFILEDEF(.AREA.,$,#1313,0.69999999999999996,0.69999999999999996);
#1315=IFCCARTESIANPOINT((0.,0.,0.));
#1316=IFCAXIS2PLACEMENT3D(#1315,$,$);
#1317=IFCDIRECTION((0.,0.,1.));
#1318=IFCEXTRUDEDAREASOLID(#1314,#1316,#1317,20.100000000000001);
#1319=IFCSHAPEREPRESENTATION(#14,'Body','SweptSolid',(#1318));
#1320=IFCPRODUCTDEFINITIONSHAPE($,$,(#1319));
#1321=IFCCOLUMN('2txpNH$KT9JhXu_hHTIHbX',#5,'P016',$,$,#1311,#1320,$,$);
#1322=IFCRELCONTAINEDINSPATIALSTRUCTURE('3Q7nbQ3CH2Rhg_0LS_lKZ9',#5,$,$,(#1321),#65);
#1323=IFCCARTESIANPOINT((18.25,26.,0.));
#1324=IFCAXIS2PLACEMENT3D(#1323,$,$);
#1325=IFCLOCALPLACEMENT(#88,#1324);
#1326=IFCCARTESIANPOINT((0.,0.));
#1327=IFCAXIS2PLACEMENT2D(#1326,$);
#1328=IFCRECTANGLEPROFILEDEF(.AREA.,$,#1327,0.59999999999999998,0.59999999999999998);
#1329=IFCCARTESIANPOINT((0.,0.,0.));
#1330=IFCAXIS2PLACEMENT3D(#1329,$,$);
#1331=IFCDIRECTION((0.,0.,1.));
#1332=IFCEXTRUDEDAREASOLID(#1328,#1330,#1331,23.45000000000001);
#1333=IFCSHAPEREPRESENTATION(#14,'Body','SweptSolid',(#1332));
#1334=IFCPRODUCTDEFINITIONSHAPE($,$,(#1333));
#1335=IFCCOLUMN('0eESOztmv3GBOfKa$LZVwH',#5,'P016',$,$,#1325,#1334,$,$);
#1336=IFCRELCONTAINEDINSPATIALSTRUCTURE('2q_r9C_bX4xxJrHLFCmuur',#5,$,$,(#1335),#89);
#1337=IFCCARTESIANPOINT((18.25,33.,0.));
#1338=IFCAXIS2PLACEMENT3D(#1337,$,$);
#1339=IFCLOCALPLACEMENT(#28,#1338);
#1340=IFCCARTESIANPOINT((0.,0.));
#1341=IFCAXIS2PLACEMENT2D(#1340,$);
#1342=IFCRECTANGLEPROFILEDEF(.AREA.,$,#1341,0.90000000000000002,0.90000000000000002);
#1343=IFCCARTESIANPOINT((0.,0.,0.));
#1344=IFCAXIS2PLACEMENT3D(#1343,$,$);
#1345=IFCDIRECTION((0.,0.,1.));
#1346=IFCEXTRUDEDAREASOLID(#1342,#1344,#1345,10.5);
#1347=IFCSHAPEREPRESENTATION(#14,'Body','SweptSolid',(#1346));
#1348=IFCPRODUCTDEFINITIONSHAPE($,$,(#1347));
#1349=IFCCOLUMN('17DQBr3ALDZPe9deEboiuW',#5,'P017',$,$,#1339,#1348,$,$);
#1350=IFCRELCONTAINEDINSPATIALSTRUCTURE('36Am1O0OTCPuriW958jSt2',#5,$,$,(#1349),#29);
#1351=IFCCARTESIANPOINT((18.25,33.,0.));
#1352=IFCAXIS2PLACEMENT3D(#1351,$,$);
#1353=IFCLOCALPLACEMENT(#40,#1352);
#1354=IFCCARTESIANPOINT((0.,0.));
#1355=IFCAXIS2PLACEMENT2D(#1354,$);
#1356=IFCRECTANGLEPROFILEDEF(.AREA.,$,#1355,0.80000000000000004,0.80000000000000004);
#1357=IFCCARTESIANPOINT((0.,0.,0.));
#1358=IFCAXIS2PLACEMENT3D(#1357,$,$);
#1359=IFCDIRECTION((0.,0.,1.));
#1360=IFCEXTRUDEDAREASOLID(#1356,#1358,#1359,20.75);
#1361=IFCSHAPEREPRESENTATION(#14,'Body','SweptSolid',(#1360));
#1362=IFCPRODUCTDEFINITIONSHAPE($,$,(#1361));
#1363=IFCCOLUMN('2gqtsW6j1Amxyt2BcQKAVQ',#5,'P017',$,$,#1353,#1362,$,$);
#1364=IFCRELCONTAINEDINSPATIALSTRUCTURE('1DUe_BPEL4ffUoPYniUP9u',#5,$,$,(#1363),#41);
#1365=IFCCARTESIANPOINT((18.25,33.,0.));
#1366=IFCAXIS2PLACEMENT3D(#1365,$,$);
#1367=IFCLOCALPLACEMENT(#64,#1366);
#1368=IFCCARTESIANPOINT((0.,0.));
#1369=IFCAXIS2PLACEMENT2D(#1368,$);
#1370=IFCRECTANGLEPROFILEDEF(.AREA.,$,#1369,0.69999999999999996,0.69999999999999996);
#1371=IFCCARTESIANPOINT((0.,0.,0.));
#1372=IFCAXIS2PLACEMENT3D(#1371,$,$);
#1373=IFCDIRECTION((0.,0.,1.));
#1374=IFCEXTRUDEDAREASOLID(#1370,#1372,#1373,20.100000000000001);
#1375=IFCSHAPEREPRESENTATION(#14,'Body','SweptSolid',(#1374));
#1376=IFCPRODUCTDEFINITIONSHAPE($,$,(#1375));
#1377=IFCCOLUMN('0wAn$YW6z9nRdIhSPOau17',#5,'P017',$,$,#1367,#1376,$,$);
#1378=IFCRELCONTAINEDINSPATIALSTRUCTURE('2bMsTJ2Hf1dA64HtkB15UQ',#5,$,$,(#1377),#65);
#1379=IFCCARTESIANPOINT((18.25,33.,0.));
#1380=IFCAXIS2PLACEMENT3D(#1379,$,$);
#1381=IFCLOCALPLACEMENT(#88,#1380);
#1382=IFCCARTESIANPOINT((0.,0.));
#1383=IFCAXIS2PLACEMENT2D(#1382,$);
#1384=IFCRECTANGLEPROFILEDEF(.AREA.,$,#1383,0.59999999999999998,0.59999999999999998);
#1385=IFCCARTESIANPOINT((0.,0.,0.));
#1386=IFCAXIS2PLACEMENT3D(#1385,$,$);
#1387=IFCDIRECTION((0.,0.,1.));
#1388=IFCEXTRUDEDAREASOLID(#1384,#1386,#1387,23.45000000000001);
#1389=IFCSHAPEREPRESENTATION(#14,'Body','SweptSolid',(#1388));
#1390=IFCPRODUCTDEFINITIONSHAPE($,$,(#1389));
#1391=IFCCOLUMN('3j5dvizWz3neTYZ_O6rjfp',#5,'P017',$,$,#1381,#1390,$,$);
#1392=IFCRELCONTAINEDINSPATIALSTRUCTURE('3InPa$VUD6cRWqbVOCcYpp',#5,$,$,(#1391),#89);
#1393=IFCCARTESIANPOINT((18.25,40.,0.));
#1394=IFCAXIS2PLACEMENT3D(#1393,$,$);
#1395=IFCLOCALPLACEMENT(#28,#1394);
#1396=IFCCARTESIANPOINT((0.,0.));
#1397=IFCAXIS2PLACEMENT2D(#1396,$);
#1398=IFCRECTANGLEPROFILEDEF(.AREA.,$,#1397,0.90000000000000002,0.90000000000000002);
#1399=IFCCARTESIANPOINT((0.,0.,0.));
#1400=IFCAXIS2PLACEMENT3D(#1399,$,$);
#1401=IFCDIRECTION((0.,0.,1.));
#1402=IFCEXTRUDEDAREASOLID(#1398,#1400,#1401,10.5);
#1403=IFCSHAPEREPRESENTATION(#14,'Body','SweptSolid',(#1402));
#1404=IFCPRODUCTDEFINITIONSHAPE($,$,(#1403));
#1405=IFCCOLUMN('2UrqphsHDFOebFITSQu6Z5',#5,'P018',$,$,#1395,#1404,$,$);
#1406=IFCRELCONTAINEDINSPATIALSTRUCTURE('1TNMJe$bn9tAD4JpYTHniC',#5,$,$,(#1405),#29);
#1407=IFCCARTESIANPOINT((18.25,40.,0.));
#1408=IFCAXIS2PLACEMENT3D(#1407,$,$);
#1409=IFCLOCALPLACEMENT(#40,#1408);
#1410=IFCCARTESIANPOINT((0.,0.));
#1411=IFCAXIS2PLACEMENT2D(#1410,$);
#1412=IFCRECTANGLEPROFILEDEF(.AREA.,$,#1411,0.80000000000000004,0.80000000000000004);
#1413=IFCCARTESIANPOINT((0.,0.,0.));
#1414=IFCAXIS2PLACEMENT3D(#1413,$,$);
#1415=IFCDIRECTION((0.,0.,1.));
#1416=IFCEXTRUDEDAREASOLID(#1412,#1414,#1415,20.75);
#1417=IFCSHAPEREPRESENTATION(#14,'Body','SweptSolid',(#1416));
#1418=IFCPRODUCTDEFINITIONSHAPE($,$,(#1417));
#1419=IFCCOLUMN('3E4MiXz9b82hKL8MxpDPPK',#5,'P018',$,$,#1409,#1418,$,$);
#1420=IFCRELCONTAINEDINSPATIALSTRUCTURE('3w2nwTtzr23PhV3tk3teCV',#5,$,$,(#1419),#41);
#1421=IFCCARTESIANPOINT((18.25,40.,0.));
#1422=IFCAXIS2PLACEMENT3D(#1421,$,$);
#1423=IFCLOCALPLACEMENT(#64,#1422);
#1424=IFCCARTESIANPOINT((0.,0.));
#1425=IFCAXIS2PLACEMENT2D(#1424,$);
#1426=IFCRECTANGLEPROFILEDEF(.AREA.,$,#1425,0.69999999999999996,0.69999999999999996);
#1427=IFCCARTESIANPOINT((0.,0.,0.));
#1428=IFCAXIS2PLACEMENT3D(#1427,$,$);
#1429=IFCDIRECTION((0.,0.,1.));
#1430=IFCEXTRUDEDAREASOLID(#1426,#1428,#1429,20.100000000000001);
#1431=IFCSHAPEREPRESENTATION(#14,'Body','SweptSolid',(#1430));
#1432=IFCPRODUCTDEFINITIONSHAPE($,$,(#1431));
#1433=IFCCOLUMN('3oX4THTST019diZGO$pOo9',#5,'P018',$,$,#1423,#1432,$,$);
#1434=IFCRELCONTAINEDINSPATIALSTRUCTURE('3TBRk1EV13yAWNgT5YiIud',#5,$,$,(#1433),#65);
#1435=IFCCARTESIANPOINT((18.25,40.,0.));
#1436=IFCAXIS2PLACEMENT3D(#1435,$,$);
#1437=IFCLOCALPLACEMENT(#88,#1436);
#1438=IFCCARTESIANPOINT((0.,0.));
#1439=IFCAXIS2PLACEMENT2D(#1438,$);
#1440=IFCRECTANGLEPROFILEDEF(.AREA.,$,#1439,0.59999999999999998,0.59999999999999998);
#1441=IFCCARTESIANPOINT((0.,0.,0.));
#1442=IFCAXIS2PLACEMENT3D(#1441,$,$);
#1443=IFCDIRECTION((0.,0.,1.));
#1444=IFCEXTRUDEDAREASOLID(#1440,#1442,#1443,23.45000000000001);
#1445=IFCSHAPEREPRESENTATION(#14,'Body','SweptSolid',(#1444));
#1446=IFCPRODUCTDEFINITIONSHAPE($,$,(#1445));
#1447=IFCCOLUMN('0iz1BzNXfEQR2pnPsUTUfa',#5,'P018',$,$,#1437,#1446,$,$);
#1448=IFCRELCONTAINEDINSPATIALSTRUCTURE('1oS5K4Ph59SgOepNusdcal',#5,$,$,(#1447),#89);
#1449=IFCCARTESIANPOINT((26.129999999999999,3.,0.));
#1450=IFCAXIS2PLACEMENT3D(#1449,$,$);
#1451=IFCLOCALPLACEMENT(#28,#1450);
#1452=IFCCARTESIANPOINT((0.,0.));
#1453=IFCAXIS2PLACEMENT2D(#1452,$);
#1454=IFCRECTANGLEPROFILEDEF(.AREA.,$,#1453,0.90000000000000002,0.90000000000000002);
#1455=IFCCARTESIANPOINT((0.,0.,0.));
#1456=IFCAXIS2PLACEMENT3D(#1455,$,$);
#1457=IFCDIRECTION((0.,0.,1.));
#1458=IFCEXTRUDEDAREASOLID(#1454,#1456,#1457,10.5);
#1459=IFCSHAPEREPRESENTATION(#14,'Body','SweptSolid',(#1458));
#1460=IFCPRODUCTDEFINITIONSHAPE($,$,(#1459));
#1461=IFCCOLUMN('1hiBjEoib5GwRxuiqCBui6',#5,'P019',$,$,#1451,#1460,$,$);
#1462=IFCRELCONTAINEDINSPATIALSTRUCTURE('3PdxC1NV95tQ4bPGLQgWor',#5,$,$,(#1461),#29);
#1463=IFCCARTESIANPOINT((26.129999999999999,3.,0.));
#1464=IFCAXIS2PLACEMENT3D(#1463,$,$);
#1465=IFCLOCALPLACEMENT(#40,#1464);
#1466=IFCCARTESIANPOINT((0.,0.));
#1467=IFCAXIS2PLACEMENT2D(#1466,$);
#1468=IFCRECTANGLEPROFILEDEF(.AREA.,$,#1467,0.80000000000000004,0.80000000000000004);
#1469=IFCCARTESIANPOINT((0.,0.,0.));
#1470=IFCAXIS2PLACEMENT3D(#1469,$,$);
#1471=IFCDIRECTION((0.,0.,1.));
#1472=IFCEXTRUDEDAREASOLID(#1468,#1470,#1471,20.75);
#1473=IFCSHAPEREPRESENTATION(#14,'Body','SweptSolid',(#1472));
#1474=IFCPRODUCTDEFINITIONSHAPE($,$,(#1473));
#1475=IFCCOLUMN('3jIEY6VPf9XQp713I9qqNS',#5,'P019',$,$,#1465,#1474,$,$);
#1476=IFCRELCONTAINEDINSPATIALSTRUCTURE('0dqiYF3s56lPUWf2FO5HBM',#5,$,$,(#1475),#41);
#1477=IFCCARTESIANPOINT((26.129999999999999,3.,0.));
#1478=IFCAXIS2PLACEMENT3D(#1477,$,$);
#1479=IFCLOCALPLACEMENT(#64,#1478);
#1480=IFCCARTESIANPOINT((0.,0.));
#1481=IFCAXIS2PLACEMENT2D(#1480,$);
#1482=IFCRECTANGLEPROFILEDEF(.AREA.,$,#1481,0.69999999999999996,0.69999999999999996);
#1483=IFCCARTESIANPOINT((0.,0.,0.));
#1484=IFCAXIS2PLACEMENT3D(#1483,$,$);
#1485=IFCDIRECTION((0.,0.,1.));
#1486=IFCEXTRUDEDAREASOLID(#1482,#1484,#1485,20.100000000000001);
#1487=IFCSHAPEREPRESENTATION(#14,'Body','SweptSolid',(#1486));
#1488=IFCPRODUCTDEFINITIONSHAPE($,$,(#1487));
#1489=IFCCOLUMN('3kAd5NvrP7sfIZUVYmoFR3',#5,'P019',$,$,#1479,#1488,$,$);
#1490=IFCRELCONTAINEDINSPATIALSTRUCTURE('0OxfJxikj8qBS74mO1M4Md',#5,$,$,(#1489),#65);
#1491=IFCCARTESIANPOINT((26.129999999999999,3.,0.));
#1492=IFCAXIS2PLACEMENT3D(#1491,$,$);
#1493=IFCLOCALPLACEMENT(#88,#1492);
#1494=IFCCARTESIANPOINT((0.,0.));
#1495=IFCAXIS2PLACEMENT2D(#1494,$);
#1496=IFCRECTANGLEPROFILEDEF(.AREA.,$,#1495,0.59999999999999998,0.59999999999999998);
#1497=IFCCARTESIANPOINT((0.,0.,0.));
#1498=IFCAXIS2PLACEMENT3D(#1497,$,$);
#1499=IFCDIRECTION((0.,0.,1.));
#1500=IFCEXTRUDEDAREASOLID(#1496,#1498,#1499,23.45000000000001);
#1501=IFCSHAPEREPRESENTATION(#14,'Body','SweptSolid',(#1500));
#1502=IFCPRODUCTDEFINITIONSHAPE($,$,(#1501));
#1503=IFCCOLUMN('1jqxmn4Zj5YAsCaLNF6B79',#5,'P019',$,$,#1493,#1502,$,$);
#1504=IFCRELCONTAINEDINSPATIALSTRUCTURE('3H06poOXb9nfts6SVVHmmk',#5,$,$,(#1503),#89);
#1505=IFCCARTESIANPOINT((26.129999999999999,10.,0.));
#1506=IFCAXIS2PLACEMENT3D(#1505,$,$);
#1507=IFCLOCALPLACEMENT(#28,#1506);
#1508=IFCCARTESIANPOINT((0.,0.));
#1509=IFCAXIS2PLACEMENT2D(#1508,$);
#1510=IFCRECTANGLEPROFILEDEF(.AREA.,$,#1509,0.90000000000000002,0.90000000000000002);
#1511=IFCCARTESIANPOINT((0.,0.,0.));
#1512=IFCAXIS2PLACEMENT3D(#1511,$,$);
#1513=IFCDIRECTION((0.,0.,1.));
#1514=IFCEXTRUDEDAREASOLID(#1510,#1512,#1513,10.5);
#1515=IFCSHAPEREPRESENTATION(#14,'Body','SweptSolid',(#1514));
#1516=IFCPRODUCTDEFINITIONSHAPE($,$,(#1515));
#1517=IFCCOLUMN('2vFfH_EUvB9BrptnCSyj0K',#5,'P020',$,$,#1507,#1516,$,$);
#1518=IFCRELCONTAINEDINSPATIALSTRUCTURE('3MdQVbVtH6YOFnf4XxomZs',#5,$,$,(#1517),#29);
#1519=IFCCARTESIANPOINT((26.129999999999999,10.,0.));
#1520=IFCAXIS2PLACEMENT3D(#1519,$,$);
#1521=IFCLOCALPLACEMENT(#40,#1520);
#1522=IFCCARTESIANPOINT((0.,0.));
#1523=IFCAXIS2PLACEMENT2D(#1522,$);
#1524=IFCRECTANGLEPROFILEDEF(.AREA.,$,#1523,0.80000000000000004,0.80000000000000004);
#1525=IFCCARTESIANPOINT((0.,0.,0.));
#1526=IFCAXIS2PLACEMENT3D(#1525,$,$);
#1527=IFCDIRECTION((0.,0.,1.));
#1528=IFCEXTRUDEDAREASOLID(#1524,#1526,#1527,20.75);
#1529=IFCSHAPEREPRESENTATION(#14,'Body','SweptSolid',(#1528));
#1530=IFCPRODUCTDEFINITIONSHAPE($,$,(#1529));
#1531=IFCCOLUMN('1IKwcu5BD5DARs0fo81wKt',#5,'P020',$,$,#1521,#1530,$,$);
#1532=IFCRELCONTAINEDINSPATIALSTRUCTURE('1PSNEu1aH0GPNODYFYg3wE',#5,$,$,(#1531),#41);
#1533=IFCCARTESIANPOINT((26.129999999999999,10.,0.));
#1534=IFCAXIS2PLACEMENT3D(#1533,$,$);
#1535=IFCLOCALPLACEMENT(#64,#1534);
#1536=IFCCARTESIANPOINT((0.,0.));
#1537=IFCAXIS2PLACEMENT2D(#1536,$);
#1538=IFCRECTANGLEPROFILEDEF(.AREA.,$,#1537,0.69999999999999996,0.69999999999999996);
#1539=IFCCARTESIANPOINT((0.,0.,0.));
#1540=IFCAXIS2PLACEMENT3D(#1539,$,$);
#1541=IFCDIRECTION((0.,0.,1.));
#1542=IFCEXTRUDEDAREASOLID(#1538,#1540,#1541,20.100000000000001);
#1543=IFCSHAPEREPRESENTATION(#14,'Body','SweptSolid',(#1542));
#1544=IFCPRODUCTDEFINITIONSHAPE($,$,(#1543));
#1545=IFCCOLUMN('2MiI6BtZn6FfFbCqXzZM_D',#5,'P020',$,$,#1535,#1544,$,$);
#1546=IFCRELCONTAINEDINSPATIALSTRUCTURE('1M4Q3dlgj4Ngoc0NhN36bL',#5,$,$,(#1545),#65);
#1547=IFCCARTESIANPOINT((26.129999999999999,10.,0.));
#1548=IFCAXIS2PLACEMENT3D(#1547,$,$);
#1549=IFCLOCALPLACEMENT(#88,#1548);
#1550=IFCCARTESIANPOINT((0.,0.));
#1551=IFCAXIS2PLACEMENT2D(#1550,$);
#1552=IFCRECTANGLEPROFILEDEF(.AREA.,$,#1551,0.59999999999999998,0.59999999999999998);
#1553=IFCCARTESIANPOINT((0.,0.,0.));
#1554=IFCAXIS2PLACEMENT3D(#1553,$,$);
#1555=IFCDIRECTION((0.,0.,1.));
#1556=IFCEXTRUDEDAREASOLID(#1552,#1554,#1555,23.45000000000001);
#1557=IFCSHAPEREPRESENTATION(#14,'Body','SweptSolid',(#1556));
#1558=IFCPRODUCTDEFINITIONSHAPE($,$,(#1557));
#1559=IFCCOLUMN('1_jy9$Cnb5KQr_2cyI4XHa',#5,'P020',$,$,#1549,#1558,$,$);
#1560=IFCRELCONTAINEDINSPATIALSTRUCTURE('3B6YjRj8L96gA3BpccC4YU',#5,$,$,(#1559),#89);
#1561=IFCCARTESIANPOINT((26.129999999999999,17.,0.));
#1562=IFCAXIS2PLACEMENT3D(#1561,$,$);
#1563=IFCLOCALPLACEMENT(#28,#1562);
#1564=IFCCARTESIANPOINT((0.,0.));
#1565=IFCAXIS2PLACEMENT2D(#1564,$);
#1566=IFCRECTANGLEPROFILEDEF(.AREA.,$,#1565,0.90000000000000002,0.90000000000000002);
#1567=IFCCARTESIANPOINT((0.,0.,0.));
#1568=IFCAXIS2PLACEMENT3D(#1567,$,$);
#1569=IFCDIRECTION((0.,0.,1.));
#1570=IFCEXTRUDEDAREASOLID(#1566,#1568,#1569,10.5);
#1571=IFCSHAPEREPRESENTATION(#14,'Body','SweptSolid',(#1570));
#1572=IFCPRODUCTDEFINITIONSHAPE($,$,(#1571));
#1573=IFCCOLUMN('2Yayzw14P7kOiK7_25woPg',#5,'P021',$,$,#1563,#1572,$,$);
#1574=IFCRELCONTAINEDINSPATIALSTRUCTURE('1feU0awsP2iR2fsEFc4pQI',#5,$,$,(#1573),#29);
#1575=IFCCARTESIANPOINT((26.129999999999999,17.,0.));
#1576=IFCAXIS2PLACEMENT3D(#1575,$,$);
#1577=IFCLOCALPLACEMENT(#40,#1576);
#1578=IFCCARTESIANPOINT((0.,0.));
#1579=IFCAXIS2PLACEMENT2D(#1578,$);
#1580=IFCRECTANGLEPROFILEDEF(.AREA.,$,#1579,0.80000000000000004,0.80000000000000004);
#1581=IFCCARTESIANPOINT((0.,0.,0.));
#1582=IFCAXIS2PLACEMENT3D(#1581,$,$);
#1583=IFCDIRECTION((0.,0.,1.));
#1584=IFCEXTRUDEDAREASOLID(#1580,#1582,#1583,20.75);
#1585=IFCSHAPEREPRESENTATION(#14,'Body','SweptSolid',(#1584));
#1586=IFCPRODUCTDEFINITIONSHAPE($,$,(#1585));
#1587=IFCCOLUMN('2tc588ITTAif0o3VdzaurY',#5,'P021',$,$,#1577,#1586,$,$);
#1588=IFCRELCONTAINEDINSPATIALSTRUCTURE('0RCkeqVebFqBIBWFUajC$c',#5,$,$,(#1587),#41);
#1589=IFCCARTESIANPOINT((26.129999999999999,17.,0.));
#1590=IFCAXIS2PLACEMENT3D(#1589,$,$);
#1591=IFCLOCALPLACEMENT(#64,#1590);
#1592=IFCCARTESIANPOINT((0.,0.));
#1593=IFCAXIS2PLACEMENT2D(#1592,$);
#1594=IFCRECTANGLEPROFILEDEF(.AREA.,$,#1593,0.69999999999999996,0.69999999999999996);
#1595=IFCCARTESIANPOINT((0.,0.,0.));
#1596=IFCAXIS2PLACEMENT3D(#1595,$,$);
#1597=IFCDIRECTION((0.,0.,1.));
#1598=IFCEXTRUDEDAREASOLID(#1594,#1596,#1597,20.100000000000001);
#1599=IFCSHAPEREPRESENTATION(#14,'Body','SweptSolid',(#1598));
#1600=IFCPRODUCTDEFINITIONSHAPE($,$,(#1599));
#1601=IFCCOLUMN('2bwW24dDLAS9Mc9ESL9hyp',#5,'P021',$,$,#1591,#1600,$,$);
#1602=IFCRELCONTAINEDINSPATIALSTRUCTURE('3XogPI$k55dwREX2mFK7sY',#5,$,$,(#1601),#65);
#1603=IFCCARTESIANPOINT((26.129999999999999,17.,0.));
#1604=IFCAXIS2PLACEMENT3D(#1603,$,$);
#1605=IFCLOCALPLACEMENT(#88,#1604);
#1606=IFCCARTESIANPOINT((0.,0.));
#1607=IFCAXIS2PLACEMENT2D(#1606,$);
#1608=IFCRECTANGLEPROFILEDEF(.AREA.,$,#1607,0.59999999999999998,0.59999999999999998);
#1609=IFCCARTESIANPOINT((0.,0.,0.));
#1610=IFCAXIS2PLACEMENT3D(#1609,$,$);
#1611=IFCDIRECTION((0.,0.,1.));
#1612=IFCEXTRUDEDAREASOLID(#1608,#1610,#1611,23.45000000000001);
#1613=IFCSHAPEREPRESENTATION(#14,'Body','SweptSolid',(#1612));
#1614=IFCPRODUCTDEFINITIONSHAPE($,$,(#1613));
#1615=IFCCOLUMN('32en4SIrL3Zhqnv2nsezrB',#5,'P021',$,$,#1605,#1614,$,$);
#1616=IFCRELCONTAINEDINSPATIALSTRUCTURE('1_WmgLHY9A_uzr96yatGLt',#5,$,$,(#1615),#89);
#1617=IFCCARTESIANPOINT((26.129999999999999,26.,0.));
#1618=IFCAXIS2PLACEMENT3D(#1617,$,$);
#1619=IFCLOCALPLACEMENT(#28,#1618);
#1620=IFCCARTESIANPOINT((0.,0.));
#1621=IFCAXIS2PLACEMENT2D(#1620,$);
#1622=IFCRECTANGLEPROFILEDEF(.AREA.,$,#1621,0.90000000000000002,0.90000000000000002);
#1623=IFCCARTESIANPOINT((0.,0.,0.));
#1624=IFCAXIS2PLACEMENT3D(#1623,$,$);
#1625=IFCDIRECTION((0.,0.,1.));
#1626=IFCEXTRUDEDAREASOLID(#1622,#1624,#1625,10.5);
#1627=IFCSHAPEREPRESENTATION(#14,'Body','SweptSolid',(#1626));
#1628=IFCPRODUCTDEFINITIONSHAPE($,$,(#1627));
#1629=IFCCOLUMN('0J1T_l6G1Fw9LpLou$iKPW',#5,'P022',$,$,#1619,#1628,$,$);
#1630=IFCRELCONTAINEDINSPATIALSTRUCTURE('3eeUfWE7L79f5Rgjr5JQp5',#5,$,$,(#1629),#29);
#1631=IFCCARTESIANPOINT((26.129999999999999,26.,0.));
#1632=IFCAXIS2PLACEMENT3D(#1631,$,$);
#1633=IFCLOCALPLACEMENT(#40,#1632);
#1634=IFCCARTESIANPOINT((0.,0.));
#1635=IFCAXIS2PLACEMENT2D(#1634,$);
#1636=IFCRECTANGLEPROFILEDEF(.AREA.,$,#1635,0.80000000000000004,0.80000000000000004);
#1637=IFCCARTESIANPOINT((0.,0.,0.));
#1638=IFCAXIS2PLACEMENT3D(#1637,$,$);
#1639=IFCDIRECTION((0.,0.,1.));
#1640=IFCEXTRUDEDAREASOLID(#1636,#1638,#1639,20.75);
#1641=IFCSHAPEREPRESENTATION(#14,'Body','SweptSolid',(#1640));
#1642=IFCPRODUCTDEFINITIONSHAPE($,$,(#1641));
#1643=IFCCOLUMN('2N0NvZh$b66edbOfQ4DYi_',#5,'P022',$,$,#1633,#1642,$,$);
#1644=IFCRELCONTAINEDINSPATIALSTRUCTURE('0JUbBYyQbEfOWPliSUdBY2',#5,$,$,(#1643),#41);
#1645=IFCCARTESIANPOINT((26.129999999999999,26.,0.));
#1646=IFCAXIS2PLACEMENT3D(#1645,$,$);
#1647=IFCLOCALPLACEMENT(#64,#1646);
#1648=IFCCARTESIANPOINT((0.,0.));
#1649=IFCAXIS2PLACEMENT2D(#1648,$);
#1650=IFCRECTANGLEPROFILEDEF(.AREA.,$,#1649,0.69999999999999996,0.69999999999999996);
#1651=IFCCARTESIANPOINT((0.,0.,0.));
#1652=IFCAXIS2PLACEMENT3D(#1651,$,$);
#1653=IFCDIRECTION((0.,0.,1.));
#1654=IFCEXTRUDEDAREASOLID(#1650,#1652,#1653,20.100000000000001);
#1655=IFCSHAPEREPRESENTATION(#14,'Body','SweptSolid',(#1654));
#1656=IFCPRODUCTDEFINITIONSHAPE($,$,(#1655));
#1657=IFCCOLUMN('1uQIgItdf2vhX8FqxEin73',#5,'P022',$,$,#1647,#1656,$,$);
#1658=IFCRELCONTAINEDINSPATIALSTRUCTURE('372VsjFeLBAOqgVPKDqQmF',#5,$,$,(#1657),#65);
#1659=IFCCARTESIANPOINT((26.129999999999999,26.,0.));
#1660=IFCAXIS2PLACEMENT3D(#1659,$,$);
#1661=IFCLOCALPLACEMENT(#88,#1660);
#1662=IFCCARTESIANPOINT((0.,0.));
#1663=IFCAXIS2PLACEMENT2D(#1662,$);
#1664=IFCRECTANGLEPROFILEDEF(.AREA.,$,#1663,0.59999999999999998,0.59999999999999998);
#1665=IFCCARTESIANPOINT((0.,0.,0.));
#1666=IFCAXIS2PLACEMENT3D(#1665,$,$);
#1667=IFCDIRECTION((0.,0.,1.));
#1668=IFCEXTRUDEDAREASOLID(#1664,#1666,#1667,23.45000000000001);
#1669=IFCSHAPEREPRESENTATION(#14,'Body','SweptSolid',(#1668));
#1670=IFCPRODUCTDEFINITIONSHAPE($,$,(#1669));
#1671=IFCCOLUMN('2jCAq5hJfA6vb8pnLZgAug',#5,'P022',$,$,#1661,#1670,$,$);
#1672=IFCRELCONTAINEDINSPATIALSTRUCTURE('11ZOh3b5D3vvYKqEIkObd3',#5,$,$,(#1671),#89);
#1673=IFCCARTESIANPOINT((26.129999999999999,33.,0.));
#1674=IFCAXIS2PLACEMENT3D(#1673,$,$);
#1675=IFCLOCALPLACEMENT(#28,#1674);
#1676=IFCCARTESIANPOINT((0.,0.));
#1677=IFCAXIS2PLACEMENT2D(#1676,$);
#1678=IFCRECTANGLEPROFILEDEF(.AREA.,$,#1677,0.90000000000000002,0.90000000000000002);
#1679=IFCCARTESIANPOINT((0.,0.,0.));
#1680=IFCAXIS2PLACEMENT3D(#1679,$,$);
#1681=IFCDIRECTION((0.,0.,1.));
#1682=IFCEXTRUDEDAREASOLID(#1678,#1680,#1681,10.5);
#1683=IFCSHAPEREPRESENTATION(#14,'Body','SweptSolid',(#1682));
#1684=IFCPRODUCTDEFINITIONSHAPE($,$,(#1683));
#1685=IFCCOLUMN('3BpxyCOoj3WwF4wo7JStva',#5,'P023',$,$,#1675,#1684,$,$);
#1686=IFCRELCONTAINEDINSPATIALSTRUCTURE('3IMxb33Kj2FuJtmkkYW6vU',#5,$,$,(#1685),#29);
#1687=IFCCARTESIANPOINT((26.129999999999999,33.,0.));
#1688=IFCAXIS2PLACEMENT3D(#1687,$,$);
#1689=IFCLOCALPLACEMENT(#40,#1688);
#1690=IFCCARTESIANPOINT((0.,0.));
#1691=IFCAXIS2PLACEMENT2D(#1690,$);
#1692=IFCRECTANGLEPROFILEDEF(.AREA.,$,#1691,0.80000000000000004,0.80000000000000004);
#1693=IFCCARTESIANPOINT((0.,0.,0.));
#1694=IFCAXIS2PLACEMENT3D(#1693,$,$);
#1695=IFCDIRECTION((0.,0.,1.));
#1696=IFCEXTRUDEDAREASOLID(#1692,#1694,#1695,20.75);
#1697=IFCSHAPEREPRESENTATION(#14,'Body','SweptSolid',(#1696));
#1698=IFCPRODUCTDEFINITIONSHAPE($,$,(#1697));
#1699=IFCCOLUMN('3_j73mFZr0Af_V1MmEBTX0',#5,'P023',$,$,#1689,#1698,$,$);
#1700=IFCRELCONTAINEDINSPATIALSTRUCTURE('0BJq0EwEj3cxJ8_qnA6bP2',#5,$,$,(#1699),#41);
#1701=IFCCARTESIANPOINT((26.129999999999999,33.,0.));
#1702=IFCAXIS2PLACEMENT3D(#1701,$,$);
#1703=IFCLOCALPLACEMENT(#64,#1702);
#1704=IFCCARTESIANPOINT((0.,0.));
#1705=IFCAXIS2PLACEMENT2D(#1704,$);
#1706=IFCRECTANGLEPROFILEDEF(.AREA.,$,#1705,0.69999999999999996,0.69999999999999996);
#1707=IFCCARTESIANPOINT((0.,0.,0.));
#1708=IFCAXIS2PLACEMENT3D(#1707,$,$);
#1709=IFCDIRECTION((0.,0.,1.));
#1710=IFCEXTRUDEDAREASOLID(#1706,#1708,#1709,20.100000000000001);
#1711=IFCSHAPEREPRESENTATION(#14,'Body','SweptSolid',(#1710));
#1712=IFCPRODUCTDEFINITIONSHAPE($,$,(#1711));
#1713=IFCCOLUMN('2dXTh5$qH0rwMA3zqXe95o',#5,'P023',$,$,#1703,#1712,$,$);
#1714=IFCRELCONTAINEDINSPATIALSTRUCTURE('3cZtcqEnn5aA_1bOh4Epqo',#5,$,$,(#1713),#65);
#1715=IFCCARTESIANPOINT((26.129999999999999,33.,0.));
#1716=IFCAXIS2PLACEMENT3D(#1715,$,$);
#1717=IFCLOCALPLACEMENT(#88,#1716);
#1718=IFCCARTESIANPOINT((0.,0.));
#1719=IFCAXIS2PLACEMENT2D(#1718,$);
#1720=IFCRECTANGLEPROFILEDEF(.AREA.,$,#1719,0.59999999999999998,0.59999999999999998);
#1721=IFCCARTESIANPOINT((0.,0.,0.));
#1722=IFCAXIS2PLACEMENT3D(#1721,$,$);
#1723=IFCDIRECTION((0.,0.,1.));
#1724=IFCEXTRUDEDAREASOLID(#1720,#1722,#1723,23.45000000000001);
#1725=IFCSHAPEREPRESENTATION(#14,'Body','SweptSolid',(#1724));
#1726=IFCPRODUCTDEFINITIONSHAPE($,$,(#1725));
#1727=IFCCOLUMN('2ohKYIoAX7heuHe2xho_5C',#5,'P023',$,$,#1717,#1726,$,$);
#1728=IFCRELCONTAINEDINSPATIALSTRUCTURE('1eRq7EC_f99B0ad551UL8T',#5,$,$,(#1727),#89);
#1729=IFCCARTESIANPOINT((26.129999999999999,40.,0.));
#1730=IFCAXIS2PLACEMENT3D(#1729,$,$);
#1731=IFCLOCALPLACEMENT(#28,#1730);
#1732=IFCCARTESIANPOINT((0.,0.));
#1733=IFCAXIS2PLACEMENT2D(#1732,$);
#1734=IFCRECTANGLEPROFILEDEF(.AREA.,$,#1733,0.90000000000000002,0.90000000000000002);
#1735=IFCCARTESIANPOINT((0.,0.,0.));
#1736=IFCAXIS2PLACEMENT3D(#1735,$,$);
#1737=IFCDIRECTION((0.,0.,1.));
#1738=IFCEXTRUDEDAREASOLID(#1734,#1736,#1737,10.5);
#1739=IFCSHAPEREPRESENTATION(#14,'Body','SweptSolid',(#1738));
#1740=IFCPRODUCTDEFINITIONSHAPE($,$,(#1739));
#1741=IFCCOLUMN('2Bqm6jwqL18PyoyWE3vp$o',#5,'P024',$,$,#1731,#1740,$,$);
#1742=IFCRELCONTAINEDINSPATIALSTRUCTURE('2dEoK2SbX4KeO5q4g3PzJP',#5,$,$,(#1741),#29);
#1743=IFCCARTESIANPOINT((26.129999999999999,40.,0.));
#1744=IFCAXIS2PLACEMENT3D(#1743,$,$);
#1745=IFCLOCALPLACEMENT(#40,#1744);
#1746=IFCCARTESIANPOINT((0.,0.));
#1747=IFCAXIS2PLACEMENT2D(#1746,$);
#1748=IFCRECTANGLEPROFILEDEF(.AREA.,$,#1747,0.80000000000000004,0.80000000000000004);
#1749=IFCCARTESIANPOINT((0.,0.,0.));
#1750=IFCAXIS2PLACEMENT3D(#1749,$,$);
#1751=IFCDIRECTION((0.,0.,1.));
#1752=IFCEXTRUDEDAREASOLID(#1748,#1750,#1751,20.75);
#1753=IFCSHAPEREPRESENTATION(#14,'Body','SweptSolid',(#1752));
#1754=IFCPRODUCTDEFINITIONSHAPE($,$,(#1753));
#1755=IFCCOLUMN('3hkzuCsCnF48gy6YdGv4no',#5,'P024',$,$,#1745,#1754,$,$);
#1756=IFCRELCONTAINEDINSPATIALSTRUCTURE('3CpbRq1qL1WOUmR4DsmJur',#5,$,$,(#1755),#41);
#1757=IFCCARTESIANPOINT((26.129999999999999,40.,0.));
#1758=IFCAXIS2PLACEMENT3D(#1757,$,$);
#1759=IFCLOCALPLACEMENT(#64,#1758);
#1760=IFCCARTESIANPOINT((0.,0.));
#1761=IFCAXIS2PLACEMENT2D(#1760,$);
#1762=IFCRECTANGLEPROFILEDEF(.AREA.,$,#1761,0.69999999999999996,0.69999999999999996);
#1763=IFCCARTESIANPOINT((0.,0.,0.));
#1764=IFCAXIS2PLACEMENT3D(#1763,$,$);
#1765=IFCDIRECTION((0.,0.,1.));
#1766=IFCEXTRUDEDAREASOLID(#1762,#1764,#1765,20.100000000000001);
#1767=IFCSHAPEREPRESENTATION(#14,'Body','SweptSolid',(#1766));
#1768=IFCPRODUCTDEFINITIONSHAPE($,$,(#1767));
#1769=IFCCOLUMN('1ozltd5Yb3rv9cLwu3c0Ju',#5,'P024',$,$,#1759,#1768,$,$);
#1770=IFCRELCONTAINEDINSPATIALSTRUCTURE('3PqBz_dg14eeCQZjNHZ46H',#5,$,$,(#1769),#65);
#1771=IFCCARTESIANPOINT((26.129999999999999,40.,0.));
#1772=IFCAXIS2PLACEMENT3D(#1771,$,$);
#1773=IFCLOCALPLACEMENT(#88,#1772);
#1774=IFCCARTESIANPOINT((0.,0.));
#1775=IFCAXIS2PLACEMENT2D(#1774,$);
#1776=IFCRECTANGLEPROFILEDEF(.AREA.,$,#1775,0.59999999999999998,0.59999999999999998);
#1777=IFCCARTESIANPOINT((0.,0.,0.));
#1778=IFCAXIS2PLACEMENT3D(#1777,$,$);
#1779=IFCDIRECTION((0.,0.,1.));
#1780=IFCEXTRUDEDAREASOLID(#1776,#1778,#1779,23.45000000000001);
#1781=IFCSHAPEREPRESENTATION(#14,'Body','SweptSolid',(#1780));
#1782=IFCPRODUCTDEFINITIONSHAPE($,$,(#1781));
#1783=IFCCOLUMN('0_2sLdOaPCzhewptJ9chZW',#5,'P024',$,$,#1773,#1782,$,$);
#1784=IFCRELCONTAINEDINSPATIALSTRUCTURE('3woVLqzYX5cg12kDVjZkmI',#5,$,$,(#1783),#89);
#1785=IFCCARTESIANPOINT((34.,3.,0.));
#1786=IFCAXIS2PLACEMENT3D(#1785,$,$);
#1787=IFCLOCALPLACEMENT(#28,#1786);
#1788=IFCCARTESIANPOINT((0.,0.));
#1789=IFCAXIS2PLACEMENT2D(#1788,$);
#1790=IFCRECTANGLEPROFILEDEF(.AREA.,$,#1789,0.90000000000000002,0.90000000000000002);
#1791=IFCCARTESIANPOINT((0.,0.,0.));
#1792=IFCAXIS2PLACEMENT3D(#1791,$,$);
#1793=IFCDIRECTION((0.,0.,1.));
#1794=IFCEXTRUDEDAREASOLID(#1790,#1792,#1793,10.5);
#1795=IFCSHAPEREPRESENTATION(#14,'Body','SweptSolid',(#1794));
#1796=IFCPRODUCTDEFINITIONSHAPE($,$,(#1795));
#1797=IFCCOLUMN('11ImIHFr99RxJWzmwYpc_J',#5,'P025',$,$,#1787,#1796,$,$);
#1798=IFCRELCONTAINEDINSPATIALSTRUCTURE('2k26ZMtQb9qglZnPjRbRUk',#5,$,$,(#1797),#29);
#1799=IFCCARTESIANPOINT((34.,3.,0.));
#1800=IFCAXIS2PLACEMENT3D(#1799,$,$);
#1801=IFCLOCALPLACEMENT(#40,#1800);
#1802=IFCCARTESIANPOINT((0.,0.));
#1803=IFCAXIS2PLACEMENT2D(#1802,$);
#1804=IFCRECTANGLEPROFILEDEF(.AREA.,$,#1803,0.80000000000000004,0.80000000000000004);
#1805=IFCCARTESIANPOINT((0.,0.,0.));
#1806=IFCAXIS2PLACEMENT3D(#1805,$,$);
#1807=IFCDIRECTION((0.,0.,1.));
#1808=IFCEXTRUDEDAREASOLID(#1804,#1806,#1807,20.75);
#1809=IFCSHAPEREPRESENTATION(#14,'Body','SweptSolid',(#1808));
#1810=IFCPRODUCTDEFINITIONSHAPE($,$,(#1809));
#1811=IFCCOLUMN('2SDh5GAMD8qvd4WoZsaXwb',#5,'P025',$,$,#1801,#1810,$,$);
#1812=IFCRELCONTAINEDINSPATIALSTRUCTURE('1CQXR$WbD1QebI787vt9Wn',#5,$,$,(#1811),#41);
#1813=IFCCARTESIANPOINT((34.,3.,0.));
#1814=IFCAXIS2PLACEMENT3D(#1813,$,$);
#1815=IFCLOCALPLACEMENT(#64,#1814);
#1816=IFCCARTESIANPOINT((0.,0.));
#1817=IFCAXIS2PLACEMENT2D(#1816,$);
#1818=IFCRECTANGLEPROFILEDEF(.AREA.,$,#1817,0.69999999999999996,0.69999999999999996);
#1819=IFCCARTESIANPOINT((0.,0.,0.));
#1820=IFCAXIS2PLACEMENT3D(#1819,$,$);
#1821=IFCDIRECTION((0.,0.,1.));
#1822=IFCEXTRUDEDAREASOLID(#1818,#1820,#1821,20.100000000000001);
#1823=IFCSHAPEREPRESENTATION(#14,'Body','SweptSolid',(#1822));
#1824=IFCPRODUCTDEFINITIONSHAPE($,$,(#1823));
#1825=IFCCOLUMN('3kSbIRgTL3xuwKYSlGYWiX',#5,'P025',$,$,#1815,#1824,$,$);
#1826=IFCRELCONTAINEDINSPATIALSTRUCTURE('0jxUVDSt96kBRTGXY1qayj',#5,$,$,(#1825),#65);
#1827=IFCCARTESIANPOINT((34.,3.,0.));
#1828=IFCAXIS2PLACEMENT3D(#1827,$,$);
#1829=IFCLOCALPLACEMENT(#88,#1828);
#1830=IFCCARTESIANPOINT((0.,0.));
#1831=IFCAXIS2PLACEMENT2D(#1830,$);
#1832=IFCRECTANGLEPROFILEDEF(.AREA.,$,#1831,0.59999999999999998,0.59999999999999998);
#1833=IFCCARTESIANPOINT((0.,0.,0.));
#1834=IFCAXIS2PLACEMENT3D(#1833,$,$);
#1835=IFCDIRECTION((0.,0.,1.));
#1836=IFCEXTRUDEDAREASOLID(#1832,#1834,#1835,23.45000000000001);
#1837=IFCSHAPEREPRESENTATION(#14,'Body','SweptSolid',(#1836));
#1838=IFCPRODUCTDEFINITIONSHAPE($,$,(#1837));
#1839=IFCCOLUMN('1KBc72jX92G9AiX1PmZ0_n',#5,'P025',$,$,#1829,#1838,$,$);
#1840=IFCRELCONTAINEDINSPATIALSTRUCTURE('3U16aOaJ518B8gkcualDZ0',#5,$,$,(#1839),#89);
#1841=IFCCARTESIANPOINT((34.,10.,0.));
#1842=IFCAXIS2PLACEMENT3D(#1841,$,$);
#1843=IFCLOCALPLACEMENT(#28,#1842);
#1844=IFCCARTESIANPOINT((0.,0.));
#1845=IFCAXIS2PLACEMENT2D(#1844,$);
#1846=IFCRECTANGLEPROFILEDEF(.AREA.,$,#1845,0.90000000000000002,0.90000000000000002);
#1847=IFCCARTESIANPOINT((0.,0.,0.));
#1848=IFCAXIS2PLACEMENT3D(#1847,$,$);
#1849=IFCDIRECTION((0.,0.,1.));
#1850=IFCEXTRUDEDAREASOLID(#1846,#1848,#1849,10.5);
#1851=IFCSHAPEREPRESENTATION(#14,'Body','SweptSolid',(#1850));
#1852=IFCPRODUCTDEFINITIONSHAPE($,$,(#1851));
#1853=IFCCOLUMN('1H_SMnV0LC4888ItbYKQcc',#5,'P026',$,$,#1843,#1852,$,$);
#1854=IFCRELCONTAINEDINSPATIALSTRUCTURE('13zZszLlz1JvGIbGmF0jP1',#5,$,$,(#1853),#29);
#1855=IFCCARTESIANPOINT((34.,10.,0.));
#1856=IFCAXIS2PLACEMENT3D(#1855,$,$);
#1857=IFCLOCALPLACEMENT(#40,#1856);
#1858=IFCCARTESIANPOINT((0.,0.));
#1859=IFCAXIS2PLACEMENT2D(#1858,$);
#1860=IFCRECTANGLEPROFILEDEF(.AREA.,$,#1859,0.80000000000000004,0.80000000000000004);
#1861=IFCCARTESIANPOINT((0.,0.,0.));
#1862=IFCAXIS2PLACEMENT3D(#1861,$,$);
#1863=IFCDIRECTION((0.,0.,1.));
#1864=IFCEXTRUDEDAREASOLID(#1860,#1862,#1863,20.75);
#1865=IFCSHAPEREPRESENTATION(#14,'Body','SweptSolid',(#1864));
#1866=IFCPRODUCTDEFINITIONSHAPE($,$,(#1865));
#1867=IFCCOLUMN('2wQY7pmhn4pBsGhWuJUdrf',#5,'P026',$,$,#1857,#1866,$,$);
#1868=IFCRELCONTAINEDINSPATIALSTRUCTURE('0_vwJecfL5Ce4sIjDPnamK',#5,$,$,(#1867),#41);
#1869=IFCCARTESIANPOINT((34.,10.,0.));
#1870=IFCAXIS2PLACEMENT3D(#1869,$,$);
#1871=IFCLOCALPLACEMENT(#64,#1870);
#1872=IFCCARTESIANPOINT((0.,0.));
#1873=IFCAXIS2PLACEMENT2D(#1872,$);
#1874=IFCRECTANGLEPROFILEDEF(.AREA.,$,#1873,0.69999999999999996,0.69999999999999996);
#1875=IFCCARTESIANPOINT((0.,0.,0.));
#1876=IFCAXIS2PLACEMENT3D(#1875,$,$);
#1877=IFCDIRECTION((0.,0.,1.));
#1878=IFCEXTRUDEDAREASOLID(#1874,#1876,#1877,20.100000000000001);
#1879=IFCSHAPEREPRESENTATION(#14,'Body','SweptSolid',(#1878));
#1880=IFCPRODUCTDEFINITIONSHAPE($,$,(#1879));
#1881=IFCCOLUMN('0jxV0X9rb8QRCOng1lsopF',#5,'P026',$,$,#1871,#1880,$,$);
#1882=IFCRELCONTAINEDINSPATIALSTRUCTURE('2L5$NnpLfDLQ22vbx8EdrH',#5,$,$,(#1881),#65);
#1883=IFCCARTESIANPOINT((34.,10.,0.));
#1884=IFCAXIS2PLACEMENT3D(#1883,$,$);
#1885=IFCLOCALPLACEMENT(#88,#1884);
#1886=IFCCARTESIANPOINT((0.,0.));
#1887=IFCAXIS2PLACEMENT2D(#1886,$);
#1888=IFCRECTANGLEPROFILEDEF(.AREA.,$,#1887,0.59999999999999998,0.59999999999999998);
#1889=IFCCARTESIANPOINT((0.,0.,0.));
#1890=IFCAXIS2PLACEMENT3D(#1889,$,$);
#1891=IFCDIRECTION((0.,0.,1.));
#1892=IFCEXTRUDEDAREASOLID(#1888,#1890,#1891,23.45000000000001);
#1893=IFCSHAPEREPRESENTATION(#14,'Body','SweptSolid',(#1892));
#1894=IFCPRODUCTDEFINITIONSHAPE($,$,(#1893));
#1895=IFCCOLUMN('0_pRUfB1T8l8eZQGeO4s5r',#5,'P026',$,$,#1885,#1894,$,$);
#1896=IFCRELCONTAINEDINSPATIALSTRUCTURE('1fQx6hzR97mQhBo3KkNHXx',#5,$,$,(#1895),#89);
#1897=IFCCARTESIANPOINT((34.,17.,0.));
#1898=IFCAXIS2PLACEMENT3D(#1897,$,$);
#1899=IFCLOCALPLACEMENT(#28,#1898);
#1900=IFCCARTESIANPOINT((0.,0.));
#1901=IFCAXIS2PLACEMENT2D(#1900,$);
#1902=IFCRECTANGLEPROFILEDEF(.AREA.,$,#1901,0.90000000000000002,0.90000000000000002);
#1903=IFCCARTESIANPOINT((0.,0.,0.));
#1904=IFCAXIS2PLACEMENT3D(#1903,$,$);
#1905=IFCDIRECTION((0.,0.,1.));
#1906=IFCEXTRUDEDAREASOLID(#1902,#1904,#1905,10.5);
#1907=IFCSHAPEREPRESENTATION(#14,'Body','SweptSolid',(#1906));
#1908=IFCPRODUCTDEFINITIONSHAPE($,$,(#1907));
#1909=IFCCOLUMN('01lpxAhnHDW8Qh2LbxQCZH',#5,'P027',$,$,#1899,#1908,$,$);
#1910=IFCRELCONTAINEDINSPATIALSTRUCTURE('2ZlDK8y$f9BBOHKdGjUBwH',#5,$,$,(#1909),#29);
#1911=IFCCARTESIANPOINT((34.,17.,0.));
#1912=IFCAXIS2PLACEMENT3D(#1911,$,$);
#1913=IFCLOCALPLACEMENT(#40,#1912);
#1914=IFCCARTESIANPOINT((0.,0.));
#1915=IFCAXIS2PLACEMENT2D(#1914,$);
#1916=IFCRECTANGLEPROFILEDEF(.AREA.,$,#1915,0.80000000000000004,0.80000000000000004);
#1917=IFCCARTESIANPOINT((0.,0.,0.));
#1918=IFCAXIS2PLACEMENT3D(#1917,$,$);
#1919=IFCDIRECTION((0.,0.,1.));
#1920=IFCEXTRUDEDAREASOLID(#1916,#1918,#1919,20.75);
#1921=IFCSHAPEREPRESENTATION(#14,'Body','SweptSolid',(#1920));
#1922=IFCPRODUCTDEFINITIONSHAPE($,$,(#1921));
#1923=IFCCOLUMN('0jXAOIbunCbuPQ64LL1XJV',#5,'P027',$,$,#1913,#1922,$,$);
#1924=IFCRELCONTAINEDINSPATIALSTRUCTURE('0q8u6X3Pr3a83Na$EP4px4',#5,$,$,(#1923),#41);
#1925=IFCCARTESIANPOINT((34.,17.,0.));
#1926=IFCAXIS2PLACEMENT3D(#1925,$,$);
#1927=IFCLOCALPLACEMENT(#64,#1926);
#1928=IFCCARTESIANPOINT((0.,0.));
#1929=IFCAXIS2PLACEMENT2D(#1928,$);
#1930=IFCRECTANGLEPROFILEDEF(.AREA.,$,#1929,0.69999999999999996,0.69999999999999996);
#1931=IFCCARTESIANPOINT((0.,0.,0.));
#1932=IFCAXIS2PLACEMENT3D(#1931,$,$);
#1933=IFCDIRECTION((0.,0.,1.));
#1934=IFCEXTRUDEDAREASOLID(#1930,#1932,#1933,20.100000000000001);
#1935=IFCSHAPEREPRESENTATION(#14,'Body','SweptSolid',(#1934));
#1936=IFCPRODUCTDEFINITIONSHAPE($,$,(#1935));
#1937=IFCCOLUMN('2bwb$XhLv4ye74SosTf498',#5,'P027',$,$,#1927,#1936,$,$);
#1938=IFCRELCONTAINEDINSPATIALSTRUCTURE('2wOa5kYFTFZfSpv84Tk3BV',#5,$,$,(#1937),#65);
#1939=IFCCARTESIANPOINT((34.,17.,0.));
#1940=IFCAXIS2PLACEMENT3D(#1939,$,$);
#1941=IFCLOCALPLACEMENT(#88,#1940);
#1942=IFCCARTESIANPOINT((0.,0.));
#1943=IFCAXIS2PLACEMENT2D(#1942,$);
#1944=IFCRECTANGLEPROFILEDEF(.AREA.,$,#1943,0.59999999999999998,0.59999999999999998);
#1945=IFCCARTESIANPOINT((0.,0.,0.));
#1946=IFCAXIS2PLACEMENT3D(#1945,$,$);
#1947=IFCDIRECTION((0.,0.,1.));
#1948=IFCEXTRUDEDAREASOLID(#1944,#1946,#1947,23.45000000000001);
#1949=IFCSHAPEREPRESENTATION(#14,'Body','SweptSolid',(#1948));
#1950=IFCPRODUCTDEFINITIONSHAPE($,$,(#1949));
#1951=IFCCOLUMN('0r4CuTWTjAgxMYLUlLEiME',#5,'P027',$,$,#1941,#1950,$,$);
#1952=IFCRELCONTAINEDINSPATIALSTRUCTURE('3UIfKd53DDmQ6YLlLBxxLV',#5,$,$,(#1951),#89);
#1953=IFCCARTESIANPOINT((34.,26.,0.));
#1954=IFCAXIS2PLACEMENT3D(#1953,$,$);
#1955=IFCLOCALPLACEMENT(#28,#1954);
#1956=IFCCARTESIANPOINT((0.,0.));
#1957=IFCAXIS2PLACEMENT2D(#1956,$);
#1958=IFCRECTANGLEPROFILEDEF(.AREA.,$,#1957,0.90000000000000002,0.90000000000000002);
#1959=IFCCARTESIANPOINT((0.,0.,0.));
#1960=IFCAXIS2PLACEMENT3D(#1959,$,$);
#1961=IFCDIRECTION((0.,0.,1.));
#1962=IFCEXTRUDEDAREASOLID(#1958,#1960,#1961,10.5);
#1963=IFCSHAPEREPRESENTATION(#14,'Body','SweptSolid',(#1962));
#1964=IFCPRODUCTDEFINITIONSHAPE($,$,(#1963));
#1965=IFCCOLUMN('3d2jHa8pr8ffEAUutrrSOw',#5,'P028',$,$,#1955,#1964,$,$);
#1966=IFCRELCONTAINEDINSPATIALSTRUCTURE('0EsA8Tglj7Nvx_VxyAlEUR',#5,$,$,(#1965),#29);
#1967=IFCCARTESIANPOINT((34.,26.,0.));
#1968=IFCAXIS2PLACEMENT3D(#1967,$,$);
#1969=IFCLOCALPLACEMENT(#40,#1968);
#1970=IFCCARTESIANPOINT((0.,0.));
#1971=IFCAXIS2PLACEMENT2D(#1970,$);
#1972=IFCRECTANGLEPROFILEDEF(.AREA.,$,#1971,0.80000000000000004,0.80000000000000004);
#1973=IFCCARTESIANPOINT((0.,0.,0.));
#1974=IFCAXIS2PLACEMENT3D(#1973,$,$);
#1975=IFCDIRECTION((0.,0.,1.));
#1976=IFCEXTRUDEDAREASOLID(#1972,#1974,#1975,20.75);
#1977=IFCSHAPEREPRESENTATION(#14,'Body','SweptSolid',(#1976));
#1978=IFCPRODUCTDEFINITIONSHAPE($,$,(#1977));
#1979=IFCCOLUMN('1kBg88Ehj7C8C12rXX$gXv',#5,'P028',$,$,#1969,#1978,$,$);
#1980=IFCRELCONTAINEDINSPATIALSTRUCTURE('2Jrqygcg92IBKAESz8dkNu',#5,$,$,(#1979),#41);
#1981=IFCCARTESIANPOINT((34.,26.,0.));
#1982=IFCAXIS2PLACEMENT3D(#1981,$,$);
#1983=IFCLOCALPLACEMENT(#64,#1982);
#1984=IFCCARTESIANPOINT((0.,0.));
#1985=IFCAXIS2PLACEMENT2D(#1984,$);
#1986=IFCRECTANGLEPROFILEDEF(.AREA.,$,#1985,0.69999999999999996,0.69999999999999996);
#1987=IFCCARTESIANPOINT((0.,0.,0.));
#1988=IFCAXIS2PLACEMENT3D(#1987,$,$);
#1989=IFCDIRECTION((0.,0.,1.));
#1990=IFCEXTRUDEDAREASOLID(#1986,#1988,#1989,20.100000000000001);
#1991=IFCSHAPEREPRESENTATION(#14,'Body','SweptSolid',(#1990));
#1992=IFCPRODUCTDEFINITIONSHAPE($,$,(#1991));
#1993=IFCCOLUMN('3QzCHEdPj6EOiSZAzw4gbZ',#5,'P028',$,$,#1983,#1992,$,$);
#1994=IFCRELCONTAINEDINSPATIALSTRUCTURE('3GPjnKApr1Rx19pSbWST$b',#5,$,$,(#1993),#65);
#1995=IFCCARTESIANPOINT((34.,26.,0.));
#1996=IFCAXIS2PLACEMENT3D(#1995,$,$);
#1997=IFCLOCALPLACEMENT(#88,#1996);
#1998=IFCCARTESIANPOINT((0.,0.));
#1999=IFCAXIS2PLACEMENT2D(#1998,$);
#2000=IFCRECTANGLEPROFILEDEF(.AREA.,$,#1999,0.59999999999999998,0.59999999999999998);
#2001=IFCCARTESIANPOINT((0.,0.,0.));
#2002=IFCAXIS2PLACEMENT3D(#2001,$,$);
#2003=IFCDIRECTION((0.,0.,1.));
#2004=IFCEXTRUDEDAREASOLID(#2000,#2002,#2003,23.45000000000001);
#2005=IFCSHAPEREPRESENTATION(#14,'Body','SweptSolid',(#2004));
#2006=IFCPRODUCTDEFINITIONSHAPE($,$,(#2005));
#2007=IFCCOLUMN('1U3q3fY1z3Z8b8mxFqWJY3',#5,'P028',$,$,#1997,#2006,$,$);
#2008=IFCRELCONTAINEDINSPATIALSTRUCTURE('3TRqMykRb0LwqvVmVt5DGU',#5,$,$,(#2007),#89);
#2009=IFCCARTESIANPOINT((34.,33.,0.));
#2010=IFCAXIS2PLACEMENT3D(#2009,$,$);
#2011=IFCLOCALPLACEMENT(#28,#2010);
#2012=IFCCARTESIANPOINT((0.,0.));
#2013=IFCAXIS2PLACEMENT2D(#2012,$);
#2014=IFCRECTANGLEPROFILEDEF(.AREA.,$,#2013,0.90000000000000002,0.90000000000000002);
#2015=IFCCARTESIANPOINT((0.,0.,0.));
#2016=IFCAXIS2PLACEMENT3D(#2015,$,$);
#2017=IFCDIRECTION((0.,0.,1.));
#2018=IFCEXTRUDEDAREASOLID(#2014,#2016,#2017,10.5);
#2019=IFCSHAPEREPRESENTATION(#14,'Body','SweptSolid',(#2018));
#2020=IFCPRODUCTDEFINITIONSHAPE($,$,(#2019));
#2021=IFCCOLUMN('0wpyrhzvnFgf$fbkT4tA0O',#5,'P029',$,$,#2011,#2020,$,$);
#2022=IFCRELCONTAINEDINSPATIALSTRUCTURE('2YIA5V5Y12wQRxeDZ109pL',#5,$,$,(#2021),#29);
#2023=IFCCARTESIANPOINT((34.,33.,0.));
#2024=IFCAXIS2PLACEMENT3D(#2023,$,$);
#2025=IFCLOCALPLACEMENT(#40,#2024);
#2026=IFCCARTESIANPOINT((0.,0.));
#2027=IFCAXIS2PLACEMENT2D(#2026,$);
#2028=IFCRECTANGLEPROFILEDEF(.AREA.,$,#2027,0.80000000000000004,0.80000000000000004);
#2029=IFCCARTESIANPOINT((0.,0.,0.));
#2030=IFCAXIS2PLACEMENT3D(#2029,$,$);
#2031=IFCDIRECTION((0.,0.,1.));
#2032=IFCEXTRUDEDAREASOLID(#2028,#2030,#2031,20.75);
#2033=IFCSHAPEREPRESENTATION(#14,'Body','SweptSolid',(#2032));
#2034=IFCPRODUCTDEFINITIONSHAPE($,$,(#2033));
#2035=IFCCOLUMN('1_9bXPxf90f9$jaawWGiMm',#5,'P029',$,$,#2025,#2034,$,$);
#2036=IFCRELCONTAINEDINSPATIALSTRUCTURE('3yGJAfsTvBnhtn1jkAwsQV',#5,$,$,(#2035),#41);
#2037=IFCCARTESIANPOINT((34.,33.,0.));
#2038=IFCAXIS2PLACEMENT3D(#2037,$,$);
#2039=IFCLOCALPLACEMENT(#64,#2038);
#2040=IFCCARTESIANPOINT((0.,0.));
#2041=IFCAXIS2PLACEMENT2D(#2040,$);
#2042=IFCRECTANGLEPROFILEDEF(.AREA.,$,#2041,0.69999999999999996,0.69999999999999996);
#2043=IFCCARTESIANPOINT((0.,0.,0.));
#2044=IFCAXIS2PLACEMENT3D(#2043,$,$);
#2045=IFCDIRECTION((0.,0.,1.));
#2046=IFCEXTRUDEDAREASOLID(#2042,#2044,#2045,20.100000000000001);
#2047=IFCSHAPEREPRESENTATION(#14,'Body','SweptSolid',(#2046));
#2048=IFCPRODUCTDEFINITIONSHAPE($,$,(#2047));
#2049=IFCCOLUMN('3$w4zri2n5NQDa9NJLKK2x',#5,'P029',$,$,#2039,#2048,$,$);
#2050=IFCRELCONTAINEDINSPATIALSTRUCTURE('28aQxwxIz9TOXEdvYPZAfB',#5,$,$,(#2049),#65);
#2051=IFCCARTESIANPOINT((34.,33.,0.));
#2052=IFCAXIS2PLACEMENT3D(#2051,$,$);
#2053=IFCLOCALPLACEMENT(#88,#2052);
#2054=IFCCARTESIANPOINT((0.,0.));
#2055=IFCAXIS2PLACEMENT2D(#2054,$);
#2056=IFCRECTANGLEPROFILEDEF(.AREA.,$,#2055,0.59999999999999998,0.59999999999999998);
#2057=IFCCARTESIANPOINT((0.,0.,0.));
#2058=IFCAXIS2PLACEMENT3D(#2057,$,$);
#2059=IFCDIRECTION((0.,0.,1.));
#2060=IFCEXTRUDEDAREASOLID(#2056,#2058,#2059,23.45000000000001);
#2061=IFCSHAPEREPRESENTATION(#14,'Body','SweptSolid',(#2060));
#2062=IFCPRODUCTDEFINITIONSHAPE($,$,(#2061));
#2063=IFCCOLUMN('0NJ8jU2Ij4$vJrxZX7STsR',#5,'P029',$,$,#2053,#2062,$,$);
#2064=IFCRELCONTAINEDINSPATIALSTRUCTURE('0f$2$osKH1GPVfo$I9rdRi',#5,$,$,(#2063),#89);
#2065=IFCCARTESIANPOINT((34.,40.,0.));
#2066=IFCAXIS2PLACEMENT3D(#2065,$,$);
#2067=IFCLOCALPLACEMENT(#28,#2066);
#2068=IFCCARTESIANPOINT((0.,0.));
#2069=IFCAXIS2PLACEMENT2D(#2068,$);
#2070=IFCRECTANGLEPROFILEDEF(.AREA.,$,#2069,0.90000000000000002,0.90000000000000002);
#2071=IFCCARTESIANPOINT((0.,0.,0.));
#2072=IFCAXIS2PLACEMENT3D(#2071,$,$);
#2073=IFCDIRECTION((0.,0.,1.));
#2074=IFCEXTRUDEDAREASOLID(#2070,#2072,#2073,10.5);
#2075=IFCSHAPEREPRESENTATION(#14,'Body','SweptSolid',(#2074));
#2076=IFCPRODUCTDEFINITIONSHAPE($,$,(#2075));
#2077=IFCCOLUMN('0$qcHS5bf35hRBfd$clfiE',#5,'P030',$,$,#2067,#2076,$,$);
#2078=IFCRELCONTAINEDINSPATIALSTRUCTURE('3WER9g8EjDhhxbaFc_ix$O',#5,$,$,(#2077),#29);
#2079=IFCCARTESIANPOINT((34.,40.,0.));
#2080=IFCAXIS2PLACEMENT3D(#2079,$,$);
#2081=IFCLOCALPLACEMENT(#40,#2080);
#2082=IFCCARTESIANPOINT((0.,0.));
#2083=IFCAXIS2PLACEMENT2D(#2082,$);
#2084=IFCRECTANGLEPROFILEDEF(.AREA.,$,#2083,0.80000000000000004,0.80000000000000004);
#2085=IFCCARTESIANPOINT((0.,0.,0.));
#2086=IFCAXIS2PLACEMENT3D(#2085,$,$);
#2087=IFCDIRECTION((0.,0.,1.));
#2088=IFCEXTRUDEDAREASOLID(#2084,#2086,#2087,20.75);
#2089=IFCSHAPEREPRESENTATION(#14,'Body','SweptSolid',(#2088));
#2090=IFCPRODUCTDEFINITIONSHAPE($,$,(#2089));
#2091=IFCCOLUMN('3lm14nFAL6NP4tO9AsjztM',#5,'P030',$,$,#2081,#2090,$,$);
#2092=IFCRELCONTAINEDINSPATIALSTRUCTURE('24A6wC48f0zhNqF1iyEZ01',#5,$,$,(#2091),#41);
#2093=IFCCARTESIANPOINT((34.,40.,0.));
#2094=IFCAXIS2PLACEMENT3D(#2093,$,$);
#2095=IFCLOCALPLACEMENT(#64,#2094);
#2096=IFCCARTESIANPOINT((0.,0.));
#2097=IFCAXIS2PLACEMENT2D(#2096,$);
#2098=IFCRECTANGLEPROFILEDEF(.AREA.,$,#2097,0.69999999999999996,0.69999999999999996);
#2099=IFCCARTESIANPOINT((0.,0.,0.));
#2100=IFCAXIS2PLACEMENT3D(#2099,$,$);
#2101=IFCDIRECTION((0.,0.,1.));
#2102=IFCEXTRUDEDAREASOLID(#2098,#2100,#2101,20.100000000000001);
#2103=IFCSHAPEREPRESENTATION(#14,'Body','SweptSolid',(#2102));
#2104=IFCPRODUCTDEFINITIONSHAPE($,$,(#2103));
#2105=IFCCOLUMN('2Ow_yL6Uj1sBLTTaSLPK8L',#5,'P030',$,$,#2095,#2104,$,$);
#2106=IFCRELCONTAINEDINSPATIALSTRUCTURE('2b8FzuA3v2IwyqZGhQmd$W',#5,$,$,(#2105),#65);
#2107=IFCCARTESIANPOINT((34.,40.,0.));
#2108=IFCAXIS2PLACEMENT3D(#2107,$,$);
#2109=IFCLOCALPLACEMENT(#88,#2108);
#2110=IFCCARTESIANPOINT((0.,0.));
#2111=IFCAXIS2PLACEMENT2D(#2110,$);
#2112=IFCRECTANGLEPROFILEDEF(.AREA.,$,#2111,0.59999999999999998,0.59999999999999998);
#2113=IFCCARTESIANPOINT((0.,0.,0.));
#2114=IFCAXIS2PLACEMENT3D(#2113,$,$);
#2115=IFCDIRECTION((0.,0.,1.));
#2116=IFCEXTRUDEDAREASOLID(#2112,#2114,#2115,23.45000000000001);
#2117=IFCSHAPEREPRESENTATION(#14,'Body','SweptSolid',(#2116));
#2118=IFCPRODUCTDEFINITIONSHAPE($,$,(#2117));
#2119=IFCCOLUMN('34LUZJhenCIB5YIaW9wmK4',#5,'P030',$,$,#2109,#2118,$,$);
#2120=IFCRELCONTAINEDINSPATIALSTRUCTURE('0mOCiVlgr21f6iPC$AuSqM',#5,$,$,(#2119),#89);
#2121=IFCCARTESIANPOINT((41.,3.,0.));
#2122=IFCAXIS2PLACEMENT3D(#2121,$,$);
#2123=IFCLOCALPLACEMENT(#28,#2122);
#2124=IFCCARTESIANPOINT((0.,0.));
#2125=IFCAXIS2PLACEMENT2D(#2124,$);
#2126=IFCRECTANGLEPROFILEDEF(.AREA.,$,#2125,0.90000000000000002,0.90000000000000002);
#2127=IFCCARTESIANPOINT((0.,0.,0.));
#2128=IFCAXIS2PLACEMENT3D(#2127,$,$);
#2129=IFCDIRECTION((0.,0.,1.));
#2130=IFCEXTRUDEDAREASOLID(#2126,#2128,#2129,10.5);
#2131=IFCSHAPEREPRESENTATION(#14,'Body','SweptSolid',(#2130));
#2132=IFCPRODUCTDEFINITIONSHAPE($,$,(#2131));
#2133=IFCCOLUMN('03jCzqTiz5RPbhwOe1NMmu',#5,'P031',$,$,#2123,#2132,$,$);
#2134=IFCRELCONTAINEDINSPATIALSTRUCTURE('1k68oPm6HFLuj4ai8wpbQb',#5,$,$,(#2133),#29);
#2135=IFCCARTESIANPOINT((41.,3.,0.));
#2136=IFCAXIS2PLACEMENT3D(#2135,$,$);
#2137=IFCLOCALPLACEMENT(#40,#2136);
#2138=IFCCARTESIANPOINT((0.,0.));
#2139=IFCAXIS2PLACEMENT2D(#2138,$);
#2140=IFCRECTANGLEPROFILEDEF(.AREA.,$,#2139,0.80000000000000004,0.80000000000000004);
#2141=IFCCARTESIANPOINT((0.,0.,0.));
#2142=IFCAXIS2PLACEMENT3D(#2141,$,$);
#2143=IFCDIRECTION((0.,0.,1.));
#2144=IFCEXTRUDEDAREASOLID(#2140,#2142,#2143,20.75);
#2145=IFCSHAPEREPRESENTATION(#14,'Body','SweptSolid',(#2144));
#2146=IFCPRODUCTDEFINITIONSHAPE($,$,(#2145));
#2147=IFCCOLUMN('1axCvqEILEygSe7lcdWbkH',#5,'P031',$,$,#2137,#2146,$,$);
#2148=IFCRELCONTAINEDINSPATIALSTRUCTURE('2oZan5hfzBEgrqWApHG4Gy',#5,$,$,(#2147),#41);
#2149=IFCCARTESIANPOINT((41.,3.,0.));
#2150=IFCAXIS2PLACEMENT3D(#2149,$,$);
#2151=IFCLOCALPLACEMENT(#64,#2150);
#2152=IFCCARTESIANPOINT((0.,0.));
#2153=IFCAXIS2PLACEMENT2D(#2152,$);
#2154=IFCRECTANGLEPROFILEDEF(.AREA.,$,#2153,0.69999999999999996,0.69999999999999996);
#2155=IFCCARTESIANPOINT((0.,0.,0.));
#2156=IFCAXIS2PLACEMENT3D(#2155,$,$);
#2157=IFCDIRECTION((0.,0.,1.));
#2158=IFCEXTRUDEDAREASOLID(#2154,#2156,#2157,20.100000000000001);
#2159=IFCSHAPEREPRESENTATION(#14,'Body','SweptSolid',(#2158));
#2160=IFCPRODUCTDEFINITIONSHAPE($,$,(#2159));
#2161=IFCCOLUMN('0Nt16AthvDoQ5KfBpDF7kS',#5,'P031',$,$,#2151,#2160,$,$);
#2162=IFCRELCONTAINEDINSPATIALSTRUCTURE('1kCfKGNlz40gte97JUH9sA',#5,$,$,(#2161),#65);
#2163=IFCCARTESIANPOINT((41.,3.,0.));
#2164=IFCAXIS2PLACEMENT3D(#2163,$,$);
#2165=IFCLOCALPLACEMENT(#88,#2164);
#2166=IFCCARTESIANPOINT((0.,0.));
#2167=IFCAXIS2PLACEMENT2D(#2166,$);
#2168=IFCRECTANGLEPROFILEDEF(.AREA.,$,#2167,0.59999999999999998,0.59999999999999998);
#2169=IFCCARTESIANPOINT((0.,0.,0.));
#2170=IFCAXIS2PLACEMENT3D(#2169,$,$);
#2171=IFCDIRECTION((0.,0.,1.));
#2172=IFCEXTRUDEDAREASOLID(#2168,#2170,#2171,23.45000000000001);
#2173=IFCSHAPEREPRESENTATION(#14,'Body','SweptSolid',(#2172));
#2174=IFCPRODUCTDEFINITIONSHAPE($,$,(#2173));
#2175=IFCCOLUMN('0QOJb$Xev9jxKHx2cgb57_',#5,'P031',$,$,#2165,#2174,$,$);
#2176=IFCRELCONTAINEDINSPATIALSTRUCTURE('3_$arIxUX51PnUqs65kbwP',#5,$,$,(#2175),#89);
#2177=IFCCARTESIANPOINT((41.,10.,0.));
#2178=IFCAXIS2PLACEMENT3D(#2177,$,$);
#2179=IFCLOCALPLACEMENT(#28,#2178);
#2180=IFCCARTESIANPOINT((0.,0.));
#2181=IFCAXIS2PLACEMENT2D(#2180,$);
#2182=IFCRECTANGLEPROFILEDEF(.AREA.,$,#2181,0.90000000000000002,0.90000000000000002);
#2183=IFCCARTESIANPOINT((0.,0.,0.));
#2184=IFCAXIS2PLACEMENT3D(#2183,$,$);
#2185=IFCDIRECTION((0.,0.,1.));
#2186=IFCEXTRUDEDAREASOLID(#2182,#2184,#2185,10.5);
#2187=IFCSHAPEREPRESENTATION(#14,'Body','SweptSolid',(#2186));
#2188=IFCPRODUCTDEFINITIONSHAPE($,$,(#2187));
#2189=IFCCOLUMN('14l5I3mCfDyA95RWayNJVO',#5,'P032',$,$,#2179,#2188,$,$);
#2190=IFCRELCONTAINEDINSPATIALSTRUCTURE('1jKATFVHTE$QxMFTw5dwQY',#5,$,$,(#2189),#29);
#2191=IFCCARTESIANPOINT((41.,10.,0.));
#2192=IFCAXIS2PLACEMENT3D(#2191,$,$);
#2193=IFCLOCALPLACEMENT(#40,#2192);
#2194=IFCCARTESIANPOINT((0.,0.));
#2195=IFCAXIS2PLACEMENT2D(#2194,$);
#2196=IFCRECTANGLEPROFILEDEF(.AREA.,$,#2195,0.80000000000000004,0.80000000000000004);
#2197=IFCCARTESIANPOINT((0.,0.,0.));
#2198=IFCAXIS2PLACEMENT3D(#2197,$,$);
#2199=IFCDIRECTION((0.,0.,1.));
#2200=IFCEXTRUDEDAREASOLID(#2196,#2198,#2199,20.75);
#2201=IFCSHAPEREPRESENTATION(#14,'Body','SweptSolid',(#2200));
#2202=IFCPRODUCTDEFINITIONSHAPE($,$,(#2201));
#2203=IFCCOLUMN('1_SS55CsvCkgJ17K8PPSoL',#5,'P032',$,$,#2193,#2202,$,$);
#2204=IFCRELCONTAINEDINSPATIALSTRUCTURE('1baC$xSFbFUBOGmzqnUVlp',#5,$,$,(#2203),#41);
#2205=IFCCARTESIANPOINT((41.,10.,0.));
#2206=IFCAXIS2PLACEMENT3D(#2205,$,$);
#2207=IFCLOCALPLACEMENT(#64,#2206);
#2208=IFCCARTESIANPOINT((0.,0.));
#2209=IFCAXIS2PLACEMENT2D(#2208,$);
#2210=IFCRECTANGLEPROFILEDEF(.AREA.,$,#2209,0.69999999999999996,0.69999999999999996);
#2211=IFCCARTESIANPOINT((0.,0.,0.));
#2212=IFCAXIS2PLACEMENT3D(#2211,$,$);
#2213=IFCDIRECTION((0.,0.,1.));
#2214=IFCEXTRUDEDAREASOLID(#2210,#2212,#2213,20.100000000000001);
#2215=IFCSHAPEREPRESENTATION(#14,'Body','SweptSolid',(#2214));
#2216=IFCPRODUCTDEFINITIONSHAPE($,$,(#2215));
#2217=IFCCOLUMN('14wg8f7mXFiuVtgYm0yryA',#5,'P032',$,$,#2207,#2216,$,$);
#2218=IFCRELCONTAINEDINSPATIALSTRUCTURE('2PiutgzPPFSubxRvILCdLT',#5,$,$,(#2217),#65);
#2219=IFCCARTESIANPOINT((41.,10.,0.));
#2220=IFCAXIS2PLACEMENT3D(#2219,$,$);
#2221=IFCLOCALPLACEMENT(#88,#2220);
#2222=IFCCARTESIANPOINT((0.,0.));
#2223=IFCAXIS2PLACEMENT2D(#2222,$);
#2224=IFCRECTANGLEPROFILEDEF(.AREA.,$,#2223,0.59999999999999998,0.59999999999999998);
#2225=IFCCARTESIANPOINT((0.,0.,0.));
#2226=IFCAXIS2PLACEMENT3D(#2225,$,$);
#2227=IFCDIRECTION((0.,0.,1.));
#2228=IFCEXTRUDEDAREASOLID(#2224,#2226,#2227,23.45000000000001);
#2229=IFCSHAPEREPRESENTATION(#14,'Body','SweptSolid',(#2228));
#2230=IFCPRODUCTDEFINITIONSHAPE($,$,(#2229));
#2231=IFCCOLUMN('29c$M6uRT3dQNyzDUE9Ltn',#5,'P032',$,$,#2221,#2230,$,$);
#2232=IFCRELCONTAINEDINSPATIALSTRUCTURE('0dUONccu57gfJpjx3MQ0mu',#5,$,$,(#2231),#89);
#2233=IFCCARTESIANPOINT((41.,17.,0.));
#2234=IFCAXIS2PLACEMENT3D(#2233,$,$);
#2235=IFCLOCALPLACEMENT(#28,#2234);
#2236=IFCCARTESIANPOINT((0.,0.));
#2237=IFCAXIS2PLACEMENT2D(#2236,$);
#2238=IFCRECTANGLEPROFILEDEF(.AREA.,$,#2237,0.90000000000000002,0.90000000000000002);
#2239=IFCCARTESIANPOINT((0.,0.,0.));
#2240=IFCAXIS2PLACEMENT3D(#2239,$,$);
#2241=IFCDIRECTION((0.,0.,1.));
#2242=IFCEXTRUDEDAREASOLID(#2238,#2240,#2241,10.5);
#2243=IFCSHAPEREPRESENTATION(#14,'Body','SweptSolid',(#2242));
#2244=IFCPRODUCTDEFINITIONSHAPE($,$,(#2243));
#2245=IFCCOLUMN('1$HCPtCHn5jAmCiN8dVF0f',#5,'P033',$,$,#2235,#2244,$,$);
#2246=IFCRELCONTAINEDINSPATIALSTRUCTURE('0IUvTAtDjFZBpffq3O4Wru',#5,$,$,(#2245),#29);
#2247=IFCCARTESIANPOINT((41.,17.,0.));
#2248=IFCAXIS2PLACEMENT3D(#2247,$,$);
#2249=IFCLOCALPLACEMENT(#40,#2248);
#2250=IFCCARTESIANPOINT((0.,0.));
#2251=IFCAXIS2PLACEMENT2D(#2250,$);
#2252=IFCRECTANGLEPROFILEDEF(.AREA.,$,#2251,0.80000000000000004,0.80000000000000004);
#2253=IFCCARTESIANPOINT((0.,0.,0.));
#2254=IFCAXIS2PLACEMENT3D(#2253,$,$);
#2255=IFCDIRECTION((0.,0.,1.));
#2256=IFCEXTRUDEDAREASOLID(#2252,#2254,#2255,20.75);
#2257=IFCSHAPEREPRESENTATION(#14,'Body','SweptSolid',(#2256));
#2258=IFCPRODUCTDEFINITIONSHAPE($,$,(#2257));
#2259=IFCCOLUMN('3eVu6iN8fBaPqCofHumCoS',#5,'P033',$,$,#2249,#2258,$,$);
#2260=IFCRELCONTAINEDINSPATIALSTRUCTURE('2bz0b_e196mvO5HphGKSic',#5,$,$,(#2259),#41);
#2261=IFCCARTESIANPOINT((41.,17.,0.));
#2262=IFCAXIS2PLACEMENT3D(#2261,$,$);
#2263=IFCLOCALPLACEMENT(#64,#2262);
#2264=IFCCARTESIANPOINT((0.,0.));
#2265=IFCAXIS2PLACEMENT2D(#2264,$);
#2266=IFCRECTANGLEPROFILEDEF(.AREA.,$,#2265,0.69999999999999996,0.69999999999999996);
#2267=IFCCARTESIANPOINT((0.,0.,0.));
#2268=IFCAXIS2PLACEMENT3D(#2267,$,$);
#2269=IFCDIRECTION((0.,0.,1.));
#2270=IFCEXTRUDEDAREASOLID(#2266,#2268,#2269,20.100000000000001);
#2271=IFCSHAPEREPRESENTATION(#14,'Body','SweptSolid',(#2270));
#2272=IFCPRODUCTDEFINITIONSHAPE($,$,(#2271));
#2273=IFCCOLUMN('1UggjdiP5169FQVN_cDZyj',#5,'P033',$,$,#2263,#2272,$,$);
#2274=IFCRELCONTAINEDINSPATIALSTRUCTURE('2rmyUZ8Yn4hO2F77qSua0x',#5,$,$,(#2273),#65);
#2275=IFCCARTESIANPOINT((41.,17.,0.));
#2276=IFCAXIS2PLACEMENT3D(#2275,$,$);
#2277=IFCLOCALPLACEMENT(#88,#2276);
#2278=IFCCARTESIANPOINT((0.,0.));
#2279=IFCAXIS2PLACEMENT2D(#2278,$);
#2280=IFCRECTANGLEPROFILEDEF(.AREA.,$,#2279,0.59999999999999998,0.59999999999999998);
#2281=IFCCARTESIANPOINT((0.,0.,0.));
#2282=IFCAXIS2PLACEMENT3D(#2281,$,$);
#2283=IFCDIRECTION((0.,0.,1.));
#2284=IFCEXTRUDEDAREASOLID(#2280,#2282,#2283,23.45000000000001);
#2285=IFCSHAPEREPRESENTATION(#14,'Body','SweptSolid',(#2284));
#2286=IFCPRODUCTDEFINITIONSHAPE($,$,(#2285));
#2287=IFCCOLUMN('0t95YzgVzEOwy0MQ9MIfpE',#5,'P033',$,$,#2277,#2286,$,$);
#2288=IFCRELCONTAINEDINSPATIALSTRUCTURE('1s3byAfKH5JO1U21SzQvik',#5,$,$,(#2287),#89);
#2289=IFCCARTESIANPOINT((41.,26.,0.));
#2290=IFCAXIS2PLACEMENT3D(#2289,$,$);
#2291=IFCLOCALPLACEMENT(#28,#2290);
#2292=IFCCARTESIANPOINT((0.,0.));
#2293=IFCAXIS2PLACEMENT2D(#2292,$);
#2294=IFCRECTANGLEPROFILEDEF(.AREA.,$,#2293,0.90000000000000002,0.90000000000000002);
#2295=IFCCARTESIANPOINT((0.,0.,0.));
#2296=IFCAXIS2PLACEMENT3D(#2295,$,$);
#2297=IFCDIRECTION((0.,0.,1.));
#2298=IFCEXTRUDEDAREASOLID(#2294,#2296,#2297,10.5);
#2299=IFCSHAPEREPRESENTATION(#14,'Body','SweptSolid',(#2298));
#2300=IFCPRODUCTDEFINITIONSHAPE($,$,(#2299));
#2301=IFCCOLUMN('29Rn$q0RrEgOPfnxhUa8rk',#5,'P034',$,$,#2291,#2300,$,$);
#2302=IFCRELCONTAINEDINSPATIALSTRUCTURE('2gXVLWfcf90850Pxnawqcj',#5,$,$,(#2301),#29);
#2303=IFCCARTESIANPOINT((41.,26.,0.));
#2304=IFCAXIS2PLACEMENT3D(#2303,$,$);
#2305=IFCLOCALPLACEMENT(#40,#2304);
#2306=IFCCARTESIANPOINT((0.,0.));
#2307=IFCAXIS2PLACEMENT2D(#2306,$);
#2308=IFCRECTANGLEPROFILEDEF(.AREA.,$,#2307,0.80000000000000004,0.80000000000000004);
#2309=IFCCARTESIANPOINT((0.,0.,0.));
#2310=IFCAXIS2PLACEMENT3D(#2309,$,$);
#2311=IFCDIRECTION((0.,0.,1.));
#2312=IFCEXTRUDEDAREASOLID(#2308,#2310,#2311,20.75);
#2313=IFCSHAPEREPRESENTATION(#14,'Body','SweptSolid',(#2312));
#2314=IFCPRODUCTDEFINITIONSHAPE($,$,(#2313));
#2315=IFCCOLUMN('0mDcANtIfAQxIrQOnjSN2U',#5,'P034',$,$,#2305,#2314,$,$);
#2316=IFCRELCONTAINEDINSPATIALSTRUCTURE('2r$SL_ggn5ABXxJ8i_dEOu',#5,$,$,(#2315),#41);
#2317=IFCCARTESIANPOINT((41.,26.,0.));
#2318=IFCAXIS2PLACEMENT3D(#2317,$,$);
#2319=IFCLOCALPLACEMENT(#64,#2318);
#2320=IFCCARTESIANPOINT((0.,0.));
#2321=IFCAXIS2PLACEMENT2D(#2320,$);
#2322=IFCRECTANGLEPROFILEDEF(.AREA.,$,#2321,0.69999999999999996,0.69999999999999996);
#2323=IFCCARTESIANPOINT((0.,0.,0.));
#2324=IFCAXIS2PLACEMENT3D(#2323,$,$);
#2325=IFCDIRECTION((0.,0.,1.));
#2326=IFCEXTRUDEDAREASOLID(#2322,#2324,#2325,20.100000000000001);
#2327=IFCSHAPEREPRESENTATION(#14,'Body','SweptSolid',(#2326));
#2328=IFCPRODUCTDEFINITIONSHAPE($,$,(#2327));
#2329=IFCCOLUMN('0XBlghKGvCvv1epJWPv92p',#5,'P034',$,$,#2319,#2328,$,$);
#2330=IFCRELCONTAINEDINSPATIALSTRUCTURE('0YCJH$_X99uO5TjGBdJ8s5',#5,$,$,(#2329),#65);
#2331=IFCCARTESIANPOINT((41.,26.,0.));
#2332=IFCAXIS2PLACEMENT3D(#2331,$,$);
#2333=IFCLOCALPLACEMENT(#88,#2332);
#2334=IFCCARTESIANPOINT((0.,0.));
#2335=IFCAXIS2PLACEMENT2D(#2334,$);
#2336=IFCRECTANGLEPROFILEDEF(.AREA.,$,#2335,0.59999999999999998,0.59999999999999998);
#2337=IFCCARTESIANPOINT((0.,0.,0.));
#2338=IFCAXIS2PLACEMENT3D(#2337,$,$);
#2339=IFCDIRECTION((0.,0.,1.));
#2340=IFCEXTRUDEDAREASOLID(#2336,#2338,#2339,23.45000000000001);
#2341=IFCSHAPEREPRESENTATION(#14,'Body','SweptSolid',(#2340));
#2342=IFCPRODUCTDEFINITIONSHAPE($,$,(#2341));
#2343=IFCCOLUMN('15QlF8MFT0rwIBDW5T89hE',#5,'P034',$,$,#2333,#2342,$,$);
#2344=IFCRELCONTAINEDINSPATIALSTRUCTURE('1X9KTb67n78ftQQvb$UQui',#5,$,$,(#2343),#89);
#2345=IFCCARTESIANPOINT((41.,33.,0.));
#2346=IFCAXIS2PLACEMENT3D(#2345,$,$);
#2347=IFCLOCALPLACEMENT(#28,#2346);
#2348=IFCCARTESIANPOINT((0.,0.));
#2349=IFCAXIS2PLACEMENT2D(#2348,$);
#2350=IFCRECTANGLEPROFILEDEF(.AREA.,$,#2349,0.90000000000000002,0.90000000000000002);
#2351=IFCCARTESIANPOINT((0.,0.,0.));
#2352=IFCAXIS2PLACEMENT3D(#2351,$,$);
#2353=IFCDIRECTION((0.,0.,1.));
#2354=IFCEXTRUDEDAREASOLID(#2350,#2352,#2353,10.5);
#2355=IFCSHAPEREPRESENTATION(#14,'Body','SweptSolid',(#2354));
#2356=IFCPRODUCTDEFINITIONSHAPE($,$,(#2355));
#2357=IFCCOLUMN('14EIPDhsL8Y9GCnlkd1yEM',#5,'P035',$,$,#2347,#2356,$,$);
#2358=IFCRELCONTAINEDINSPATIALSTRUCTURE('2Nj5$oxtf1keklksDvpXzU',#5,$,$,(#2357),#29);
#2359=IFCCARTESIANPOINT((41.,33.,0.));
#2360=IFCAXIS2PLACEMENT3D(#2359,$,$);
#2361=IFCLOCALPLACEMENT(#40,#2360);
#2362=IFCCARTESIANPOINT((0.,0.));
#2363=IFCAXIS2PLACEMENT2D(#2362,$);
#2364=IFCRECTANGLEPROFILEDEF(.AREA.,$,#2363,0.80000000000000004,0.80000000000000004);
#2365=IFCCARTESIANPOINT((0.,0.,0.));
#2366=IFCAXIS2PLACEMENT3D(#2365,$,$);
#2367=IFCDIRECTION((0.,0.,1.));
#2368=IFCEXTRUDEDAREASOLID(#2364,#2366,#2367,20.75);
#2369=IFCSHAPEREPRESENTATION(#14,'Body','SweptSolid',(#2368));
#2370=IFCPRODUCTDEFINITIONSHAPE($,$,(#2369));
#2371=IFCCOLUMN('3IciuTPxv8CwcKUcbq00Px',#5,'P035',$,$,#2361,#2370,$,$);
#2372=IFCRELCONTAINEDINSPATIALSTRUCTURE('21bo4bt7v11wvmVcmqIJCk',#5,$,$,(#2371),#41);
#2373=IFCCARTESIANPOINT((41.,33.,0.));
#2374=IFCAXIS2PLACEMENT3D(#2373,$,$);
#2375=IFCLOCALPLACEMENT(#64,#2374);
#2376=IFCCARTESIANPOINT((0.,0.));
#2377=IFCAXIS2PLACEMENT2D(#2376,$);
#2378=IFCRECTANGLEPROFILEDEF(.AREA.,$,#2377,0.69999999999999996,0.69999999999999996);
#2379=IFCCARTESIANPOINT((0.,0.,0.));
#2380=IFCAXIS2PLACEMENT3D(#2379,$,$);
#2381=IFCDIRECTION((0.,0.,1.));
#2382=IFCEXTRUDEDAREASOLID(#2378,#2380,#2381,20.100000000000001);
#2383=IFCSHAPEREPRESENTATION(#14,'Body','SweptSolid',(#2382));
#2384=IFCPRODUCTDEFINITIONSHAPE($,$,(#2383));
#2385=IFCCOLUMN('0AhjfWW5fCvhrcm$FoSKt8',#5,'P035',$,$,#2375,#2384,$,$);
#2386=IFCRELCONTAINEDINSPATIALSTRUCTURE('2b$GXb4Nr6ZRh3MV_cjYGU',#5,$,$,(#2385),#65);
#2387=IFCCARTESIANPOINT((41.,33.,0.));
#2388=IFCAXIS2PLACEMENT3D(#2387,$,$);
#2389=IFCLOCALPLACEMENT(#88,#2388);
#2390=IFCCARTESIANPOINT((0.,0.));
#2391=IFCAXIS2PLACEMENT2D(#2390,$);
#2392=IFCRECTANGLEPROFILEDEF(.AREA.,$,#2391,0.59999999999999998,0.59999999999999998);
#2393=IFCCARTESIANPOINT((0.,0.,0.));
#2394=IFCAXIS2PLACEMENT3D(#2393,$,$);
#2395=IFCDIRECTION((0.,0.,1.));
#2396=IFCEXTRUDEDAREASOLID(#2392,#2394,#2395,23.45000000000001);
#2397=IFCSHAPEREPRESENTATION(#14,'Body','SweptSolid',(#2396));
#2398=IFCPRODUCTDEFINITIONSHAPE($,$,(#2397));
#2399=IFCCOLUMN('3qIF0IVR1EPe7xc01bnOmD',#5,'P035',$,$,#2389,#2398,$,$);
#2400=IFCRELCONTAINEDINSPATIALSTRUCTURE('34AmlO6LX6TfdCrVP4C1MU',#5,$,$,(#2399),#89);
#2401=IFCCARTESIANPOINT((41.,40.,0.));
#2402=IFCAXIS2PLACEMENT3D(#2401,$,$);
#2403=IFCLOCALPLACEMENT(#28,#2402);
#2404=IFCCARTESIANPOINT((0.,0.));
#2405=IFCAXIS2PLACEMENT2D(#2404,$);
#2406=IFCRECTANGLEPROFILEDEF(.AREA.,$,#2405,0.90000000000000002,0.90000000000000002);
#2407=IFCCARTESIANPOINT((0.,0.,0.));
#2408=IFCAXIS2PLACEMENT3D(#2407,$,$);
#2409=IFCDIRECTION((0.,0.,1.));
#2410=IFCEXTRUDEDAREASOLID(#2406,#2408,#2409,10.5);
#2411=IFCSHAPEREPRESENTATION(#14,'Body','SweptSolid',(#2410));
#2412=IFCPRODUCTDEFINITIONSHAPE($,$,(#2411));
#2413=IFCCOLUMN('2b_PKpYgr2deibcdeub$Ej',#5,'P036',$,$,#2403,#2412,$,$);
#2414=IFCRELCONTAINEDINSPATIALSTRUCTURE('3cLeVKUFPCXRy2TNYcQOXd',#5,$,$,(#2413),#29);
#2415=IFCCARTESIANPOINT((41.,40.,0.));
#2416=IFCAXIS2PLACEMENT3D(#2415,$,$);
#2417=IFCLOCALPLACEMENT(#40,#2416);
#2418=IFCCARTESIANPOINT((0.,0.));
#2419=IFCAXIS2PLACEMENT2D(#2418,$);
#2420=IFCRECTANGLEPROFILEDEF(.AREA.,$,#2419,0.80000000000000004,0.80000000000000004);
#2421=IFCCARTESIANPOINT((0.,0.,0.));
#2422=IFCAXIS2PLACEMENT3D(#2421,$,$);
#2423=IFCDIRECTION((0.,0.,1.));
#2424=IFCEXTRUDEDAREASOLID(#2420,#2422,#2423,20.75);
#2425=IFCSHAPEREPRESENTATION(#14,'Body','SweptSolid',(#2424));
#2426=IFCPRODUCTDEFINITIONSHAPE($,$,(#2425));
#2427=IFCCOLUMN('3J7y72zBD9BRpY3w5Z746f',#5,'P036',$,$,#2417,#2426,$,$);
#2428=IFCRELCONTAINEDINSPATIALSTRUCTURE('28NgIiyaP38Pg6c7Sdkvij',#5,$,$,(#2427),#41);
#2429=IFCCARTESIANPOINT((41.,40.,0.));
#2430=IFCAXIS2PLACEMENT3D(#2429,$,$);
#2431=IFCLOCALPLACEMENT(#64,#2430);
#2432=IFCCARTESIANPOINT((0.,0.));
#2433=IFCAXIS2PLACEMENT2D(#2432,$);
#2434=IFCRECTANGLEPROFILEDEF(.AREA.,$,#2433,0.69999999999999996,0.69999999999999996);
#2435=IFCCARTESIANPOINT((0.,0.,0.));
#2436=IFCAXIS2PLACEMENT3D(#2435,$,$);
#2437=IFCDIRECTION((0.,0.,1.));
#2438=IFCEXTRUDEDAREASOLID(#2434,#2436,#2437,20.100000000000001);
#2439=IFCSHAPEREPRESENTATION(#14,'Body','SweptSolid',(#2438));
#2440=IFCPRODUCTDEFINITIONSHAPE($,$,(#2439));
#2441=IFCCOLUMN('2lnVxyCuzFXgVK9MwWUhES',#5,'P036',$,$,#2431,#2440,$,$);
#2442=IFCRELCONTAINEDINSPATIALSTRUCTURE('3rlLnGC6L9ZPvvvOeQ6O6K',#5,$,$,(#2441),#65);
#2443=IFCCARTESIANPOINT((41.,40.,0.));
#2444=IFCAXIS2PLACEMENT3D(#2443,$,$);
#2445=IFCLOCALPLACEMENT(#88,#2444);
#2446=IFCCARTESIANPOINT((0.,0.));
#2447=IFCAXIS2PLACEMENT2D(#2446,$);
#2448=IFCRECTANGLEPROFILEDEF(.AREA.,$,#2447,0.59999999999999998,0.59999999999999998);
#2449=IFCCARTESIANPOINT((0.,0.,0.));
#2450=IFCAXIS2PLACEMENT3D(#2449,$,$);
#2451=IFCDIRECTION((0.,0.,1.));
#2452=IFCEXTRUDEDAREASOLID(#2448,#2450,#2451,23.45000000000001);
#2453=IFCSHAPEREPRESENTATION(#14,'Body','SweptSolid',(#2452));
#2454=IFCPRODUCTDEFINITIONSHAPE($,$,(#2453));
#2455=IFCCOLUMN('0wJsPJZx93$QUkhpNo8Z$r',#5,'P036',$,$,#2445,#2454,$,$);
#2456=IFCRELCONTAINEDINSPATIALSTRUCTURE('0DzMWtQcz4t9rV1csjQTe$',#5,$,$,(#2455),#89);
#2457=IFCCARTESIANPOINT((49.,3.,0.));
#2458=IFCAXIS2PLACEMENT3D(#2457,$,$);
#2459=IFCLOCALPLACEMENT(#28,#2458);
#2460=IFCCARTESIANPOINT((0.,0.));
#2461=IFCAXIS2PLACEMENT2D(#2460,$);
#2462=IFCRECTANGLEPROFILEDEF(.AREA.,$,#2461,0.90000000000000002,0.90000000000000002);
#2463=IFCCARTESIANPOINT((0.,0.,0.));
#2464=IFCAXIS2PLACEMENT3D(#2463,$,$);
#2465=IFCDIRECTION((0.,0.,1.));
#2466=IFCEXTRUDEDAREASOLID(#2462,#2464,#2465,10.5);
#2467=IFCSHAPEREPRESENTATION(#14,'Body','SweptSolid',(#2466));
#2468=IFCPRODUCTDEFINITIONSHAPE($,$,(#2467));
#2469=IFCCOLUMN('1Oyfxbmq97Ne2dKBJxwf4D',#5,'P037',$,$,#2459,#2468,$,$);
#2470=IFCRELCONTAINEDINSPATIALSTRUCTURE('07hVmHRyjCyAYn2NJw$RjB',#5,$,$,(#2469),#29);
#2471=IFCCARTESIANPOINT((49.,3.,0.));
#2472=IFCAXIS2PLACEMENT3D(#2471,$,$);
#2473=IFCLOCALPLACEMENT(#40,#2472);
#2474=IFCCARTESIANPOINT((0.,0.));
#2475=IFCAXIS2PLACEMENT2D(#2474,$);
#2476=IFCRECTANGLEPROFILEDEF(.AREA.,$,#2475,0.80000000000000004,0.80000000000000004);
#2477=IFCCARTESIANPOINT((0.,0.,0.));
#2478=IFCAXIS2PLACEMENT3D(#2477,$,$);
#2479=IFCDIRECTION((0.,0.,1.));
#2480=IFCEXTRUDEDAREASOLID(#2476,#2478,#2479,20.75);
#2481=IFCSHAPEREPRESENTATION(#14,'Body','SweptSolid',(#2480));
#2482=IFCPRODUCTDEFINITIONSHAPE($,$,(#2481));
#2483=IFCCOLUMN('0m6fMpHY1CHfkylhaI8z7l',#5,'P037',$,$,#2473,#2482,$,$);
#2484=IFCRELCONTAINEDINSPATIALSTRUCTURE('1De0RscoX9awiY47A$CAXJ',#5,$,$,(#2483),#41);
#2485=IFCCARTESIANPOINT((49.,3.,0.));
#2486=IFCAXIS2PLACEMENT3D(#2485,$,$);
#2487=IFCLOCALPLACEMENT(#64,#2486);
#2488=IFCCARTESIANPOINT((0.,0.));
#2489=IFCAXIS2PLACEMENT2D(#2488,$);
#2490=IFCRECTANGLEPROFILEDEF(.AREA.,$,#2489,0.69999999999999996,0.69999999999999996);
#2491=IFCCARTESIANPOINT((0.,0.,0.));
#2492=IFCAXIS2PLACEMENT3D(#2491,$,$);
#2493=IFCDIRECTION((0.,0.,1.));
#2494=IFCEXTRUDEDAREASOLID(#2490,#2492,#2493,20.100000000000001);
#2495=IFCSHAPEREPRESENTATION(#14,'Body','SweptSolid',(#2494));
#2496=IFCPRODUCTDEFINITIONSHAPE($,$,(#2495));
#2497=IFCCOLUMN('1dAnPL9N1F6BhwmC9sLmGk',#5,'P037',$,$,#2487,#2496,$,$);
#2498=IFCRELCONTAINEDINSPATIALSTRUCTURE('3CAmOpVK15juvMPyCX2l0o',#5,$,$,(#2497),#65);
#2499=IFCCARTESIANPOINT((49.,3.,0.));
#2500=IFCAXIS2PLACEMENT3D(#2499,$,$);
#2501=IFCLOCALPLACEMENT(#88,#2500);
#2502=IFCCARTESIANPOINT((0.,0.));
#2503=IFCAXIS2PLACEMENT2D(#2502,$);
#2504=IFCRECTANGLEPROFILEDEF(.AREA.,$,#2503,0.59999999999999998,0.59999999999999998);
#2505=IFCCARTESIANPOINT((0.,0.,0.));
#2506=IFCAXIS2PLACEMENT3D(#2505,$,$);
#2507=IFCDIRECTION((0.,0.,1.));
#2508=IFCEXTRUDEDAREASOLID(#2504,#2506,#2507,23.45000000000001);
#2509=IFCSHAPEREPRESENTATION(#14,'Body','SweptSolid',(#2508));
#2510=IFCPRODUCTDEFINITIONSHAPE($,$,(#2509));
#2511=IFCCOLUMN('0hcF9Ol_L8bOvEg5ELc2qe',#5,'P037',$,$,#2501,#2510,$,$);
#2512=IFCRELCONTAINEDINSPATIALSTRUCTURE('0vsK3h8Sb94gh9jnauDjAa',#5,$,$,(#2511),#89);
#2513=IFCCARTESIANPOINT((49.,10.,0.));
#2514=IFCAXIS2PLACEMENT3D(#2513,$,$);
#2515=IFCLOCALPLACEMENT(#28,#2514);
#2516=IFCCARTESIANPOINT((0.,0.));
#2517=IFCAXIS2PLACEMENT2D(#2516,$);
#2518=IFCRECTANGLEPROFILEDEF(.AREA.,$,#2517,0.90000000000000002,0.90000000000000002);
#2519=IFCCARTESIANPOINT((0.,0.,0.));
#2520=IFCAXIS2PLACEMENT3D(#2519,$,$);
#2521=IFCDIRECTION((0.,0.,1.));
#2522=IFCEXTRUDEDAREASOLID(#2518,#2520,#2521,10.5);
#2523=IFCSHAPEREPRESENTATION(#14,'Body','SweptSolid',(#2522));
#2524=IFCPRODUCTDEFINITIONSHAPE($,$,(#2523));
#2525=IFCCOLUMN('1XbuBbPMf2Nf32rr6yvE3w',#5,'P038',$,$,#2515,#2524,$,$);
#2526=IFCRELCONTAINEDINSPATIALSTRUCTURE('2d0dXZHwD5XQJuTYnZSyv4',#5,$,$,(#2525),#29);
#2527=IFCCARTESIANPOINT((49.,10.,0.));
#2528=IFCAXIS2PLACEMENT3D(#2527,$,$);
#2529=IFCLOCALPLACEMENT(#40,#2528);
#2530=IFCCARTESIANPOINT((0.,0.));
#2531=IFCAXIS2PLACEMENT2D(#2530,$);
#2532=IFCRECTANGLEPROFILEDEF(.AREA.,$,#2531,0.80000000000000004,0.80000000000000004);
#2533=IFCCARTESIANPOINT((0.,0.,0.));
#2534=IFCAXIS2PLACEMENT3D(#2533,$,$);
#2535=IFCDIRECTION((0.,0.,1.));
#2536=IFCEXTRUDEDAREASOLID(#2532,#2534,#2535,20.75);
#2537=IFCSHAPEREPRESENTATION(#14,'Body','SweptSolid',(#2536));
#2538=IFCPRODUCTDEFINITIONSHAPE($,$,(#2537));
#2539=IFCCOLUMN('1HYj0hhdD4mOOIr4V_4SXR',#5,'P038',$,$,#2529,#2538,$,$);
#2540=IFCRELCONTAINEDINSPATIALSTRUCTURE('11_pWqlobARhNB_ieS1_H5',#5,$,$,(#2539),#41);
#2541=IFCCARTESIANPOINT((49.,10.,0.));
#2542=IFCAXIS2PLACEMENT3D(#2541,$,$);
#2543=IFCLOCALPLACEMENT(#64,#2542);
#2544=IFCCARTESIANPOINT((0.,0.));
#2545=IFCAXIS2PLACEMENT2D(#2544,$);
#2546=IFCRECTANGLEPROFILEDEF(.AREA.,$,#2545,0.69999999999999996,0.69999999999999996);
#2547=IFCCARTESIANPOINT((0.,0.,0.));
#2548=IFCAXIS2PLACEMENT3D(#2547,$,$);
#2549=IFCDIRECTION((0.,0.,1.));
#2550=IFCEXTRUDEDAREASOLID(#2546,#2548,#2549,20.100000000000001);
#2551=IFCSHAPEREPRESENTATION(#14,'Body','SweptSolid',(#2550));
#2552=IFCPRODUCTDEFINITIONSHAPE($,$,(#2551));
#2553=IFCCOLUMN('22$E799tHB1xpfxvyBZpa9',#5,'P038',$,$,#2543,#2552,$,$);
#2554=IFCRELCONTAINEDINSPATIALSTRUCTURE('0tMc1Yt650rxz72MdiH8Nk',#5,$,$,(#2553),#65);
#2555=IFCCARTESIANPOINT((49.,10.,0.));
#2556=IFCAXIS2PLACEMENT3D(#2555,$,$);
#2557=IFCLOCALPLACEMENT(#88,#2556);
#2558=IFCCARTESIANPOINT((0.,0.));
#2559=IFCAXIS2PLACEMENT2D(#2558,$);
#2560=IFCRECTANGLEPROFILEDEF(.AREA.,$,#2559,0.59999999999999998,0.59999999999999998);
#2561=IFCCARTESIANPOINT((0.,0.,0.));
#2562=IFCAXIS2PLACEMENT3D(#2561,$,$);
#2563=IFCDIRECTION((0.,0.,1.));
#2564=IFCEXTRUDEDAREASOLID(#2560,#2562,#2563,23.45000000000001);
#2565=IFCSHAPEREPRESENTATION(#14,'Body','SweptSolid',(#2564));
#2566=IFCPRODUCTDEFINITIONSHAPE($,$,(#2565));
#2567=IFCCOLUMN('1SK9EwD2PEnBL73f9G0NLE',#5,'P038',$,$,#2557,#2566,$,$);
#2568=IFCRELCONTAINEDINSPATIALSTRUCTURE('1no$l7gQX2Wh8S8e60c4Ig',#5,$,$,(#2567),#89);
#2569=IFCCARTESIANPOINT((49.,17.,0.));
#2570=IFCAXIS2PLACEMENT3D(#2569,$,$);
#2571=IFCLOCALPLACEMENT(#28,#2570);
#2572=IFCCARTESIANPOINT((0.,0.));
#2573=IFCAXIS2PLACEMENT2D(#2572,$);
#2574=IFCRECTANGLEPROFILEDEF(.AREA.,$,#2573,0.90000000000000002,0.90000000000000002);
#2575=IFCCARTESIANPOINT((0.,0.,0.));
#2576=IFCAXIS2PLACEMENT3D(#2575,$,$);
#2577=IFCDIRECTION((0.,0.,1.));
#2578=IFCEXTRUDEDAREASOLID(#2574,#2576,#2577,10.5);
#2579=IFCSHAPEREPRESENTATION(#14,'Body','SweptSolid',(#2578));
#2580=IFCPRODUCTDEFINITIONSHAPE($,$,(#2579));
#2581=IFCCOLUMN('1KwC2eoZb97AyAQ5a4QJ8D',#5,'P039',$,$,#2571,#2580,$,$);
#2582=IFCRELCONTAINEDINSPATIALSTRUCTURE('0wKklnk_54mxKuD6W1pwqn',#5,$,$,(#2581),#29);
#2583=IFCCARTESIANPOINT((49.,17.,0.));
#2584=IFCAXIS2PLACEMENT3D(#2583,$,$);
#2585=IFCLOCALPLACEMENT(#40,#2584);
#2586=IFCCARTESIANPOINT((0.,0.));
#2587=IFCAXIS2PLACEMENT2D(#2586,$);
#2588=IFCRECTANGLEPROFILEDEF(.AREA.,$,#2587,0.80000000000000004,0.80000000000000004);
#2589=IFCCARTESIANPOINT((0.,0.,0.));
#2590=IFCAXIS2PLACEMENT3D(#2589,$,$);
#2591=IFCDIRECTION((0.,0.,1.));
#2592=IFCEXTRUDEDAREASOLID(#2588,#2590,#2591,20.75);
#2593=IFCSHAPEREPRESENTATION(#14,'Body','SweptSolid',(#2592));
#2594=IFCPRODUCTDEFINITIONSHAPE($,$,(#2593));
#2595=IFCCOLUMN('2CxyiKIjr4ufoc8dknPQvq',#5,'P039',$,$,#2585,#2594,$,$);
#2596=IFCRELCONTAINEDINSPATIALSTRUCTURE('2NyX1aKd9FIwPan2CfT3BB',#5,$,$,(#2595),#41);
#2597=IFCCARTESIANPOINT((49.,17.,0.));
#2598=IFCAXIS2PLACEMENT3D(#2597,$,$);
#2599=IFCLOCALPLACEMENT(#64,#2598);
#2600=IFCCARTESIANPOINT((0.,0.));
#2601=IFCAXIS2PLACEMENT2D(#2600,$);
#2602=IFCRECTANGLEPROFILEDEF(.AREA.,$,#2601,0.69999999999999996,0.69999999999999996);
#2603=IFCCARTESIANPOINT((0.,0.,0.));
#2604=IFCAXIS2PLACEMENT3D(#2603,$,$);
#2605=IFCDIRECTION((0.,0.,1.));
#2606=IFCEXTRUDEDAREASOLID(#2602,#2604,#2605,20.100000000000001);
#2607=IFCSHAPEREPRESENTATION(#14,'Body','SweptSolid',(#2606));
#2608=IFCPRODUCTDEFINITIONSHAPE($,$,(#2607));
#2609=IFCCOLUMN('2BKWobMRr7NRZNaZ1DUyET',#5,'P039',$,$,#2599,#2608,$,$);
#2610=IFCRELCONTAINEDINSPATIALSTRUCTURE('2$1KcJVGvErwSS1naNwj4k',#5,$,$,(#2609),#65);
#2611=IFCCARTESIANPOINT((49.,17.,0.));
#2612=IFCAXIS2PLACEMENT3D(#2611,$,$);
#2613=IFCLOCALPLACEMENT(#88,#2612);
#2614=IFCCARTESIANPOINT((0.,0.));
#2615=IFCAXIS2PLACEMENT2D(#2614,$);
#2616=IFCRECTANGLEPROFILEDEF(.AREA.,$,#2615,0.59999999999999998,0.59999999999999998);
#2617=IFCCARTESIANPOINT((0.,0.,0.));
#2618=IFCAXIS2PLACEMENT3D(#2617,$,$);
#2619=IFCDIRECTION((0.,0.,1.));
#2620=IFCEXTRUDEDAREASOLID(#2616,#2618,#2619,23.45000000000001);
#2621=IFCSHAPEREPRESENTATION(#14,'Body','SweptSolid',(#2620));
#2622=IFCPRODUCTDEFINITIONSHAPE($,$,(#2621));
#2623=IFCCOLUMN('2aPryBffn6BgH2r0PV5P2s',#5,'P039',$,$,#2613,#2622,$,$);
#2624=IFCRELCONTAINEDINSPATIALSTRUCTURE('1nv7ZDVzvEuhHjaOvibuo5',#5,$,$,(#2623),#89);
#2625=IFCCARTESIANPOINT((49.,26.,0.));
#2626=IFCAXIS2PLACEMENT3D(#2625,$,$);
#2627=IFCLOCALPLACEMENT(#28,#2626);
#2628=IFCCARTESIANPOINT((0.,0.));
#2629=IFCAXIS2PLACEMENT2D(#2628,$);
#2630=IFCRECTANGLEPROFILEDEF(.AREA.,$,#2629,0.90000000000000002,0.90000000000000002);
#2631=IFCCARTESIANPOINT((0.,0.,0.));
#2632=IFCAXIS2PLACEMENT3D(#2631,$,$);
#2633=IFCDIRECTION((0.,0.,1.));
#2634=IFCEXTRUDEDAREASOLID(#2630,#2632,#2633,10.5);
#2635=IFCSHAPEREPRESENTATION(#14,'Body','SweptSolid',(#2634));
#2636=IFCPRODUCTDEFINITIONSHAPE($,$,(#2635));
#2637=IFCCOLUMN('3l$_W$WRP7cONO9_IsvR5F',#5,'P040',$,$,#2627,#2636,$,$);
#2638=IFCRELCONTAINEDINSPATIALSTRUCTURE('1XM2g13z10OB5_J748sNrx',#5,$,$,(#2637),#29);
#2639=IFCCARTESIANPOINT((49.,26.,0.));
#2640=IFCAXIS2PLACEMENT3D(#2639,$,$);
#2641=IFCLOCALPLACEMENT(#40,#2640);
#2642=IFCCARTESIANPOINT((0.,0.));
#2643=IFCAXIS2PLACEMENT2D(#2642,$);
#2644=IFCRECTANGLEPROFILEDEF(.AREA.,$,#2643,0.80000000000000004,0.80000000000000004);
#2645=IFCCARTESIANPOINT((0.,0.,0.));
#2646=IFCAXIS2PLACEMENT3D(#2645,$,$);
#2647=IFCDIRECTION((0.,0.,1.));
#2648=IFCEXTRUDEDAREASOLID(#2644,#2646,#2647,20.75);
#2649=IFCSHAPEREPRESENTATION(#14,'Body','SweptSolid',(#2648));
#2650=IFCPRODUCTDEFINITIONSHAPE($,$,(#2649));
#2651=IFCCOLUMN('3BrASTkAn8IRsfU$dIQjyP',#5,'P040',$,$,#2641,#2650,$,$);
#2652=IFCRELCONTAINEDINSPATIALSTRUCTURE('24kE9PJvz9Qh$Q7W9JnTm6',#5,$,$,(#2651),#41);
#2653=IFCCARTESIANPOINT((49.,26.,0.));
#2654=IFCAXIS2PLACEMENT3D(#2653,$,$);
#2655=IFCLOCALPLACEMENT(#64,#2654);
#2656=IFCCARTESIANPOINT((0.,0.));
#2657=IFCAXIS2PLACEMENT2D(#2656,$);
#2658=IFCRECTANGLEPROFILEDEF(.AREA.,$,#2657,0.69999999999999996,0.69999999999999996);
#2659=IFCCARTESIANPOINT((0.,0.,0.));
#2660=IFCAXIS2PLACEMENT3D(#2659,$,$);
#2661=IFCDIRECTION((0.,0.,1.));
#2662=IFCEXTRUDEDAREASOLID(#2658,#2660,#2661,20.100000000000001);
#2663=IFCSHAPEREPRESENTATION(#14,'Body','SweptSolid',(#2662));
#2664=IFCPRODUCTDEFINITIONSHAPE($,$,(#2663));
#2665=IFCCOLUMN('2YqZFLtRvCQerCG3u73arD',#5,'P040',$,$,#2655,#2664,$,$);
#2666=IFCRELCONTAINEDINSPATIALSTRUCTURE('1Jy3ZFLA1C4hSBTAorRWeQ',#5,$,$,(#2665),#65);
#2667=IFCCARTESIANPOINT((49.,26.,0.));
#2668=IFCAXIS2PLACEMENT3D(#2667,$,$);
#2669=IFCLOCALPLACEMENT(#88,#2668);
#2670=IFCCARTESIANPOINT((0.,0.));
#2671=IFCAXIS2PLACEMENT2D(#2670,$);
#2672=IFCRECTANGLEPROFILEDEF(.AREA.,$,#2671,0.59999999999999998,0.59999999999999998);
#2673=IFCCARTESIANPOINT((0.,0.,0.));
#2674=IFCAXIS2PLACEMENT3D(#2673,$,$);
#2675=IFCDIRECTION((0.,0.,1.));
#2676=IFCEXTRUDEDAREASOLID(#2672,#2674,#2675,23.45000000000001);
#2677=IFCSHAPEREPRESENTATION(#14,'Body','SweptSolid',(#2676));
#2678=IFCPRODUCTDEFINITIONSHAPE($,$,(#2677));
#2679=IFCCOLUMN('1oeYT6tPjF3PnaScR3IYG5',#5,'P040',$,$,#2669,#2678,$,$);
#2680=IFCRELCONTAINEDINSPATIALSTRUCTURE('2W5VikM4L1khAOD_PoOeeQ',#5,$,$,(#2679),#89);
#2681=IFCCARTESIANPOINT((49.,33.,0.));
#2682=IFCAXIS2PLACEMENT3D(#2681,$,$);
#2683=IFCLOCALPLACEMENT(#28,#2682);
#2684=IFCCARTESIANPOINT((0.,0.));
#2685=IFCAXIS2PLACEMENT2D(#2684,$);
#2686=IFCRECTANGLEPROFILEDEF(.AREA.,$,#2685,0.90000000000000002,0.90000000000000002);
#2687=IFCCARTESIANPOINT((0.,0.,0.));
#2688=IFCAXIS2PLACEMENT3D(#2687,$,$);
#2689=IFCDIRECTION((0.,0.,1.));
#2690=IFCEXTRUDEDAREASOLID(#2686,#2688,#2689,10.5);
#2691=IFCSHAPEREPRESENTATION(#14,'Body','SweptSolid',(#2690));
#2692=IFCPRODUCTDEFINITIONSHAPE($,$,(#2691));
#2693=IFCCOLUMN('3zBdSZwFj7f9inJ7HMlhlh',#5,'P041',$,$,#2683,#2692,$,$);
#2694=IFCRELCONTAINEDINSPATIALSTRUCTURE('1_esbsBvD0NeKjMQtIgNSy',#5,$,$,(#2693),#29);
#2695=IFCCARTESIANPOINT((49.,33.,0.));
#2696=IFCAXIS2PLACEMENT3D(#2695,$,$);
#2697=IFCLOCALPLACEMENT(#40,#2696);
#2698=IFCCARTESIANPOINT((0.,0.));
#2699=IFCAXIS2PLACEMENT2D(#2698,$);
#2700=IFCRECTANGLEPROFILEDEF(.AREA.,$,#2699,0.80000000000000004,0.80000000000000004);
#2701=IFCCARTESIANPOINT((0.,0.,0.));
#2702=IFCAXIS2PLACEMENT3D(#2701,$,$);
#2703=IFCDIRECTION((0.,0.,1.));
#2704=IFCEXTRUDEDAREASOLID(#2700,#2702,#2703,20.75);
#2705=IFCSHAPEREPRESENTATION(#14,'Body','SweptSolid',(#2704));
#2706=IFCPRODUCTDEFINITIONSHAPE($,$,(#2705));
#2707=IFCCOLUMN('01S55c2eb9p8MPyvHiD1xM',#5,'P041',$,$,#2697,#2706,$,$);
#2708=IFCRELCONTAINEDINSPATIALSTRUCTURE('3rKaVTNXP8fOwcHK3fSibr',#5,$,$,(#2707),#41);
#2709=IFCCARTESIANPOINT((49.,33.,0.));
#2710=IFCAXIS2PLACEMENT3D(#2709,$,$);
#2711=IFCLOCALPLACEMENT(#64,#2710);
#2712=IFCCARTESIANPOINT((0.,0.));
#2713=IFCAXIS2PLACEMENT2D(#2712,$);
#2714=IFCRECTANGLEPROFILEDEF(.AREA.,$,#2713,0.69999999999999996,0.69999999999999996);
#2715=IFCCARTESIANPOINT((0.,0.,0.));
#2716=IFCAXIS2PLACEMENT3D(#2715,$,$);
#2717=IFCDIRECTION((0.,0.,1.));
#2718=IFCEXTRUDEDAREASOLID(#2714,#2716,#2717,20.100000000000001);
#2719=IFCSHAPEREPRESENTATION(#14,'Body','SweptSolid',(#2718));
#2720=IFCPRODUCTDEFINITIONSHAPE($,$,(#2719));
#2721=IFCCOLUMN('0v1HldSYP9teEKyKsJQ8fw',#5,'P041',$,$,#2711,#2720,$,$);
#2722=IFCRELCONTAINEDINSPATIALSTRUCTURE('0aMdp2YfP4A9dhztzAgJee',#5,$,$,(#2721),#65);
#2723=IFCCARTESIANPOINT((49.,33.,0.));
#2724=IFCAXIS2PLACEMENT3D(#2723,$,$);
#2725=IFCLOCALPLACEMENT(#88,#2724);
#2726=IFCCARTESIANPOINT((0.,0.));
#2727=IFCAXIS2PLACEMENT2D(#2726,$);
#2728=IFCRECTANGLEPROFILEDEF(.AREA.,$,#2727,0.59999999999999998,0.59999999999999998);
#2729=IFCCARTESIANPOINT((0.,0.,0.));
#2730=IFCAXIS2PLACEMENT3D(#2729,$,$);
#2731=IFCDIRECTION((0.,0.,1.));
#2732=IFCEXTRUDEDAREASOLID(#2728,#2730,#2731,23.45000000000001);
#2733=IFCSHAPEREPRESENTATION(#14,'Body','SweptSolid',(#2732));
#2734=IFCPRODUCTDEFINITIONSHAPE($,$,(#2733));
#2735=IFCCOLUMN('0o3MVf6rT4D8D2zImHwHDh',#5,'P041',$,$,#2725,#2734,$,$);
#2736=IFCRELCONTAINEDINSPATIALSTRUCTURE('1q45NBqyz3LeekKTViTHuN',#5,$,$,(#2735),#89);
#2737=IFCCARTESIANPOINT((49.,40.,0.));
#2738=IFCAXIS2PLACEMENT3D(#2737,$,$);
#2739=IFCLOCALPLACEMENT(#28,#2738);
#2740=IFCCARTESIANPOINT((0.,0.));
#2741=IFCAXIS2PLACEMENT2D(#2740,$);
#2742=IFCRECTANGLEPROFILEDEF(.AREA.,$,#2741,0.90000000000000002,0.90000000000000002);
#2743=IFCCARTESIANPOINT((0.,0.,0.));
#2744=IFCAXIS2PLACEMENT3D(#2743,$,$);
#2745=IFCDIRECTION((0.,0.,1.));
#2746=IFCEXTRUDEDAREASOLID(#2742,#2744,#2745,10.5);
#2747=IFCSHAPEREPRESENTATION(#14,'Body','SweptSolid',(#2746));
#2748=IFCPRODUCTDEFINITIONSHAPE($,$,(#2747));
#2749=IFCCOLUMN('2_sH4_PAT5f8TTwaOBq8E2',#5,'P042',$,$,#2739,#2748,$,$);
#2750=IFCRELCONTAINEDINSPATIALSTRUCTURE('1tXBc1X2f9wh3C38HDSrKZ',#5,$,$,(#2749),#29);
#2751=IFCCARTESIANPOINT((49.,40.,0.));
#2752=IFCAXIS2PLACEMENT3D(#2751,$,$);
#2753=IFCLOCALPLACEMENT(#40,#2752);
#2754=IFCCARTESIANPOINT((0.,0.));
#2755=IFCAXIS2PLACEMENT2D(#2754,$);
#2756=IFCRECTANGLEPROFILEDEF(.AREA.,$,#2755,0.80000000000000004,0.80000000000000004);
#2757=IFCCARTESIANPOINT((0.,0.,0.));
#2758=IFCAXIS2PLACEMENT3D(#2757,$,$);
#2759=IFCDIRECTION((0.,0.,1.));
#2760=IFCEXTRUDEDAREASOLID(#2756,#2758,#2759,20.75);
#2761=IFCSHAPEREPRESENTATION(#14,'Body','SweptSolid',(#2760));
#2762=IFCPRODUCTDEFINITIONSHAPE($,$,(#2761));
#2763=IFCCOLUMN('1YCx6N9dv6qvMBr4EES$ej',#5,'P042',$,$,#2753,#2762,$,$);
#2764=IFCRELCONTAINEDINSPATIALSTRUCTURE('3GejjdKwfFwhzbdmRZiu_D',#5,$,$,(#2763),#41);
#2765=IFCCARTESIANPOINT((49.,40.,0.));
#2766=IFCAXIS2PLACEMENT3D(#2765,$,$);
#2767=IFCLOCALPLACEMENT(#64,#2766);
#2768=IFCCARTESIANPOINT((0.,0.));
#2769=IFCAXIS2PLACEMENT2D(#2768,$);
#2770=IFCRECTANGLEPROFILEDEF(.AREA.,$,#2769,0.69999999999999996,0.69999999999999996);
#2771=IFCCARTESIANPOINT((0.,0.,0.));
#2772=IFCAXIS2PLACEMENT3D(#2771,$,$);
#2773=IFCDIRECTION((0.,0.,1.));
#2774=IFCEXTRUDEDAREASOLID(#2770,#2772,#2773,20.100000000000001);
#2775=IFCSHAPEREPRESENTATION(#14,'Body','SweptSolid',(#2774));
#2776=IFCPRODUCTDEFINITIONSHAPE($,$,(#2775));
#2777=IFCCOLUMN('2D_aIDNCD9BhLNlVKNhlad',#5,'P042',$,$,#2767,#2776,$,$);
#2778=IFCRELCONTAINEDINSPATIALSTRUCTURE('0nKfPZg$fB6B$NSfCgQkem',#5,$,$,(#2777),#65);
#2779=IFCCARTESIANPOINT((49.,40.,0.));
#2780=IFCAXIS2PLACEMENT3D(#2779,$,$);
#2781=IFCLOCALPLACEMENT(#88,#2780);
#2782=IFCCARTESIANPOINT((0.,0.));
#2783=IFCAXIS2PLACEMENT2D(#2782,$);
#2784=IFCRECTANGLEPROFILEDEF(.AREA.,$,#2783,0.59999999999999998,0.59999999999999998);
#2785=IFCCARTESIANPOINT((0.,0.,0.));
#2786=IFCAXIS2PLACEMENT3D(#2785,$,$);
#2787=IFCDIRECTION((0.,0.,1.));
#2788=IFCEXTRUDEDAREASOLID(#2784,#2786,#2787,23.45000000000001);
#2789=IFCSHAPEREPRESENTATION(#14,'Body','SweptSolid',(#2788));
#2790=IFCPRODUCTDEFINITIONSHAPE($,$,(#2789));
#2791=IFCCOLUMN('1CyHw0Fn950QXyHhCvFInI',#5,'P042',$,$,#2781,#2790,$,$);
#2792=IFCRELCONTAINEDINSPATIALSTRUCTURE('3W0XejhED9Kw_j0nGlTrm0',#5,$,$,(#2791),#89);
#2793=IFCCARTESIANPOINT((56.,3.,0.));
#2794=IFCAXIS2PLACEMENT3D(#2793,$,$);
#2795=IFCLOCALPLACEMENT(#28,#2794);
#2796=IFCCARTESIANPOINT((0.,0.));
#2797=IFCAXIS2PLACEMENT2D(#2796,$);
#2798=IFCRECTANGLEPROFILEDEF(.AREA.,$,#2797,0.90000000000000002,0.90000000000000002);
#2799=IFCCARTESIANPOINT((0.,0.,0.));
#2800=IFCAXIS2PLACEMENT3D(#2799,$,$);
#2801=IFCDIRECTION((0.,0.,1.));
#2802=IFCEXTRUDEDAREASOLID(#2798,#2800,#2801,10.5);
#2803=IFCSHAPEREPRESENTATION(#14,'Body','SweptSolid',(#2802));
#2804=IFCPRODUCTDEFINITIONSHAPE($,$,(#2803));
#2805=IFCCOLUMN('3ZAdXz9UPFNfEhj0zB451n',#5,'P043',$,$,#2795,#2804,$,$);
#2806=IFCRELCONTAINEDINSPATIALSTRUCTURE('2n8$c5gVr6MRZifVS6H9O8',#5,$,$,(#2805),#29);
#2807=IFCCARTESIANPOINT((56.,3.,0.));
#2808=IFCAXIS2PLACEMENT3D(#2807,$,$);
#2809=IFCLOCALPLACEMENT(#40,#2808);
#2810=IFCCARTESIANPOINT((0.,0.));
#2811=IFCAXIS2PLACEMENT2D(#2810,$);
#2812=IFCRECTANGLEPROFILEDEF(.AREA.,$,#2811,0.80000000000000004,0.80000000000000004);
#2813=IFCCARTESIANPOINT((0.,0.,0.));
#2814=IFCAXIS2PLACEMENT3D(#2813,$,$);
#2815=IFCDIRECTION((0.,0.,1.));
#2816=IFCEXTRUDEDAREASOLID(#2812,#2814,#2815,20.75);
#2817=IFCSHAPEREPRESENTATION(#14,'Body','SweptSolid',(#2816));
#2818=IFCPRODUCTDEFINITIONSHAPE($,$,(#2817));
#2819=IFCCOLUMN('09L12Va0f5KhEBYmDvmkxo',#5,'P043',$,$,#2809,#2818,$,$);
#2820=IFCRELCONTAINEDINSPATIALSTRUCTURE('3dgc2wM1zDY8ncEjdMy77Z',#5,$,$,(#2819),#41);
#2821=IFCCARTESIANPOINT((56.,3.,0.));
#2822=IFCAXIS2PLACEMENT3D(#2821,$,$);
#2823=IFCLOCALPLACEMENT(#64,#2822);
#2824=IFCCARTESIANPOINT((0.,0.));
#2825=IFCAXIS2PLACEMENT2D(#2824,$);
#2826=IFCRECTANGLEPROFILEDEF(.AREA.,$,#2825,0.69999999999999996,0.69999999999999996);
#2827=IFCCARTESIANPOINT((0.,0.,0.));
#2828=IFCAXIS2PLACEMENT3D(#2827,$,$);
#2829=IFCDIRECTION((0.,0.,1.));
#2830=IFCEXTRUDEDAREASOLID(#2826,#2828,#2829,20.100000000000001);
#2831=IFCSHAPEREPRESENTATION(#14,'Body','SweptSolid',(#2830));
#2832=IFCPRODUCTDEFINITIONSHAPE($,$,(#2831));
#2833=IFCCOLUMN('0TNYbaaJvFJPg$ti1yPHsO',#5,'P043',$,$,#2823,#2832,$,$);
#2834=IFCRELCONTAINEDINSPATIALSTRUCTURE('1OMZSj0nf4iR_XHkt$PZea',#5,$,$,(#2833),#65);
#2835=IFCCARTESIANPOINT((56.,3.,0.));
#2836=IFCAXIS2PLACEMENT3D(#2835,$,$);
#2837=IFCLOCALPLACEMENT(#88,#2836);
#2838=IFCCARTESIANPOINT((0.,0.));
#2839=IFCAXIS2PLACEMENT2D(#2838,$);
#2840=IFCRECTANGLEPROFILEDEF(.AREA.,$,#2839,0.59999999999999998,0.59999999999999998);
#2841=IFCCARTESIANPOINT((0.,0.,0.));
#2842=IFCAXIS2PLACEMENT3D(#2841,$,$);
#2843=IFCDIRECTION((0.,0.,1.));
#2844=IFCEXTRUDEDAREASOLID(#2840,#2842,#2843,23.45000000000001);
#2845=IFCSHAPEREPRESENTATION(#14,'Body','SweptSolid',(#2844));
#2846=IFCPRODUCTDEFINITIONSHAPE($,$,(#2845));
#2847=IFCCOLUMN('2sPBRHTDXCjuvOS0tr9lyR',#5,'P043',$,$,#2837,#2846,$,$);
#2848=IFCRELCONTAINEDINSPATIALSTRUCTURE('1YAHKGO$T5i9fWHpgnmh_o',#5,$,$,(#2847),#89);
#2849=IFCCARTESIANPOINT((56.,10.,0.));
#2850=IFCAXIS2PLACEMENT3D(#2849,$,$);
#2851=IFCLOCALPLACEMENT(#28,#2850);
#2852=IFCCARTESIANPOINT((0.,0.));
#2853=IFCAXIS2PLACEMENT2D(#2852,$);
#2854=IFCRECTANGLEPROFILEDEF(.AREA.,$,#2853,0.90000000000000002,0.90000000000000002);
#2855=IFCCARTESIANPOINT((0.,0.,0.));
#2856=IFCAXIS2PLACEMENT3D(#2855,$,$);
#2857=IFCDIRECTION((0.,0.,1.));
#2858=IFCEXTRUDEDAREASOLID(#2854,#2856,#2857,10.5);
#2859=IFCSHAPEREPRESENTATION(#14,'Body','SweptSolid',(#2858));
#2860=IFCPRODUCTDEFINITIONSHAPE($,$,(#2859));
#2861=IFCCOLUMN('37sTevEkD6SheH300LoDBn',#5,'P044',$,$,#2851,#2860,$,$);
#2862=IFCRELCONTAINEDINSPATIALSTRUCTURE('2wQmJA5NHEVQA6VWIPApko',#5,$,$,(#2861),#29);
#2863=IFCCARTESIANPOINT((56.,10.,0.));
#2864=IFCAXIS2PLACEMENT3D(#2863,$,$);
#2865=IFCLOCALPLACEMENT(#40,#2864);
#2866=IFCCARTESIANPOINT((0.,0.));
#2867=IFCAXIS2PLACEMENT2D(#2866,$);
#2868=IFCRECTANGLEPROFILEDEF(.AREA.,$,#2867,0.80000000000000004,0.80000000000000004);
#2869=IFCCARTESIANPOINT((0.,0.,0.));
#2870=IFCAXIS2PLACEMENT3D(#2869,$,$);
#2871=IFCDIRECTION((0.,0.,1.));
#2872=IFCEXTRUDEDAREASOLID(#2868,#2870,#2871,20.75);
#2873=IFCSHAPEREPRESENTATION(#14,'Body','SweptSolid',(#2872));
#2874=IFCPRODUCTDEFINITIONSHAPE($,$,(#2873));
#2875=IFCCOLUMN('2ezEmiZcjBwOJkOrnMsHRf',#5,'P044',$,$,#2865,#2874,$,$);
#2876=IFCRELCONTAINEDINSPATIALSTRUCTURE('2aFHB3hZf7dRb_Og8lnIrB',#5,$,$,(#2875),#41);
#2877=IFCCARTESIANPOINT((56.,10.,0.));
#2878=IFCAXIS2PLACEMENT3D(#2877,$,$);
#2879=IFCLOCALPLACEMENT(#64,#2878);
#2880=IFCCARTESIANPOINT((0.,0.));
#2881=IFCAXIS2PLACEMENT2D(#2880,$);
#2882=IFCRECTANGLEPROFILEDEF(.AREA.,$,#2881,0.69999999999999996,0.69999999999999996);
#2883=IFCCARTESIANPOINT((0.,0.,0.));
#2884=IFCAXIS2PLACEMENT3D(#2883,$,$);
#2885=IFCDIRECTION((0.,0.,1.));
#2886=IFCEXTRUDEDAREASOLID(#2882,#2884,#2885,20.100000000000001);
#2887=IFCSHAPEREPRESENTATION(#14,'Body','SweptSolid',(#2886));
#2888=IFCPRODUCTDEFINITIONSHAPE($,$,(#2887));
#2889=IFCCOLUMN('2yK4S6TmD33BuA4TodD71U',#5,'P044',$,$,#2879,#2888,$,$);
#2890=IFCRELCONTAINEDINSPATIALSTRUCTURE('2RdQBZjBn1L9JxgQaKdFEJ',#5,$,$,(#2889),#65);
#2891=IFCCARTESIANPOINT((56.,10.,0.));
#2892=IFCAXIS2PLACEMENT3D(#2891,$,$);
#2893=IFCLOCALPLACEMENT(#88,#2892);
#2894=IFCCARTESIANPOINT((0.,0.));
#2895=IFCAXIS2PLACEMENT2D(#2894,$);
#2896=IFCRECTANGLEPROFILEDEF(.AREA.,$,#2895,0.59999999999999998,0.59999999999999998);
#2897=IFCCARTESIANPOINT((0.,0.,0.));
#2898=IFCAXIS2PLACEMENT3D(#2897,$,$);
#2899=IFCDIRECTION((0.,0.,1.));
#2900=IFCEXTRUDEDAREASOLID(#2896,#2898,#2899,23.45000000000001);
#2901=IFCSHAPEREPRESENTATION(#14,'Body','SweptSolid',(#2900));
#2902=IFCPRODUCTDEFINITIONSHAPE($,$,(#2901));
#2903=IFCCOLUMN('2GYP$ebMvClxKTxeAiPF2_',#5,'P044',$,$,#2893,#2902,$,$);
#2904=IFCRELCONTAINEDINSPATIALSTRUCTURE('2k0wl177b2lR2q5KS7aPcf',#5,$,$,(#2903),#89);
#2905=IFCCARTESIANPOINT((56.,17.,0.));
#2906=IFCAXIS2PLACEMENT3D(#2905,$,$);
#2907=IFCLOCALPLACEMENT(#28,#2906);
#2908=IFCCARTESIANPOINT((0.,0.));
#2909=IFCAXIS2PLACEMENT2D(#2908,$);
#2910=IFCRECTANGLEPROFILEDEF(.AREA.,$,#2909,0.90000000000000002,0.90000000000000002);
#2911=IFCCARTESIANPOINT((0.,0.,0.));
#2912=IFCAXIS2PLACEMENT3D(#2911,$,$);
#2913=IFCDIRECTION((0.,0.,1.));
#2914=IFCEXTRUDEDAREASOLID(#2910,#2912,#2913,10.5);
#2915=IFCSHAPEREPRESENTATION(#14,'Body','SweptSolid',(#2914));
#2916=IFCPRODUCTDEFINITIONSHAPE($,$,(#2915));
#2917=IFCCOLUMN('0EC6OOdrT8GxSBTtE2GSIj',#5,'P045',$,$,#2907,#2916,$,$);
#2918=IFCRELCONTAINEDINSPATIALSTRUCTURE('3HjeAUlJLAaBbrB$JSxuhg',#5,$,$,(#2917),#29);
#2919=IFCCARTESIANPOINT((56.,17.,0.));
#2920=IFCAXIS2PLACEMENT3D(#2919,$,$);
#2921=IFCLOCALPLACEMENT(#40,#2920);
#2922=IFCCARTESIANPOINT((0.,0.));
#2923=IFCAXIS2PLACEMENT2D(#2922,$);
#2924=IFCRECTANGLEPROFILEDEF(.AREA.,$,#2923,0.80000000000000004,0.80000000000000004);
#2925=IFCCARTESIANPOINT((0.,0.,0.));
#2926=IFCAXIS2PLACEMENT3D(#2925,$,$);
#2927=IFCDIRECTION((0.,0.,1.));
#2928=IFCEXTRUDEDAREASOLID(#2924,#2926,#2927,20.75);
#2929=IFCSHAPEREPRESENTATION(#14,'Body','SweptSolid',(#2928));
#2930=IFCPRODUCTDEFINITIONSHAPE($,$,(#2929));
#2931=IFCCOLUMN('15X75v6wrBOP0ELKKwnSpN',#5,'P045',$,$,#2921,#2930,$,$);
#2932=IFCRELCONTAINEDINSPATIALSTRUCTURE('2BbR5x8Y99QwpIzFIlUY3j',#5,$,$,(#2931),#41);
#2933=IFCCARTESIANPOINT((56.,17.,0.));
#2934=IFCAXIS2PLACEMENT3D(#2933,$,$);
#2935=IFCLOCALPLACEMENT(#64,#2934);
#2936=IFCCARTESIANPOINT((0.,0.));
#2937=IFCAXIS2PLACEMENT2D(#2936,$);
#2938=IFCRECTANGLEPROFILEDEF(.AREA.,$,#2937,0.69999999999999996,0.69999999999999996);
#2939=IFCCARTESIANPOINT((0.,0.,0.));
#2940=IFCAXIS2PLACEMENT3D(#2939,$,$);
#2941=IFCDIRECTION((0.,0.,1.));
#2942=IFCEXTRUDEDAREASOLID(#2938,#2940,#2941,20.100000000000001);
#2943=IFCSHAPEREPRESENTATION(#14,'Body','SweptSolid',(#2942));
#2944=IFCPRODUCTDEFINITIONSHAPE($,$,(#2943));
#2945=IFCCOLUMN('0wuZvuf4T6Mukfoky3PJ7S',#5,'P045',$,$,#2935,#2944,$,$);
#2946=IFCRELCONTAINEDINSPATIALSTRUCTURE('0VTEdU5wP4dP5nanTXt2PT',#5,$,$,(#2945),#65);
#2947=IFCCARTESIANPOINT((56.,17.,0.));
#2948=IFCAXIS2PLACEMENT3D(#2947,$,$);
#2949=IFCLOCALPLACEMENT(#88,#2948);
#2950=IFCCARTESIANPOINT((0.,0.));
#2951=IFCAXIS2PLACEMENT2D(#2950,$);
#2952=IFCRECTANGLEPROFILEDEF(.AREA.,$,#2951,0.59999999999999998,0.59999999999999998);
#2953=IFCCARTESIANPOINT((0.,0.,0.));
#2954=IFCAXIS2PLACEMENT3D(#2953,$,$);
#2955=IFCDIRECTION((0.,0.,1.));
#2956=IFCEXTRUDEDAREASOLID(#2952,#2954,#2955,23.45000000000001);
#2957=IFCSHAPEREPRESENTATION(#14,'Body','SweptSolid',(#2956));
#2958=IFCPRODUCTDEFINITIONSHAPE($,$,(#2957));
#2959=IFCCOLUMN('3Z$JZsMmT0G8wWCQzXMd63',#5,'P045',$,$,#2949,#2958,$,$);
#2960=IFCRELCONTAINEDINSPATIALSTRUCTURE('3rk2knQdrCMudQS$f1tMbi',#5,$,$,(#2959),#89);
#2961=IFCCARTESIANPOINT((56.,26.,0.));
#2962=IFCAXIS2PLACEMENT3D(#2961,$,$);
#2963=IFCLOCALPLACEMENT(#28,#2962);
#2964=IFCCARTESIANPOINT((0.,0.));
#2965=IFCAXIS2PLACEMENT2D(#2964,$);
#2966=IFCRECTANGLEPROFILEDEF(.AREA.,$,#2965,0.90000000000000002,0.90000000000000002);
#2967=IFCCARTESIANPOINT((0.,0.,0.));
#2968=IFCAXIS2PLACEMENT3D(#2967,$,$);
#2969=IFCDIRECTION((0.,0.,1.));
#2970=IFCEXTRUDEDAREASOLID(#2966,#2968,#2969,10.5);
#2971=IFCSHAPEREPRESENTATION(#14,'Body','SweptSolid',(#2970));
#2972=IFCPRODUCTDEFINITIONSHAPE($,$,(#2971));
#2973=IFCCOLUMN('21oKFhfYnABep7HzsP4Nux',#5,'P046',$,$,#2963,#2972,$,$);
#2974=IFCRELCONTAINEDINSPATIALSTRUCTURE('2cvUuxsRXDmRBMtE6$rJjw',#5,$,$,(#2973),#29);
#2975=IFCCARTESIANPOINT((56.,26.,0.));
#2976=IFCAXIS2PLACEMENT3D(#2975,$,$);
#2977=IFCLOCALPLACEMENT(#40,#2976);
#2978=IFCCARTESIANPOINT((0.,0.));
#2979=IFCAXIS2PLACEMENT2D(#2978,$);
#2980=IFCRECTANGLEPROFILEDEF(.AREA.,$,#2979,0.80000000000000004,0.80000000000000004);
#2981=IFCCARTESIANPOINT((0.,0.,0.));
#2982=IFCAXIS2PLACEMENT3D(#2981,$,$);
#2983=IFCDIRECTION((0.,0.,1.));
#2984=IFCEXTRUDEDAREASOLID(#2980,#2982,#2983,20.75);
#2985=IFCSHAPEREPRESENTATION(#14,'Body','SweptSolid',(#2984));
#2986=IFCPRODUCTDEFINITIONSHAPE($,$,(#2985));
#2987=IFCCOLUMN('3OE4GhsY5AW9JN5$g9KioL',#5,'P046',$,$,#2977,#2986,$,$);
#2988=IFCRELCONTAINEDINSPATIALSTRUCTURE('3dlvtu9pv5zfK4i4s$4JGo',#5,$,$,(#2987),#41);
#2989=IFCCARTESIANPOINT((56.,26.,0.));
#2990=IFCAXIS2PLACEMENT3D(#2989,$,$);
#2991=IFCLOCALPLACEMENT(#64,#2990);
#2992=IFCCARTESIANPOINT((0.,0.));
#2993=IFCAXIS2PLACEMENT2D(#2992,$);
#2994=IFCRECTANGLEPROFILEDEF(.AREA.,$,#2993,0.69999999999999996,0.69999999999999996);
#2995=IFCCARTESIANPOINT((0.,0.,0.));
#2996=IFCAXIS2PLACEMENT3D(#2995,$,$);
#2997=IFCDIRECTION((0.,0.,1.));
#2998=IFCEXTRUDEDAREASOLID(#2994,#2996,#2997,20.100000000000001);
#2999=IFCSHAPEREPRESENTATION(#14,'Body','SweptSolid',(#2998));
#3000=IFCPRODUCTDEFINITIONSHAPE($,$,(#2999));
#3001=IFCCOLUMN('1mRQak1Av5IxHRHSM1hIOY',#5,'P046',$,$,#2991,#3000,$,$);
#3002=IFCRELCONTAINEDINSPATIALSTRUCTURE('3BfpNufv9FVgDst46g37a1',#5,$,$,(#3001),#65);
#3003=IFCCARTESIANPOINT((56.,26.,0.));
#3004=IFCAXIS2PLACEMENT3D(#3003,$,$);
#3005=IFCLOCALPLACEMENT(#88,#3004);
#3006=IFCCARTESIANPOINT((0.,0.));
#3007=IFCAXIS2PLACEMENT2D(#3006,$);
#3008=IFCRECTANGLEPROFILEDEF(.AREA.,$,#3007,0.59999999999999998,0.59999999999999998);
#3009=IFCCARTESIANPOINT((0.,0.,0.));
#3010=IFCAXIS2PLACEMENT3D(#3009,$,$);
#3011=IFCDIRECTION((0.,0.,1.));
#3012=IFCEXTRUDEDAREASOLID(#3008,#3010,#3011,23.45000000000001);
#3013=IFCSHAPEREPRESENTATION(#14,'Body','SweptSolid',(#3012));
#3014=IFCPRODUCTDEFINITIONSHAPE($,$,(#3013));
#3015=IFCCOLUMN('2e2sVw_i16lPe5e3rYknNB',#5,'P046',$,$,#3005,#3014,$,$);
#3016=IFCRELCONTAINEDINSPATIALSTRUCTURE('0dkywEN2LEcRjPmn8OKIRt',#5,$,$,(#3015),#89);
#3017=IFCCARTESIANPOINT((56.,33.,0.));
#3018=IFCAXIS2PLACEMENT3D(#3017,$,$);
#3019=IFCLOCALPLACEMENT(#28,#3018);
#3020=IFCCARTESIANPOINT((0.,0.));
#3021=IFCAXIS2PLACEMENT2D(#3020,$);
#3022=IFCRECTANGLEPROFILEDEF(.AREA.,$,#3021,0.90000000000000002,0.90000000000000002);
#3023=IFCCARTESIANPOINT((0.,0.,0.));
#3024=IFCAXIS2PLACEMENT3D(#3023,$,$);
#3025=IFCDIRECTION((0.,0.,1.));
#3026=IFCEXTRUDEDAREASOLID(#3022,#3024,#3025,10.5);
#3027=IFCSHAPEREPRESENTATION(#14,'Body','SweptSolid',(#3026));
#3028=IFCPRODUCTDEFINITIONSHAPE($,$,(#3027));
#3029=IFCCOLUMN('0oRM$s$AT7wRTgjfsSPZIk',#5,'P047',$,$,#3019,#3028,$,$);
#3030=IFCRELCONTAINEDINSPATIALSTRUCTURE('10m4UKld53SQ_7_M$sQV7a',#5,$,$,(#3029),#29);
#3031=IFCCARTESIANPOINT((56.,33.,0.));
#3032=IFCAXIS2PLACEMENT3D(#3031,$,$);
#3033=IFCLOCALPLACEMENT(#40,#3032);
#3034=IFCCARTESIANPOINT((0.,0.));
#3035=IFCAXIS2PLACEMENT2D(#3034,$);
#3036=IFCRECTANGLEPROFILEDEF(.AREA.,$,#3035,0.80000000000000004,0.80000000000000004);
#3037=IFCCARTESIANPOINT((0.,0.,0.));
#3038=IFCAXIS2PLACEMENT3D(#3037,$,$);
#3039=IFCDIRECTION((0.,0.,1.));
#3040=IFCEXTRUDEDAREASOLID(#3036,#3038,#3039,20.75);
#3041=IFCSHAPEREPRESENTATION(#14,'Body','SweptSolid',(#3040));
#3042=IFCPRODUCTDEFINITIONSHAPE($,$,(#3041));
#3043=IFCCOLUMN('0FL3rxkdr8oOJKcgTWviVB',#5,'P047',$,$,#3033,#3042,$,$);
#3044=IFCRELCONTAINEDINSPATIALSTRUCTURE('0mJNsZyNL11B2PvfQDePqs',#5,$,$,(#3043),#41);
#3045=IFCCARTESIANPOINT((56.,33.,0.));
#3046=IFCAXIS2PLACEMENT3D(#3045,$,$);
#3047=IFCLOCALPLACEMENT(#64,#3046);
#3048=IFCCARTESIANPOINT((0.,0.));
#3049=IFCAXIS2PLACEMENT2D(#3048,$);
#3050=IFCRECTANGLEPROFILEDEF(.AREA.,$,#3049,0.69999999999999996,0.69999999999999996);
#3051=IFCCARTESIANPOINT((0.,0.,0.));
#3052=IFCAXIS2PLACEMENT3D(#3051,$,$);
#3053=IFCDIRECTION((0.,0.,1.));
#3054=IFCEXTRUDEDAREASOLID(#3050,#3052,#3053,20.100000000000001);
#3055=IFCSHAPEREPRESENTATION(#14,'Body','SweptSolid',(#3054));
#3056=IFCPRODUCTDEFINITIONSHAPE($,$,(#3055));
#3057=IFCCOLUMN('15l8j_$lX1COOWL93kVPDX',#5,'P047',$,$,#3047,#3056,$,$);
#3058=IFCRELCONTAINEDINSPATIALSTRUCTURE('204uppROD9axEgckgwkq9o',#5,$,$,(#3057),#65);
#3059=IFCCARTESIANPOINT((56.,33.,0.));
#3060=IFCAXIS2PLACEMENT3D(#3059,$,$);
#3061=IFCLOCALPLACEMENT(#88,#3060);
#3062=IFCCARTESIANPOINT((0.,0.));
#3063=IFCAXIS2PLACEMENT2D(#3062,$);
#3064=IFCRECTANGLEPROFILEDEF(.AREA.,$,#3063,0.59999999999999998,0.59999999999999998);
#3065=IFCCARTESIANPOINT((0.,0.,0.));
#3066=IFCAXIS2PLACEMENT3D(#3065,$,$);
#3067=IFCDIRECTION((0.,0.,1.));
#3068=IFCEXTRUDEDAREASOLID(#3064,#3066,#3067,23.45000000000001);
#3069=IFCSHAPEREPRESENTATION(#14,'Body','SweptSolid',(#3068));
#3070=IFCPRODUCTDEFINITIONSHAPE($,$,(#3069));
#3071=IFCCOLUMN('2X8ueT9F1FswUpAJWFv6v2',#5,'P047',$,$,#3061,#3070,$,$);
#3072=IFCRELCONTAINEDINSPATIALSTRUCTURE('3eqHE$y4LBT8rbVpgOqi3i',#5,$,$,(#3071),#89);
#3073=IFCCARTESIANPOINT((56.,40.,0.));
#3074=IFCAXIS2PLACEMENT3D(#3073,$,$);
#3075=IFCLOCALPLACEMENT(#28,#3074);
#3076=IFCCARTESIANPOINT((0.,0.));
#3077=IFCAXIS2PLACEMENT2D(#3076,$);
#3078=IFCRECTANGLEPROFILEDEF(.AREA.,$,#3077,0.90000000000000002,0.90000000000000002);
#3079=IFCCARTESIANPOINT((0.,0.,0.));
#3080=IFCAXIS2PLACEMENT3D(#3079,$,$);
#3081=IFCDIRECTION((0.,0.,1.));
#3082=IFCEXTRUDEDAREASOLID(#3078,#3080,#3081,10.5);
#3083=IFCSHAPEREPRESENTATION(#14,'Body','SweptSolid',(#3082));
#3084=IFCPRODUCTDEFINITIONSHAPE($,$,(#3083));
#3085=IFCCOLUMN('2x8$uwHHv3JxFY3fcV0n6p',#5,'P048',$,$,#3075,#3084,$,$);
#3086=IFCRELCONTAINEDINSPATIALSTRUCTURE('0k_s$tDn5FExCYuJkZtRHb',#5,$,$,(#3085),#29);
#3087=IFCCARTESIANPOINT((56.,40.,0.));
#3088=IFCAXIS2PLACEMENT3D(#3087,$,$);
#3089=IFCLOCALPLACEMENT(#40,#3088);
#3090=IFCCARTESIANPOINT((0.,0.));
#3091=IFCAXIS2PLACEMENT2D(#3090,$);
#3092=IFCRECTANGLEPROFILEDEF(.AREA.,$,#3091,0.80000000000000004,0.80000000000000004);
#3093=IFCCARTESIANPOINT((0.,0.,0.));
#3094=IFCAXIS2PLACEMENT3D(#3093,$,$);
#3095=IFCDIRECTION((0.,0.,1.));
#3096=IFCEXTRUDEDAREASOLID(#3092,#3094,#3095,20.75);
#3097=IFCSHAPEREPRESENTATION(#14,'Body','SweptSolid',(#3096));
#3098=IFCPRODUCTDEFINITIONSHAPE($,$,(#3097));
#3099=IFCCOLUMN('0BD8tY_iD5KOq5s4KP49Ln',#5,'P048',$,$,#3089,#3098,$,$);
#3100=IFCRELCONTAINEDINSPATIALSTRUCTURE('0cnqx32jf9$uSkZCHRfwjj',#5,$,$,(#3099),#41);
#3101=IFCCARTESIANPOINT((56.,40.,0.));
#3102=IFCAXIS2PLACEMENT3D(#3101,$,$);
#3103=IFCLOCALPLACEMENT(#64,#3102);
#3104=IFCCARTESIANPOINT((0.,0.));
#3105=IFCAXIS2PLACEMENT2D(#3104,$);
#3106=IFCRECTANGLEPROFILEDEF(.AREA.,$,#3105,0.69999999999999996,0.69999999999999996);
#3107=IFCCARTESIANPOINT((0.,0.,0.));
#3108=IFCAXIS2PLACEMENT3D(#3107,$,$);
#3109=IFCDIRECTION((0.,0.,1.));
#3110=IFCEXTRUDEDAREASOLID(#3106,#3108,#3109,20.100000000000001);
#3111=IFCSHAPEREPRESENTATION(#14,'Body','SweptSolid',(#3110));
#3112=IFCPRODUCTDEFINITIONSHAPE($,$,(#3111));
#3113=IFCCOLUMN('068cXMJeH9dxUtvurhKJZR',#5,'P048',$,$,#3103,#3112,$,$);
#3114=IFCRELCONTAINEDINSPATIALSTRUCTURE('10Zp55aiH97OMLdNc3kbno',#5,$,$,(#3113),#65);
#3115=IFCCARTESIANPOINT((56.,40.,0.));
#3116=IFCAXIS2PLACEMENT3D(#3115,$,$);
#3117=IFCLOCALPLACEMENT(#88,#3116);
#3118=IFCCARTESIANPOINT((0.,0.));
#3119=IFCAXIS2PLACEMENT2D(#3118,$);
#3120=IFCRECTANGLEPROFILEDEF(.AREA.,$,#3119,0.59999999999999998,0.59999999999999998);
#3121=IFCCARTESIANPOINT((0.,0.,0.));
#3122=IFCAXIS2PLACEMENT3D(#3121,$,$);
#3123=IFCDIRECTION((0.,0.,1.));
#3124=IFCEXTRUDEDAREASOLID(#3120,#3122,#3123,23.45000000000001);
#3125=IFCSHAPEREPRESENTATION(#14,'Body','SweptSolid',(#3124));
#3126=IFCPRODUCTDEFINITIONSHAPE($,$,(#3125));
#3127=IFCCOLUMN('0OihK385TFtuj8xHAMcfms',#5,'P048',$,$,#3117,#3126,$,$);
#3128=IFCRELCONTAINEDINSPATIALSTRUCTURE('2_zTNSlhL77xLxb4G9gw3H',#5,$,$,(#3127),#89);
#3129=IFCCARTESIANPOINT((63.880000000000003,3.,0.));
#3130=IFCAXIS2PLACEMENT3D(#3129,$,$);
#3131=IFCLOCALPLACEMENT(#28,#3130);
#3132=IFCCARTESIANPOINT((0.,0.));
#3133=IFCAXIS2PLACEMENT2D(#3132,$);
#3134=IFCRECTANGLEPROFILEDEF(.AREA.,$,#3133,0.90000000000000002,0.90000000000000002);
#3135=IFCCARTESIANPOINT((0.,0.,0.));
#3136=IFCAXIS2PLACEMENT3D(#3135,$,$);
#3137=IFCDIRECTION((0.,0.,1.));
#3138=IFCEXTRUDEDAREASOLID(#3134,#3136,#3137,10.5);
#3139=IFCSHAPEREPRESENTATION(#14,'Body','SweptSolid',(#3138));
#3140=IFCPRODUCTDEFINITIONSHAPE($,$,(#3139));
#3141=IFCCOLUMN('06KSgOri517RZBQLOfQVxO',#5,'P049',$,$,#3131,#3140,$,$);
#3142=IFCRELCONTAINEDINSPATIALSTRUCTURE('3j41P7bJnArxXW0FgP3v6i',#5,$,$,(#3141),#29);
#3143=IFCCARTESIANPOINT((63.880000000000003,3.,0.));
#3144=IFCAXIS2PLACEMENT3D(#3143,$,$);
#3145=IFCLOCALPLACEMENT(#40,#3144);
#3146=IFCCARTESIANPOINT((0.,0.));
#3147=IFCAXIS2PLACEMENT2D(#3146,$);
#3148=IFCRECTANGLEPROFILEDEF(.AREA.,$,#3147,0.80000000000000004,0.80000000000000004);
#3149=IFCCARTESIANPOINT((0.,0.,0.));
#3150=IFCAXIS2PLACEMENT3D(#3149,$,$);
#3151=IFCDIRECTION((0.,0.,1.));
#3152=IFCEXTRUDEDAREASOLID(#3148,#3150,#3151,20.75);
#3153=IFCSHAPEREPRESENTATION(#14,'Body','SweptSolid',(#3152));
#3154=IFCPRODUCTDEFINITIONSHAPE($,$,(#3153));
#3155=IFCCOLUMN('2d2WcZY_z39geDkSuXaS8E',#5,'P049',$,$,#3145,#3154,$,$);
#3156=IFCRELCONTAINEDINSPATIALSTRUCTURE('3bIKxyr79CCuT0liKbFgHD',#5,$,$,(#3155),#41);
#3157=IFCCARTESIANPOINT((63.880000000000003,3.,0.));
#3158=IFCAXIS2PLACEMENT3D(#3157,$,$);
#3159=IFCLOCALPLACEMENT(#64,#3158);
#3160=IFCCARTESIANPOINT((0.,0.));
#3161=IFCAXIS2PLACEMENT2D(#3160,$);
#3162=IFCRECTANGLEPROFILEDEF(.AREA.,$,#3161,0.69999999999999996,0.69999999999999996);
#3163=IFCCARTESIANPOINT((0.,0.,0.));
#3164=IFCAXIS2PLACEMENT3D(#3163,$,$);
#3165=IFCDIRECTION((0.,0.,1.));
#3166=IFCEXTRUDEDAREASOLID(#3162,#3164,#3165,20.100000000000001);
#3167=IFCSHAPEREPRESENTATION(#14,'Body','SweptSolid',(#3166));
#3168=IFCPRODUCTDEFINITIONSHAPE($,$,(#3167));
#3169=IFCCOLUMN('2j728Mt95AWer67p$MqTQe',#5,'P049',$,$,#3159,#3168,$,$);
#3170=IFCRELCONTAINEDINSPATIALSTRUCTURE('1soKF4tSr8shOj0uaX7BdH',#5,$,$,(#3169),#65);
#3171=IFCCARTESIANPOINT((63.880000000000003,3.,0.));
#3172=IFCAXIS2PLACEMENT3D(#3171,$,$);
#3173=IFCLOCALPLACEMENT(#88,#3172);
#3174=IFCCARTESIANPOINT((0.,0.));
#3175=IFCAXIS2PLACEMENT2D(#3174,$);
#3176=IFCRECTANGLEPROFILEDEF(.AREA.,$,#3175,0.59999999999999998,0.59999999999999998);
#3177=IFCCARTESIANPOINT((0.,0.,0.));
#3178=IFCAXIS2PLACEMENT3D(#3177,$,$);
#3179=IFCDIRECTION((0.,0.,1.));
#3180=IFCEXTRUDEDAREASOLID(#3176,#3178,#3179,23.45000000000001);
#3181=IFCSHAPEREPRESENTATION(#14,'Body','SweptSolid',(#3180));
#3182=IFCPRODUCTDEFINITIONSHAPE($,$,(#3181));
#3183=IFCCOLUMN('2ocPrFOJL7TRdI8PRcU9SJ',#5,'P049',$,$,#3173,#3182,$,$);
#3184=IFCRELCONTAINEDINSPATIALSTRUCTURE('22_JVlPAv0cQPtLlXs6k64',#5,$,$,(#3183),#89);
#3185=IFCCARTESIANPOINT((63.880000000000003,10.,0.));
#3186=IFCAXIS2PLACEMENT3D(#3185,$,$);
#3187=IFCLOCALPLACEMENT(#28,#3186);
#3188=IFCCARTESIANPOINT((0.,0.));
#3189=IFCAXIS2PLACEMENT2D(#3188,$);
#3190=IFCRECTANGLEPROFILEDEF(.AREA.,$,#3189,0.90000000000000002,0.90000000000000002);
#3191=IFCCARTESIANPOINT((0.,0.,0.));
#3192=IFCAXIS2PLACEMENT3D(#3191,$,$);
#3193=IFCDIRECTION((0.,0.,1.));
#3194=IFCEXTRUDEDAREASOLID(#3190,#3192,#3193,10.5);
#3195=IFCSHAPEREPRESENTATION(#14,'Body','SweptSolid',(#3194));
#3196=IFCPRODUCTDEFINITIONSHAPE($,$,(#3195));
#3197=IFCCOLUMN('3RQEBoA3n3yfkQTpq6_wRw',#5,'P050',$,$,#3187,#3196,$,$);
#3198=IFCRELCONTAINEDINSPATIALSTRUCTURE('3G3jAJo4D7uh_ysk4nV3cw',#5,$,$,(#3197),#29);
#3199=IFCCARTESIANPOINT((63.880000000000003,10.,0.));
#3200=IFCAXIS2PLACEMENT3D(#3199,$,$);
#3201=IFCLOCALPLACEMENT(#40,#3200);
#3202=IFCCARTESIANPOINT((0.,0.));
#3203=IFCAXIS2PLACEMENT2D(#3202,$);
#3204=IFCRECTANGLEPROFILEDEF(.AREA.,$,#3203,0.80000000000000004,0.80000000000000004);
#3205=IFCCARTESIANPOINT((0.,0.,0.));
#3206=IFCAXIS2PLACEMENT3D(#3205,$,$);
#3207=IFCDIRECTION((0.,0.,1.));
#3208=IFCEXTRUDEDAREASOLID(#3204,#3206,#3207,20.75);
#3209=IFCSHAPEREPRESENTATION(#14,'Body','SweptSolid',(#3208));
#3210=IFCPRODUCTDEFINITIONSHAPE($,$,(#3209));
#3211=IFCCOLUMN('3rdeTGWCD3ZOedsOD7pRis',#5,'P050',$,$,#3201,#3210,$,$);
#3212=IFCRELCONTAINEDINSPATIALSTRUCTURE('27zrnodoXEuOkw9gt1SrcX',#5,$,$,(#3211),#41);
#3213=IFCCARTESIANPOINT((63.880000000000003,10.,0.));
#3214=IFCAXIS2PLACEMENT3D(#3213,$,$);
#3215=IFCLOCALPLACEMENT(#64,#3214);
#3216=IFCCARTESIANPOINT((0.,0.));
#3217=IFCAXIS2PLACEMENT2D(#3216,$);
#3218=IFCRECTANGLEPROFILEDEF(.AREA.,$,#3217,0.69999999999999996,0.69999999999999996);
#3219=IFCCARTESIANPOINT((0.,0.,0.));
#3220=IFCAXIS2PLACEMENT3D(#3219,$,$);
#3221=IFCDIRECTION((0.,0.,1.));
#3222=IFCEXTRUDEDAREASOLID(#3218,#3220,#3221,20.100000000000001);
#3223=IFCSHAPEREPRESENTATION(#14,'Body','SweptSolid',(#3222));
#3224=IFCPRODUCTDEFINITIONSHAPE($,$,(#3223));
#3225=IFCCOLUMN('3zb0dN9nb5IAPw04Fq8_yh',#5,'P050',$,$,#3215,#3224,$,$);
#3226=IFCRELCONTAINEDINSPATIALSTRUCTURE('17sqDQaIf6HxUR2xINBKSX',#5,$,$,(#3225),#65);
#3227=IFCCARTESIANPOINT((63.880000000000003,10.,0.));
#3228=IFCAXIS2PLACEMENT3D(#3227,$,$);
#3229=IFCLOCALPLACEMENT(#88,#3228);
#3230=IFCCARTESIANPOINT((0.,0.));
#3231=IFCAXIS2PLACEMENT2D(#3230,$);
#3232=IFCRECTANGLEPROFILEDEF(.AREA.,$,#3231,0.59999999999999998,0.59999999999999998);
#3233=IFCCARTESIANPOINT((0.,0.,0.));
#3234=IFCAXIS2PLACEMENT3D(#3233,$,$);
#3235=IFCDIRECTION((0.,0.,1.));
#3236=IFCEXTRUDEDAREASOLID(#3232,#3234,#3235,23.45000000000001);
#3237=IFCSHAPEREPRESENTATION(#14,'Body','SweptSolid',(#3236));
#3238=IFCPRODUCTDEFINITIONSHAPE($,$,(#3237));
#3239=IFCCOLUMN('1KK7qjLr9ALvP2HO_QihLm',#5,'P050',$,$,#3229,#3238,$,$);
#3240=IFCRELCONTAINEDINSPATIALSTRUCTURE('1OxKNi1onEyxgD9sKHOS5Y',#5,$,$,(#3239),#89);
#3241=IFCCARTESIANPOINT((63.880000000000003,17.,0.));
#3242=IFCAXIS2PLACEMENT3D(#3241,$,$);
#3243=IFCLOCALPLACEMENT(#28,#3242);
#3244=IFCCARTESIANPOINT((0.,0.));
#3245=IFCAXIS2PLACEMENT2D(#3244,$);
#3246=IFCRECTANGLEPROFILEDEF(.AREA.,$,#3245,0.90000000000000002,0.90000000000000002);
#3247=IFCCARTESIANPOINT((0.,0.,0.));
#3248=IFCAXIS2PLACEMENT3D(#3247,$,$);
#3249=IFCDIRECTION((0.,0.,1.));
#3250=IFCEXTRUDEDAREASOLID(#3246,#3248,#3249,10.5);
#3251=IFCSHAPEREPRESENTATION(#14,'Body','SweptSolid',(#3250));
#3252=IFCPRODUCTDEFINITIONSHAPE($,$,(#3251));
#3253=IFCCOLUMN('25AqwjZb1CyewoY$UNDF2J',#5,'P051',$,$,#3243,#3252,$,$);
#3254=IFCRELCONTAINEDINSPATIALSTRUCTURE('2QYJcStwfE0uEpySAbvOxh',#5,$,$,(#3253),#29);
#3255=IFCCARTESIANPOINT((63.880000000000003,17.,0.));
#3256=IFCAXIS2PLACEMENT3D(#3255,$,$);
#3257=IFCLOCALPLACEMENT(#40,#3256);
#3258=IFCCARTESIANPOINT((0.,0.));
#3259=IFCAXIS2PLACEMENT2D(#3258,$);
#3260=IFCRECTANGLEPROFILEDEF(.AREA.,$,#3259,0.80000000000000004,0.80000000000000004);
#3261=IFCCARTESIANPOINT((0.,0.,0.));
#3262=IFCAXIS2PLACEMENT3D(#3261,$,$);
#3263=IFCDIRECTION((0.,0.,1.));
#3264=IFCEXTRUDEDAREASOLID(#3260,#3262,#3263,20.75);
#3265=IFCSHAPEREPRESENTATION(#14,'Body','SweptSolid',(#3264));
#3266=IFCPRODUCTDEFINITIONSHAPE($,$,(#3265));
#3267=IFCCOLUMN('2oKQBEjvrAIhDEiycSyyIO',#5,'P051',$,$,#3257,#3266,$,$);
#3268=IFCRELCONTAINEDINSPATIALSTRUCTURE('0ZJKXuaATCKhHrgg_$xRLv',#5,$,$,(#3267),#41);
#3269=IFCCARTESIANPOINT((63.880000000000003,17.,0.));
#3270=IFCAXIS2PLACEMENT3D(#3269,$,$);
#3271=IFCLOCALPLACEMENT(#64,#3270);
#3272=IFCCARTESIANPOINT((0.,0.));
#3273=IFCAXIS2PLACEMENT2D(#3272,$);
#3274=IFCRECTANGLEPROFILEDEF(.AREA.,$,#3273,0.69999999999999996,0.69999999999999996);
#3275=IFCCARTESIANPOINT((0.,0.,0.));
#3276=IFCAXIS2PLACEMENT3D(#3275,$,$);
#3277=IFCDIRECTION((0.,0.,1.));
#3278=IFCEXTRUDEDAREASOLID(#3274,#3276,#3277,20.100000000000001);
#3279=IFCSHAPEREPRESENTATION(#14,'Body','SweptSolid',(#3278));
#3280=IFCPRODUCTDEFINITIONSHAPE($,$,(#3279));
#3281=IFCCOLUMN('1GTR5XnPjFBBCNNfvcEAoy',#5,'P051',$,$,#3271,#3280,$,$);
#3282=IFCRELCONTAINEDINSPATIALSTRUCTURE('2BYBGlWYfCUvOSCsFtccV0',#5,$,$,(#3281),#65);
#3283=IFCCARTESIANPOINT((63.880000000000003,17.,0.));
#3284=IFCAXIS2PLACEMENT3D(#3283,$,$);
#3285=IFCLOCALPLACEMENT(#88,#3284);
#3286=IFCCARTESIANPOINT((0.,0.));
#3287=IFCAXIS2PLACEMENT2D(#3286,$);
#3288=IFCRECTANGLEPROFILEDEF(.AREA.,$,#3287,0.59999999999999998,0.59999999999999998);
#3289=IFCCARTESIANPOINT((0.,0.,0.));
#3290=IFCAXIS2PLACEMENT3D(#3289,$,$);
#3291=IFCDIRECTION((0.,0.,1.));
#3292=IFCEXTRUDEDAREASOLID(#3288,#3290,#3291,23.45000000000001);
#3293=IFCSHAPEREPRESENTATION(#14,'Body','SweptSolid',(#3292));
#3294=IFCPRODUCTDEFINITIONSHAPE($,$,(#3293));
#3295=IFCCOLUMN('0JstwI3azAi9OMKS6zTCCu',#5,'P051',$,$,#3285,#3294,$,$);
#3296=IFCRELCONTAINEDINSPATIALSTRUCTURE('2f6NMgR_zCwBjvG6FgdW8M',#5,$,$,(#3295),#89);
#3297=IFCCARTESIANPOINT((63.880000000000003,26.,0.));
#3298=IFCAXIS2PLACEMENT3D(#3297,$,$);
#3299=IFCLOCALPLACEMENT(#28,#3298);
#3300=IFCCARTESIANPOINT((0.,0.));
#3301=IFCAXIS2PLACEMENT2D(#3300,$);
#3302=IFCRECTANGLEPROFILEDEF(.AREA.,$,#3301,0.90000000000000002,0.90000000000000002);
#3303=IFCCARTESIANPOINT((0.,0.,0.));
#3304=IFCAXIS2PLACEMENT3D(#3303,$,$);
#3305=IFCDIRECTION((0.,0.,1.));
#3306=IFCEXTRUDEDAREASOLID(#3302,#3304,#3305,10.5);
#3307=IFCSHAPEREPRESENTATION(#14,'Body','SweptSolid',(#3306));
#3308=IFCPRODUCTDEFINITIONSHAPE($,$,(#3307));
#3309=IFCCOLUMN('20FogHguL3NwBCZI1Kamc2',#5,'P052',$,$,#3299,#3308,$,$);
#3310=IFCRELCONTAINEDINSPATIALSTRUCTURE('3eHLlKwlfEMBNKCvRY43lz',#5,$,$,(#3309),#29);
#3311=IFCCARTESIANPOINT((63.880000000000003,26.,0.));
#3312=IFCAXIS2PLACEMENT3D(#3311,$,$);
#3313=IFCLOCALPLACEMENT(#40,#3312);
#3314=IFCCARTESIANPOINT((0.,0.));
#3315=IFCAXIS2PLACEMENT2D(#3314,$);
#3316=IFCRECTANGLEPROFILEDEF(.AREA.,$,#3315,0.80000000000000004,0.80000000000000004);
#3317=IFCCARTESIANPOINT((0.,0.,0.));
#3318=IFCAXIS2PLACEMENT3D(#3317,$,$);
#3319=IFCDIRECTION((0.,0.,1.));
#3320=IFCEXTRUDEDAREASOLID(#3316,#3318,#3319,20.75);
#3321=IFCSHAPEREPRESENTATION(#14,'Body','SweptSolid',(#3320));
#3322=IFCPRODUCTDEFINITIONSHAPE($,$,(#3321));
#3323=IFCCOLUMN('0$wSSAaRn9WeKGvI$X4Mr7',#5,'P052',$,$,#3313,#3322,$,$);
#3324=IFCRELCONTAINEDINSPATIALSTRUCTURE('3UWmywslr0JvA5l3seNGmp',#5,$,$,(#3323),#41);
#3325=IFCCARTESIANPOINT((63.880000000000003,26.,0.));
#3326=IFCAXIS2PLACEMENT3D(#3325,$,$);
#3327=IFCLOCALPLACEMENT(#64,#3326);
#3328=IFCCARTESIANPOINT((0.,0.));
#3329=IFCAXIS2PLACEMENT2D(#3328,$);
#3330=IFCRECTANGLEPROFILEDEF(.AREA.,$,#3329,0.69999999999999996,0.69999999999999996);
#3331=IFCCARTESIANPOINT((0.,0.,0.));
#3332=IFCAXIS2PLACEMENT3D(#3331,$,$);
#3333=IFCDIRECTION((0.,0.,1.));
#3334=IFCEXTRUDEDAREASOLID(#3330,#3332,#3333,20.100000000000001);
#3335=IFCSHAPEREPRESENTATION(#14,'Body','SweptSolid',(#3334));
#3336=IFCPRODUCTDEFINITIONSHAPE($,$,(#3335));
#3337=IFCCOLUMN('1KWqKFybP4MvJN83QNuWG9',#5,'P052',$,$,#3327,#3336,$,$);
#3338=IFCRELCONTAINEDINSPATIALSTRUCTURE('1aJSzwyU589hwqgnhQOWub',#5,$,$,(#3337),#65);
#3339=IFCCARTESIANPOINT((63.880000000000003,26.,0.));
#3340=IFCAXIS2PLACEMENT3D(#3339,$,$);
#3341=IFCLOCALPLACEMENT(#88,#3340);
#3342=IFCCARTESIANPOINT((0.,0.));
#3343=IFCAXIS2PLACEMENT2D(#3342,$);
#3344=IFCRECTANGLEPROFILEDEF(.AREA.,$,#3343,0.59999999999999998,0.59999999999999998);
#3345=IFCCARTESIANPOINT((0.,0.,0.));
#3346=IFCAXIS2PLACEMENT3D(#3345,$,$);
#3347=IFCDIRECTION((0.,0.,1.));
#3348=IFCEXTRUDEDAREASOLID(#3344,#3346,#3347,23.45000000000001);
#3349=IFCSHAPEREPRESENTATION(#14,'Body','SweptSolid',(#3348));
#3350=IFCPRODUCTDEFINITIONSHAPE($,$,(#3349));
#3351=IFCCOLUMN('0g9_bGgkb0tRnP5UTddr_7',#5,'P052',$,$,#3341,#3350,$,$);
#3352=IFCRELCONTAINEDINSPATIALSTRUCTURE('2eG8L602LCyPT8kLbYKFeh',#5,$,$,(#3351),#89);
#3353=IFCCARTESIANPOINT((63.880000000000003,33.,0.));
#3354=IFCAXIS2PLACEMENT3D(#3353,$,$);
#3355=IFCLOCALPLACEMENT(#28,#3354);
#3356=IFCCARTESIANPOINT((0.,0.));
#3357=IFCAXIS2PLACEMENT2D(#3356,$);
#3358=IFCRECTANGLEPROFILEDEF(.AREA.,$,#3357,0.90000000000000002,0.90000000000000002);
#3359=IFCCARTESIANPOINT((0.,0.,0.));
#3360=IFCAXIS2PLACEMENT3D(#3359,$,$);
#3361=IFCDIRECTION((0.,0.,1.));
#3362=IFCEXTRUDEDAREASOLID(#3358,#3360,#3361,10.5);
#3363=IFCSHAPEREPRESENTATION(#14,'Body','SweptSolid',(#3362));
#3364=IFCPRODUCTDEFINITIONSHAPE($,$,(#3363));
#3365=IFCCOLUMN('2DDDLHsZn5dPZ38x30kR4L',#5,'P053',$,$,#3355,#3364,$,$);
#3366=IFCRELCONTAINEDINSPATIALSTRUCTURE('3ovpuDJK5CWw3NrbR7mGQC',#5,$,$,(#3365),#29);
#3367=IFCCARTESIANPOINT((63.880000000000003,33.,0.));
#3368=IFCAXIS2PLACEMENT3D(#3367,$,$);
#3369=IFCLOCALPLACEMENT(#40,#3368);
#3370=IFCCARTESIANPOINT((0.,0.));
#3371=IFCAXIS2PLACEMENT2D(#3370,$);
#3372=IFCRECTANGLEPROFILEDEF(.AREA.,$,#3371,0.80000000000000004,0.80000000000000004);
#3373=IFCCARTESIANPOINT((0.,0.,0.));
#3374=IFCAXIS2PLACEMENT3D(#3373,$,$);
#3375=IFCDIRECTION((0.,0.,1.));
#3376=IFCEXTRUDEDAREASOLID(#3372,#3374,#3375,20.75);
#3377=IFCSHAPEREPRESENTATION(#14,'Body','SweptSolid',(#3376));
#3378=IFCPRODUCTDEFINITIONSHAPE($,$,(#3377));
#3379=IFCCOLUMN('0iOT15uSH4eONXfGoofIuD',#5,'P053',$,$,#3369,#3378,$,$);
#3380=IFCRELCONTAINEDINSPATIALSTRUCTURE('3p8CYHVkX3Vv9LFYOpYeJa',#5,$,$,(#3379),#41);
#3381=IFCCARTESIANPOINT((63.880000000000003,33.,0.));
#3382=IFCAXIS2PLACEMENT3D(#3381,$,$);
#3383=IFCLOCALPLACEMENT(#64,#3382);
#3384=IFCCARTESIANPOINT((0.,0.));
#3385=IFCAXIS2PLACEMENT2D(#3384,$);
#3386=IFCRECTANGLEPROFILEDEF(.AREA.,$,#3385,0.69999999999999996,0.69999999999999996);
#3387=IFCCARTESIANPOINT((0.,0.,0.));
#3388=IFCAXIS2PLACEMENT3D(#3387,$,$);
#3389=IFCDIRECTION((0.,0.,1.));
#3390=IFCEXTRUDEDAREASOLID(#3386,#3388,#3389,20.100000000000001);
#3391=IFCSHAPEREPRESENTATION(#14,'Body','SweptSolid',(#3390));
#3392=IFCPRODUCTDEFINITIONSHAPE($,$,(#3391));
#3393=IFCCOLUMN('0FWn3ej$H7Ae1opEpEAG7T',#5,'P053',$,$,#3383,#3392,$,$);
#3394=IFCRELCONTAINEDINSPATIALSTRUCTURE('3bl$_eXWP03xlZnaQsrg3l',#5,$,$,(#3393),#65);
#3395=IFCCARTESIANPOINT((63.880000000000003,33.,0.));
#3396=IFCAXIS2PLACEMENT3D(#3395,$,$);
#3397=IFCLOCALPLACEMENT(#88,#3396);
#3398=IFCCARTESIANPOINT((0.,0.));
#3399=IFCAXIS2PLACEMENT2D(#3398,$);
#3400=IFCRECTANGLEPROFILEDEF(.AREA.,$,#3399,0.59999999999999998,0.59999999999999998);
#3401=IFCCARTESIANPOINT((0.,0.,0.));
#3402=IFCAXIS2PLACEMENT3D(#3401,$,$);
#3403=IFCDIRECTION((0.,0.,1.));
#3404=IFCEXTRUDEDAREASOLID(#3400,#3402,#3403,23.45000000000001);
#3405=IFCSHAPEREPRESENTATION(#14,'Body','SweptSolid',(#3404));
#3406=IFCPRODUCTDEFINITIONSHAPE($,$,(#3405));
#3407=IFCCOLUMN('1aLEBm1yn1nfKoAJD94AMu',#5,'P053',$,$,#3397,#3406,$,$);
#3408=IFCRELCONTAINEDINSPATIALSTRUCTURE('2wEw6LtoDB6eZf4B16K4qj',#5,$,$,(#3407),#89);
#3409=IFCCARTESIANPOINT((63.880000000000003,40.,0.));
#3410=IFCAXIS2PLACEMENT3D(#3409,$,$);
#3411=IFCLOCALPLACEMENT(#28,#3410);
#3412=IFCCARTESIANPOINT((0.,0.));
#3413=IFCAXIS2PLACEMENT2D(#3412,$);
#3414=IFCRECTANGLEPROFILEDEF(.AREA.,$,#3413,0.90000000000000002,0.90000000000000002);
#3415=IFCCARTESIANPOINT((0.,0.,0.));
#3416=IFCAXIS2PLACEMENT3D(#3415,$,$);
#3417=IFCDIRECTION((0.,0.,1.));
#3418=IFCEXTRUDEDAREASOLID(#3414,#3416,#3417,10.5);
#3419=IFCSHAPEREPRESENTATION(#14,'Body','SweptSolid',(#3418));
#3420=IFCPRODUCTDEFINITIONSHAPE($,$,(#3419));
#3421=IFCCOLUMN('0R9rfaEyT6uvYZGSyL8lUG',#5,'P054',$,$,#3411,#3420,$,$);
#3422=IFCRELCONTAINEDINSPATIALSTRUCTURE('0tdmWjrKj46uo7IJmPh0zG',#5,$,$,(#3421),#29);
#3423=IFCCARTESIANPOINT((63.880000000000003,40.,0.));
#3424=IFCAXIS2PLACEMENT3D(#3423,$,$);
#3425=IFCLOCALPLACEMENT(#40,#3424);
#3426=IFCCARTESIANPOINT((0.,0.));
#3427=IFCAXIS2PLACEMENT2D(#3426,$);
#3428=IFCRECTANGLEPROFILEDEF(.AREA.,$,#3427,0.80000000000000004,0.80000000000000004);
#3429=IFCCARTESIANPOINT((0.,0.,0.));
#3430=IFCAXIS2PLACEMENT3D(#3429,$,$);
#3431=IFCDIRECTION((0.,0.,1.));
#3432=IFCEXTRUDEDAREASOLID(#3428,#3430,#3431,20.75);
#3433=IFCSHAPEREPRESENTATION(#14,'Body','SweptSolid',(#3432));
#3434=IFCPRODUCTDEFINITIONSHAPE($,$,(#3433));
#3435=IFCCOLUMN('2JIZ0aBh910uSeV$HmV4Tw',#5,'P054',$,$,#3425,#3434,$,$);
#3436=IFCRELCONTAINEDINSPATIALSTRUCTURE('1UqgcvpM1AOPFrnohOGSre',#5,$,$,(#3435),#41);
#3437=IFCCARTESIANPOINT((63.880000000000003,40.,0.));
#3438=IFCAXIS2PLACEMENT3D(#3437,$,$);
#3439=IFCLOCALPLACEMENT(#64,#3438);
#3440=IFCCARTESIANPOINT((0.,0.));
#3441=IFCAXIS2PLACEMENT2D(#3440,$);
#3442=IFCRECTANGLEPROFILEDEF(.AREA.,$,#3441,0.69999999999999996,0.69999999999999996);
#3443=IFCCARTESIANPOINT((0.,0.,0.));
#3444=IFCAXIS2PLACEMENT3D(#3443,$,$);
#3445=IFCDIRECTION((0.,0.,1.));
#3446=IFCEXTRUDEDAREASOLID(#3442,#3444,#3445,20.100000000000001);
#3447=IFCSHAPEREPRESENTATION(#14,'Body','SweptSolid',(#3446));
#3448=IFCPRODUCTDEFINITIONSHAPE($,$,(#3447));
#3449=IFCCOLUMN('3kFpvVgXb0GfVt5cDQeqR_',#5,'P054',$,$,#3439,#3448,$,$);
#3450=IFCRELCONTAINEDINSPATIALSTRUCTURE('1YyzLNgOz4huaMM9dCQe4W',#5,$,$,(#3449),#65);
#3451=IFCCARTESIANPOINT((63.880000000000003,40.,0.));
#3452=IFCAXIS2PLACEMENT3D(#3451,$,$);
#3453=IFCLOCALPLACEMENT(#88,#3452);
#3454=IFCCARTESIANPOINT((0.,0.));
#3455=IFCAXIS2PLACEMENT2D(#3454,$);
#3456=IFCRECTANGLEPROFILEDEF(.AREA.,$,#3455,0.59999999999999998,0.59999999999999998);
#3457=IFCCARTESIANPOINT((0.,0.,0.));
#3458=IFCAXIS2PLACEMENT3D(#3457,$,$);
#3459=IFCDIRECTION((0.,0.,1.));
#3460=IFCEXTRUDEDAREASOLID(#3456,#3458,#3459,23.45000000000001);
#3461=IFCSHAPEREPRESENTATION(#14,'Body','SweptSolid',(#3460));
#3462=IFCPRODUCTDEFINITIONSHAPE($,$,(#3461));
#3463=IFCCOLUMN('0loxCiCmr1Sv1P35O0bPTf',#5,'P054',$,$,#3453,#3462,$,$);
#3464=IFCRELCONTAINEDINSPATIALSTRUCTURE('3S0xekISD7yeeqwSXIf5e$',#5,$,$,(#3463),#89);
#3465=IFCCARTESIANPOINT((71.75,3.,0.));
#3466=IFCAXIS2PLACEMENT3D(#3465,$,$);
#3467=IFCLOCALPLACEMENT(#28,#3466);
#3468=IFCCARTESIANPOINT((0.,0.));
#3469=IFCAXIS2PLACEMENT2D(#3468,$);
#3470=IFCRECTANGLEPROFILEDEF(.AREA.,$,#3469,0.90000000000000002,0.90000000000000002);
#3471=IFCCARTESIANPOINT((0.,0.,0.));
#3472=IFCAXIS2PLACEMENT3D(#3471,$,$);
#3473=IFCDIRECTION((0.,0.,1.));
#3474=IFCEXTRUDEDAREASOLID(#3470,#3472,#3473,10.5);
#3475=IFCSHAPEREPRESENTATION(#14,'Body','SweptSolid',(#3474));
#3476=IFCPRODUCTDEFINITIONSHAPE($,$,(#3475));
#3477=IFCCOLUMN('3i_CGfiWL8zwxKnwCFgo_f',#5,'P055',$,$,#3467,#3476,$,$);
#3478=IFCRELCONTAINEDINSPATIALSTRUCTURE('2toXDlJkz27hN1s2Ts_NUF',#5,$,$,(#3477),#29);
#3479=IFCCARTESIANPOINT((71.75,3.,0.));
#3480=IFCAXIS2PLACEMENT3D(#3479,$,$);
#3481=IFCLOCALPLACEMENT(#40,#3480);
#3482=IFCCARTESIANPOINT((0.,0.));
#3483=IFCAXIS2PLACEMENT2D(#3482,$);
#3484=IFCRECTANGLEPROFILEDEF(.AREA.,$,#3483,0.80000000000000004,0.80000000000000004);
#3485=IFCCARTESIANPOINT((0.,0.,0.));
#3486=IFCAXIS2PLACEMENT3D(#3485,$,$);
#3487=IFCDIRECTION((0.,0.,1.));
#3488=IFCEXTRUDEDAREASOLID(#3484,#3486,#3487,20.75);
#3489=IFCSHAPEREPRESENTATION(#14,'Body','SweptSolid',(#3488));
#3490=IFCPRODUCTDEFINITIONSHAPE($,$,(#3489));
#3491=IFCCOLUMN('0kNaPWJE9BdQyH56$MZ36V',#5,'P055',$,$,#3481,#3490,$,$);
#3492=IFCRELCONTAINEDINSPATIALSTRUCTURE('06DlXHWuj9VOTIbGE78nL0',#5,$,$,(#3491),#41);
#3493=IFCCARTESIANPOINT((71.75,3.,0.));
#3494=IFCAXIS2PLACEMENT3D(#3493,$,$);
#3495=IFCLOCALPLACEMENT(#64,#3494);
#3496=IFCCARTESIANPOINT((0.,0.));
#3497=IFCAXIS2PLACEMENT2D(#3496,$);
#3498=IFCRECTANGLEPROFILEDEF(.AREA.,$,#3497,0.69999999999999996,0.69999999999999996);
#3499=IFCCARTESIANPOINT((0.,0.,0.));
#3500=IFCAXIS2PLACEMENT3D(#3499,$,$);
#3501=IFCDIRECTION((0.,0.,1.));
#3502=IFCEXTRUDEDAREASOLID(#3498,#3500,#3501,20.100000000000001);
#3503=IFCSHAPEREPRESENTATION(#14,'Body','SweptSolid',(#3502));
#3504=IFCPRODUCTDEFINITIONSHAPE($,$,(#3503));
#3505=IFCCOLUMN('1E4x2zkPr3NAL401UQqXzG',#5,'P055',$,$,#3495,#3504,$,$);
#3506=IFCRELCONTAINEDINSPATIALSTRUCTURE('2VJGm5HoPBrOjWk3Yxxc0V',#5,$,$,(#3505),#65);
#3507=IFCCARTESIANPOINT((71.75,3.,0.));
#3508=IFCAXIS2PLACEMENT3D(#3507,$,$);
#3509=IFCLOCALPLACEMENT(#88,#3508);
#3510=IFCCARTESIANPOINT((0.,0.));
#3511=IFCAXIS2PLACEMENT2D(#3510,$);
#3512=IFCRECTANGLEPROFILEDEF(.AREA.,$,#3511,0.59999999999999998,0.59999999999999998);
#3513=IFCCARTESIANPOINT((0.,0.,0.));
#3514=IFCAXIS2PLACEMENT3D(#3513,$,$);
#3515=IFCDIRECTION((0.,0.,1.));
#3516=IFCEXTRUDEDAREASOLID(#3512,#3514,#3515,23.45000000000001);
#3517=IFCSHAPEREPRESENTATION(#14,'Body','SweptSolid',(#3516));
#3518=IFCPRODUCTDEFINITIONSHAPE($,$,(#3517));
#3519=IFCCOLUMN('3nAC4wiXj6ueeEW8TSf1I8',#5,'P055',$,$,#3509,#3518,$,$);
#3520=IFCRELCONTAINEDINSPATIALSTRUCTURE('1osU6idLnFOu$0Mt_JT2Zg',#5,$,$,(#3519),#89);
#3521=IFCCARTESIANPOINT((71.75,10.,0.));
#3522=IFCAXIS2PLACEMENT3D(#3521,$,$);
#3523=IFCLOCALPLACEMENT(#28,#3522);
#3524=IFCCARTESIANPOINT((0.,0.));
#3525=IFCAXIS2PLACEMENT2D(#3524,$);
#3526=IFCRECTANGLEPROFILEDEF(.AREA.,$,#3525,0.90000000000000002,0.90000000000000002);
#3527=IFCCARTESIANPOINT((0.,0.,0.));
#3528=IFCAXIS2PLACEMENT3D(#3527,$,$);
#3529=IFCDIRECTION((0.,0.,1.));
#3530=IFCEXTRUDEDAREASOLID(#3526,#3528,#3529,10.5);
#3531=IFCSHAPEREPRESENTATION(#14,'Body','SweptSolid',(#3530));
#3532=IFCPRODUCTDEFINITIONSHAPE($,$,(#3531));
#3533=IFCCOLUMN('0GKMUoY9X8I8dCxRAR9LjH',#5,'P056',$,$,#3523,#3532,$,$);
#3534=IFCRELCONTAINEDINSPATIALSTRUCTURE('2gGnA5rP17q91jKXRAw$QJ',#5,$,$,(#3533),#29);
#3535=IFCCARTESIANPOINT((71.75,10.,0.));
#3536=IFCAXIS2PLACEMENT3D(#3535,$,$);
#3537=IFCLOCALPLACEMENT(#40,#3536);
#3538=IFCCARTESIANPOINT((0.,0.));
#3539=IFCAXIS2PLACEMENT2D(#3538,$);
#3540=IFCRECTANGLEPROFILEDEF(.AREA.,$,#3539,0.80000000000000004,0.80000000000000004);
#3541=IFCCARTESIANPOINT((0.,0.,0.));
#3542=IFCAXIS2PLACEMENT3D(#3541,$,$);
#3543=IFCDIRECTION((0.,0.,1.));
#3544=IFCEXTRUDEDAREASOLID(#3540,#3542,#3543,20.75);
#3545=IFCSHAPEREPRESENTATION(#14,'Body','SweptSolid',(#3544));
#3546=IFCPRODUCTDEFINITIONSHAPE($,$,(#3545));
#3547=IFCCOLUMN('3Iy$l$z7T0FhA2Tqb5fimw',#5,'P056',$,$,#3537,#3546,$,$);
#3548=IFCRELCONTAINEDINSPATIALSTRUCTURE('1v5XZqSLPELgI8sGjtt$EH',#5,$,$,(#3547),#41);
#3549=IFCCARTESIANPOINT((71.75,10.,0.));
#3550=IFCAXIS2PLACEMENT3D(#3549,$,$);
#3551=IFCLOCALPLACEMENT(#64,#3550);
#3552=IFCCARTESIANPOINT((0.,0.));
#3553=IFCAXIS2PLACEMENT2D(#3552,$);
#3554=IFCRECTANGLEPROFILEDEF(.AREA.,$,#3553,0.69999999999999996,0.69999999999999996);
#3555=IFCCARTESIANPOINT((0.,0.,0.));
#3556=IFCAXIS2PLACEMENT3D(#3555,$,$);
#3557=IFCDIRECTION((0.,0.,1.));
#3558=IFCEXTRUDEDAREASOLID(#3554,#3556,#3557,20.100000000000001);
#3559=IFCSHAPEREPRESENTATION(#14,'Body','SweptSolid',(#3558));
#3560=IFCPRODUCTDEFINITIONSHAPE($,$,(#3559));
#3561=IFCCOLUMN('3yV6IiwlfARQ9x703rF60q',#5,'P056',$,$,#3551,#3560,$,$);
#3562=IFCRELCONTAINEDINSPATIALSTRUCTURE('2J2h6y3ivD0BL8Bp1Getj6',#5,$,$,(#3561),#65);
#3563=IFCCARTESIANPOINT((71.75,10.,0.));
#3564=IFCAXIS2PLACEMENT3D(#3563,$,$);
#3565=IFCLOCALPLACEMENT(#88,#3564);
#3566=IFCCARTESIANPOINT((0.,0.));
#3567=IFCAXIS2PLACEMENT2D(#3566,$);
#3568=IFCRECTANGLEPROFILEDEF(.AREA.,$,#3567,0.59999999999999998,0.59999999999999998);
#3569=IFCCARTESIANPOINT((0.,0.,0.));
#3570=IFCAXIS2PLACEMENT3D(#3569,$,$);
#3571=IFCDIRECTION((0.,0.,1.));
#3572=IFCEXTRUDEDAREASOLID(#3568,#3570,#3571,23.45000000000001);
#3573=IFCSHAPEREPRESENTATION(#14,'Body','SweptSolid',(#3572));
#3574=IFCPRODUCTDEFINITIONSHAPE($,$,(#3573));
#3575=IFCCOLUMN('2fdOtOJjr6KxHgkOuwGPCD',#5,'P056',$,$,#3565,#3574,$,$);
#3576=IFCRELCONTAINEDINSPATIALSTRUCTURE('0OElddIDfCufgEgG178Gsz',#5,$,$,(#3575),#89);
#3577=IFCCARTESIANPOINT((71.75,17.,0.));
#3578=IFCAXIS2PLACEMENT3D(#3577,$,$);
#3579=IFCLOCALPLACEMENT(#28,#3578);
#3580=IFCCARTESIANPOINT((0.,0.));
#3581=IFCAXIS2PLACEMENT2D(#3580,$);
#3582=IFCRECTANGLEPROFILEDEF(.AREA.,$,#3581,0.90000000000000002,0.90000000000000002);
#3583=IFCCARTESIANPOINT((0.,0.,0.));
#3584=IFCAXIS2PLACEMENT3D(#3583,$,$);
#3585=IFCDIRECTION((0.,0.,1.));
#3586=IFCEXTRUDEDAREASOLID(#3582,#3584,#3585,10.5);
#3587=IFCSHAPEREPRESENTATION(#14,'Body','SweptSolid',(#3586));
#3588=IFCPRODUCTDEFINITIONSHAPE($,$,(#3587));
#3589=IFCCOLUMN('10WIqUVKvChgT6tC7$8Exi',#5,'P057',$,$,#3579,#3588,$,$);
#3590=IFCRELCONTAINEDINSPATIALSTRUCTURE('0JgsGWJFXAH8pgYYiIFB_7',#5,$,$,(#3589),#29);
#3591=IFCCARTESIANPOINT((71.75,17.,0.));
#3592=IFCAXIS2PLACEMENT3D(#3591,$,$);
#3593=IFCLOCALPLACEMENT(#40,#3592);
#3594=IFCCARTESIANPOINT((0.,0.));
#3595=IFCAXIS2PLACEMENT2D(#3594,$);
#3596=IFCRECTANGLEPROFILEDEF(.AREA.,$,#3595,0.80000000000000004,0.80000000000000004);
#3597=IFCCARTESIANPOINT((0.,0.,0.));
#3598=IFCAXIS2PLACEMENT3D(#3597,$,$);
#3599=IFCDIRECTION((0.,0.,1.));
#3600=IFCEXTRUDEDAREASOLID(#3596,#3598,#3599,20.75);
#3601=IFCSHAPEREPRESENTATION(#14,'Body','SweptSolid',(#3600));
#3602=IFCPRODUCTDEFINITIONSHAPE($,$,(#3601));
#3603=IFCCOLUMN('2GxMHOm$51nuSWB1pggveP',#5,'P057',$,$,#3593,#3602,$,$);
#3604=IFCRELCONTAINEDINSPATIALSTRUCTURE('3fxJwhpDX6SeqsHYQmmuBL',#5,$,$,(#3603),#41);
#3605=IFCCARTESIANPOINT((71.75,17.,0.));
#3606=IFCAXIS2PLACEMENT3D(#3605,$,$);
#3607=IFCLOCALPLACEMENT(#64,#3606);
#3608=IFCCARTESIANPOINT((0.,0.));
#3609=IFCAXIS2PLACEMENT2D(#3608,$);
#3610=IFCRECTANGLEPROFILEDEF(.AREA.,$,#3609,0.69999999999999996,0.69999999999999996);
#3611=IFCCARTESIANPOINT((0.,0.,0.));
#3612=IFCAXIS2PLACEMENT3D(#3611,$,$);
#3613=IFCDIRECTION((0.,0.,1.));
#3614=IFCEXTRUDEDAREASOLID(#3610,#3612,#3613,20.100000000000001);
#3615=IFCSHAPEREPRESENTATION(#14,'Body','SweptSolid',(#3614));
#3616=IFCPRODUCTDEFINITIONSHAPE($,$,(#3615));
#3617=IFCCOLUMN('215zwk_Nj9khKHBty06JLC',#5,'P057',$,$,#3607,#3616,$,$);
#3618=IFCRELCONTAINEDINSPATIALSTRUCTURE('2ey7FyMf94uh0mJw03InJa',#5,$,$,(#3617),#65);
#3619=IFCCARTESIANPOINT((71.75,17.,0.));
#3620=IFCAXIS2PLACEMENT3D(#3619,$,$);
#3621=IFCLOCALPLACEMENT(#88,#3620);
#3622=IFCCARTESIANPOINT((0.,0.));
#3623=IFCAXIS2PLACEMENT2D(#3622,$);
#3624=IFCRECTANGLEPROFILEDEF(.AREA.,$,#3623,0.59999999999999998,0.59999999999999998);
#3625=IFCCARTESIANPOINT((0.,0.,0.));
#3626=IFCAXIS2PLACEMENT3D(#3625,$,$);
#3627=IFCDIRECTION((0.,0.,1.));
#3628=IFCEXTRUDEDAREASOLID(#3624,#3626,#3627,23.45000000000001);
#3629=IFCSHAPEREPRESENTATION(#14,'Body','SweptSolid',(#3628));
#3630=IFCPRODUCTDEFINITIONSHAPE($,$,(#3629));
#3631=IFCCOLUMN('0m2pyShfP2Tx7exOipzpbz',#5,'P057',$,$,#3621,#3630,$,$);
#3632=IFCRELCONTAINEDINSPATIALSTRUCTURE('1NalFohBb62eaWYhipqTRP',#5,$,$,(#3631),#89);
#3633=IFCCARTESIANPOINT((71.75,26.,0.));
#3634=IFCAXIS2PLACEMENT3D(#3633,$,$);
#3635=IFCLOCALPLACEMENT(#28,#3634);
#3636=IFCCARTESIANPOINT((0.,0.));
#3637=IFCAXIS2PLACEMENT2D(#3636,$);
#3638=IFCRECTANGLEPROFILEDEF(.AREA.,$,#3637,0.90000000000000002,0.90000000000000002);
#3639=IFCCARTESIANPOINT((0.,0.,0.));
#3640=IFCAXIS2PLACEMENT3D(#3639,$,$);
#3641=IFCDIRECTION((0.,0.,1.));
#3642=IFCEXTRUDEDAREASOLID(#3638,#3640,#3641,10.5);
#3643=IFCSHAPEREPRESENTATION(#14,'Body','SweptSolid',(#3642));
#3644=IFCPRODUCTDEFINITIONSHAPE($,$,(#3643));
#3645=IFCCOLUMN('1r3dqLuZrBFvECQrVF0iec',#5,'P058',$,$,#3635,#3644,$,$);
#3646=IFCRELCONTAINEDINSPATIALSTRUCTURE('1C1QtzNU17Nh7ptP8Z$04T',#5,$,$,(#3645),#29);
#3647=IFCCARTESIANPOINT((71.75,26.,0.));
#3648=IFCAXIS2PLACEMENT3D(#3647,$,$);
#3649=IFCLOCALPLACEMENT(#40,#3648);
#3650=IFCCARTESIANPOINT((0.,0.));
#3651=IFCAXIS2PLACEMENT2D(#3650,$);
#3652=IFCRECTANGLEPROFILEDEF(.AREA.,$,#3651,0.80000000000000004,0.80000000000000004);
#3653=IFCCARTESIANPOINT((0.,0.,0.));
#3654=IFCAXIS2PLACEMENT3D(#3653,$,$);
#3655=IFCDIRECTION((0.,0.,1.));
#3656=IFCEXTRUDEDAREASOLID(#3652,#3654,#3655,20.75);
#3657=IFCSHAPEREPRESENTATION(#14,'Body','SweptSolid',(#3656));
#3658=IFCPRODUCTDEFINITIONSHAPE($,$,(#3657));
#3659=IFCCOLUMN('3yG5JPtXDBWu1fC6M7nRA0',#5,'P058',$,$,#3649,#3658,$,$);
#3660=IFCRELCONTAINEDINSPATIALSTRUCTURE('1F$gFu_DHDkg4H$jw$6rKo',#5,$,$,(#3659),#41);
#3661=IFCCARTESIANPOINT((71.75,26.,0.));
#3662=IFCAXIS2PLACEMENT3D(#3661,$,$);
#3663=IFCLOCALPLACEMENT(#64,#3662);
#3664=IFCCARTESIANPOINT((0.,0.));
#3665=IFCAXIS2PLACEMENT2D(#3664,$);
#3666=IFCRECTANGLEPROFILEDEF(.AREA.,$,#3665,0.69999999999999996,0.69999999999999996);
#3667=IFCCARTESIANPOINT((0.,0.,0.));
#3668=IFCAXIS2PLACEMENT3D(#3667,$,$);
#3669=IFCDIRECTION((0.,0.,1.));
#3670=IFCEXTRUDEDAREASOLID(#3666,#3668,#3669,20.100000000000001);
#3671=IFCSHAPEREPRESENTATION(#14,'Body','SweptSolid',(#3670));
#3672=IFCPRODUCTDEFINITIONSHAPE($,$,(#3671));
#3673=IFCCOLUMN('3u0Cb2G1f38OeduFo_eJIL',#5,'P058',$,$,#3663,#3672,$,$);
#3674=IFCRELCONTAINEDINSPATIALSTRUCTURE('1dX$jQ4fDEceLq4nrzDEeb',#5,$,$,(#3673),#65);
#3675=IFCCARTESIANPOINT((71.75,26.,0.));
#3676=IFCAXIS2PLACEMENT3D(#3675,$,$);
#3677=IFCLOCALPLACEMENT(#88,#3676);
#3678=IFCCARTESIANPOINT((0.,0.));
#3679=IFCAXIS2PLACEMENT2D(#3678,$);
#3680=IFCRECTANGLEPROFILEDEF(.AREA.,$,#3679,0.59999999999999998,0.59999999999999998);
#3681=IFCCARTESIANPOINT((0.,0.,0.));
#3682=IFCAXIS2PLACEMENT3D(#3681,$,$);
#3683=IFCDIRECTION((0.,0.,1.));
#3684=IFCEXTRUDEDAREASOLID(#3680,#3682,#3683,23.45000000000001);
#3685=IFCSHAPEREPRESENTATION(#14,'Body','SweptSolid',(#3684));
#3686=IFCPRODUCTDEFINITIONSHAPE($,$,(#3685));
#3687=IFCCOLUMN('21GU$Rpu14HRc7O7SWS0Ri',#5,'P058',$,$,#3677,#3686,$,$);
#3688=IFCRELCONTAINEDINSPATIALSTRUCTURE('2hIp82WerCCf$41Tyrlfz4',#5,$,$,(#3687),#89);
#3689=IFCCARTESIANPOINT((71.75,33.,0.));
#3690=IFCAXIS2PLACEMENT3D(#3689,$,$);
#3691=IFCLOCALPLACEMENT(#28,#3690);
#3692=IFCCARTESIANPOINT((0.,0.));
#3693=IFCAXIS2PLACEMENT2D(#3692,$);
#3694=IFCRECTANGLEPROFILEDEF(.AREA.,$,#3693,0.90000000000000002,0.90000000000000002);
#3695=IFCCARTESIANPOINT((0.,0.,0.));
#3696=IFCAXIS2PLACEMENT3D(#3695,$,$);
#3697=IFCDIRECTION((0.,0.,1.));
#3698=IFCEXTRUDEDAREASOLID(#3694,#3696,#3697,10.5);
#3699=IFCSHAPEREPRESENTATION(#14,'Body','SweptSolid',(#3698));
#3700=IFCPRODUCTDEFINITIONSHAPE($,$,(#3699));
#3701=IFCCOLUMN('3zo7AbVtX8ORXAW2wVt1n0',#5,'P059',$,$,#3691,#3700,$,$);
#3702=IFCRELCONTAINEDINSPATIALSTRUCTURE('3lGMtzyD19OhXGfiIBQ7vu',#5,$,$,(#3701),#29);
#3703=IFCCARTESIANPOINT((71.75,33.,0.));
#3704=IFCAXIS2PLACEMENT3D(#3703,$,$);
#3705=IFCLOCALPLACEMENT(#40,#3704);
#3706=IFCCARTESIANPOINT((0.,0.));
#3707=IFCAXIS2PLACEMENT2D(#3706,$);
#3708=IFCRECTANGLEPROFILEDEF(.AREA.,$,#3707,0.80000000000000004,0.80000000000000004);
#3709=IFCCARTESIANPOINT((0.,0.,0.));
#3710=IFCAXIS2PLACEMENT3D(#3709,$,$);
#3711=IFCDIRECTION((0.,0.,1.));
#3712=IFCEXTRUDEDAREASOLID(#3708,#3710,#3711,20.75);
#3713=IFCSHAPEREPRESENTATION(#14,'Body','SweptSolid',(#3712));
#3714=IFCPRODUCTDEFINITIONSHAPE($,$,(#3713));
#3715=IFCCOLUMN('1HPDokFsHFBPoPbnwmca9P',#5,'P059',$,$,#3705,#3714,$,$);
#3716=IFCRELCONTAINEDINSPATIALSTRUCTURE('2F387va4PCEetTLSIRWf3g',#5,$,$,(#3715),#41);
#3717=IFCCARTESIANPOINT((71.75,33.,0.));
#3718=IFCAXIS2PLACEMENT3D(#3717,$,$);
#3719=IFCLOCALPLACEMENT(#64,#3718);
#3720=IFCCARTESIANPOINT((0.,0.));
#3721=IFCAXIS2PLACEMENT2D(#3720,$);
#3722=IFCRECTANGLEPROFILEDEF(.AREA.,$,#3721,0.69999999999999996,0.69999999999999996);
#3723=IFCCARTESIANPOINT((0.,0.,0.));
#3724=IFCAXIS2PLACEMENT3D(#3723,$,$);
#3725=IFCDIRECTION((0.,0.,1.));
#3726=IFCEXTRUDEDAREASOLID(#3722,#3724,#3725,20.100000000000001);
#3727=IFCSHAPEREPRESENTATION(#14,'Body','SweptSolid',(#3726));
#3728=IFCPRODUCTDEFINITIONSHAPE($,$,(#3727));
#3729=IFCCOLUMN('2E6ha98xb7BPw7ncDUy2Vv',#5,'P059',$,$,#3719,#3728,$,$);
#3730=IFCRELCONTAINEDINSPATIALSTRUCTURE('2o$5zE7IXADvtOvsAQ8xep',#5,$,$,(#3729),#65);
#3731=IFCCARTESIANPOINT((71.75,33.,0.));
#3732=IFCAXIS2PLACEMENT3D(#3731,$,$);
#3733=IFCLOCALPLACEMENT(#88,#3732);
#3734=IFCCARTESIANPOINT((0.,0.));
#3735=IFCAXIS2PLACEMENT2D(#3734,$);
#3736=IFCRECTANGLEPROFILEDEF(.AREA.,$,#3735,0.59999999999999998,0.59999999999999998);
#3737=IFCCARTESIANPOINT((0.,0.,0.));
#3738=IFCAXIS2PLACEMENT3D(#3737,$,$);
#3739=IFCDIRECTION((0.,0.,1.));
#3740=IFCEXTRUDEDAREASOLID(#3736,#3738,#3739,23.45000000000001);
#3741=IFCSHAPEREPRESENTATION(#14,'Body','SweptSolid',(#3740));
#3742=IFCPRODUCTDEFINITIONSHAPE($,$,(#3741));
#3743=IFCCOLUMN('14ZgcAOlbFQRSR26Bz7IGA',#5,'P059',$,$,#3733,#3742,$,$);
#3744=IFCRELCONTAINEDINSPATIALSTRUCTURE('3eISMeH_v4MRtt2lvfPbgG',#5,$,$,(#3743),#89);
#3745=IFCCARTESIANPOINT((71.75,40.,0.));
#3746=IFCAXIS2PLACEMENT3D(#3745,$,$);
#3747=IFCLOCALPLACEMENT(#28,#3746);
#3748=IFCCARTESIANPOINT((0.,0.));
#3749=IFCAXIS2PLACEMENT2D(#3748,$);
#3750=IFCRECTANGLEPROFILEDEF(.AREA.,$,#3749,0.90000000000000002,0.90000000000000002);
#3751=IFCCARTESIANPOINT((0.,0.,0.));
#3752=IFCAXIS2PLACEMENT3D(#3751,$,$);
#3753=IFCDIRECTION((0.,0.,1.));
#3754=IFCEXTRUDEDAREASOLID(#3750,#3752,#3753,10.5);
#3755=IFCSHAPEREPRESENTATION(#14,'Body','SweptSolid',(#3754));
#3756=IFCPRODUCTDEFINITIONSHAPE($,$,(#3755));
#3757=IFCCOLUMN('3fwo_fGlr7d9j1tpMaEt6m',#5,'P060',$,$,#3747,#3756,$,$);
#3758=IFCRELCONTAINEDINSPATIALSTRUCTURE('3cLVvB4BL55xvx44gQZlWt',#5,$,$,(#3757),#29);
#3759=IFCCARTESIANPOINT((71.75,40.,0.));
#3760=IFCAXIS2PLACEMENT3D(#3759,$,$);
#3761=IFCLOCALPLACEMENT(#40,#3760);
#3762=IFCCARTESIANPOINT((0.,0.));
#3763=IFCAXIS2PLACEMENT2D(#3762,$);
#3764=IFCRECTANGLEPROFILEDEF(.AREA.,$,#3763,0.80000000000000004,0.80000000000000004);
#3765=IFCCARTESIANPOINT((0.,0.,0.));
#3766=IFCAXIS2PLACEMENT3D(#3765,$,$);
#3767=IFCDIRECTION((0.,0.,1.));
#3768=IFCEXTRUDEDAREASOLID(#3764,#3766,#3767,20.75);
#3769=IFCSHAPEREPRESENTATION(#14,'Body','SweptSolid',(#3768));
#3770=IFCPRODUCTDEFINITIONSHAPE($,$,(#3769));
#3771=IFCCOLUMN('0w2$jYn4D60xeUnotaY9kL',#5,'P060',$,$,#3761,#3770,$,$);
#3772=IFCRELCONTAINEDINSPATIALSTRUCTURE('2Nkt96xMjEzu7dsbPRiNbR',#5,$,$,(#3771),#41);
#3773=IFCCARTESIANPOINT((71.75,40.,0.));
#3774=IFCAXIS2PLACEMENT3D(#3773,$,$);
#3775=IFCLOCALPLACEMENT(#64,#3774);
#3776=IFCCARTESIANPOINT((0.,0.));
#3777=IFCAXIS2PLACEMENT2D(#3776,$);
#3778=IFCRECTANGLEPROFILEDEF(.AREA.,$,#3777,0.69999999999999996,0.69999999999999996);
#3779=IFCCARTESIANPOINT((0.,0.,0.));
#3780=IFCAXIS2PLACEMENT3D(#3779,$,$);
#3781=IFCDIRECTION((0.,0.,1.));
#3782=IFCEXTRUDEDAREASOLID(#3778,#3780,#3781,20.100000000000001);
#3783=IFCSHAPEREPRESENTATION(#14,'Body','SweptSolid',(#3782));
#3784=IFCPRODUCTDEFINITIONSHAPE($,$,(#3783));
#3785=IFCCOLUMN('3Ko0qS10HFh9cJR1ThmA5C',#5,'P060',$,$,#3775,#3784,$,$);
#3786=IFCRELCONTAINEDINSPATIALSTRUCTURE('2VGgmiJob2I9PUJr5m_$yB',#5,$,$,(#3785),#65);
#3787=IFCCARTESIANPOINT((71.75,40.,0.));
#3788=IFCAXIS2PLACEMENT3D(#3787,$,$);
#3789=IFCLOCALPLACEMENT(#88,#3788);
#3790=IFCCARTESIANPOINT((0.,0.));
#3791=IFCAXIS2PLACEMENT2D(#3790,$);
#3792=IFCRECTANGLEPROFILEDEF(.AREA.,$,#3791,0.59999999999999998,0.59999999999999998);
#3793=IFCCARTESIANPOINT((0.,0.,0.));
#3794=IFCAXIS2PLACEMENT3D(#3793,$,$);
#3795=IFCDIRECTION((0.,0.,1.));
#3796=IFCEXTRUDEDAREASOLID(#3792,#3794,#3795,23.45000000000001);
#3797=IFCSHAPEREPRESENTATION(#14,'Body','SweptSolid',(#3796));
#3798=IFCPRODUCTDEFINITIONSHAPE($,$,(#3797));
#3799=IFCCOLUMN('3aCK6YKLbBxRdoP3xuh6f1',#5,'P060',$,$,#3789,#3798,$,$);
#3800=IFCRELCONTAINEDINSPATIALSTRUCTURE('3_ba_py_57H81MMOFrJ46U',#5,$,$,(#3799),#89);
#3801=IFCCARTESIANPOINT((79.629999999999995,3.,0.));
#3802=IFCAXIS2PLACEMENT3D(#3801,$,$);
#3803=IFCLOCALPLACEMENT(#28,#3802);
#3804=IFCCARTESIANPOINT((0.,0.));
#3805=IFCAXIS2PLACEMENT2D(#3804,$);
#3806=IFCRECTANGLEPROFILEDEF(.AREA.,$,#3805,0.90000000000000002,0.90000000000000002);
#3807=IFCCARTESIANPOINT((0.,0.,0.));
#3808=IFCAXIS2PLACEMENT3D(#3807,$,$);
#3809=IFCDIRECTION((0.,0.,1.));
#3810=IFCEXTRUDEDAREASOLID(#3806,#3808,#3809,10.5);
#3811=IFCSHAPEREPRESENTATION(#14,'Body','SweptSolid',(#3810));
#3812=IFCPRODUCTDEFINITIONSHAPE($,$,(#3811));
#3813=IFCCOLUMN('2z6z73F198bQu0OcSf1l1h',#5,'P061',$,$,#3803,#3812,$,$);
#3814=IFCRELCONTAINEDINSPATIALSTRUCTURE('1$3U_cunf5dRPcWsVeWlpl',#5,$,$,(#3813),#29);
#3815=IFCCARTESIANPOINT((79.629999999999995,3.,0.));
#3816=IFCAXIS2PLACEMENT3D(#3815,$,$);
#3817=IFCLOCALPLACEMENT(#40,#3816);
#3818=IFCCARTESIANPOINT((0.,0.));
#3819=IFCAXIS2PLACEMENT2D(#3818,$);
#3820=IFCRECTANGLEPROFILEDEF(.AREA.,$,#3819,0.80000000000000004,0.80000000000000004);
#3821=IFCCARTESIANPOINT((0.,0.,0.));
#3822=IFCAXIS2PLACEMENT3D(#3821,$,$);
#3823=IFCDIRECTION((0.,0.,1.));
#3824=IFCEXTRUDEDAREASOLID(#3820,#3822,#3823,20.75);
#3825=IFCSHAPEREPRESENTATION(#14,'Body','SweptSolid',(#3824));
#3826=IFCPRODUCTDEFINITIONSHAPE($,$,(#3825));
#3827=IFCCOLUMN('177AJRwrT2vulBdD9FtEfa',#5,'P061',$,$,#3817,#3826,$,$);
#3828=IFCRELCONTAINEDINSPATIALSTRUCTURE('1lmZsYnEv5hO9kxviLRJEl',#5,$,$,(#3827),#41);
#3829=IFCCARTESIANPOINT((79.629999999999995,3.,0.));
#3830=IFCAXIS2PLACEMENT3D(#3829,$,$);
#3831=IFCLOCALPLACEMENT(#64,#3830);
#3832=IFCCARTESIANPOINT((0.,0.));
#3833=IFCAXIS2PLACEMENT2D(#3832,$);
#3834=IFCRECTANGLEPROFILEDEF(.AREA.,$,#3833,0.69999999999999996,0.69999999999999996);
#3835=IFCCARTESIANPOINT((0.,0.,0.));
#3836=IFCAXIS2PLACEMENT3D(#3835,$,$);
#3837=IFCDIRECTION((0.,0.,1.));
#3838=IFCEXTRUDEDAREASOLID(#3834,#3836,#3837,20.100000000000001);
#3839=IFCSHAPEREPRESENTATION(#14,'Body','SweptSolid',(#3838));
#3840=IFCPRODUCTDEFINITIONSHAPE($,$,(#3839));
#3841=IFCCOLUMN('3zKe_eTr5Cj9VBb54AQCXu',#5,'P061',$,$,#3831,#3840,$,$);
#3842=IFCRELCONTAINEDINSPATIALSTRUCTURE('3ZJ4kVYUL4cQFnVKqrQ5Qk',#5,$,$,(#3841),#65);
#3843=IFCCARTESIANPOINT((79.629999999999995,3.,0.));
#3844=IFCAXIS2PLACEMENT3D(#3843,$,$);
#3845=IFCLOCALPLACEMENT(#88,#3844);
#3846=IFCCARTESIANPOINT((0.,0.));
#3847=IFCAXIS2PLACEMENT2D(#3846,$);
#3848=IFCRECTANGLEPROFILEDEF(.AREA.,$,#3847,0.59999999999999998,0.59999999999999998);
#3849=IFCCARTESIANPOINT((0.,0.,0.));
#3850=IFCAXIS2PLACEMENT3D(#3849,$,$);
#3851=IFCDIRECTION((0.,0.,1.));
#3852=IFCEXTRUDEDAREASOLID(#3848,#3850,#3851,23.45000000000001);
#3853=IFCSHAPEREPRESENTATION(#14,'Body','SweptSolid',(#3852));
#3854=IFCPRODUCTDEFINITIONSHAPE($,$,(#3853));
#3855=IFCCOLUMN('3RFxxRhcf46xq5nHN5_jF0',#5,'P061',$,$,#3845,#3854,$,$);
#3856=IFCRELCONTAINEDINSPATIALSTRUCTURE('21V0sHyqn7juOThWjz526P',#5,$,$,(#3855),#89);
#3857=IFCCARTESIANPOINT((79.629999999999995,10.,0.));
#3858=IFCAXIS2PLACEMENT3D(#3857,$,$);
#3859=IFCLOCALPLACEMENT(#28,#3858);
#3860=IFCCARTESIANPOINT((0.,0.));
#3861=IFCAXIS2PLACEMENT2D(#3860,$);
#3862=IFCRECTANGLEPROFILEDEF(.AREA.,$,#3861,0.90000000000000002,0.90000000000000002);
#3863=IFCCARTESIANPOINT((0.,0.,0.));
#3864=IFCAXIS2PLACEMENT3D(#3863,$,$);
#3865=IFCDIRECTION((0.,0.,1.));
#3866=IFCEXTRUDEDAREASOLID(#3862,#3864,#3865,10.5);
#3867=IFCSHAPEREPRESENTATION(#14,'Body','SweptSolid',(#3866));
#3868=IFCPRODUCTDEFINITIONSHAPE($,$,(#3867));
#3869=IFCCOLUMN('1NvN7OMzHCTw59eN41RN2x',#5,'P062',$,$,#3859,#3868,$,$);
#3870=IFCRELCONTAINEDINSPATIALSTRUCTURE('0_7ouK0K18fRItBMKYGBm$',#5,$,$,(#3869),#29);
#3871=IFCCARTESIANPOINT((79.629999999999995,10.,0.));
#3872=IFCAXIS2PLACEMENT3D(#3871,$,$);
#3873=IFCLOCALPLACEMENT(#40,#3872);
#3874=IFCCARTESIANPOINT((0.,0.));
#3875=IFCAXIS2PLACEMENT2D(#3874,$);
#3876=IFCRECTANGLEPROFILEDEF(.AREA.,$,#3875,0.80000000000000004,0.80000000000000004);
#3877=IFCCARTESIANPOINT((0.,0.,0.));
#3878=IFCAXIS2PLACEMENT3D(#3877,$,$);
#3879=IFCDIRECTION((0.,0.,1.));
#3880=IFCEXTRUDEDAREASOLID(#3876,#3878,#3879,20.75);
#3881=IFCSHAPEREPRESENTATION(#14,'Body','SweptSolid',(#3880));
#3882=IFCPRODUCTDEFINITIONSHAPE($,$,(#3881));
#3883=IFCCOLUMN('0CE_rYeZL3WQGFN4syPWgI',#5,'P062',$,$,#3873,#3882,$,$);
#3884=IFCRELCONTAINEDINSPATIALSTRUCTURE('008YCYhaj4N9n78d1vTEOt',#5,$,$,(#3883),#41);
#3885=IFCCARTESIANPOINT((79.629999999999995,10.,0.));
#3886=IFCAXIS2PLACEMENT3D(#3885,$,$);
#3887=IFCLOCALPLACEMENT(#64,#3886);
#3888=IFCCARTESIANPOINT((0.,0.));
#3889=IFCAXIS2PLACEMENT2D(#3888,$);
#3890=IFCRECTANGLEPROFILEDEF(.AREA.,$,#3889,0.69999999999999996,0.69999999999999996);
#3891=IFCCARTESIANPOINT((0.,0.,0.));
#3892=IFCAXIS2PLACEMENT3D(#3891,$,$);
#3893=IFCDIRECTION((0.,0.,1.));
#3894=IFCEXTRUDEDAREASOLID(#3890,#3892,#3893,20.100000000000001);
#3895=IFCSHAPEREPRESENTATION(#14,'Body','SweptSolid',(#3894));
#3896=IFCPRODUCTDEFINITIONSHAPE($,$,(#3895));
#3897=IFCCOLUMN('3bB2Lqdq5AKus9Yao7IosK',#5,'P062',$,$,#3887,#3896,$,$);
#3898=IFCRELCONTAINEDINSPATIALSTRUCTURE('21utuHeg11rhgEuaxYuM5o',#5,$,$,(#3897),#65);
#3899=IFCCARTESIANPOINT((79.629999999999995,10.,0.));
#3900=IFCAXIS2PLACEMENT3D(#3899,$,$);
#3901=IFCLOCALPLACEMENT(#88,#3900);
#3902=IFCCARTESIANPOINT((0.,0.));
#3903=IFCAXIS2PLACEMENT2D(#3902,$);
#3904=IFCRECTANGLEPROFILEDEF(.AREA.,$,#3903,0.59999999999999998,0.59999999999999998);
#3905=IFCCARTESIANPOINT((0.,0.,0.));
#3906=IFCAXIS2PLACEMENT3D(#3905,$,$);
#3907=IFCDIRECTION((0.,0.,1.));
#3908=IFCEXTRUDEDAREASOLID(#3904,#3906,#3907,23.45000000000001);
#3909=IFCSHAPEREPRESENTATION(#14,'Body','SweptSolid',(#3908));
#3910=IFCPRODUCTDEFINITIONSHAPE($,$,(#3909));
#3911=IFCCOLUMN('0tyKeQu7559B1NAm5M6r1B',#5,'P062',$,$,#3901,#3910,$,$);
#3912=IFCRELCONTAINEDINSPATIALSTRUCTURE('13YPAlwm56ou64g7PlHFiB',#5,$,$,(#3911),#89);
#3913=IFCCARTESIANPOINT((79.629999999999995,17.,0.));
#3914=IFCAXIS2PLACEMENT3D(#3913,$,$);
#3915=IFCLOCALPLACEMENT(#28,#3914);
#3916=IFCCARTESIANPOINT((0.,0.));
#3917=IFCAXIS2PLACEMENT2D(#3916,$);
#3918=IFCRECTANGLEPROFILEDEF(.AREA.,$,#3917,0.90000000000000002,0.90000000000000002);
#3919=IFCCARTESIANPOINT((0.,0.,0.));
#3920=IFCAXIS2PLACEMENT3D(#3919,$,$);
#3921=IFCDIRECTION((0.,0.,1.));
#3922=IFCEXTRUDEDAREASOLID(#3918,#3920,#3921,10.5);
#3923=IFCSHAPEREPRESENTATION(#14,'Body','SweptSolid',(#3922));
#3924=IFCPRODUCTDEFINITIONSHAPE($,$,(#3923));
#3925=IFCCOLUMN('0gQWHzQyr8uRj9IZ61HN8n',#5,'P063',$,$,#3915,#3924,$,$);
#3926=IFCRELCONTAINEDINSPATIALSTRUCTURE('3jrE5m9NT3wgdClJMEqB6O',#5,$,$,(#3925),#29);
#3927=IFCCARTESIANPOINT((79.629999999999995,17.,0.));
#3928=IFCAXIS2PLACEMENT3D(#3927,$,$);
#3929=IFCLOCALPLACEMENT(#40,#3928);
#3930=IFCCARTESIANPOINT((0.,0.));
#3931=IFCAXIS2PLACEMENT2D(#3930,$);
#3932=IFCRECTANGLEPROFILEDEF(.AREA.,$,#3931,0.80000000000000004,0.80000000000000004);
#3933=IFCCARTESIANPOINT((0.,0.,0.));
#3934=IFCAXIS2PLACEMENT3D(#3933,$,$);
#3935=IFCDIRECTION((0.,0.,1.));
#3936=IFCEXTRUDEDAREASOLID(#3932,#3934,#3935,20.75);
#3937=IFCSHAPEREPRESENTATION(#14,'Body','SweptSolid',(#3936));
#3938=IFCPRODUCTDEFINITIONSHAPE($,$,(#3937));
#3939=IFCCOLUMN('2wV2Mrhm160v4vNsK3Mon6',#5,'P063',$,$,#3929,#3938,$,$);
#3940=IFCRELCONTAINEDINSPATIALSTRUCTURE('2qHEjbysXDkxzAEJprBhQv',#5,$,$,(#3939),#41);
#3941=IFCCARTESIANPOINT((79.629999999999995,17.,0.));
#3942=IFCAXIS2PLACEMENT3D(#3941,$,$);
#3943=IFCLOCALPLACEMENT(#64,#3942);
#3944=IFCCARTESIANPOINT((0.,0.));
#3945=IFCAXIS2PLACEMENT2D(#3944,$);
#3946=IFCRECTANGLEPROFILEDEF(.AREA.,$,#3945,0.69999999999999996,0.69999999999999996);
#3947=IFCCARTESIANPOINT((0.,0.,0.));
#3948=IFCAXIS2PLACEMENT3D(#3947,$,$);
#3949=IFCDIRECTION((0.,0.,1.));
#3950=IFCEXTRUDEDAREASOLID(#3946,#3948,#3949,20.100000000000001);
#3951=IFCSHAPEREPRESENTATION(#14,'Body','SweptSolid',(#3950));
#3952=IFCPRODUCTDEFINITIONSHAPE($,$,(#3951));
#3953=IFCCOLUMN('1E$$P$hVX5zBQF4pKCQbfN',#5,'P063',$,$,#3943,#3952,$,$);
#3954=IFCRELCONTAINEDINSPATIALSTRUCTURE('3QCNfKUILB_OaMRdV58pyg',#5,$,$,(#3953),#65);
#3955=IFCCARTESIANPOINT((79.629999999999995,17.,0.));
#3956=IFCAXIS2PLACEMENT3D(#3955,$,$);
#3957=IFCLOCALPLACEMENT(#88,#3956);
#3958=IFCCARTESIANPOINT((0.,0.));
#3959=IFCAXIS2PLACEMENT2D(#3958,$);
#3960=IFCRECTANGLEPROFILEDEF(.AREA.,$,#3959,0.59999999999999998,0.59999999999999998);
#3961=IFCCARTESIANPOINT((0.,0.,0.));
#3962=IFCAXIS2PLACEMENT3D(#3961,$,$);
#3963=IFCDIRECTION((0.,0.,1.));
#3964=IFCEXTRUDEDAREASOLID(#3960,#3962,#3963,23.45000000000001);
#3965=IFCSHAPEREPRESENTATION(#14,'Body','SweptSolid',(#3964));
#3966=IFCPRODUCTDEFINITIONSHAPE($,$,(#3965));
#3967=IFCCOLUMN('0LlQs54uf1Kvsh6JFgG_wu',#5,'P063',$,$,#3957,#3966,$,$);
#3968=IFCRELCONTAINEDINSPATIALSTRUCTURE('1MjitA3vT7se3xpzyrMnfE',#5,$,$,(#3967),#89);
#3969=IFCCARTESIANPOINT((79.629999999999995,26.,0.));
#3970=IFCAXIS2PLACEMENT3D(#3969,$,$);
#3971=IFCLOCALPLACEMENT(#28,#3970);
#3972=IFCCARTESIANPOINT((0.,0.));
#3973=IFCAXIS2PLACEMENT2D(#3972,$);
#3974=IFCRECTANGLEPROFILEDEF(.AREA.,$,#3973,0.90000000000000002,0.90000000000000002);
#3975=IFCCARTESIANPOINT((0.,0.,0.));
#3976=IFCAXIS2PLACEMENT3D(#3975,$,$);
#3977=IFCDIRECTION((0.,0.,1.));
#3978=IFCEXTRUDEDAREASOLID(#3974,#3976,#3977,10.5);
#3979=IFCSHAPEREPRESENTATION(#14,'Body','SweptSolid',(#3978));
#3980=IFCPRODUCTDEFINITIONSHAPE($,$,(#3979));
#3981=IFCCOLUMN('0fNIqJ_cj4Af4YMGKI2uEA',#5,'P064',$,$,#3971,#3980,$,$);
#3982=IFCRELCONTAINEDINSPATIALSTRUCTURE('0hdodXJlLEXOWAfF_qTw8a',#5,$,$,(#3981),#29);
#3983=IFCCARTESIANPOINT((79.629999999999995,26.,0.));
#3984=IFCAXIS2PLACEMENT3D(#3983,$,$);
#3985=IFCLOCALPLACEMENT(#40,#3984);
#3986=IFCCARTESIANPOINT((0.,0.));
#3987=IFCAXIS2PLACEMENT2D(#3986,$);
#3988=IFCRECTANGLEPROFILEDEF(.AREA.,$,#3987,0.80000000000000004,0.80000000000000004);
#3989=IFCCARTESIANPOINT((0.,0.,0.));
#3990=IFCAXIS2PLACEMENT3D(#3989,$,$);
#3991=IFCDIRECTION((0.,0.,1.));
#3992=IFCEXTRUDEDAREASOLID(#3988,#3990,#3991,20.75);
#3993=IFCSHAPEREPRESENTATION(#14,'Body','SweptSolid',(#3992));
#3994=IFCPRODUCTDEFINITIONSHAPE($,$,(#3993));
#3995=IFCCOLUMN('09lMSqvfz6pvo$FGy1zKip',#5,'P064',$,$,#3985,#3994,$,$);
#3996=IFCRELCONTAINEDINSPATIALSTRUCTURE('3NDO8pwD13u9Vjr185QU9b',#5,$,$,(#3995),#41);
#3997=IFCCARTESIANPOINT((79.629999999999995,26.,0.));
#3998=IFCAXIS2PLACEMENT3D(#3997,$,$);
#3999=IFCLOCALPLACEMENT(#64,#3998);
#4000=IFCCARTESIANPOINT((0.,0.));
#4001=IFCAXIS2PLACEMENT2D(#4000,$);
#4002=IFCRECTANGLEPROFILEDEF(.AREA.,$,#4001,0.69999999999999996,0.69999999999999996);
#4003=IFCCARTESIANPOINT((0.,0.,0.));
#4004=IFCAXIS2PLACEMENT3D(#4003,$,$);
#4005=IFCDIRECTION((0.,0.,1.));
#4006=IFCEXTRUDEDAREASOLID(#4002,#4004,#4005,20.100000000000001);
#4007=IFCSHAPEREPRESENTATION(#14,'Body','SweptSolid',(#4006));
#4008=IFCPRODUCTDEFINITIONSHAPE($,$,(#4007));
#4009=IFCCOLUMN('3Cn1nT4_zEBQdTYr_caD$t',#5,'P064',$,$,#3999,#4008,$,$);
#4010=IFCRELCONTAINEDINSPATIALSTRUCTURE('0cplB7OEvBM9byrc5zrNS6',#5,$,$,(#4009),#65);
#4011=IFCCARTESIANPOINT((79.629999999999995,26.,0.));
#4012=IFCAXIS2PLACEMENT3D(#4011,$,$);
#4013=IFCLOCALPLACEMENT(#88,#4012);
#4014=IFCCARTESIANPOINT((0.,0.));
#4015=IFCAXIS2PLACEMENT2D(#4014,$);
#4016=IFCRECTANGLEPROFILEDEF(.AREA.,$,#4015,0.59999999999999998,0.59999999999999998);
#4017=IFCCARTESIANPOINT((0.,0.,0.));
#4018=IFCAXIS2PLACEMENT3D(#4017,$,$);
#4019=IFCDIRECTION((0.,0.,1.));
#4020=IFCEXTRUDEDAREASOLID(#4016,#4018,#4019,23.45000000000001);
#4021=IFCSHAPEREPRESENTATION(#14,'Body','SweptSolid',(#4020));
#4022=IFCPRODUCTDEFINITIONSHAPE($,$,(#4021));
#4023=IFCCOLUMN('2adW4y7QzAQv3sSeo$pFUT',#5,'P064',$,$,#4013,#4022,$,$);
#4024=IFCRELCONTAINEDINSPATIALSTRUCTURE('0YgySBubb7GBYm3QT10VCn',#5,$,$,(#4023),#89);
#4025=IFCCARTESIANPOINT((79.629999999999995,33.,0.));
#4026=IFCAXIS2PLACEMENT3D(#4025,$,$);
#4027=IFCLOCALPLACEMENT(#28,#4026);
#4028=IFCCARTESIANPOINT((0.,0.));
#4029=IFCAXIS2PLACEMENT2D(#4028,$);
#4030=IFCRECTANGLEPROFILEDEF(.AREA.,$,#4029,0.90000000000000002,0.90000000000000002);
#4031=IFCCARTESIANPOINT((0.,0.,0.));
#4032=IFCAXIS2PLACEMENT3D(#4031,$,$);
#4033=IFCDIRECTION((0.,0.,1.));
#4034=IFCEXTRUDEDAREASOLID(#4030,#4032,#4033,10.5);
#4035=IFCSHAPEREPRESENTATION(#14,'Body','SweptSolid',(#4034));
#4036=IFCPRODUCTDEFINITIONSHAPE($,$,(#4035));
#4037=IFCCOLUMN('39HkB6vlz8teXJT77OmtAv',#5,'P065',$,$,#4027,#4036,$,$);
#4038=IFCRELCONTAINEDINSPATIALSTRUCTURE('1rL6RxnP1DKwJtdpIy9rNn',#5,$,$,(#4037),#29);
#4039=IFCCARTESIANPOINT((79.629999999999995,33.,0.));
#4040=IFCAXIS2PLACEMENT3D(#4039,$,$);
#4041=IFCLOCALPLACEMENT(#40,#4040);
#4042=IFCCARTESIANPOINT((0.,0.));
#4043=IFCAXIS2PLACEMENT2D(#4042,$);
#4044=IFCRECTANGLEPROFILEDEF(.AREA.,$,#4043,0.80000000000000004,0.80000000000000004);
#4045=IFCCARTESIANPOINT((0.,0.,0.));
#4046=IFCAXIS2PLACEMENT3D(#4045,$,$);
#4047=IFCDIRECTION((0.,0.,1.));
#4048=IFCEXTRUDEDAREASOLID(#4044,#4046,#4047,20.75);
#4049=IFCSHAPEREPRESENTATION(#14,'Body','SweptSolid',(#4048));
#4050=IFCPRODUCTDEFINITIONSHAPE($,$,(#4049));
#4051=IFCCOLUMN('0oRliKWIfCoui8olRrCK_R',#5,'P065',$,$,#4041,#4050,$,$);
#4052=IFCRELCONTAINEDINSPATIALSTRUCTURE('31ciTlXQvC5OaYez4C6jT1',#5,$,$,(#4051),#41);
#4053=IFCCARTESIANPOINT((79.629999999999995,33.,0.));
#4054=IFCAXIS2PLACEMENT3D(#4053,$,$);
#4055=IFCLOCALPLACEMENT(#64,#4054);
#4056=IFCCARTESIANPOINT((0.,0.));
#4057=IFCAXIS2PLACEMENT2D(#4056,$);
#4058=IFCRECTANGLEPROFILEDEF(.AREA.,$,#4057,0.69999999999999996,0.69999999999999996);
#4059=IFCCARTESIANPOINT((0.,0.,0.));
#4060=IFCAXIS2PLACEMENT3D(#4059,$,$);
#4061=IFCDIRECTION((0.,0.,1.));
#4062=IFCEXTRUDEDAREASOLID(#4058,#4060,#4061,20.100000000000001);
#4063=IFCSHAPEREPRESENTATION(#14,'Body','SweptSolid',(#4062));
#4064=IFCPRODUCTDEFINITIONSHAPE($,$,(#4063));
#4065=IFCCOLUMN('0J$XdT0V16xOoaYsGIOZAC',#5,'P065',$,$,#4055,#4064,$,$);
#4066=IFCRELCONTAINEDINSPATIALSTRUCTURE('30SJvcHcL1FBJA4sI84J3l',#5,$,$,(#4065),#65);
#4067=IFCCARTESIANPOINT((79.629999999999995,33.,0.));
#4068=IFCAXIS2PLACEMENT3D(#4067,$,$);
#4069=IFCLOCALPLACEMENT(#88,#4068);
#4070=IFCCARTESIANPOINT((0.,0.));
#4071=IFCAXIS2PLACEMENT2D(#4070,$);
#4072=IFCRECTANGLEPROFILEDEF(.AREA.,$,#4071,0.59999999999999998,0.59999999999999998);
#4073=IFCCARTESIANPOINT((0.,0.,0.));
#4074=IFCAXIS2PLACEMENT3D(#4073,$,$);
#4075=IFCDIRECTION((0.,0.,1.));
#4076=IFCEXTRUDEDAREASOLID(#4072,#4074,#4075,23.45000000000001);
#4077=IFCSHAPEREPRESENTATION(#14,'Body','SweptSolid',(#4076));
#4078=IFCPRODUCTDEFINITIONSHAPE($,$,(#4077));
#4079=IFCCOLUMN('0UNT_Vm590Be7Mh48_vAZ1',#5,'P065',$,$,#4069,#4078,$,$);
#4080=IFCRELCONTAINEDINSPATIALSTRUCTURE('2KUfJrVS94qvx3dl$hZuBt',#5,$,$,(#4079),#89);
#4081=IFCCARTESIANPOINT((79.629999999999995,40.,0.));
#4082=IFCAXIS2PLACEMENT3D(#4081,$,$);
#4083=IFCLOCALPLACEMENT(#28,#4082);
#4084=IFCCARTESIANPOINT((0.,0.));
#4085=IFCAXIS2PLACEMENT2D(#4084,$);
#4086=IFCRECTANGLEPROFILEDEF(.AREA.,$,#4085,0.90000000000000002,0.90000000000000002);
#4087=IFCCARTESIANPOINT((0.,0.,0.));
#4088=IFCAXIS2PLACEMENT3D(#4087,$,$);
#4089=IFCDIRECTION((0.,0.,1.));
#4090=IFCEXTRUDEDAREASOLID(#4086,#4088,#4089,10.5);
#4091=IFCSHAPEREPRESENTATION(#14,'Body','SweptSolid',(#4090));
#4092=IFCPRODUCTDEFINITIONSHAPE($,$,(#4091));
#4093=IFCCOLUMN('02PFxdWKL8aReSvZuq3OzV',#5,'P066',$,$,#4083,#4092,$,$);
#4094=IFCRELCONTAINEDINSPATIALSTRUCTURE('0VWMBABG5FSxQWBdtYCuAe',#5,$,$,(#4093),#29);
#4095=IFCCARTESIANPOINT((79.629999999999995,40.,0.));
#4096=IFCAXIS2PLACEMENT3D(#4095,$,$);
#4097=IFCLOCALPLACEMENT(#40,#4096);
#4098=IFCCARTESIANPOINT((0.,0.));
#4099=IFCAXIS2PLACEMENT2D(#4098,$);
#4100=IFCRECTANGLEPROFILEDEF(.AREA.,$,#4099,0.80000000000000004,0.80000000000000004);
#4101=IFCCARTESIANPOINT((0.,0.,0.));
#4102=IFCAXIS2PLACEMENT3D(#4101,$,$);
#4103=IFCDIRECTION((0.,0.,1.));
#4104=IFCEXTRUDEDAREASOLID(#4100,#4102,#4103,20.75);
#4105=IFCSHAPEREPRESENTATION(#14,'Body','SweptSolid',(#4104));
#4106=IFCPRODUCTDEFINITIONSHAPE($,$,(#4105));
#4107=IFCCOLUMN('2vDTZbkFbEUh31SzxX8HU9',#5,'P066',$,$,#4097,#4106,$,$);
#4108=IFCRELCONTAINEDINSPATIALSTRUCTURE('0s7QCztjPFCQj0qOR6UBOf',#5,$,$,(#4107),#41);
#4109=IFCCARTESIANPOINT((79.629999999999995,40.,0.));
#4110=IFCAXIS2PLACEMENT3D(#4109,$,$);
#4111=IFCLOCALPLACEMENT(#64,#4110);
#4112=IFCCARTESIANPOINT((0.,0.));
#4113=IFCAXIS2PLACEMENT2D(#4112,$);
#4114=IFCRECTANGLEPROFILEDEF(.AREA.,$,#4113,0.69999999999999996,0.69999999999999996);
#4115=IFCCARTESIANPOINT((0.,0.,0.));
#4116=IFCAXIS2PLACEMENT3D(#4115,$,$);
#4117=IFCDIRECTION((0.,0.,1.));
#4118=IFCEXTRUDEDAREASOLID(#4114,#4116,#4117,20.100000000000001);
#4119=IFCSHAPEREPRESENTATION(#14,'Body','SweptSolid',(#4118));
#4120=IFCPRODUCTDEFINITIONSHAPE($,$,(#4119));
#4121=IFCCOLUMN('13Zijz6I1D4P6Z9TIrk1jM',#5,'P066',$,$,#4111,#4120,$,$);
#4122=IFCRELCONTAINEDINSPATIALSTRUCTURE('0FA3Z6t_f2P8m352XjEdLc',#5,$,$,(#4121),#65);
#4123=IFCCARTESIANPOINT((79.629999999999995,40.,0.));
#4124=IFCAXIS2PLACEMENT3D(#4123,$,$);
#4125=IFCLOCALPLACEMENT(#88,#4124);
#4126=IFCCARTESIANPOINT((0.,0.));
#4127=IFCAXIS2PLACEMENT2D(#4126,$);
#4128=IFCRECTANGLEPROFILEDEF(.AREA.,$,#4127,0.59999999999999998,0.59999999999999998);
#4129=IFCCARTESIANPOINT((0.,0.,0.));
#4130=IFCAXIS2PLACEMENT3D(#4129,$,$);
#4131=IFCDIRECTION((0.,0.,1.));
#4132=IFCEXTRUDEDAREASOLID(#4128,#4130,#4131,23.45000000000001);
#4133=IFCSHAPEREPRESENTATION(#14,'Body','SweptSolid',(#4132));
#4134=IFCPRODUCTDEFINITIONSHAPE($,$,(#4133));
#4135=IFCCOLUMN('1bAPPGtMT5_Ay6gQ8yCgCj',#5,'P066',$,$,#4125,#4134,$,$);
#4136=IFCRELCONTAINEDINSPATIALSTRUCTURE('2jcJ7t6kPBfQnCOJj0wW8q',#5,$,$,(#4135),#89);
#4137=IFCCARTESIANPOINT((87.5,3.,0.));
#4138=IFCAXIS2PLACEMENT3D(#4137,$,$);
#4139=IFCLOCALPLACEMENT(#28,#4138);
#4140=IFCCARTESIANPOINT((0.,0.));
#4141=IFCAXIS2PLACEMENT2D(#4140,$);
#4142=IFCRECTANGLEPROFILEDEF(.AREA.,$,#4141,0.90000000000000002,0.90000000000000002);
#4143=IFCCARTESIANPOINT((0.,0.,0.));
#4144=IFCAXIS2PLACEMENT3D(#4143,$,$);
#4145=IFCDIRECTION((0.,0.,1.));
#4146=IFCEXTRUDEDAREASOLID(#4142,#4144,#4145,10.5);
#4147=IFCSHAPEREPRESENTATION(#14,'Body','SweptSolid',(#4146));
#4148=IFCPRODUCTDEFINITIONSHAPE($,$,(#4147));
#4149=IFCCOLUMN('0tQbwr6gbB$fjrCgadVK4S',#5,'P067',$,$,#4139,#4148,$,$);
#4150=IFCRELCONTAINEDINSPATIALSTRUCTURE('0Ti8mfJeL3mg0GYl$Zc5So',#5,$,$,(#4149),#29);
#4151=IFCCARTESIANPOINT((87.5,3.,0.));
#4152=IFCAXIS2PLACEMENT3D(#4151,$,$);
#4153=IFCLOCALPLACEMENT(#40,#4152);
#4154=IFCCARTESIANPOINT((0.,0.));
#4155=IFCAXIS2PLACEMENT2D(#4154,$);
#4156=IFCRECTANGLEPROFILEDEF(.AREA.,$,#4155,0.80000000000000004,0.80000000000000004);
#4157=IFCCARTESIANPOINT((0.,0.,0.));
#4158=IFCAXIS2PLACEMENT3D(#4157,$,$);
#4159=IFCDIRECTION((0.,0.,1.));
#4160=IFCEXTRUDEDAREASOLID(#4156,#4158,#4159,20.75);
#4161=IFCSHAPEREPRESENTATION(#14,'Body','SweptSolid',(#4160));
#4162=IFCPRODUCTDEFINITIONSHAPE($,$,(#4161));
#4163=IFCCOLUMN('3p9AKGlZv8XemxLkjNaL$4',#5,'P067',$,$,#4153,#4162,$,$);
#4164=IFCRELCONTAINEDINSPATIALSTRUCTURE('3h7E12GW9E7foYGmtH9qv_',#5,$,$,(#4163),#41);
#4165=IFCCARTESIANPOINT((87.5,3.,0.));
#4166=IFCAXIS2PLACEMENT3D(#4165,$,$);
#4167=IFCLOCALPLACEMENT(#64,#4166);
#4168=IFCCARTESIANPOINT((0.,0.));
#4169=IFCAXIS2PLACEMENT2D(#4168,$);
#4170=IFCRECTANGLEPROFILEDEF(.AREA.,$,#4169,0.69999999999999996,0.69999999999999996);
#4171=IFCCARTESIANPOINT((0.,0.,0.));
#4172=IFCAXIS2PLACEMENT3D(#4171,$,$);
#4173=IFCDIRECTION((0.,0.,1.));
#4174=IFCEXTRUDEDAREASOLID(#4170,#4172,#4173,20.100000000000001);
#4175=IFCSHAPEREPRESENTATION(#14,'Body','SweptSolid',(#4174));
#4176=IFCPRODUCTDEFINITIONSHAPE($,$,(#4175));
#4177=IFCCOLUMN('1yNHNpOsn4bBjQ73_xPase',#5,'P067',$,$,#4167,#4176,$,$);
#4178=IFCRELCONTAINEDINSPATIALSTRUCTURE('13HM_mN_r2svxb2dTTWYtx',#5,$,$,(#4177),#65);
#4179=IFCCARTESIANPOINT((87.5,3.,0.));
#4180=IFCAXIS2PLACEMENT3D(#4179,$,$);
#4181=IFCLOCALPLACEMENT(#88,#4180);
#4182=IFCCARTESIANPOINT((0.,0.));
#4183=IFCAXIS2PLACEMENT2D(#4182,$);
#4184=IFCRECTANGLEPROFILEDEF(.AREA.,$,#4183,0.59999999999999998,0.59999999999999998);
#4185=IFCCARTESIANPOINT((0.,0.,0.));
#4186=IFCAXIS2PLACEMENT3D(#4185,$,$);
#4187=IFCDIRECTION((0.,0.,1.));
#4188=IFCEXTRUDEDAREASOLID(#4184,#4186,#4187,23.45000000000001);
#4189=IFCSHAPEREPRESENTATION(#14,'Body','SweptSolid',(#4188));
#4190=IFCPRODUCTDEFINITIONSHAPE($,$,(#4189));
#4191=IFCCOLUMN('1C_hxSUi17Bh9KVuMVK9dA',#5,'P067',$,$,#4181,#4190,$,$);
#4192=IFCRELCONTAINEDINSPATIALSTRUCTURE('1OT_cVU1n5Ew0k3rpTIeiV',#5,$,$,(#4191),#89);
#4193=IFCCARTESIANPOINT((87.5,10.,0.));
#4194=IFCAXIS2PLACEMENT3D(#4193,$,$);
#4195=IFCLOCALPLACEMENT(#28,#4194);
#4196=IFCCARTESIANPOINT((0.,0.));
#4197=IFCAXIS2PLACEMENT2D(#4196,$);
#4198=IFCRECTANGLEPROFILEDEF(.AREA.,$,#4197,0.90000000000000002,0.90000000000000002);
#4199=IFCCARTESIANPOINT((0.,0.,0.));
#4200=IFCAXIS2PLACEMENT3D(#4199,$,$);
#4201=IFCDIRECTION((0.,0.,1.));
#4202=IFCEXTRUDEDAREASOLID(#4198,#4200,#4201,10.5);
#4203=IFCSHAPEREPRESENTATION(#14,'Body','SweptSolid',(#4202));
#4204=IFCPRODUCTDEFINITIONSHAPE($,$,(#4203));
#4205=IFCCOLUMN('22pny79fb1thBkJCnrteP1',#5,'P068',$,$,#4195,#4204,$,$);
#4206=IFCRELCONTAINEDINSPATIALSTRUCTURE('3rNtmsWXzDgPa1Md7sUDYp',#5,$,$,(#4205),#29);
#4207=IFCCARTESIANPOINT((87.5,10.,0.));
#4208=IFCAXIS2PLACEMENT3D(#4207,$,$);
#4209=IFCLOCALPLACEMENT(#40,#4208);
#4210=IFCCARTESIANPOINT((0.,0.));
#4211=IFCAXIS2PLACEMENT2D(#4210,$);
#4212=IFCRECTANGLEPROFILEDEF(.AREA.,$,#4211,0.80000000000000004,0.80000000000000004);
#4213=IFCCARTESIANPOINT((0.,0.,0.));
#4214=IFCAXIS2PLACEMENT3D(#4213,$,$);
#4215=IFCDIRECTION((0.,0.,1.));
#4216=IFCEXTRUDEDAREASOLID(#4212,#4214,#4215,20.75);
#4217=IFCSHAPEREPRESENTATION(#14,'Body','SweptSolid',(#4216));
#4218=IFCPRODUCTDEFINITIONSHAPE($,$,(#4217));
#4219=IFCCOLUMN('2UG$2$R6HFmwNvTEnzhDtS',#5,'P068',$,$,#4209,#4218,$,$);
#4220=IFCRELCONTAINEDINSPATIALSTRUCTURE('2_uaWuAp596v48zqQlrLYx',#5,$,$,(#4219),#41);
#4221=IFCCARTESIANPOINT((87.5,10.,0.));
#4222=IFCAXIS2PLACEMENT3D(#4221,$,$);
#4223=IFCLOCALPLACEMENT(#64,#4222);
#4224=IFCCARTESIANPOINT((0.,0.));
#4225=IFCAXIS2PLACEMENT2D(#4224,$);
#4226=IFCRECTANGLEPROFILEDEF(.AREA.,$,#4225,0.69999999999999996,0.69999999999999996);
#4227=IFCCARTESIANPOINT((0.,0.,0.));
#4228=IFCAXIS2PLACEMENT3D(#4227,$,$);
#4229=IFCDIRECTION((0.,0.,1.));
#4230=IFCEXTRUDEDAREASOLID(#4226,#4228,#4229,20.100000000000001);
#4231=IFCSHAPEREPRESENTATION(#14,'Body','SweptSolid',(#4230));
#4232=IFCPRODUCTDEFINITIONSHAPE($,$,(#4231));
#4233=IFCCOLUMN('3Igi7G9_DAv9rGDbu3tlfD',#5,'P068',$,$,#4223,#4232,$,$);
#4234=IFCRELCONTAINEDINSPATIALSTRUCTURE('0$D5Y9AGT4Yw8UzTxjVNJj',#5,$,$,(#4233),#65);
#4235=IFCCARTESIANPOINT((87.5,10.,0.));
#4236=IFCAXIS2PLACEMENT3D(#4235,$,$);
#4237=IFCLOCALPLACEMENT(#88,#4236);
#4238=IFCCARTESIANPOINT((0.,0.));
#4239=IFCAXIS2PLACEMENT2D(#4238,$);
#4240=IFCRECTANGLEPROFILEDEF(.AREA.,$,#4239,0.59999999999999998,0.59999999999999998);
#4241=IFCCARTESIANPOINT((0.,0.,0.));
#4242=IFCAXIS2PLACEMENT3D(#4241,$,$);
#4243=IFCDIRECTION((0.,0.,1.));
#4244=IFCEXTRUDEDAREASOLID(#4240,#4242,#4243,23.45000000000001);
#4245=IFCSHAPEREPRESENTATION(#14,'Body','SweptSolid',(#4244));
#4246=IFCPRODUCTDEFINITIONSHAPE($,$,(#4245));
#4247=IFCCOLUMN('3JvrI7KNvFFBGoku$8t9tq',#5,'P068',$,$,#4237,#4246,$,$);
#4248=IFCRELCONTAINEDINSPATIALSTRUCTURE('2DFpLaggj7I9XAUk77LrfM',#5,$,$,(#4247),#89);
#4249=IFCCARTESIANPOINT((87.5,17.,0.));
#4250=IFCAXIS2PLACEMENT3D(#4249,$,$);
#4251=IFCLOCALPLACEMENT(#28,#4250);
#4252=IFCCARTESIANPOINT((0.,0.));
#4253=IFCAXIS2PLACEMENT2D(#4252,$);
#4254=IFCRECTANGLEPROFILEDEF(.AREA.,$,#4253,0.90000000000000002,0.90000000000000002);
#4255=IFCCARTESIANPOINT((0.,0.,0.));
#4256=IFCAXIS2PLACEMENT3D(#4255,$,$);
#4257=IFCDIRECTION((0.,0.,1.));
#4258=IFCEXTRUDEDAREASOLID(#4254,#4256,#4257,10.5);
#4259=IFCSHAPEREPRESENTATION(#14,'Body','SweptSolid',(#4258));
#4260=IFCPRODUCTDEFINITIONSHAPE($,$,(#4259));
#4261=IFCCOLUMN('084hTphGXE9gkXHzaDTBLv',#5,'P069',$,$,#4251,#4260,$,$);
#4262=IFCRELCONTAINEDINSPATIALSTRUCTURE('2ZEx1_hyLC1ubpRdSmDNh5',#5,$,$,(#4261),#29);
#4263=IFCCARTESIANPOINT((87.5,17.,0.));
#4264=IFCAXIS2PLACEMENT3D(#4263,$,$);
#4265=IFCLOCALPLACEMENT(#40,#4264);
#4266=IFCCARTESIANPOINT((0.,0.));
#4267=IFCAXIS2PLACEMENT2D(#4266,$);
#4268=IFCRECTANGLEPROFILEDEF(.AREA.,$,#4267,0.80000000000000004,0.80000000000000004);
#4269=IFCCARTESIANPOINT((0.,0.,0.));
#4270=IFCAXIS2PLACEMENT3D(#4269,$,$);
#4271=IFCDIRECTION((0.,0.,1.));
#4272=IFCEXTRUDEDAREASOLID(#4268,#4270,#4271,20.75);
#4273=IFCSHAPEREPRESENTATION(#14,'Body','SweptSolid',(#4272));
#4274=IFCPRODUCTDEFINITIONSHAPE($,$,(#4273));
#4275=IFCCOLUMN('3btcpAAJ9F0wIH7v8qbpTL',#5,'P069',$,$,#4265,#4274,$,$);
#4276=IFCRELCONTAINEDINSPATIALSTRUCTURE('0xFGcUrXH3GgUD3Hz8Hyg5',#5,$,$,(#4275),#41);
#4277=IFCCARTESIANPOINT((87.5,17.,0.));
#4278=IFCAXIS2PLACEMENT3D(#4277,$,$);
#4279=IFCLOCALPLACEMENT(#64,#4278);
#4280=IFCCARTESIANPOINT((0.,0.));
#4281=IFCAXIS2PLACEMENT2D(#4280,$);
#4282=IFCRECTANGLEPROFILEDEF(.AREA.,$,#4281,0.69999999999999996,0.69999999999999996);
#4283=IFCCARTESIANPOINT((0.,0.,0.));
#4284=IFCAXIS2PLACEMENT3D(#4283,$,$);
#4285=IFCDIRECTION((0.,0.,1.));
#4286=IFCEXTRUDEDAREASOLID(#4282,#4284,#4285,20.100000000000001);
#4287=IFCSHAPEREPRESENTATION(#14,'Body','SweptSolid',(#4286));
#4288=IFCPRODUCTDEFINITIONSHAPE($,$,(#4287));
#4289=IFCCOLUMN('2buBtsTbjDNBBJYWcek6ez',#5,'P069',$,$,#4279,#4288,$,$);
#4290=IFCRELCONTAINEDINSPATIALSTRUCTURE('3LjyDsrLHEMAazRMaBruME',#5,$,$,(#4289),#65);
#4291=IFCCARTESIANPOINT((87.5,17.,0.));
#4292=IFCAXIS2PLACEMENT3D(#4291,$,$);
#4293=IFCLOCALPLACEMENT(#88,#4292);
#4294=IFCCARTESIANPOINT((0.,0.));
#4295=IFCAXIS2PLACEMENT2D(#4294,$);
#4296=IFCRECTANGLEPROFILEDEF(.AREA.,$,#4295,0.59999999999999998,0.59999999999999998);
#4297=IFCCARTESIANPOINT((0.,0.,0.));
#4298=IFCAXIS2PLACEMENT3D(#4297,$,$);
#4299=IFCDIRECTION((0.,0.,1.));
#4300=IFCEXTRUDEDAREASOLID(#4296,#4298,#4299,23.45000000000001);
#4301=IFCSHAPEREPRESENTATION(#14,'Body','SweptSolid',(#4300));
#4302=IFCPRODUCTDEFINITIONSHAPE($,$,(#4301));
#4303=IFCCOLUMN('0fNoWJ2vL3ieiqbOUul3CD',#5,'P069',$,$,#4293,#4302,$,$);
#4304=IFCRELCONTAINEDINSPATIALSTRUCTURE('2W1zGyzjj2c9Cz1q143M_h',#5,$,$,(#4303),#89);
#4305=IFCCARTESIANPOINT((87.5,26.,0.));
#4306=IFCAXIS2PLACEMENT3D(#4305,$,$);
#4307=IFCLOCALPLACEMENT(#28,#4306);
#4308=IFCCARTESIANPOINT((0.,0.));
#4309=IFCAXIS2PLACEMENT2D(#4308,$);
#4310=IFCRECTANGLEPROFILEDEF(.AREA.,$,#4309,0.90000000000000002,0.90000000000000002);
#4311=IFCCARTESIANPOINT((0.,0.,0.));
#4312=IFCAXIS2PLACEMENT3D(#4311,$,$);
#4313=IFCDIRECTION((0.,0.,1.));
#4314=IFCEXTRUDEDAREASOLID(#4310,#4312,#4313,10.5);
#4315=IFCSHAPEREPRESENTATION(#14,'Body','SweptSolid',(#4314));
#4316=IFCPRODUCTDEFINITIONSHAPE($,$,(#4315));
#4317=IFCCOLUMN('2uDSWmtJD1LPQCcbpEFh5k',#5,'P070',$,$,#4307,#4316,$,$);
#4318=IFCRELCONTAINEDINSPATIALSTRUCTURE('3bw20y$ZL929T9Jw7OiMps',#5,$,$,(#4317),#29);
#4319=IFCCARTESIANPOINT((87.5,26.,0.));
#4320=IFCAXIS2PLACEMENT3D(#4319,$,$);
#4321=IFCLOCALPLACEMENT(#40,#4320);
#4322=IFCCARTESIANPOINT((0.,0.));
#4323=IFCAXIS2PLACEMENT2D(#4322,$);
#4324=IFCRECTANGLEPROFILEDEF(.AREA.,$,#4323,0.80000000000000004,0.80000000000000004);
#4325=IFCCARTESIANPOINT((0.,0.,0.));
#4326=IFCAXIS2PLACEMENT3D(#4325,$,$);
#4327=IFCDIRECTION((0.,0.,1.));
#4328=IFCEXTRUDEDAREASOLID(#4324,#4326,#4327,20.75);
#4329=IFCSHAPEREPRESENTATION(#14,'Body','SweptSolid',(#4328));
#4330=IFCPRODUCTDEFINITIONSHAPE($,$,(#4329));
#4331=IFCCOLUMN('0zpmRoxur4ivxe5UGUU4AZ',#5,'P070',$,$,#4321,#4330,$,$);
#4332=IFCRELCONTAINEDINSPATIALSTRUCTURE('1msrNkMKn1dfDjjsAMYlJ5',#5,$,$,(#4331),#41);
#4333=IFCCARTESIANPOINT((87.5,26.,0.));
#4334=IFCAXIS2PLACEMENT3D(#4333,$,$);
#4335=IFCLOCALPLACEMENT(#64,#4334);
#4336=IFCCARTESIANPOINT((0.,0.));
#4337=IFCAXIS2PLACEMENT2D(#4336,$);
#4338=IFCRECTANGLEPROFILEDEF(.AREA.,$,#4337,0.69999999999999996,0.69999999999999996);
#4339=IFCCARTESIANPOINT((0.,0.,0.));
#4340=IFCAXIS2PLACEMENT3D(#4339,$,$);
#4341=IFCDIRECTION((0.,0.,1.));
#4342=IFCEXTRUDEDAREASOLID(#4338,#4340,#4341,20.100000000000001);
#4343=IFCSHAPEREPRESENTATION(#14,'Body','SweptSolid',(#4342));
#4344=IFCPRODUCTDEFINITIONSHAPE($,$,(#4343));
#4345=IFCCOLUMN('3oSp4DFbj0qgxxMqwK6r2e',#5,'P070',$,$,#4335,#4344,$,$);
#4346=IFCRELCONTAINEDINSPATIALSTRUCTURE('0TAepu1Bv0Y8m8gtPUn2NY',#5,$,$,(#4345),#65);
#4347=IFCCARTESIANPOINT((87.5,26.,0.));
#4348=IFCAXIS2PLACEMENT3D(#4347,$,$);
#4349=IFCLOCALPLACEMENT(#88,#4348);
#4350=IFCCARTESIANPOINT((0.,0.));
#4351=IFCAXIS2PLACEMENT2D(#4350,$);
#4352=IFCRECTANGLEPROFILEDEF(.AREA.,$,#4351,0.59999999999999998,0.59999999999999998);
#4353=IFCCARTESIANPOINT((0.,0.,0.));
#4354=IFCAXIS2PLACEMENT3D(#4353,$,$);
#4355=IFCDIRECTION((0.,0.,1.));
#4356=IFCEXTRUDEDAREASOLID(#4352,#4354,#4355,23.45000000000001);
#4357=IFCSHAPEREPRESENTATION(#14,'Body','SweptSolid',(#4356));
#4358=IFCPRODUCTDEFINITIONSHAPE($,$,(#4357));
#4359=IFCCOLUMN('3gzT4lnvT1vO4NOeUdyfi9',#5,'P070',$,$,#4349,#4358,$,$);
#4360=IFCRELCONTAINEDINSPATIALSTRUCTURE('08RULWAUL1auaGUZrUxoBH',#5,$,$,(#4359),#89);
#4361=IFCCARTESIANPOINT((87.5,33.,0.));
#4362=IFCAXIS2PLACEMENT3D(#4361,$,$);
#4363=IFCLOCALPLACEMENT(#28,#4362);
#4364=IFCCARTESIANPOINT((0.,0.));
#4365=IFCAXIS2PLACEMENT2D(#4364,$);
#4366=IFCRECTANGLEPROFILEDEF(.AREA.,$,#4365,0.90000000000000002,0.90000000000000002);
#4367=IFCCARTESIANPOINT((0.,0.,0.));
#4368=IFCAXIS2PLACEMENT3D(#4367,$,$);
#4369=IFCDIRECTION((0.,0.,1.));
#4370=IFCEXTRUDEDAREASOLID(#4366,#4368,#4369,10.5);
#4371=IFCSHAPEREPRESENTATION(#14,'Body','SweptSolid',(#4370));
#4372=IFCPRODUCTDEFINITIONSHAPE($,$,(#4371));
#4373=IFCCOLUMN('1s8L57InXBIBiOxZ8AUN11',#5,'P071',$,$,#4363,#4372,$,$);
#4374=IFCRELCONTAINEDINSPATIALSTRUCTURE('1AJB$X8pDFnPuFFZ7Zhxao',#5,$,$,(#4373),#29);
#4375=IFCCARTESIANPOINT((87.5,33.,0.));
#4376=IFCAXIS2PLACEMENT3D(#4375,$,$);
#4377=IFCLOCALPLACEMENT(#40,#4376);
#4378=IFCCARTESIANPOINT((0.,0.));
#4379=IFCAXIS2PLACEMENT2D(#4378,$);
#4380=IFCRECTANGLEPROFILEDEF(.AREA.,$,#4379,0.80000000000000004,0.80000000000000004);
#4381=IFCCARTESIANPOINT((0.,0.,0.));
#4382=IFCAXIS2PLACEMENT3D(#4381,$,$);
#4383=IFCDIRECTION((0.,0.,1.));
#4384=IFCEXTRUDEDAREASOLID(#4380,#4382,#4383,20.75);
#4385=IFCSHAPEREPRESENTATION(#14,'Body','SweptSolid',(#4384));
#4386=IFCPRODUCTDEFINITIONSHAPE($,$,(#4385));
#4387=IFCCOLUMN('24xRtf8p10YRXEAeqb7OI8',#5,'P071',$,$,#4377,#4386,$,$);
#4388=IFCRELCONTAINEDINSPATIALSTRUCTURE('2dL1spjBb5AOPoTfkbsezr',#5,$,$,(#4387),#41);
#4389=IFCCARTESIANPOINT((87.5,33.,0.));
#4390=IFCAXIS2PLACEMENT3D(#4389,$,$);
#4391=IFCLOCALPLACEMENT(#64,#4390);
#4392=IFCCARTESIANPOINT((0.,0.));
#4393=IFCAXIS2PLACEMENT2D(#4392,$);
#4394=IFCRECTANGLEPROFILEDEF(.AREA.,$,#4393,0.69999999999999996,0.69999999999999996);
#4395=IFCCARTESIANPOINT((0.,0.,0.));
#4396=IFCAXIS2PLACEMENT3D(#4395,$,$);
#4397=IFCDIRECTION((0.,0.,1.));
#4398=IFCEXTRUDEDAREASOLID(#4394,#4396,#4397,20.100000000000001);
#4399=IFCSHAPEREPRESENTATION(#14,'Body','SweptSolid',(#4398));
#4400=IFCPRODUCTDEFINITIONSHAPE($,$,(#4399));
#4401=IFCCOLUMN('38j$RebC11AOd7AM$XUyka',#5,'P071',$,$,#4391,#4400,$,$);
#4402=IFCRELCONTAINEDINSPATIALSTRUCTURE('1cxcQoYNf0yxCy9XnKCUnP',#5,$,$,(#4401),#65);
#4403=IFCCARTESIANPOINT((87.5,33.,0.));
#4404=IFCAXIS2PLACEMENT3D(#4403,$,$);
#4405=IFCLOCALPLACEMENT(#88,#4404);
#4406=IFCCARTESIANPOINT((0.,0.));
#4407=IFCAXIS2PLACEMENT2D(#4406,$);
#4408=IFCRECTANGLEPROFILEDEF(.AREA.,$,#4407,0.59999999999999998,0.59999999999999998);
#4409=IFCCARTESIANPOINT((0.,0.,0.));
#4410=IFCAXIS2PLACEMENT3D(#4409,$,$);
#4411=IFCDIRECTION((0.,0.,1.));
#4412=IFCEXTRUDEDAREASOLID(#4408,#4410,#4411,23.45000000000001);
#4413=IFCSHAPEREPRESENTATION(#14,'Body','SweptSolid',(#4412));
#4414=IFCPRODUCTDEFINITIONSHAPE($,$,(#4413));
#4415=IFCCOLUMN('0g$2aY53r15hNVfOHJWxoK',#5,'P071',$,$,#4405,#4414,$,$);
#4416=IFCRELCONTAINEDINSPATIALSTRUCTURE('04xHG51aHEOedg92sFpr_9',#5,$,$,(#4415),#89);
#4417=IFCCARTESIANPOINT((87.5,40.,0.));
#4418=IFCAXIS2PLACEMENT3D(#4417,$,$);
#4419=IFCLOCALPLACEMENT(#28,#4418);
#4420=IFCCARTESIANPOINT((0.,0.));
#4421=IFCAXIS2PLACEMENT2D(#4420,$);
#4422=IFCRECTANGLEPROFILEDEF(.AREA.,$,#4421,0.90000000000000002,0.90000000000000002);
#4423=IFCCARTESIANPOINT((0.,0.,0.));
#4424=IFCAXIS2PLACEMENT3D(#4423,$,$);
#4425=IFCDIRECTION((0.,0.,1.));
#4426=IFCEXTRUDEDAREASOLID(#4422,#4424,#4425,10.5);
#4427=IFCSHAPEREPRESENTATION(#14,'Body','SweptSolid',(#4426));
#4428=IFCPRODUCTDEFINITIONSHAPE($,$,(#4427));
#4429=IFCCOLUMN('1MtnYGsTz61QqAVt5GgF2G',#5,'P072',$,$,#4419,#4428,$,$);
#4430=IFCRELCONTAINEDINSPATIALSTRUCTURE('1LzjNwEeTBIQ4UikdneHLZ',#5,$,$,(#4429),#29);
#4431=IFCCARTESIANPOINT((87.5,40.,0.));
#4432=IFCAXIS2PLACEMENT3D(#4431,$,$);
#4433=IFCLOCALPLACEMENT(#40,#4432);
#4434=IFCCARTESIANPOINT((0.,0.));
#4435=IFCAXIS2PLACEMENT2D(#4434,$);
#4436=IFCRECTANGLEPROFILEDEF(.AREA.,$,#4435,0.80000000000000004,0.80000000000000004);
#4437=IFCCARTESIANPOINT((0.,0.,0.));
#4438=IFCAXIS2PLACEMENT3D(#4437,$,$);
#4439=IFCDIRECTION((0.,0.,1.));
#4440=IFCEXTRUDEDAREASOLID(#4436,#4438,#4439,20.75);
#4441=IFCSHAPEREPRESENTATION(#14,'Body','SweptSolid',(#4440));
#4442=IFCPRODUCTDEFINITIONSHAPE($,$,(#4441));
#4443=IFCCOLUMN('3W7sz2k1z2ZOn77nLxtVO_',#5,'P072',$,$,#4433,#4442,$,$);
#4444=IFCRELCONTAINEDINSPATIALSTRUCTURE('3GKWOXpX18Meg3qup3lEWP',#5,$,$,(#4443),#41);
#4445=IFCCARTESIANPOINT((87.5,40.,0.));
#4446=IFCAXIS2PLACEMENT3D(#4445,$,$);
#4447=IFCLOCALPLACEMENT(#64,#4446);
#4448=IFCCARTESIANPOINT((0.,0.));
#4449=IFCAXIS2PLACEMENT2D(#4448,$);
#4450=IFCRECTANGLEPROFILEDEF(.AREA.,$,#4449,0.69999999999999996,0.69999999999999996);
#4451=IFCCARTESIANPOINT((0.,0.,0.));
#4452=IFCAXIS2PLACEMENT3D(#4451,$,$);
#4453=IFCDIRECTION((0.,0.,1.));
#4454=IFCEXTRUDEDAREASOLID(#4450,#4452,#4453,20.100000000000001);
#4455=IFCSHAPEREPRESENTATION(#14,'Body','SweptSolid',(#4454));
#4456=IFCPRODUCTDEFINITIONSHAPE($,$,(#4455));
#4457=IFCCOLUMN('3XvB0GeNjAFfFGZnNw$LIP',#5,'P072',$,$,#4447,#4456,$,$);
#4458=IFCRELCONTAINEDINSPATIALSTRUCTURE('3pSfOJso55VfaYGZVt5lKJ',#5,$,$,(#4457),#65);
#4459=IFCCARTESIANPOINT((87.5,40.,0.));
#4460=IFCAXIS2PLACEMENT3D(#4459,$,$);
#4461=IFCLOCALPLACEMENT(#88,#4460);
#4462=IFCCARTESIANPOINT((0.,0.));
#4463=IFCAXIS2PLACEMENT2D(#4462,$);
#4464=IFCRECTANGLEPROFILEDEF(.AREA.,$,#4463,0.59999999999999998,0.59999999999999998);
#4465=IFCCARTESIANPOINT((0.,0.,0.));
#4466=IFCAXIS2PLACEMENT3D(#4465,$,$);
#4467=IFCDIRECTION((0.,0.,1.));
#4468=IFCEXTRUDEDAREASOLID(#4464,#4466,#4467,23.45000000000001);
#4469=IFCSHAPEREPRESENTATION(#14,'Body','SweptSolid',(#4468));
#4470=IFCPRODUCTDEFINITIONSHAPE($,$,(#4469));
#4471=IFCCOLUMN('3hEf0n1u9AzebDueSz0AD7',#5,'P072',$,$,#4461,#4470,$,$);
#4472=IFCRELCONTAINEDINSPATIALSTRUCTURE('3j0rhc4mfFXAmTKbEHXf0U',#5,$,$,(#4471),#89);
#4473=IFCCARTESIANPOINT((37.5,21.5,0.));
#4474=IFCAXIS2PLACEMENT3D(#4473,$,$);
#4475=IFCLOCALPLACEMENT(#28,#4474);
#4476=IFCCARTESIANPOINT((0.,0.));
#4477=IFCAXIS2PLACEMENT2D(#4476,$);
#4478=IFCRECTANGLEPROFILEDEF(.AREA.,$,#4477,7.,9.);
#4479=IFCCARTESIANPOINT((0.,0.,0.));
#4480=IFCAXIS2PLACEMENT3D(#4479,$,$);
#4481=IFCDIRECTION((0.,0.,1.));
#4482=IFCEXTRUDEDAREASOLID(#4478,#4480,#4481,74.800000000000011);
#4483=IFCSHAPEREPRESENTATION(#14,'Body','SweptSolid',(#4482));
#4484=IFCPRODUCTDEFINITIONSHAPE($,$,(#4483));
#4485=IFCWALL('0HqMETzgnEdOza6wT1n9Pb',#5,'MURO_N1',$,$,#4475,#4484,$,$);
#4486=IFCRELCONTAINEDINSPATIALSTRUCTURE('3ZfMghNub5bQmg2f_ld0zS',#5,$,$,(#4485),#29);
#4487=IFCCARTESIANPOINT((52.5,21.5,0.));
#4488=IFCAXIS2PLACEMENT3D(#4487,$,$);
#4489=IFCLOCALPLACEMENT(#28,#4488);
#4490=IFCCARTESIANPOINT((0.,0.));
#4491=IFCAXIS2PLACEMENT2D(#4490,$);
#4492=IFCRECTANGLEPROFILEDEF(.AREA.,$,#4491,7.,9.);
#4493=IFCCARTESIANPOINT((0.,0.,0.));
#4494=IFCAXIS2PLACEMENT3D(#4493,$,$);
#4495=IFCDIRECTION((0.,0.,1.));
#4496=IFCEXTRUDEDAREASOLID(#4492,#4494,#4495,74.800000000000011);
#4497=IFCSHAPEREPRESENTATION(#14,'Body','SweptSolid',(#4496));
#4498=IFCPRODUCTDEFINITIONSHAPE($,$,(#4497));
#4499=IFCWALL('2QjRcEAuP3Swa1TG$qlU1N',#5,'MURO_N2',$,$,#4489,#4498,$,$);
#4500=IFCRELCONTAINEDINSPATIALSTRUCTURE('3j6P1U4ob4WuKYrYl35teu',#5,$,$,(#4499),#29);
#4501=IFCCARTESIANPOINT((6.4400000000000004,3.,-0.5));
#4502=IFCAXIS2PLACEMENT3D(#4501,$,$);
#4503=IFCLOCALPLACEMENT(#28,#4502);
#4504=IFCCARTESIANPOINT((0.,0.));
#4505=IFCAXIS2PLACEMENT2D(#4504,$);
#4506=IFCRECTANGLEPROFILEDEF(.AREA.,$,#4505,7.8800000000000008,0.25);
#4507=IFCCARTESIANPOINT((0.,0.,0.));
#4508=IFCAXIS2PLACEMENT3D(#4507,$,$);
#4509=IFCDIRECTION((0.,0.,1.));
#4510=IFCEXTRUDEDAREASOLID(#4506,#4508,#4509,0.5);
#4511=IFCSHAPEREPRESENTATION(#14,'Body','SweptSolid',(#4510));
#4512=IFCPRODUCTDEFINITIONSHAPE($,$,(#4511));
#4513=IFCBEAM('2ZCTIoCaj3DPnUufSZT6lz',#5,'VB_S3_3_00',$,$,#4503,#4512,$,$);
#4514=IFCRELCONTAINEDINSPATIALSTRUCTURE('2Ctn49RaX9c8$GacgmaZ58',#5,$,$,(#4513),#29);
#4515=IFCCARTESIANPOINT((14.315000000000001,3.,-0.5));
#4516=IFCAXIS2PLACEMENT3D(#4515,$,$);
#4517=IFCLOCALPLACEMENT(#28,#4516);
#4518=IFCCARTESIANPOINT((0.,0.));
#4519=IFCAXIS2PLACEMENT2D(#4518,$);
#4520=IFCRECTANGLEPROFILEDEF(.AREA.,$,#4519,7.8699999999999992,0.25);
#4521=IFCCARTESIANPOINT((0.,0.,0.));
#4522=IFCAXIS2PLACEMENT3D(#4521,$,$);
#4523=IFCDIRECTION((0.,0.,1.));
#4524=IFCEXTRUDEDAREASOLID(#4520,#4522,#4523,0.5);
#4525=IFCSHAPEREPRESENTATION(#14,'Body','SweptSolid',(#4524));
#4526=IFCPRODUCTDEFINITIONSHAPE($,$,(#4525));
#4527=IFCBEAM('0QEdJbas5DD8al_0fKUnd7',#5,'VB_S3_3_01',$,$,#4517,#4526,$,$);
#4528=IFCRELCONTAINEDINSPATIALSTRUCTURE('1yd1QMDW50Yv36x_7Y7ArM',#5,$,$,(#4527),#29);
#4529=IFCCARTESIANPOINT((22.189999999999998,3.,-0.5));
#4530=IFCAXIS2PLACEMENT3D(#4529,$,$);
#4531=IFCLOCALPLACEMENT(#28,#4530);
#4532=IFCCARTESIANPOINT((0.,0.));
#4533=IFCAXIS2PLACEMENT2D(#4532,$);
#4534=IFCRECTANGLEPROFILEDEF(.AREA.,$,#4533,7.879999999999999,0.25);
#4535=IFCCARTESIANPOINT((0.,0.,0.));
#4536=IFCAXIS2PLACEMENT3D(#4535,$,$);
#4537=IFCDIRECTION((0.,0.,1.));
#4538=IFCEXTRUDEDAREASOLID(#4534,#4536,#4537,0.5);
#4539=IFCSHAPEREPRESENTATION(#14,'Body','SweptSolid',(#4538));
#4540=IFCPRODUCTDEFINITIONSHAPE($,$,(#4539));
#4541=IFCBEAM('1IvHp1_9z1hB4YaxoZxNmM',#5,'VB_S3_3_02',$,$,#4531,#4540,$,$);
#4542=IFCRELCONTAINEDINSPATIALSTRUCTURE('08vhUfVVH6dRAyjR1rGkwF',#5,$,$,(#4541),#29);
#4543=IFCCARTESIANPOINT((30.064999999999998,3.,-0.5));
#4544=IFCAXIS2PLACEMENT3D(#4543,$,$);
#4545=IFCLOCALPLACEMENT(#28,#4544);
#4546=IFCCARTESIANPOINT((0.,0.));
#4547=IFCAXIS2PLACEMENT2D(#4546,$);
#4548=IFCRECTANGLEPROFILEDEF(.AREA.,$,#4547,7.870000000000001,0.25);
#4549=IFCCARTESIANPOINT((0.,0.,0.));
#4550=IFCAXIS2PLACEMENT3D(#4549,$,$);
#4551=IFCDIRECTION((0.,0.,1.));
#4552=IFCEXTRUDEDAREASOLID(#4548,#4550,#4551,0.5);
#4553=IFCSHAPEREPRESENTATION(#14,'Body','SweptSolid',(#4552));
#4554=IFCPRODUCTDEFINITIONSHAPE($,$,(#4553));
#4555=IFCBEAM('3ksytEGjD5tfEBg1FOrgKl',#5,'VB_S3_3_03',$,$,#4545,#4554,$,$);
#4556=IFCRELCONTAINEDINSPATIALSTRUCTURE('1HTwHiynH70gG7_toHvpWB',#5,$,$,(#4555),#29);
#4557=IFCCARTESIANPOINT((37.5,3.,-0.5));
#4558=IFCAXIS2PLACEMENT3D(#4557,$,$);
#4559=IFCLOCALPLACEMENT(#28,#4558);
#4560=IFCCARTESIANPOINT((0.,0.));
#4561=IFCAXIS2PLACEMENT2D(#4560,$);
#4562=IFCRECTANGLEPROFILEDEF(.AREA.,$,#4561,7.,0.25);
#4563=IFCCARTESIANPOINT((0.,0.,0.));
#4564=IFCAXIS2PLACEMENT3D(#4563,$,$);
#4565=IFCDIRECTION((0.,0.,1.));
#4566=IFCEXTRUDEDAREASOLID(#4562,#4564,#4565,0.5);
#4567=IFCSHAPEREPRESENTATION(#14,'Body','SweptSolid',(#4566));
#4568=IFCPRODUCTDEFINITIONSHAPE($,$,(#4567));
#4569=IFCBEAM('0_slrbWiT2Jej9QO66h_re',#5,'VB_S3_3_04',$,$,#4559,#4568,$,$);
#4570=IFCRELCONTAINEDINSPATIALSTRUCTURE('3QOjeYbTf0VhmhghJNkaVd',#5,$,$,(#4569),#29);
#4571=IFCCARTESIANPOINT((45.,3.,-0.5));
#4572=IFCAXIS2PLACEMENT3D(#4571,$,$);
#4573=IFCLOCALPLACEMENT(#28,#4572);
#4574=IFCCARTESIANPOINT((0.,0.));
#4575=IFCAXIS2PLACEMENT2D(#4574,$);
#4576=IFCRECTANGLEPROFILEDEF(.AREA.,$,#4575,8.,0.25);
#4577=IFCCARTESIANPOINT((0.,0.,0.));
#4578=IFCAXIS2PLACEMENT3D(#4577,$,$);
#4579=IFCDIRECTION((0.,0.,1.));
#4580=IFCEXTRUDEDAREASOLID(#4576,#4578,#4579,0.5);
#4581=IFCSHAPEREPRESENTATION(#14,'Body','SweptSolid',(#4580));
#4582=IFCPRODUCTDEFINITIONSHAPE($,$,(#4581));
#4583=IFCBEAM('0VnCNoy6f8LA1Ltc3IY0nK',#5,'VB_S3_3_05',$,$,#4573,#4582,$,$);
#4584=IFCRELCONTAINEDINSPATIALSTRUCTURE('0GfbLXBmj1cOpmvXmDn2M1',#5,$,$,(#4583),#29);
#4585=IFCCARTESIANPOINT((52.5,3.,-0.5));
#4586=IFCAXIS2PLACEMENT3D(#4585,$,$);
#4587=IFCLOCALPLACEMENT(#28,#4586);
#4588=IFCCARTESIANPOINT((0.,0.));
#4589=IFCAXIS2PLACEMENT2D(#4588,$);
#4590=IFCRECTANGLEPROFILEDEF(.AREA.,$,#4589,7.,0.25);
#4591=IFCCARTESIANPOINT((0.,0.,0.));
#4592=IFCAXIS2PLACEMENT3D(#4591,$,$);
#4593=IFCDIRECTION((0.,0.,1.));
#4594=IFCEXTRUDEDAREASOLID(#4590,#4592,#4593,0.5);
#4595=IFCSHAPEREPRESENTATION(#14,'Body','SweptSolid',(#4594));
#4596=IFCPRODUCTDEFINITIONSHAPE($,$,(#4595));
#4597=IFCBEAM('1GzN$e93P5WeDGoazaEZ8R',#5,'VB_S3_3_06',$,$,#4587,#4596,$,$);
#4598=IFCRELCONTAINEDINSPATIALSTRUCTURE('1rtyeSxEX8ywOBzrUkoJ4W',#5,$,$,(#4597),#29);
#4599=IFCCARTESIANPOINT((59.939999999999998,3.,-0.5));
#4600=IFCAXIS2PLACEMENT3D(#4599,$,$);
#4601=IFCLOCALPLACEMENT(#28,#4600);
#4602=IFCCARTESIANPOINT((0.,0.));
#4603=IFCAXIS2PLACEMENT2D(#4602,$);
#4604=IFCRECTANGLEPROFILEDEF(.AREA.,$,#4603,7.8800000000000026,0.25);
#4605=IFCCARTESIANPOINT((0.,0.,0.));
#4606=IFCAXIS2PLACEMENT3D(#4605,$,$);
#4607=IFCDIRECTION((0.,0.,1.));
#4608=IFCEXTRUDEDAREASOLID(#4604,#4606,#4607,0.5);
#4609=IFCSHAPEREPRESENTATION(#14,'Body','SweptSolid',(#4608));
#4610=IFCPRODUCTDEFINITIONSHAPE($,$,(#4609));
#4611=IFCBEAM('1vdl3lGDPBwOLDzj0GsOX_',#5,'VB_S3_3_07',$,$,#4601,#4610,$,$);
#4612=IFCRELCONTAINEDINSPATIALSTRUCTURE('1fA$MJqMrBgP4R4oqQ5yrp',#5,$,$,(#4611),#29);
#4613=IFCCARTESIANPOINT((67.814999999999998,3.,-0.5));
#4614=IFCAXIS2PLACEMENT3D(#4613,$,$);
#4615=IFCLOCALPLACEMENT(#28,#4614);
#4616=IFCCARTESIANPOINT((0.,0.));
#4617=IFCAXIS2PLACEMENT2D(#4616,$);
#4618=IFCRECTANGLEPROFILEDEF(.AREA.,$,#4617,7.8699999999999974,0.25);
#4619=IFCCARTESIANPOINT((0.,0.,0.));
#4620=IFCAXIS2PLACEMENT3D(#4619,$,$);
#4621=IFCDIRECTION((0.,0.,1.));
#4622=IFCEXTRUDEDAREASOLID(#4618,#4620,#4621,0.5);
#4623=IFCSHAPEREPRESENTATION(#14,'Body','SweptSolid',(#4622));
#4624=IFCPRODUCTDEFINITIONSHAPE($,$,(#4623));
#4625=IFCBEAM('1yE52dlQ5CvfmYEAPIVp5a',#5,'VB_S3_3_08',$,$,#4615,#4624,$,$);
#4626=IFCRELCONTAINEDINSPATIALSTRUCTURE('3gsA9WVMD5ZByznXNaQ9K6',#5,$,$,(#4625),#29);
#4627=IFCCARTESIANPOINT((75.689999999999998,3.,-0.5));
#4628=IFCAXIS2PLACEMENT3D(#4627,$,$);
#4629=IFCLOCALPLACEMENT(#28,#4628);
#4630=IFCCARTESIANPOINT((0.,0.));
#4631=IFCAXIS2PLACEMENT2D(#4630,$);
#4632=IFCRECTANGLEPROFILEDEF(.AREA.,$,#4631,7.8799999999999955,0.25);
#4633=IFCCARTESIANPOINT((0.,0.,0.));
#4634=IFCAXIS2PLACEMENT3D(#4633,$,$);
#4635=IFCDIRECTION((0.,0.,1.));
#4636=IFCEXTRUDEDAREASOLID(#4632,#4634,#4635,0.5);
#4637=IFCSHAPEREPRESENTATION(#14,'Body','SweptSolid',(#4636));
#4638=IFCPRODUCTDEFINITIONSHAPE($,$,(#4637));
#4639=IFCBEAM('1IJbYlmMb538dEz5zDW6WJ',#5,'VB_S3_3_09',$,$,#4629,#4638,$,$);
#4640=IFCRELCONTAINEDINSPATIALSTRUCTURE('1q0FtA2cv8l92EBukwXKFs',#5,$,$,(#4639),#29);
#4641=IFCCARTESIANPOINT((83.564999999999998,3.,-0.5));
#4642=IFCAXIS2PLACEMENT3D(#4641,$,$);
#4643=IFCLOCALPLACEMENT(#28,#4642);
#4644=IFCCARTESIANPOINT((0.,0.));
#4645=IFCAXIS2PLACEMENT2D(#4644,$);
#4646=IFCRECTANGLEPROFILEDEF(.AREA.,$,#4645,7.8700000000000045,0.25);
#4647=IFCCARTESIANPOINT((0.,0.,0.));
#4648=IFCAXIS2PLACEMENT3D(#4647,$,$);
#4649=IFCDIRECTION((0.,0.,1.));
#4650=IFCEXTRUDEDAREASOLID(#4646,#4648,#4649,0.5);
#4651=IFCSHAPEREPRESENTATION(#14,'Body','SweptSolid',(#4650));
#4652=IFCPRODUCTDEFINITIONSHAPE($,$,(#4651));
#4653=IFCBEAM('3WujgGejDBLhK7XMovY3mn',#5,'VB_S3_3_10',$,$,#4643,#4652,$,$);
#4654=IFCRELCONTAINEDINSPATIALSTRUCTURE('0h4SEcYi1DnA_$F6AsLSP0',#5,$,$,(#4653),#29);
#4655=IFCCARTESIANPOINT((6.4400000000000004,40.,-0.5));
#4656=IFCAXIS2PLACEMENT3D(#4655,$,$);
#4657=IFCLOCALPLACEMENT(#28,#4656);
#4658=IFCCARTESIANPOINT((0.,0.));
#4659=IFCAXIS2PLACEMENT2D(#4658,$);
#4660=IFCRECTANGLEPROFILEDEF(.AREA.,$,#4659,7.8800000000000008,0.25);
#4661=IFCCARTESIANPOINT((0.,0.,0.));
#4662=IFCAXIS2PLACEMENT3D(#4661,$,$);
#4663=IFCDIRECTION((0.,0.,1.));
#4664=IFCEXTRUDEDAREASOLID(#4660,#4662,#4663,0.5);
#4665=IFCSHAPEREPRESENTATION(#14,'Body','SweptSolid',(#4664));
#4666=IFCPRODUCTDEFINITIONSHAPE($,$,(#4665));
#4667=IFCBEAM('18og$YHF18awBBl76CBQ9v',#5,'VB_S3_40_00',$,$,#4657,#4666,$,$);
#4668=IFCRELCONTAINEDINSPATIALSTRUCTURE('2XCAW7I3bDxg4MP5mmCYF_',#5,$,$,(#4667),#29);
#4669=IFCCARTESIANPOINT((14.315000000000001,40.,-0.5));
#4670=IFCAXIS2PLACEMENT3D(#4669,$,$);
#4671=IFCLOCALPLACEMENT(#28,#4670);
#4672=IFCCARTESIANPOINT((0.,0.));
#4673=IFCAXIS2PLACEMENT2D(#4672,$);
#4674=IFCRECTANGLEPROFILEDEF(.AREA.,$,#4673,7.8699999999999992,0.25);
#4675=IFCCARTESIANPOINT((0.,0.,0.));
#4676=IFCAXIS2PLACEMENT3D(#4675,$,$);
#4677=IFCDIRECTION((0.,0.,1.));
#4678=IFCEXTRUDEDAREASOLID(#4674,#4676,#4677,0.5);
#4679=IFCSHAPEREPRESENTATION(#14,'Body','SweptSolid',(#4678));
#4680=IFCPRODUCTDEFINITIONSHAPE($,$,(#4679));
#4681=IFCBEAM('0TRYouICzC7fAgzEl2KmSr',#5,'VB_S3_40_01',$,$,#4671,#4680,$,$);
#4682=IFCRELCONTAINEDINSPATIALSTRUCTURE('0jV80Qsgf3Huw9qlopoCJq',#5,$,$,(#4681),#29);
#4683=IFCCARTESIANPOINT((22.189999999999998,40.,-0.5));
#4684=IFCAXIS2PLACEMENT3D(#4683,$,$);
#4685=IFCLOCALPLACEMENT(#28,#4684);
#4686=IFCCARTESIANPOINT((0.,0.));
#4687=IFCAXIS2PLACEMENT2D(#4686,$);
#4688=IFCRECTANGLEPROFILEDEF(.AREA.,$,#4687,7.879999999999999,0.25);
#4689=IFCCARTESIANPOINT((0.,0.,0.));
#4690=IFCAXIS2PLACEMENT3D(#4689,$,$);
#4691=IFCDIRECTION((0.,0.,1.));
#4692=IFCEXTRUDEDAREASOLID(#4688,#4690,#4691,0.5);
#4693=IFCSHAPEREPRESENTATION(#14,'Body','SweptSolid',(#4692));
#4694=IFCPRODUCTDEFINITIONSHAPE($,$,(#4693));
#4695=IFCBEAM('07Uikv97TEiPVsTTeoWLpE',#5,'VB_S3_40_02',$,$,#4685,#4694,$,$);
#4696=IFCRELCONTAINEDINSPATIALSTRUCTURE('3I$CwIak58lfEJvrWxvyDT',#5,$,$,(#4695),#29);
#4697=IFCCARTESIANPOINT((30.064999999999998,40.,-0.5));
#4698=IFCAXIS2PLACEMENT3D(#4697,$,$);
#4699=IFCLOCALPLACEMENT(#28,#4698);
#4700=IFCCARTESIANPOINT((0.,0.));
#4701=IFCAXIS2PLACEMENT2D(#4700,$);
#4702=IFCRECTANGLEPROFILEDEF(.AREA.,$,#4701,7.870000000000001,0.25);
#4703=IFCCARTESIANPOINT((0.,0.,0.));
#4704=IFCAXIS2PLACEMENT3D(#4703,$,$);
#4705=IFCDIRECTION((0.,0.,1.));
#4706=IFCEXTRUDEDAREASOLID(#4702,#4704,#4705,0.5);
#4707=IFCSHAPEREPRESENTATION(#14,'Body','SweptSolid',(#4706));
#4708=IFCPRODUCTDEFINITIONSHAPE($,$,(#4707));
#4709=IFCBEAM('3ZickUV9P1rxtfT7MS7a9w',#5,'VB_S3_40_03',$,$,#4699,#4708,$,$);
#4710=IFCRELCONTAINEDINSPATIALSTRUCTURE('2Y1BQj9zzEM9l4h2pU_gEX',#5,$,$,(#4709),#29);
#4711=IFCCARTESIANPOINT((37.5,40.,-0.5));
#4712=IFCAXIS2PLACEMENT3D(#4711,$,$);
#4713=IFCLOCALPLACEMENT(#28,#4712);
#4714=IFCCARTESIANPOINT((0.,0.));
#4715=IFCAXIS2PLACEMENT2D(#4714,$);
#4716=IFCRECTANGLEPROFILEDEF(.AREA.,$,#4715,7.,0.25);
#4717=IFCCARTESIANPOINT((0.,0.,0.));
#4718=IFCAXIS2PLACEMENT3D(#4717,$,$);
#4719=IFCDIRECTION((0.,0.,1.));
#4720=IFCEXTRUDEDAREASOLID(#4716,#4718,#4719,0.5);
#4721=IFCSHAPEREPRESENTATION(#14,'Body','SweptSolid',(#4720));
#4722=IFCPRODUCTDEFINITIONSHAPE($,$,(#4721));
#4723=IFCBEAM('1DWxJtCDfBlgWsD$O7yN4H',#5,'VB_S3_40_04',$,$,#4713,#4722,$,$);
#4724=IFCRELCONTAINEDINSPATIALSTRUCTURE('0Hk5IDb7TBAuDU67WeEA$B',#5,$,$,(#4723),#29);
#4725=IFCCARTESIANPOINT((45.,40.,-0.5));
#4726=IFCAXIS2PLACEMENT3D(#4725,$,$);
#4727=IFCLOCALPLACEMENT(#28,#4726);
#4728=IFCCARTESIANPOINT((0.,0.));
#4729=IFCAXIS2PLACEMENT2D(#4728,$);
#4730=IFCRECTANGLEPROFILEDEF(.AREA.,$,#4729,8.,0.25);
#4731=IFCCARTESIANPOINT((0.,0.,0.));
#4732=IFCAXIS2PLACEMENT3D(#4731,$,$);
#4733=IFCDIRECTION((0.,0.,1.));
#4734=IFCEXTRUDEDAREASOLID(#4730,#4732,#4733,0.5);
#4735=IFCSHAPEREPRESENTATION(#14,'Body','SweptSolid',(#4734));
#4736=IFCPRODUCTDEFINITIONSHAPE($,$,(#4735));
#4737=IFCBEAM('3asmx5AubCbOo9RGyvQfPh',#5,'VB_S3_40_05',$,$,#4727,#4736,$,$);
#4738=IFCRELCONTAINEDINSPATIALSTRUCTURE('0l7fpnh093Bg6YPcAz2IBC',#5,$,$,(#4737),#29);
#4739=IFCCARTESIANPOINT((52.5,40.,-0.5));
#4740=IFCAXIS2PLACEMENT3D(#4739,$,$);
#4741=IFCLOCALPLACEMENT(#28,#4740);
#4742=IFCCARTESIANPOINT((0.,0.));
#4743=IFCAXIS2PLACEMENT2D(#4742,$);
#4744=IFCRECTANGLEPROFILEDEF(.AREA.,$,#4743,7.,0.25);
#4745=IFCCARTESIANPOINT((0.,0.,0.));
#4746=IFCAXIS2PLACEMENT3D(#4745,$,$);
#4747=IFCDIRECTION((0.,0.,1.));
#4748=IFCEXTRUDEDAREASOLID(#4744,#4746,#4747,0.5);
#4749=IFCSHAPEREPRESENTATION(#14,'Body','SweptSolid',(#4748));
#4750=IFCPRODUCTDEFINITIONSHAPE($,$,(#4749));
#4751=IFCBEAM('0HZs07k2nE8f7tMEk9Ufv7',#5,'VB_S3_40_06',$,$,#4741,#4750,$,$);
#4752=IFCRELCONTAINEDINSPATIALSTRUCTURE('3XENdoKrD4a8V27HdN4fbB',#5,$,$,(#4751),#29);
#4753=IFCCARTESIANPOINT((59.939999999999998,40.,-0.5));
#4754=IFCAXIS2PLACEMENT3D(#4753,$,$);
#4755=IFCLOCALPLACEMENT(#28,#4754);
#4756=IFCCARTESIANPOINT((0.,0.));
#4757=IFCAXIS2PLACEMENT2D(#4756,$);
#4758=IFCRECTANGLEPROFILEDEF(.AREA.,$,#4757,7.8800000000000026,0.25);
#4759=IFCCARTESIANPOINT((0.,0.,0.));
#4760=IFCAXIS2PLACEMENT3D(#4759,$,$);
#4761=IFCDIRECTION((0.,0.,1.));
#4762=IFCEXTRUDEDAREASOLID(#4758,#4760,#4761,0.5);
#4763=IFCSHAPEREPRESENTATION(#14,'Body','SweptSolid',(#4762));
#4764=IFCPRODUCTDEFINITIONSHAPE($,$,(#4763));
#4765=IFCBEAM('3IMcDAu2X1JhhWEbrCqw$g',#5,'VB_S3_40_07',$,$,#4755,#4764,$,$);
#4766=IFCRELCONTAINEDINSPATIALSTRUCTURE('0GNHErUFTBs9w4y3HHWxp7',#5,$,$,(#4765),#29);
#4767=IFCCARTESIANPOINT((67.814999999999998,40.,-0.5));
#4768=IFCAXIS2PLACEMENT3D(#4767,$,$);
#4769=IFCLOCALPLACEMENT(#28,#4768);
#4770=IFCCARTESIANPOINT((0.,0.));
#4771=IFCAXIS2PLACEMENT2D(#4770,$);
#4772=IFCRECTANGLEPROFILEDEF(.AREA.,$,#4771,7.8699999999999974,0.25);
#4773=IFCCARTESIANPOINT((0.,0.,0.));
#4774=IFCAXIS2PLACEMENT3D(#4773,$,$);
#4775=IFCDIRECTION((0.,0.,1.));
#4776=IFCEXTRUDEDAREASOLID(#4772,#4774,#4775,0.5);
#4777=IFCSHAPEREPRESENTATION(#14,'Body','SweptSolid',(#4776));
#4778=IFCPRODUCTDEFINITIONSHAPE($,$,(#4777));
#4779=IFCBEAM('3p71EZRw56pu66aV1uXck$',#5,'VB_S3_40_08',$,$,#4769,#4778,$,$);
#4780=IFCRELCONTAINEDINSPATIALSTRUCTURE('3XrWPjRjPFGgplihF9ZMZM',#5,$,$,(#4779),#29);
#4781=IFCCARTESIANPOINT((75.689999999999998,40.,-0.5));
#4782=IFCAXIS2PLACEMENT3D(#4781,$,$);
#4783=IFCLOCALPLACEMENT(#28,#4782);
#4784=IFCCARTESIANPOINT((0.,0.));
#4785=IFCAXIS2PLACEMENT2D(#4784,$);
#4786=IFCRECTANGLEPROFILEDEF(.AREA.,$,#4785,7.8799999999999955,0.25);
#4787=IFCCARTESIANPOINT((0.,0.,0.));
#4788=IFCAXIS2PLACEMENT3D(#4787,$,$);
#4789=IFCDIRECTION((0.,0.,1.));
#4790=IFCEXTRUDEDAREASOLID(#4786,#4788,#4789,0.5);
#4791=IFCSHAPEREPRESENTATION(#14,'Body','SweptSolid',(#4790));
#4792=IFCPRODUCTDEFINITIONSHAPE($,$,(#4791));
#4793=IFCBEAM('3xPWlNfFr13OZVKhlP4L1P',#5,'VB_S3_40_09',$,$,#4783,#4792,$,$);
#4794=IFCRELCONTAINEDINSPATIALSTRUCTURE('0VGdJtYeD05uQqJHGISDX8',#5,$,$,(#4793),#29);
#4795=IFCCARTESIANPOINT((83.564999999999998,40.,-0.5));
#4796=IFCAXIS2PLACEMENT3D(#4795,$,$);
#4797=IFCLOCALPLACEMENT(#28,#4796);
#4798=IFCCARTESIANPOINT((0.,0.));
#4799=IFCAXIS2PLACEMENT2D(#4798,$);
#4800=IFCRECTANGLEPROFILEDEF(.AREA.,$,#4799,7.8700000000000045,0.25);
#4801=IFCCARTESIANPOINT((0.,0.,0.));
#4802=IFCAXIS2PLACEMENT3D(#4801,$,$);
#4803=IFCDIRECTION((0.,0.,1.));
#4804=IFCEXTRUDEDAREASOLID(#4800,#4802,#4803,0.5);
#4805=IFCSHAPEREPRESENTATION(#14,'Body','SweptSolid',(#4804));
#4806=IFCPRODUCTDEFINITIONSHAPE($,$,(#4805));
#4807=IFCBEAM('2$uNTYRmv3rgTq3XBQ7BUJ',#5,'VB_S3_40_10',$,$,#4797,#4806,$,$);
#4808=IFCRELCONTAINEDINSPATIALSTRUCTURE('1mRdHQ4Tr9iRwy1_ZK8wAM',#5,$,$,(#4807),#29);
#4809=IFCCARTESIANPOINT((2.5,6.5,-0.5));
#4810=IFCAXIS2PLACEMENT3D(#4809,$,$);
#4811=IFCLOCALPLACEMENT(#28,#4810);
#4812=IFCCARTESIANPOINT((0.,0.));
#4813=IFCAXIS2PLACEMENT2D(#4812,$);
#4814=IFCRECTANGLEPROFILEDEF(.AREA.,$,#4813,0.25,7.);
#4815=IFCCARTESIANPOINT((0.,0.,0.));
#4816=IFCAXIS2PLACEMENT3D(#4815,$,$);
#4817=IFCDIRECTION((0.,0.,1.));
#4818=IFCEXTRUDEDAREASOLID(#4814,#4816,#4817,0.5);
#4819=IFCSHAPEREPRESENTATION(#14,'Body','SweptSolid',(#4818));
#4820=IFCPRODUCTDEFINITIONSHAPE($,$,(#4819));
#4821=IFCBEAM('0qxV$Cm7TAvQaPr2TatBsF',#5,'VB_S3_2_00',$,$,#4811,#4820,$,$);
#4822=IFCRELCONTAINEDINSPATIALSTRUCTURE('3OmvpHdvHEpwhWb0zdTp9M',#5,$,$,(#4821),#29);
#4823=IFCCARTESIANPOINT((2.5,13.5,-0.5));
#4824=IFCAXIS2PLACEMENT3D(#4823,$,$);
#4825=IFCLOCALPLACEMENT(#28,#4824);
#4826=IFCCARTESIANPOINT((0.,0.));
#4827=IFCAXIS2PLACEMENT2D(#4826,$);
#4828=IFCRECTANGLEPROFILEDEF(.AREA.,$,#4827,0.25,7.);
#4829=IFCCARTESIANPOINT((0.,0.,0.));
#4830=IFCAXIS2PLACEMENT3D(#4829,$,$);
#4831=IFCDIRECTION((0.,0.,1.));
#4832=IFCEXTRUDEDAREASOLID(#4828,#4830,#4831,0.5);
#4833=IFCSHAPEREPRESENTATION(#14,'Body','SweptSolid',(#4832));
#4834=IFCPRODUCTDEFINITIONSHAPE($,$,(#4833));
#4835=IFCBEAM('1GdEoclV56mQpT53wUU7SO',#5,'VB_S3_2_01',$,$,#4825,#4834,$,$);
#4836=IFCRELCONTAINEDINSPATIALSTRUCTURE('3ZOpUsy8L5WO6$9PQI5pdp',#5,$,$,(#4835),#29);
#4837=IFCCARTESIANPOINT((2.5,21.5,-0.5));
#4838=IFCAXIS2PLACEMENT3D(#4837,$,$);
#4839=IFCLOCALPLACEMENT(#28,#4838);
#4840=IFCCARTESIANPOINT((0.,0.));
#4841=IFCAXIS2PLACEMENT2D(#4840,$);
#4842=IFCRECTANGLEPROFILEDEF(.AREA.,$,#4841,0.25,9.);
#4843=IFCCARTESIANPOINT((0.,0.,0.));
#4844=IFCAXIS2PLACEMENT3D(#4843,$,$);
#4845=IFCDIRECTION((0.,0.,1.));
#4846=IFCEXTRUDEDAREASOLID(#4842,#4844,#4845,0.5);
#4847=IFCSHAPEREPRESENTATION(#14,'Body','SweptSolid',(#4846));
#4848=IFCPRODUCTDEFINITIONSHAPE($,$,(#4847));
#4849=IFCBEAM('1Pjie6k616ZQOGACMF8Lhu',#5,'VB_S3_2_02',$,$,#4839,#4848,$,$);
#4850=IFCRELCONTAINEDINSPATIALSTRUCTURE('112mDDmcX1fvDCcch1Fe72',#5,$,$,(#4849),#29);
#4851=IFCCARTESIANPOINT((2.5,29.5,-0.5));
#4852=IFCAXIS2PLACEMENT3D(#4851,$,$);
#4853=IFCLOCALPLACEMENT(#28,#4852);
#4854=IFCCARTESIANPOINT((0.,0.));
#4855=IFCAXIS2PLACEMENT2D(#4854,$);
#4856=IFCRECTANGLEPROFILEDEF(.AREA.,$,#4855,0.25,7.);
#4857=IFCCARTESIANPOINT((0.,0.,0.));
#4858=IFCAXIS2PLACEMENT3D(#4857,$,$);
#4859=IFCDIRECTION((0.,0.,1.));
#4860=IFCEXTRUDEDAREASOLID(#4856,#4858,#4859,0.5);
#4861=IFCSHAPEREPRESENTATION(#14,'Body','SweptSolid',(#4860));
#4862=IFCPRODUCTDEFINITIONSHAPE($,$,(#4861));
#4863=IFCBEAM('0Z_xRjSXn7YfbI0upO$vph',#5,'VB_S3_2_03',$,$,#4853,#4862,$,$);
#4864=IFCRELCONTAINEDINSPATIALSTRUCTURE('2$nYrqrVn4Zv34kqQx0_i7',#5,$,$,(#4863),#29);
#4865=IFCCARTESIANPOINT((2.5,36.5,-0.5));
#4866=IFCAXIS2PLACEMENT3D(#4865,$,$);
#4867=IFCLOCALPLACEMENT(#28,#4866);
#4868=IFCCARTESIANPOINT((0.,0.));
#4869=IFCAXIS2PLACEMENT2D(#4868,$);
#4870=IFCRECTANGLEPROFILEDEF(.AREA.,$,#4869,0.25,7.);
#4871=IFCCARTESIANPOINT((0.,0.,0.));
#4872=IFCAXIS2PLACEMENT3D(#4871,$,$);
#4873=IFCDIRECTION((0.,0.,1.));
#4874=IFCEXTRUDEDAREASOLID(#4870,#4872,#4873,0.5);
#4875=IFCSHAPEREPRESENTATION(#14,'Body','SweptSolid',(#4874));
#4876=IFCPRODUCTDEFINITIONSHAPE($,$,(#4875));
#4877=IFCBEAM('1$hcuybOjCauwGMEveyLIs',#5,'VB_S3_2_04',$,$,#4867,#4876,$,$);
#4878=IFCRELCONTAINEDINSPATIALSTRUCTURE('2w6zq1ABP5LRsrQdNo2J$n',#5,$,$,(#4877),#29);
#4879=IFCCARTESIANPOINT((87.5,6.5,-0.5));
#4880=IFCAXIS2PLACEMENT3D(#4879,$,$);
#4881=IFCLOCALPLACEMENT(#28,#4880);
#4882=IFCCARTESIANPOINT((0.,0.));
#4883=IFCAXIS2PLACEMENT2D(#4882,$);
#4884=IFCRECTANGLEPROFILEDEF(.AREA.,$,#4883,0.25,7.);
#4885=IFCCARTESIANPOINT((0.,0.,0.));
#4886=IFCAXIS2PLACEMENT3D(#4885,$,$);
#4887=IFCDIRECTION((0.,0.,1.));
#4888=IFCEXTRUDEDAREASOLID(#4884,#4886,#4887,0.5);
#4889=IFCSHAPEREPRESENTATION(#14,'Body','SweptSolid',(#4888));
#4890=IFCPRODUCTDEFINITIONSHAPE($,$,(#4889));
#4891=IFCBEAM('0L1jdmPhzBVxhCnLbm7pTI',#5,'VB_S3_88_00',$,$,#4881,#4890,$,$);
#4892=IFCRELCONTAINEDINSPATIALSTRUCTURE('0POtXaLxH7tg5uLMr2ounE',#5,$,$,(#4891),#29);
#4893=IFCCARTESIANPOINT((87.5,13.5,-0.5));
#4894=IFCAXIS2PLACEMENT3D(#4893,$,$);
#4895=IFCLOCALPLACEMENT(#28,#4894);
#4896=IFCCARTESIANPOINT((0.,0.));
#4897=IFCAXIS2PLACEMENT2D(#4896,$);
#4898=IFCRECTANGLEPROFILEDEF(.AREA.,$,#4897,0.25,7.);
#4899=IFCCARTESIANPOINT((0.,0.,0.));
#4900=IFCAXIS2PLACEMENT3D(#4899,$,$);
#4901=IFCDIRECTION((0.,0.,1.));
#4902=IFCEXTRUDEDAREASOLID(#4898,#4900,#4901,0.5);
#4903=IFCSHAPEREPRESENTATION(#14,'Body','SweptSolid',(#4902));
#4904=IFCPRODUCTDEFINITIONSHAPE($,$,(#4903));
#4905=IFCBEAM('0nWtFnukHDJOqKIzvIlphO',#5,'VB_S3_88_01',$,$,#4895,#4904,$,$);
#4906=IFCRELCONTAINEDINSPATIALSTRUCTURE('2mV6EboWr9xeSZTQeo1EJH',#5,$,$,(#4905),#29);
#4907=IFCCARTESIANPOINT((87.5,21.5,-0.5));
#4908=IFCAXIS2PLACEMENT3D(#4907,$,$);
#4909=IFCLOCALPLACEMENT(#28,#4908);
#4910=IFCCARTESIANPOINT((0.,0.));
#4911=IFCAXIS2PLACEMENT2D(#4910,$);
#4912=IFCRECTANGLEPROFILEDEF(.AREA.,$,#4911,0.25,9.);
#4913=IFCCARTESIANPOINT((0.,0.,0.));
#4914=IFCAXIS2PLACEMENT3D(#4913,$,$);
#4915=IFCDIRECTION((0.,0.,1.));
#4916=IFCEXTRUDEDAREASOLID(#4912,#4914,#4915,0.5);
#4917=IFCSHAPEREPRESENTATION(#14,'Body','SweptSolid',(#4916));
#4918=IFCPRODUCTDEFINITIONSHAPE($,$,(#4917));
#4919=IFCBEAM('2OkmExaQ9F0vSagbTGKJ9E',#5,'VB_S3_88_02',$,$,#4909,#4918,$,$);
#4920=IFCRELCONTAINEDINSPATIALSTRUCTURE('0cCvskofPCrBVW_SS2KSoS',#5,$,$,(#4919),#29);
#4921=IFCCARTESIANPOINT((87.5,29.5,-0.5));
#4922=IFCAXIS2PLACEMENT3D(#4921,$,$);
#4923=IFCLOCALPLACEMENT(#28,#4922);
#4924=IFCCARTESIANPOINT((0.,0.));
#4925=IFCAXIS2PLACEMENT2D(#4924,$);
#4926=IFCRECTANGLEPROFILEDEF(.AREA.,$,#4925,0.25,7.);
#4927=IFCCARTESIANPOINT((0.,0.,0.));
#4928=IFCAXIS2PLACEMENT3D(#4927,$,$);
#4929=IFCDIRECTION((0.,0.,1.));
#4930=IFCEXTRUDEDAREASOLID(#4926,#4928,#4929,0.5);
#4931=IFCSHAPEREPRESENTATION(#14,'Body','SweptSolid',(#4930));
#4932=IFCPRODUCTDEFINITIONSHAPE($,$,(#4931));
#4933=IFCBEAM('3OYE$hKVb9dfHarFQZCVaD',#5,'VB_S3_88_03',$,$,#4923,#4932,$,$);
#4934=IFCRELCONTAINEDINSPATIALSTRUCTURE('2jQh28db50vAe7alOVyUGW',#5,$,$,(#4933),#29);
#4935=IFCCARTESIANPOINT((87.5,36.5,-0.5));
#4936=IFCAXIS2PLACEMENT3D(#4935,$,$);
#4937=IFCLOCALPLACEMENT(#28,#4936);
#4938=IFCCARTESIANPOINT((0.,0.));
#4939=IFCAXIS2PLACEMENT2D(#4938,$);
#4940=IFCRECTANGLEPROFILEDEF(.AREA.,$,#4939,0.25,7.);
#4941=IFCCARTESIANPOINT((0.,0.,0.));
#4942=IFCAXIS2PLACEMENT3D(#4941,$,$);
#4943=IFCDIRECTION((0.,0.,1.));
#4944=IFCEXTRUDEDAREASOLID(#4940,#4942,#4943,0.5);
#4945=IFCSHAPEREPRESENTATION(#14,'Body','SweptSolid',(#4944));
#4946=IFCPRODUCTDEFINITIONSHAPE($,$,(#4945));
#4947=IFCBEAM('1CSCMZhp12vfk1ZWq$96L5',#5,'VB_S3_88_04',$,$,#4937,#4946,$,$);
#4948=IFCRELCONTAINEDINSPATIALSTRUCTURE('2F6XsQdjT6RBG4IpDLI84L',#5,$,$,(#4947),#29);
#4949=IFCCARTESIANPOINT((6.4400000000000004,3.,-0.5));
#4950=IFCAXIS2PLACEMENT3D(#4949,$,$);
#4951=IFCLOCALPLACEMENT(#32,#4950);
#4952=IFCCARTESIANPOINT((0.,0.));
#4953=IFCAXIS2PLACEMENT2D(#4952,$);
#4954=IFCRECTANGLEPROFILEDEF(.AREA.,$,#4953,7.8800000000000008,0.25);
#4955=IFCCARTESIANPOINT((0.,0.,0.));
#4956=IFCAXIS2PLACEMENT3D(#4955,$,$);
#4957=IFCDIRECTION((0.,0.,1.));
#4958=IFCEXTRUDEDAREASOLID(#4954,#4956,#4957,0.5);
#4959=IFCSHAPEREPRESENTATION(#14,'Body','SweptSolid',(#4958));
#4960=IFCPRODUCTDEFINITIONSHAPE($,$,(#4959));
#4961=IFCBEAM('2Y7AAB2OLBWAxP1ayeuBnL',#5,'VB_S2_3_00',$,$,#4951,#4960,$,$);
#4962=IFCRELCONTAINEDINSPATIALSTRUCTURE('1Vy5lZQyLF59S0vlajWK01',#5,$,$,(#4961),#33);
#4963=IFCCARTESIANPOINT((14.315000000000001,3.,-0.5));
#4964=IFCAXIS2PLACEMENT3D(#4963,$,$);
#4965=IFCLOCALPLACEMENT(#32,#4964);
#4966=IFCCARTESIANPOINT((0.,0.));
#4967=IFCAXIS2PLACEMENT2D(#4966,$);
#4968=IFCRECTANGLEPROFILEDEF(.AREA.,$,#4967,7.8699999999999992,0.25);
#4969=IFCCARTESIANPOINT((0.,0.,0.));
#4970=IFCAXIS2PLACEMENT3D(#4969,$,$);
#4971=IFCDIRECTION((0.,0.,1.));
#4972=IFCEXTRUDEDAREASOLID(#4968,#4970,#4971,0.5);
#4973=IFCSHAPEREPRESENTATION(#14,'Body','SweptSolid',(#4972));
#4974=IFCPRODUCTDEFINITIONSHAPE($,$,(#4973));
#4975=IFCBEAM('1kCGa1p5n8Z9QIHfI_6Wyw',#5,'VB_S2_3_01',$,$,#4965,#4974,$,$);
#4976=IFCRELCONTAINEDINSPATIALSTRUCTURE('1QJa0$s8n2IR1tIZo4V8Aq',#5,$,$,(#4975),#33);
#4977=IFCCARTESIANPOINT((22.189999999999998,3.,-0.5));
#4978=IFCAXIS2PLACEMENT3D(#4977,$,$);
#4979=IFCLOCALPLACEMENT(#32,#4978);
#4980=IFCCARTESIANPOINT((0.,0.));
#4981=IFCAXIS2PLACEMENT2D(#4980,$);
#4982=IFCRECTANGLEPROFILEDEF(.AREA.,$,#4981,7.879999999999999,0.25);
#4983=IFCCARTESIANPOINT((0.,0.,0.));
#4984=IFCAXIS2PLACEMENT3D(#4983,$,$);
#4985=IFCDIRECTION((0.,0.,1.));
#4986=IFCEXTRUDEDAREASOLID(#4982,#4984,#4985,0.5);
#4987=IFCSHAPEREPRESENTATION(#14,'Body','SweptSolid',(#4986));
#4988=IFCPRODUCTDEFINITIONSHAPE($,$,(#4987));
#4989=IFCBEAM('0LN17zaeP6Hujp8QIHnzMt',#5,'VB_S2_3_02',$,$,#4979,#4988,$,$);
#4990=IFCRELCONTAINEDINSPATIALSTRUCTURE('3P6MwULRX2dB1LcNYX7w4H',#5,$,$,(#4989),#33);
#4991=IFCCARTESIANPOINT((30.064999999999998,3.,-0.5));
#4992=IFCAXIS2PLACEMENT3D(#4991,$,$);
#4993=IFCLOCALPLACEMENT(#32,#4992);
#4994=IFCCARTESIANPOINT((0.,0.));
#4995=IFCAXIS2PLACEMENT2D(#4994,$);
#4996=IFCRECTANGLEPROFILEDEF(.AREA.,$,#4995,7.870000000000001,0.25);
#4997=IFCCARTESIANPOINT((0.,0.,0.));
#4998=IFCAXIS2PLACEMENT3D(#4997,$,$);
#4999=IFCDIRECTION((0.,0.,1.));
#5000=IFCEXTRUDEDAREASOLID(#4996,#4998,#4999,0.5);
#5001=IFCSHAPEREPRESENTATION(#14,'Body','SweptSolid',(#5000));
#5002=IFCPRODUCTDEFINITIONSHAPE($,$,(#5001));
#5003=IFCBEAM('0VlHNrNvP3PO8jDXxqSsiX',#5,'VB_S2_3_03',$,$,#4993,#5002,$,$);
#5004=IFCRELCONTAINEDINSPATIALSTRUCTURE('3p7hy3BtHDlvZqfVaS6syj',#5,$,$,(#5003),#33);
#5005=IFCCARTESIANPOINT((37.5,3.,-0.5));
#5006=IFCAXIS2PLACEMENT3D(#5005,$,$);
#5007=IFCLOCALPLACEMENT(#32,#5006);
#5008=IFCCARTESIANPOINT((0.,0.));
#5009=IFCAXIS2PLACEMENT2D(#5008,$);
#5010=IFCRECTANGLEPROFILEDEF(.AREA.,$,#5009,7.,0.25);
#5011=IFCCARTESIANPOINT((0.,0.,0.));
#5012=IFCAXIS2PLACEMENT3D(#5011,$,$);
#5013=IFCDIRECTION((0.,0.,1.));
#5014=IFCEXTRUDEDAREASOLID(#5010,#5012,#5013,0.5);
#5015=IFCSHAPEREPRESENTATION(#14,'Body','SweptSolid',(#5014));
#5016=IFCPRODUCTDEFINITIONSHAPE($,$,(#5015));
#5017=IFCBEAM('3U5mo6Bon2rg_TmmyQGMvP',#5,'VB_S2_3_04',$,$,#5007,#5016,$,$);
#5018=IFCRELCONTAINEDINSPATIALSTRUCTURE('0jaL3AwQj5wwn0K36IWoHX',#5,$,$,(#5017),#33);
#5019=IFCCARTESIANPOINT((45.,3.,-0.5));
#5020=IFCAXIS2PLACEMENT3D(#5019,$,$);
#5021=IFCLOCALPLACEMENT(#32,#5020);
#5022=IFCCARTESIANPOINT((0.,0.));
#5023=IFCAXIS2PLACEMENT2D(#5022,$);
#5024=IFCRECTANGLEPROFILEDEF(.AREA.,$,#5023,8.,0.25);
#5025=IFCCARTESIANPOINT((0.,0.,0.));
#5026=IFCAXIS2PLACEMENT3D(#5025,$,$);
#5027=IFCDIRECTION((0.,0.,1.));
#5028=IFCEXTRUDEDAREASOLID(#5024,#5026,#5027,0.5);
#5029=IFCSHAPEREPRESENTATION(#14,'Body','SweptSolid',(#5028));
#5030=IFCPRODUCTDEFINITIONSHAPE($,$,(#5029));
#5031=IFCBEAM('0B3IwPGDL24Pi4sCkaThuq',#5,'VB_S2_3_05',$,$,#5021,#5030,$,$);
#5032=IFCRELCONTAINEDINSPATIALSTRUCTURE('1ygjLYWOzBmQB1UfS$TYu2',#5,$,$,(#5031),#33);
#5033=IFCCARTESIANPOINT((52.5,3.,-0.5));
#5034=IFCAXIS2PLACEMENT3D(#5033,$,$);
#5035=IFCLOCALPLACEMENT(#32,#5034);
#5036=IFCCARTESIANPOINT((0.,0.));
#5037=IFCAXIS2PLACEMENT2D(#5036,$);
#5038=IFCRECTANGLEPROFILEDEF(.AREA.,$,#5037,7.,0.25);
#5039=IFCCARTESIANPOINT((0.,0.,0.));
#5040=IFCAXIS2PLACEMENT3D(#5039,$,$);
#5041=IFCDIRECTION((0.,0.,1.));
#5042=IFCEXTRUDEDAREASOLID(#5038,#5040,#5041,0.5);
#5043=IFCSHAPEREPRESENTATION(#14,'Body','SweptSolid',(#5042));
#5044=IFCPRODUCTDEFINITIONSHAPE($,$,(#5043));
#5045=IFCBEAM('3vVZA0nJb2YQZuG_bJ5vLS',#5,'VB_S2_3_06',$,$,#5035,#5044,$,$);
#5046=IFCRELCONTAINEDINSPATIALSTRUCTURE('1_NfvNbdHFXQODG6NLivzF',#5,$,$,(#5045),#33);
#5047=IFCCARTESIANPOINT((59.939999999999998,3.,-0.5));
#5048=IFCAXIS2PLACEMENT3D(#5047,$,$);
#5049=IFCLOCALPLACEMENT(#32,#5048);
#5050=IFCCARTESIANPOINT((0.,0.));
#5051=IFCAXIS2PLACEMENT2D(#5050,$);
#5052=IFCRECTANGLEPROFILEDEF(.AREA.,$,#5051,7.8800000000000026,0.25);
#5053=IFCCARTESIANPOINT((0.,0.,0.));
#5054=IFCAXIS2PLACEMENT3D(#5053,$,$);
#5055=IFCDIRECTION((0.,0.,1.));
#5056=IFCEXTRUDEDAREASOLID(#5052,#5054,#5055,0.5);
#5057=IFCSHAPEREPRESENTATION(#14,'Body','SweptSolid',(#5056));
#5058=IFCPRODUCTDEFINITIONSHAPE($,$,(#5057));
#5059=IFCBEAM('3MqlAbuej68P__3oe8flTe',#5,'VB_S2_3_07',$,$,#5049,#5058,$,$);
#5060=IFCRELCONTAINEDINSPATIALSTRUCTURE('33NUdAqLP2mhYKh78OFeXm',#5,$,$,(#5059),#33);
#5061=IFCCARTESIANPOINT((67.814999999999998,3.,-0.5));
#5062=IFCAXIS2PLACEMENT3D(#5061,$,$);
#5063=IFCLOCALPLACEMENT(#32,#5062);
#5064=IFCCARTESIANPOINT((0.,0.));
#5065=IFCAXIS2PLACEMENT2D(#5064,$);
#5066=IFCRECTANGLEPROFILEDEF(.AREA.,$,#5065,7.8699999999999974,0.25);
#5067=IFCCARTESIANPOINT((0.,0.,0.));
#5068=IFCAXIS2PLACEMENT3D(#5067,$,$);
#5069=IFCDIRECTION((0.,0.,1.));
#5070=IFCEXTRUDEDAREASOLID(#5066,#5068,#5069,0.5);
#5071=IFCSHAPEREPRESENTATION(#14,'Body','SweptSolid',(#5070));
#5072=IFCPRODUCTDEFINITIONSHAPE($,$,(#5071));
#5073=IFCBEAM('0sRjIzy$54cwkiSwjb1Pjp',#5,'VB_S2_3_08',$,$,#5063,#5072,$,$);
#5074=IFCRELCONTAINEDINSPATIALSTRUCTURE('0CXM8seRrAHAY$gJ$LWIoR',#5,$,$,(#5073),#33);
#5075=IFCCARTESIANPOINT((75.689999999999998,3.,-0.5));
#5076=IFCAXIS2PLACEMENT3D(#5075,$,$);
#5077=IFCLOCALPLACEMENT(#32,#5076);
#5078=IFCCARTESIANPOINT((0.,0.));
#5079=IFCAXIS2PLACEMENT2D(#5078,$);
#5080=IFCRECTANGLEPROFILEDEF(.AREA.,$,#5079,7.8799999999999955,0.25);
#5081=IFCCARTESIANPOINT((0.,0.,0.));
#5082=IFCAXIS2PLACEMENT3D(#5081,$,$);
#5083=IFCDIRECTION((0.,0.,1.));
#5084=IFCEXTRUDEDAREASOLID(#5080,#5082,#5083,0.5);
#5085=IFCSHAPEREPRESENTATION(#14,'Body','SweptSolid',(#5084));
#5086=IFCPRODUCTDEFINITIONSHAPE($,$,(#5085));
#5087=IFCBEAM('1m4007sn9B_PaYWT89LDUb',#5,'VB_S2_3_09',$,$,#5077,#5086,$,$);
#5088=IFCRELCONTAINEDINSPATIALSTRUCTURE('300em4Uj94_uZ_ccc9KgXI',#5,$,$,(#5087),#33);
#5089=IFCCARTESIANPOINT((83.564999999999998,3.,-0.5));
#5090=IFCAXIS2PLACEMENT3D(#5089,$,$);
#5091=IFCLOCALPLACEMENT(#32,#5090);
#5092=IFCCARTESIANPOINT((0.,0.));
#5093=IFCAXIS2PLACEMENT2D(#5092,$);
#5094=IFCRECTANGLEPROFILEDEF(.AREA.,$,#5093,7.8700000000000045,0.25);
#5095=IFCCARTESIANPOINT((0.,0.,0.));
#5096=IFCAXIS2PLACEMENT3D(#5095,$,$);
#5097=IFCDIRECTION((0.,0.,1.));
#5098=IFCEXTRUDEDAREASOLID(#5094,#5096,#5097,0.5);
#5099=IFCSHAPEREPRESENTATION(#14,'Body','SweptSolid',(#5098));
#5100=IFCPRODUCTDEFINITIONSHAPE($,$,(#5099));
#5101=IFCBEAM('1i2JMKgGf7OhVBXK7kbkC5',#5,'VB_S2_3_10',$,$,#5091,#5100,$,$);
#5102=IFCRELCONTAINEDINSPATIALSTRUCTURE('015lkhmTvCuxUtu0noAE0n',#5,$,$,(#5101),#33);
#5103=IFCCARTESIANPOINT((6.4400000000000004,40.,-0.5));
#5104=IFCAXIS2PLACEMENT3D(#5103,$,$);
#5105=IFCLOCALPLACEMENT(#32,#5104);
#5106=IFCCARTESIANPOINT((0.,0.));
#5107=IFCAXIS2PLACEMENT2D(#5106,$);
#5108=IFCRECTANGLEPROFILEDEF(.AREA.,$,#5107,7.8800000000000008,0.25);
#5109=IFCCARTESIANPOINT((0.,0.,0.));
#5110=IFCAXIS2PLACEMENT3D(#5109,$,$);
#5111=IFCDIRECTION((0.,0.,1.));
#5112=IFCEXTRUDEDAREASOLID(#5108,#5110,#5111,0.5);
#5113=IFCSHAPEREPRESENTATION(#14,'Body','SweptSolid',(#5112));
#5114=IFCPRODUCTDEFINITIONSHAPE($,$,(#5113));
#5115=IFCBEAM('3_uXmoEd18Jx92X8n4h2GA',#5,'VB_S2_40_00',$,$,#5105,#5114,$,$);
#5116=IFCRELCONTAINEDINSPATIALSTRUCTURE('1cpEA$s0H2YgtkuBgwr1Ty',#5,$,$,(#5115),#33);
#5117=IFCCARTESIANPOINT((14.315000000000001,40.,-0.5));
#5118=IFCAXIS2PLACEMENT3D(#5117,$,$);
#5119=IFCLOCALPLACEMENT(#32,#5118);
#5120=IFCCARTESIANPOINT((0.,0.));
#5121=IFCAXIS2PLACEMENT2D(#5120,$);
#5122=IFCRECTANGLEPROFILEDEF(.AREA.,$,#5121,7.8699999999999992,0.25);
#5123=IFCCARTESIANPOINT((0.,0.,0.));
#5124=IFCAXIS2PLACEMENT3D(#5123,$,$);
#5125=IFCDIRECTION((0.,0.,1.));
#5126=IFCEXTRUDEDAREASOLID(#5122,#5124,#5125,0.5);
#5127=IFCSHAPEREPRESENTATION(#14,'Body','SweptSolid',(#5126));
#5128=IFCPRODUCTDEFINITIONSHAPE($,$,(#5127));
#5129=IFCBEAM('3WJ21gO6PA2Rru3mE7HwDK',#5,'VB_S2_40_01',$,$,#5119,#5128,$,$);
#5130=IFCRELCONTAINEDINSPATIALSTRUCTURE('1BCh77goXDYgpPUM2s2H8G',#5,$,$,(#5129),#33);
#5131=IFCCARTESIANPOINT((22.189999999999998,40.,-0.5));
#5132=IFCAXIS2PLACEMENT3D(#5131,$,$);
#5133=IFCLOCALPLACEMENT(#32,#5132);
#5134=IFCCARTESIANPOINT((0.,0.));
#5135=IFCAXIS2PLACEMENT2D(#5134,$);
#5136=IFCRECTANGLEPROFILEDEF(.AREA.,$,#5135,7.879999999999999,0.25);
#5137=IFCCARTESIANPOINT((0.,0.,0.));
#5138=IFCAXIS2PLACEMENT3D(#5137,$,$);
#5139=IFCDIRECTION((0.,0.,1.));
#5140=IFCEXTRUDEDAREASOLID(#5136,#5138,#5139,0.5);
#5141=IFCSHAPEREPRESENTATION(#14,'Body','SweptSolid',(#5140));
#5142=IFCPRODUCTDEFINITIONSHAPE($,$,(#5141));
#5143=IFCBEAM('0xX0ncYsrFMuhDovUupXbf',#5,'VB_S2_40_02',$,$,#5133,#5142,$,$);
#5144=IFCRELCONTAINEDINSPATIALSTRUCTURE('2xVeufBiPB_QNEy3ueW225',#5,$,$,(#5143),#33);
#5145=IFCCARTESIANPOINT((30.064999999999998,40.,-0.5));
#5146=IFCAXIS2PLACEMENT3D(#5145,$,$);
#5147=IFCLOCALPLACEMENT(#32,#5146);
#5148=IFCCARTESIANPOINT((0.,0.));
#5149=IFCAXIS2PLACEMENT2D(#5148,$);
#5150=IFCRECTANGLEPROFILEDEF(.AREA.,$,#5149,7.870000000000001,0.25);
#5151=IFCCARTESIANPOINT((0.,0.,0.));
#5152=IFCAXIS2PLACEMENT3D(#5151,$,$);
#5153=IFCDIRECTION((0.,0.,1.));
#5154=IFCEXTRUDEDAREASOLID(#5150,#5152,#5153,0.5);
#5155=IFCSHAPEREPRESENTATION(#14,'Body','SweptSolid',(#5154));
#5156=IFCPRODUCTDEFINITIONSHAPE($,$,(#5155));
#5157=IFCBEAM('2ha63JC6X6putssxQenIfu',#5,'VB_S2_40_03',$,$,#5147,#5156,$,$);
#5158=IFCRELCONTAINEDINSPATIALSTRUCTURE('3Ov768ngf0ZhNuu0WeKPWt',#5,$,$,(#5157),#33);
#5159=IFCCARTESIANPOINT((37.5,40.,-0.5));
#5160=IFCAXIS2PLACEMENT3D(#5159,$,$);
#5161=IFCLOCALPLACEMENT(#32,#5160);
#5162=IFCCARTESIANPOINT((0.,0.));
#5163=IFCAXIS2PLACEMENT2D(#5162,$);
#5164=IFCRECTANGLEPROFILEDEF(.AREA.,$,#5163,7.,0.25);
#5165=IFCCARTESIANPOINT((0.,0.,0.));
#5166=IFCAXIS2PLACEMENT3D(#5165,$,$);
#5167=IFCDIRECTION((0.,0.,1.));
#5168=IFCEXTRUDEDAREASOLID(#5164,#5166,#5167,0.5);
#5169=IFCSHAPEREPRESENTATION(#14,'Body','SweptSolid',(#5168));
#5170=IFCPRODUCTDEFINITIONSHAPE($,$,(#5169));
#5171=IFCBEAM('0CvSY2IsTCSg3Lcz7ZyUNr',#5,'VB_S2_40_04',$,$,#5161,#5170,$,$);
#5172=IFCRELCONTAINEDINSPATIALSTRUCTURE('0a_4GQmlv0ieUS8sbjpV_y',#5,$,$,(#5171),#33);
#5173=IFCCARTESIANPOINT((45.,40.,-0.5));
#5174=IFCAXIS2PLACEMENT3D(#5173,$,$);
#5175=IFCLOCALPLACEMENT(#32,#5174);
#5176=IFCCARTESIANPOINT((0.,0.));
#5177=IFCAXIS2PLACEMENT2D(#5176,$);
#5178=IFCRECTANGLEPROFILEDEF(.AREA.,$,#5177,8.,0.25);
#5179=IFCCARTESIANPOINT((0.,0.,0.));
#5180=IFCAXIS2PLACEMENT3D(#5179,$,$);
#5181=IFCDIRECTION((0.,0.,1.));
#5182=IFCEXTRUDEDAREASOLID(#5178,#5180,#5181,0.5);
#5183=IFCSHAPEREPRESENTATION(#14,'Body','SweptSolid',(#5182));
#5184=IFCPRODUCTDEFINITIONSHAPE($,$,(#5183));
#5185=IFCBEAM('3P5WgLmkvCVwMYxAf8kpBi',#5,'VB_S2_40_05',$,$,#5175,#5184,$,$);
#5186=IFCRELCONTAINEDINSPATIALSTRUCTURE('2h2Wz9ydH0vv_dLcM6413P',#5,$,$,(#5185),#33);
#5187=IFCCARTESIANPOINT((52.5,40.,-0.5));
#5188=IFCAXIS2PLACEMENT3D(#5187,$,$);
#5189=IFCLOCALPLACEMENT(#32,#5188);
#5190=IFCCARTESIANPOINT((0.,0.));
#5191=IFCAXIS2PLACEMENT2D(#5190,$);
#5192=IFCRECTANGLEPROFILEDEF(.AREA.,$,#5191,7.,0.25);
#5193=IFCCARTESIANPOINT((0.,0.,0.));
#5194=IFCAXIS2PLACEMENT3D(#5193,$,$);
#5195=IFCDIRECTION((0.,0.,1.));
#5196=IFCEXTRUDEDAREASOLID(#5192,#5194,#5195,0.5);
#5197=IFCSHAPEREPRESENTATION(#14,'Body','SweptSolid',(#5196));
#5198=IFCPRODUCTDEFINITIONSHAPE($,$,(#5197));
#5199=IFCBEAM('1beDgJxKXFI8T_bpkE5wYB',#5,'VB_S2_40_06',$,$,#5189,#5198,$,$);
#5200=IFCRELCONTAINEDINSPATIALSTRUCTURE('3PbvrHruvCxPf_6Pv_CPW7',#5,$,$,(#5199),#33);
#5201=IFCCARTESIANPOINT((59.939999999999998,40.,-0.5));
#5202=IFCAXIS2PLACEMENT3D(#5201,$,$);
#5203=IFCLOCALPLACEMENT(#32,#5202);
#5204=IFCCARTESIANPOINT((0.,0.));
#5205=IFCAXIS2PLACEMENT2D(#5204,$);
#5206=IFCRECTANGLEPROFILEDEF(.AREA.,$,#5205,7.8800000000000026,0.25);
#5207=IFCCARTESIANPOINT((0.,0.,0.));
#5208=IFCAXIS2PLACEMENT3D(#5207,$,$);
#5209=IFCDIRECTION((0.,0.,1.));
#5210=IFCEXTRUDEDAREASOLID(#5206,#5208,#5209,0.5);
#5211=IFCSHAPEREPRESENTATION(#14,'Body','SweptSolid',(#5210));
#5212=IFCPRODUCTDEFINITIONSHAPE($,$,(#5211));
#5213=IFCBEAM('0myd08TdP9DflocZ9sihZ3',#5,'VB_S2_40_07',$,$,#5203,#5212,$,$);
#5214=IFCRELCONTAINEDINSPATIALSTRUCTURE('16M6k4gob0X8n7GsTgI2M2',#5,$,$,(#5213),#33);
#5215=IFCCARTESIANPOINT((67.814999999999998,40.,-0.5));
#5216=IFCAXIS2PLACEMENT3D(#5215,$,$);
#5217=IFCLOCALPLACEMENT(#32,#5216);
#5218=IFCCARTESIANPOINT((0.,0.));
#5219=IFCAXIS2PLACEMENT2D(#5218,$);
#5220=IFCRECTANGLEPROFILEDEF(.AREA.,$,#5219,7.8699999999999974,0.25);
#5221=IFCCARTESIANPOINT((0.,0.,0.));
#5222=IFCAXIS2PLACEMENT3D(#5221,$,$);
#5223=IFCDIRECTION((0.,0.,1.));
#5224=IFCEXTRUDEDAREASOLID(#5220,#5222,#5223,0.5);
#5225=IFCSHAPEREPRESENTATION(#14,'Body','SweptSolid',(#5224));
#5226=IFCPRODUCTDEFINITIONSHAPE($,$,(#5225));
#5227=IFCBEAM('1agCPMN91ElfoZXyEMdYaR',#5,'VB_S2_40_08',$,$,#5217,#5226,$,$);
#5228=IFCRELCONTAINEDINSPATIALSTRUCTURE('3iVOJOfBv8GQ5aR_hgKIjW',#5,$,$,(#5227),#33);
#5229=IFCCARTESIANPOINT((75.689999999999998,40.,-0.5));
#5230=IFCAXIS2PLACEMENT3D(#5229,$,$);
#5231=IFCLOCALPLACEMENT(#32,#5230);
#5232=IFCCARTESIANPOINT((0.,0.));
#5233=IFCAXIS2PLACEMENT2D(#5232,$);
#5234=IFCRECTANGLEPROFILEDEF(.AREA.,$,#5233,7.8799999999999955,0.25);
#5235=IFCCARTESIANPOINT((0.,0.,0.));
#5236=IFCAXIS2PLACEMENT3D(#5235,$,$);
#5237=IFCDIRECTION((0.,0.,1.));
#5238=IFCEXTRUDEDAREASOLID(#5234,#5236,#5237,0.5);
#5239=IFCSHAPEREPRESENTATION(#14,'Body','SweptSolid',(#5238));
#5240=IFCPRODUCTDEFINITIONSHAPE($,$,(#5239));
#5241=IFCBEAM('2EVDMVNXTAMR_Lx_NI7jZ9',#5,'VB_S2_40_09',$,$,#5231,#5240,$,$);
#5242=IFCRELCONTAINEDINSPATIALSTRUCTURE('000H3boAP278yMNboLt5uT',#5,$,$,(#5241),#33);
#5243=IFCCARTESIANPOINT((83.564999999999998,40.,-0.5));
#5244=IFCAXIS2PLACEMENT3D(#5243,$,$);
#5245=IFCLOCALPLACEMENT(#32,#5244);
#5246=IFCCARTESIANPOINT((0.,0.));
#5247=IFCAXIS2PLACEMENT2D(#5246,$);
#5248=IFCRECTANGLEPROFILEDEF(.AREA.,$,#5247,7.8700000000000045,0.25);
#5249=IFCCARTESIANPOINT((0.,0.,0.));
#5250=IFCAXIS2PLACEMENT3D(#5249,$,$);
#5251=IFCDIRECTION((0.,0.,1.));
#5252=IFCEXTRUDEDAREASOLID(#5248,#5250,#5251,0.5);
#5253=IFCSHAPEREPRESENTATION(#14,'Body','SweptSolid',(#5252));
#5254=IFCPRODUCTDEFINITIONSHAPE($,$,(#5253));
#5255=IFCBEAM('3A$L8CWmL0Vx0EmjmvjUWf',#5,'VB_S2_40_10',$,$,#5245,#5254,$,$);
#5256=IFCRELCONTAINEDINSPATIALSTRUCTURE('1xGAjuHjv6KfycWKS6_rp4',#5,$,$,(#5255),#33);
#5257=IFCCARTESIANPOINT((2.5,6.5,-0.5));
#5258=IFCAXIS2PLACEMENT3D(#5257,$,$);
#5259=IFCLOCALPLACEMENT(#32,#5258);
#5260=IFCCARTESIANPOINT((0.,0.));
#5261=IFCAXIS2PLACEMENT2D(#5260,$);
#5262=IFCRECTANGLEPROFILEDEF(.AREA.,$,#5261,0.25,7.);
#5263=IFCCARTESIANPOINT((0.,0.,0.));
#5264=IFCAXIS2PLACEMENT3D(#5263,$,$);
#5265=IFCDIRECTION((0.,0.,1.));
#5266=IFCEXTRUDEDAREASOLID(#5262,#5264,#5265,0.5);
#5267=IFCSHAPEREPRESENTATION(#14,'Body','SweptSolid',(#5266));
#5268=IFCPRODUCTDEFINITIONSHAPE($,$,(#5267));
#5269=IFCBEAM('2wr99uGtb22gkuzb499k25',#5,'VB_S2_2_00',$,$,#5259,#5268,$,$);
#5270=IFCRELCONTAINEDINSPATIALSTRUCTURE('2ZaW9QPMfBggJLChSevQg8',#5,$,$,(#5269),#33);
#5271=IFCCARTESIANPOINT((2.5,13.5,-0.5));
#5272=IFCAXIS2PLACEMENT3D(#5271,$,$);
#5273=IFCLOCALPLACEMENT(#32,#5272);
#5274=IFCCARTESIANPOINT((0.,0.));
#5275=IFCAXIS2PLACEMENT2D(#5274,$);
#5276=IFCRECTANGLEPROFILEDEF(.AREA.,$,#5275,0.25,7.);
#5277=IFCCARTESIANPOINT((0.,0.,0.));
#5278=IFCAXIS2PLACEMENT3D(#5277,$,$);
#5279=IFCDIRECTION((0.,0.,1.));
#5280=IFCEXTRUDEDAREASOLID(#5276,#5278,#5279,0.5);
#5281=IFCSHAPEREPRESENTATION(#14,'Body','SweptSolid',(#5280));
#5282=IFCPRODUCTDEFINITIONSHAPE($,$,(#5281));
#5283=IFCBEAM('25RM8DeZX2uuv11rstuPmz',#5,'VB_S2_2_01',$,$,#5273,#5282,$,$);
#5284=IFCRELCONTAINEDINSPATIALSTRUCTURE('1OEnB4nlHBrB2DRr1QWDyC',#5,$,$,(#5283),#33);
#5285=IFCCARTESIANPOINT((2.5,21.5,-0.5));
#5286=IFCAXIS2PLACEMENT3D(#5285,$,$);
#5287=IFCLOCALPLACEMENT(#32,#5286);
#5288=IFCCARTESIANPOINT((0.,0.));
#5289=IFCAXIS2PLACEMENT2D(#5288,$);
#5290=IFCRECTANGLEPROFILEDEF(.AREA.,$,#5289,0.25,9.);
#5291=IFCCARTESIANPOINT((0.,0.,0.));
#5292=IFCAXIS2PLACEMENT3D(#5291,$,$);
#5293=IFCDIRECTION((0.,0.,1.));
#5294=IFCEXTRUDEDAREASOLID(#5290,#5292,#5293,0.5);
#5295=IFCSHAPEREPRESENTATION(#14,'Body','SweptSolid',(#5294));
#5296=IFCPRODUCTDEFINITIONSHAPE($,$,(#5295));
#5297=IFCBEAM('2XYvjOzw52TQTr3_G7$sVQ',#5,'VB_S2_2_02',$,$,#5287,#5296,$,$);
#5298=IFCRELCONTAINEDINSPATIALSTRUCTURE('0KMXYr$f5FtvM1P9o95Gsv',#5,$,$,(#5297),#33);
#5299=IFCCARTESIANPOINT((2.5,29.5,-0.5));
#5300=IFCAXIS2PLACEMENT3D(#5299,$,$);
#5301=IFCLOCALPLACEMENT(#32,#5300);
#5302=IFCCARTESIANPOINT((0.,0.));
#5303=IFCAXIS2PLACEMENT2D(#5302,$);
#5304=IFCRECTANGLEPROFILEDEF(.AREA.,$,#5303,0.25,7.);
#5305=IFCCARTESIANPOINT((0.,0.,0.));
#5306=IFCAXIS2PLACEMENT3D(#5305,$,$);
#5307=IFCDIRECTION((0.,0.,1.));
#5308=IFCEXTRUDEDAREASOLID(#5304,#5306,#5307,0.5);
#5309=IFCSHAPEREPRESENTATION(#14,'Body','SweptSolid',(#5308));
#5310=IFCPRODUCTDEFINITIONSHAPE($,$,(#5309));
#5311=IFCBEAM('0TKcCK4Df5sBoRdqfWPviq',#5,'VB_S2_2_03',$,$,#5301,#5310,$,$);
#5312=IFCRELCONTAINEDINSPATIALSTRUCTURE('0IfCk8s7T1XQ5ywmC1Bipb',#5,$,$,(#5311),#33);
#5313=IFCCARTESIANPOINT((2.5,36.5,-0.5));
#5314=IFCAXIS2PLACEMENT3D(#5313,$,$);
#5315=IFCLOCALPLACEMENT(#32,#5314);
#5316=IFCCARTESIANPOINT((0.,0.));
#5317=IFCAXIS2PLACEMENT2D(#5316,$);
#5318=IFCRECTANGLEPROFILEDEF(.AREA.,$,#5317,0.25,7.);
#5319=IFCCARTESIANPOINT((0.,0.,0.));
#5320=IFCAXIS2PLACEMENT3D(#5319,$,$);
#5321=IFCDIRECTION((0.,0.,1.));
#5322=IFCEXTRUDEDAREASOLID(#5318,#5320,#5321,0.5);
#5323=IFCSHAPEREPRESENTATION(#14,'Body','SweptSolid',(#5322));
#5324=IFCPRODUCTDEFINITIONSHAPE($,$,(#5323));
#5325=IFCBEAM('0EHIEcgLP7ZgV_YL17r5Q0',#5,'VB_S2_2_04',$,$,#5315,#5324,$,$);
#5326=IFCRELCONTAINEDINSPATIALSTRUCTURE('1TptY7IC97pOrbhQdgwzOU',#5,$,$,(#5325),#33);
#5327=IFCCARTESIANPOINT((87.5,6.5,-0.5));
#5328=IFCAXIS2PLACEMENT3D(#5327,$,$);
#5329=IFCLOCALPLACEMENT(#32,#5328);
#5330=IFCCARTESIANPOINT((0.,0.));
#5331=IFCAXIS2PLACEMENT2D(#5330,$);
#5332=IFCRECTANGLEPROFILEDEF(.AREA.,$,#5331,0.25,7.);
#5333=IFCCARTESIANPOINT((0.,0.,0.));
#5334=IFCAXIS2PLACEMENT3D(#5333,$,$);
#5335=IFCDIRECTION((0.,0.,1.));
#5336=IFCEXTRUDEDAREASOLID(#5332,#5334,#5335,0.5);
#5337=IFCSHAPEREPRESENTATION(#14,'Body','SweptSolid',(#5336));
#5338=IFCPRODUCTDEFINITIONSHAPE($,$,(#5337));
#5339=IFCBEAM('2qgEHPGrXCH8w3xLu_WHdy',#5,'VB_S2_88_00',$,$,#5329,#5338,$,$);
#5340=IFCRELCONTAINEDINSPATIALSTRUCTURE('035EBe0OP0Ue8lL6Wx6pn5',#5,$,$,(#5339),#33);
#5341=IFCCARTESIANPOINT((87.5,13.5,-0.5));
#5342=IFCAXIS2PLACEMENT3D(#5341,$,$);
#5343=IFCLOCALPLACEMENT(#32,#5342);
#5344=IFCCARTESIANPOINT((0.,0.));
#5345=IFCAXIS2PLACEMENT2D(#5344,$);
#5346=IFCRECTANGLEPROFILEDEF(.AREA.,$,#5345,0.25,7.);
#5347=IFCCARTESIANPOINT((0.,0.,0.));
#5348=IFCAXIS2PLACEMENT3D(#5347,$,$);
#5349=IFCDIRECTION((0.,0.,1.));
#5350=IFCEXTRUDEDAREASOLID(#5346,#5348,#5349,0.5);
#5351=IFCSHAPEREPRESENTATION(#14,'Body','SweptSolid',(#5350));
#5352=IFCPRODUCTDEFINITIONSHAPE($,$,(#5351));
#5353=IFCBEAM('0Bmkbu0dj0FwRcHVvtYWqb',#5,'VB_S2_88_01',$,$,#5343,#5352,$,$);
#5354=IFCRELCONTAINEDINSPATIALSTRUCTURE('0OwinypJv1LQJejP$mxIaz',#5,$,$,(#5353),#33);
#5355=IFCCARTESIANPOINT((87.5,21.5,-0.5));
#5356=IFCAXIS2PLACEMENT3D(#5355,$,$);
#5357=IFCLOCALPLACEMENT(#32,#5356);
#5358=IFCCARTESIANPOINT((0.,0.));
#5359=IFCAXIS2PLACEMENT2D(#5358,$);
#5360=IFCRECTANGLEPROFILEDEF(.AREA.,$,#5359,0.25,9.);
#5361=IFCCARTESIANPOINT((0.,0.,0.));
#5362=IFCAXIS2PLACEMENT3D(#5361,$,$);
#5363=IFCDIRECTION((0.,0.,1.));
#5364=IFCEXTRUDEDAREASOLID(#5360,#5362,#5363,0.5);
#5365=IFCSHAPEREPRESENTATION(#14,'Body','SweptSolid',(#5364));
#5366=IFCPRODUCTDEFINITIONSHAPE($,$,(#5365));
#5367=IFCBEAM('2ArxDhTm16aRmwJvP3NxCQ',#5,'VB_S2_88_02',$,$,#5357,#5366,$,$);
#5368=IFCRELCONTAINEDINSPATIALSTRUCTURE('3cmyqA46f3yemtHkUaAZTw',#5,$,$,(#5367),#33);
#5369=IFCCARTESIANPOINT((87.5,29.5,-0.5));
#5370=IFCAXIS2PLACEMENT3D(#5369,$,$);
#5371=IFCLOCALPLACEMENT(#32,#5370);
#5372=IFCCARTESIANPOINT((0.,0.));
#5373=IFCAXIS2PLACEMENT2D(#5372,$);
#5374=IFCRECTANGLEPROFILEDEF(.AREA.,$,#5373,0.25,7.);
#5375=IFCCARTESIANPOINT((0.,0.,0.));
#5376=IFCAXIS2PLACEMENT3D(#5375,$,$);
#5377=IFCDIRECTION((0.,0.,1.));
#5378=IFCEXTRUDEDAREASOLID(#5374,#5376,#5377,0.5);
#5379=IFCSHAPEREPRESENTATION(#14,'Body','SweptSolid',(#5378));
#5380=IFCPRODUCTDEFINITIONSHAPE($,$,(#5379));
#5381=IFCBEAM('1i945Q2bn9QvQm7KLI0cjg',#5,'VB_S2_88_03',$,$,#5371,#5380,$,$);
#5382=IFCRELCONTAINEDINSPATIALSTRUCTURE('2YN8PB0VTBcuQBPibYvCAB',#5,$,$,(#5381),#33);
#5383=IFCCARTESIANPOINT((87.5,36.5,-0.5));
#5384=IFCAXIS2PLACEMENT3D(#5383,$,$);
#5385=IFCLOCALPLACEMENT(#32,#5384);
#5386=IFCCARTESIANPOINT((0.,0.));
#5387=IFCAXIS2PLACEMENT2D(#5386,$);
#5388=IFCRECTANGLEPROFILEDEF(.AREA.,$,#5387,0.25,7.);
#5389=IFCCARTESIANPOINT((0.,0.,0.));
#5390=IFCAXIS2PLACEMENT3D(#5389,$,$);
#5391=IFCDIRECTION((0.,0.,1.));
#5392=IFCEXTRUDEDAREASOLID(#5388,#5390,#5391,0.5);
#5393=IFCSHAPEREPRESENTATION(#14,'Body','SweptSolid',(#5392));
#5394=IFCPRODUCTDEFINITIONSHAPE($,$,(#5393));
#5395=IFCBEAM('2ipkJJjiz8z9do1$S1WL_d',#5,'VB_S2_88_04',$,$,#5385,#5394,$,$);
#5396=IFCRELCONTAINEDINSPATIALSTRUCTURE('2c_7DyPtDFhv5P_g_4qvFD',#5,$,$,(#5395),#33);
#5397=IFCCARTESIANPOINT((6.4400000000000004,3.,-0.5));
#5398=IFCAXIS2PLACEMENT3D(#5397,$,$);
#5399=IFCLOCALPLACEMENT(#36,#5398);
#5400=IFCCARTESIANPOINT((0.,0.));
#5401=IFCAXIS2PLACEMENT2D(#5400,$);
#5402=IFCRECTANGLEPROFILEDEF(.AREA.,$,#5401,7.8800000000000008,0.25);
#5403=IFCCARTESIANPOINT((0.,0.,0.));
#5404=IFCAXIS2PLACEMENT3D(#5403,$,$);
#5405=IFCDIRECTION((0.,0.,1.));
#5406=IFCEXTRUDEDAREASOLID(#5402,#5404,#5405,0.5);
#5407=IFCSHAPEREPRESENTATION(#14,'Body','SweptSolid',(#5406));
#5408=IFCPRODUCTDEFINITIONSHAPE($,$,(#5407));
#5409=IFCBEAM('0qmqtBLHnElvypfMfqzsra',#5,'VB_S1_3_00',$,$,#5399,#5408,$,$);
#5410=IFCRELCONTAINEDINSPATIALSTRUCTURE('1v5$iYMC94QOXPrSp6cN00',#5,$,$,(#5409),#37);
#5411=IFCCARTESIANPOINT((14.315000000000001,3.,-0.5));
#5412=IFCAXIS2PLACEMENT3D(#5411,$,$);
#5413=IFCLOCALPLACEMENT(#36,#5412);
#5414=IFCCARTESIANPOINT((0.,0.));
#5415=IFCAXIS2PLACEMENT2D(#5414,$);
#5416=IFCRECTANGLEPROFILEDEF(.AREA.,$,#5415,7.8699999999999992,0.25);
#5417=IFCCARTESIANPOINT((0.,0.,0.));
#5418=IFCAXIS2PLACEMENT3D(#5417,$,$);
#5419=IFCDIRECTION((0.,0.,1.));
#5420=IFCEXTRUDEDAREASOLID(#5416,#5418,#5419,0.5);
#5421=IFCSHAPEREPRESENTATION(#14,'Body','SweptSolid',(#5420));
#5422=IFCPRODUCTDEFINITIONSHAPE($,$,(#5421));
#5423=IFCBEAM('2uDm$m_J960uFXH5JYuTv2',#5,'VB_S1_3_01',$,$,#5413,#5422,$,$);
#5424=IFCRELCONTAINEDINSPATIALSTRUCTURE('0kEjzqFZbB9OT41IEifhOL',#5,$,$,(#5423),#37);
#5425=IFCCARTESIANPOINT((22.189999999999998,3.,-0.5));
#5426=IFCAXIS2PLACEMENT3D(#5425,$,$);
#5427=IFCLOCALPLACEMENT(#36,#5426);
#5428=IFCCARTESIANPOINT((0.,0.));
#5429=IFCAXIS2PLACEMENT2D(#5428,$);
#5430=IFCRECTANGLEPROFILEDEF(.AREA.,$,#5429,7.879999999999999,0.25);
#5431=IFCCARTESIANPOINT((0.,0.,0.));
#5432=IFCAXIS2PLACEMENT3D(#5431,$,$);
#5433=IFCDIRECTION((0.,0.,1.));
#5434=IFCEXTRUDEDAREASOLID(#5430,#5432,#5433,0.5);
#5435=IFCSHAPEREPRESENTATION(#14,'Body','SweptSolid',(#5434));
#5436=IFCPRODUCTDEFINITIONSHAPE($,$,(#5435));
#5437=IFCBEAM('0JnF1Iz3rAXOLkTXNPiVPr',#5,'VB_S1_3_02',$,$,#5427,#5436,$,$);
#5438=IFCRELCONTAINEDINSPATIALSTRUCTURE('1w6i5vsWvEEfyxBhmChl6l',#5,$,$,(#5437),#37);
#5439=IFCCARTESIANPOINT((30.064999999999998,3.,-0.5));
#5440=IFCAXIS2PLACEMENT3D(#5439,$,$);
#5441=IFCLOCALPLACEMENT(#36,#5440);
#5442=IFCCARTESIANPOINT((0.,0.));
#5443=IFCAXIS2PLACEMENT2D(#5442,$);
#5444=IFCRECTANGLEPROFILEDEF(.AREA.,$,#5443,7.870000000000001,0.25);
#5445=IFCCARTESIANPOINT((0.,0.,0.));
#5446=IFCAXIS2PLACEMENT3D(#5445,$,$);
#5447=IFCDIRECTION((0.,0.,1.));
#5448=IFCEXTRUDEDAREASOLID(#5444,#5446,#5447,0.5);
#5449=IFCSHAPEREPRESENTATION(#14,'Body','SweptSolid',(#5448));
#5450=IFCPRODUCTDEFINITIONSHAPE($,$,(#5449));
#5451=IFCBEAM('2UVtAlHY55pfviji89dIk4',#5,'VB_S1_3_03',$,$,#5441,#5450,$,$);
#5452=IFCRELCONTAINEDINSPATIALSTRUCTURE('2jocxNUXj9lA7jWNoXYlJ4',#5,$,$,(#5451),#37);
#5453=IFCCARTESIANPOINT((37.5,3.,-0.5));
#5454=IFCAXIS2PLACEMENT3D(#5453,$,$);
#5455=IFCLOCALPLACEMENT(#36,#5454);
#5456=IFCCARTESIANPOINT((0.,0.));
#5457=IFCAXIS2PLACEMENT2D(#5456,$);
#5458=IFCRECTANGLEPROFILEDEF(.AREA.,$,#5457,7.,0.25);
#5459=IFCCARTESIANPOINT((0.,0.,0.));
#5460=IFCAXIS2PLACEMENT3D(#5459,$,$);
#5461=IFCDIRECTION((0.,0.,1.));
#5462=IFCEXTRUDEDAREASOLID(#5458,#5460,#5461,0.5);
#5463=IFCSHAPEREPRESENTATION(#14,'Body','SweptSolid',(#5462));
#5464=IFCPRODUCTDEFINITIONSHAPE($,$,(#5463));
#5465=IFCBEAM('3LxzqNrdX94uSBfJ1CX92S',#5,'VB_S1_3_04',$,$,#5455,#5464,$,$);
#5466=IFCRELCONTAINEDINSPATIALSTRUCTURE('27ReIh4djByx5x0F8kE3S5',#5,$,$,(#5465),#37);
#5467=IFCCARTESIANPOINT((45.,3.,-0.5));
#5468=IFCAXIS2PLACEMENT3D(#5467,$,$);
#5469=IFCLOCALPLACEMENT(#36,#5468);
#5470=IFCCARTESIANPOINT((0.,0.));
#5471=IFCAXIS2PLACEMENT2D(#5470,$);
#5472=IFCRECTANGLEPROFILEDEF(.AREA.,$,#5471,8.,0.25);
#5473=IFCCARTESIANPOINT((0.,0.,0.));
#5474=IFCAXIS2PLACEMENT3D(#5473,$,$);
#5475=IFCDIRECTION((0.,0.,1.));
#5476=IFCEXTRUDEDAREASOLID(#5472,#5474,#5475,0.5);
#5477=IFCSHAPEREPRESENTATION(#14,'Body','SweptSolid',(#5476));
#5478=IFCPRODUCTDEFINITIONSHAPE($,$,(#5477));
#5479=IFCBEAM('2IlLn4$51BnuXVu3ME9yO_',#5,'VB_S1_3_05',$,$,#5469,#5478,$,$);
#5480=IFCRELCONTAINEDINSPATIALSTRUCTURE('2PCd5cqbvFq8p0P9$QbHOH',#5,$,$,(#5479),#37);
#5481=IFCCARTESIANPOINT((52.5,3.,-0.5));
#5482=IFCAXIS2PLACEMENT3D(#5481,$,$);
#5483=IFCLOCALPLACEMENT(#36,#5482);
#5484=IFCCARTESIANPOINT((0.,0.));
#5485=IFCAXIS2PLACEMENT2D(#5484,$);
#5486=IFCRECTANGLEPROFILEDEF(.AREA.,$,#5485,7.,0.25);
#5487=IFCCARTESIANPOINT((0.,0.,0.));
#5488=IFCAXIS2PLACEMENT3D(#5487,$,$);
#5489=IFCDIRECTION((0.,0.,1.));
#5490=IFCEXTRUDEDAREASOLID(#5486,#5488,#5489,0.5);
#5491=IFCSHAPEREPRESENTATION(#14,'Body','SweptSolid',(#5490));
#5492=IFCPRODUCTDEFINITIONSHAPE($,$,(#5491));
#5493=IFCBEAM('2TZPb2Gcz8nQ3QTlIQSmuM',#5,'VB_S1_3_06',$,$,#5483,#5492,$,$);
#5494=IFCRELCONTAINEDINSPATIALSTRUCTURE('1BKqQZuiz5q8zY4FE2vM9n',#5,$,$,(#5493),#37);
#5495=IFCCARTESIANPOINT((59.939999999999998,3.,-0.5));
#5496=IFCAXIS2PLACEMENT3D(#5495,$,$);
#5497=IFCLOCALPLACEMENT(#36,#5496);
#5498=IFCCARTESIANPOINT((0.,0.));
#5499=IFCAXIS2PLACEMENT2D(#5498,$);
#5500=IFCRECTANGLEPROFILEDEF(.AREA.,$,#5499,7.8800000000000026,0.25);
#5501=IFCCARTESIANPOINT((0.,0.,0.));
#5502=IFCAXIS2PLACEMENT3D(#5501,$,$);
#5503=IFCDIRECTION((0.,0.,1.));
#5504=IFCEXTRUDEDAREASOLID(#5500,#5502,#5503,0.5);
#5505=IFCSHAPEREPRESENTATION(#14,'Body','SweptSolid',(#5504));
#5506=IFCPRODUCTDEFINITIONSHAPE($,$,(#5505));
#5507=IFCBEAM('280$YCo$DDPO90iYnr4YNn',#5,'VB_S1_3_07',$,$,#5497,#5506,$,$);
#5508=IFCRELCONTAINEDINSPATIALSTRUCTURE('2nuYQcdf1FMgrR0vYicOb_',#5,$,$,(#5507),#37);
#5509=IFCCARTESIANPOINT((67.814999999999998,3.,-0.5));
#5510=IFCAXIS2PLACEMENT3D(#5509,$,$);
#5511=IFCLOCALPLACEMENT(#36,#5510);
#5512=IFCCARTESIANPOINT((0.,0.));
#5513=IFCAXIS2PLACEMENT2D(#5512,$);
#5514=IFCRECTANGLEPROFILEDEF(.AREA.,$,#5513,7.8699999999999974,0.25);
#5515=IFCCARTESIANPOINT((0.,0.,0.));
#5516=IFCAXIS2PLACEMENT3D(#5515,$,$);
#5517=IFCDIRECTION((0.,0.,1.));
#5518=IFCEXTRUDEDAREASOLID(#5514,#5516,#5517,0.5);
#5519=IFCSHAPEREPRESENTATION(#14,'Body','SweptSolid',(#5518));
#5520=IFCPRODUCTDEFINITIONSHAPE($,$,(#5519));
#5521=IFCBEAM('1eQm0sG3PBXhuuSf5_TuUO',#5,'VB_S1_3_08',$,$,#5511,#5520,$,$);
#5522=IFCRELCONTAINEDINSPATIALSTRUCTURE('3RkHmfOgHFSA8rEHlejHr6',#5,$,$,(#5521),#37);
#5523=IFCCARTESIANPOINT((75.689999999999998,3.,-0.5));
#5524=IFCAXIS2PLACEMENT3D(#5523,$,$);
#5525=IFCLOCALPLACEMENT(#36,#5524);
#5526=IFCCARTESIANPOINT((0.,0.));
#5527=IFCAXIS2PLACEMENT2D(#5526,$);
#5528=IFCRECTANGLEPROFILEDEF(.AREA.,$,#5527,7.8799999999999955,0.25);
#5529=IFCCARTESIANPOINT((0.,0.,0.));
#5530=IFCAXIS2PLACEMENT3D(#5529,$,$);
#5531=IFCDIRECTION((0.,0.,1.));
#5532=IFCEXTRUDEDAREASOLID(#5528,#5530,#5531,0.5);
#5533=IFCSHAPEREPRESENTATION(#14,'Body','SweptSolid',(#5532));
#5534=IFCPRODUCTDEFINITIONSHAPE($,$,(#5533));
#5535=IFCBEAM('3wDPy7fgDCH9XGMqe03C$k',#5,'VB_S1_3_09',$,$,#5525,#5534,$,$);
#5536=IFCRELCONTAINEDINSPATIALSTRUCTURE('1AJVJZfSv5e9_7PyIVPiQ4',#5,$,$,(#5535),#37);
#5537=IFCCARTESIANPOINT((83.564999999999998,3.,-0.5));
#5538=IFCAXIS2PLACEMENT3D(#5537,$,$);
#5539=IFCLOCALPLACEMENT(#36,#5538);
#5540=IFCCARTESIANPOINT((0.,0.));
#5541=IFCAXIS2PLACEMENT2D(#5540,$);
#5542=IFCRECTANGLEPROFILEDEF(.AREA.,$,#5541,7.8700000000000045,0.25);
#5543=IFCCARTESIANPOINT((0.,0.,0.));
#5544=IFCAXIS2PLACEMENT3D(#5543,$,$);
#5545=IFCDIRECTION((0.,0.,1.));
#5546=IFCEXTRUDEDAREASOLID(#5542,#5544,#5545,0.5);
#5547=IFCSHAPEREPRESENTATION(#14,'Body','SweptSolid',(#5546));
#5548=IFCPRODUCTDEFINITIONSHAPE($,$,(#5547));
#5549=IFCBEAM('3Az1ljoXL7cxDRFGXceYIG',#5,'VB_S1_3_10',$,$,#5539,#5548,$,$);
#5550=IFCRELCONTAINEDINSPATIALSTRUCTURE('37DL8Z3NLCeeB4Z6gW_mAg',#5,$,$,(#5549),#37);
#5551=IFCCARTESIANPOINT((6.4400000000000004,40.,-0.5));
#5552=IFCAXIS2PLACEMENT3D(#5551,$,$);
#5553=IFCLOCALPLACEMENT(#36,#5552);
#5554=IFCCARTESIANPOINT((0.,0.));
#5555=IFCAXIS2PLACEMENT2D(#5554,$);
#5556=IFCRECTANGLEPROFILEDEF(.AREA.,$,#5555,7.8800000000000008,0.25);
#5557=IFCCARTESIANPOINT((0.,0.,0.));
#5558=IFCAXIS2PLACEMENT3D(#5557,$,$);
#5559=IFCDIRECTION((0.,0.,1.));
#5560=IFCEXTRUDEDAREASOLID(#5556,#5558,#5559,0.5);
#5561=IFCSHAPEREPRESENTATION(#14,'Body','SweptSolid',(#5560));
#5562=IFCPRODUCTDEFINITIONSHAPE($,$,(#5561));
#5563=IFCBEAM('2n2i5bNcX6nBRlx4jmt9o6',#5,'VB_S1_40_00',$,$,#5553,#5562,$,$);
#5564=IFCRELCONTAINEDINSPATIALSTRUCTURE('2R8ZlRWubAVhuoxB_78DZy',#5,$,$,(#5563),#37);
#5565=IFCCARTESIANPOINT((14.315000000000001,40.,-0.5));
#5566=IFCAXIS2PLACEMENT3D(#5565,$,$);
#5567=IFCLOCALPLACEMENT(#36,#5566);
#5568=IFCCARTESIANPOINT((0.,0.));
#5569=IFCAXIS2PLACEMENT2D(#5568,$);
#5570=IFCRECTANGLEPROFILEDEF(.AREA.,$,#5569,7.8699999999999992,0.25);
#5571=IFCCARTESIANPOINT((0.,0.,0.));
#5572=IFCAXIS2PLACEMENT3D(#5571,$,$);
#5573=IFCDIRECTION((0.,0.,1.));
#5574=IFCEXTRUDEDAREASOLID(#5570,#5572,#5573,0.5);
#5575=IFCSHAPEREPRESENTATION(#14,'Body','SweptSolid',(#5574));
#5576=IFCPRODUCTDEFINITIONSHAPE($,$,(#5575));
#5577=IFCBEAM('29B$bShYb5K9ZI8zr3ybpw',#5,'VB_S1_40_01',$,$,#5567,#5576,$,$);
#5578=IFCRELCONTAINEDINSPATIALSTRUCTURE('092SB4hKzF_RDtnvZZ9ujM',#5,$,$,(#5577),#37);
#5579=IFCCARTESIANPOINT((22.189999999999998,40.,-0.5));
#5580=IFCAXIS2PLACEMENT3D(#5579,$,$);
#5581=IFCLOCALPLACEMENT(#36,#5580);
#5582=IFCCARTESIANPOINT((0.,0.));
#5583=IFCAXIS2PLACEMENT2D(#5582,$);
#5584=IFCRECTANGLEPROFILEDEF(.AREA.,$,#5583,7.879999999999999,0.25);
#5585=IFCCARTESIANPOINT((0.,0.,0.));
#5586=IFCAXIS2PLACEMENT3D(#5585,$,$);
#5587=IFCDIRECTION((0.,0.,1.));
#5588=IFCEXTRUDEDAREASOLID(#5584,#5586,#5587,0.5);
#5589=IFCSHAPEREPRESENTATION(#14,'Body','SweptSolid',(#5588));
#5590=IFCPRODUCTDEFINITIONSHAPE($,$,(#5589));
#5591=IFCBEAM('2dHC_un5HD4fBGpl8RCzSi',#5,'VB_S1_40_02',$,$,#5581,#5590,$,$);
#5592=IFCRELCONTAINEDINSPATIALSTRUCTURE('26Uj1CFszC$O2UNbhig6ZN',#5,$,$,(#5591),#37);
#5593=IFCCARTESIANPOINT((30.064999999999998,40.,-0.5));
#5594=IFCAXIS2PLACEMENT3D(#5593,$,$);
#5595=IFCLOCALPLACEMENT(#36,#5594);
#5596=IFCCARTESIANPOINT((0.,0.));
#5597=IFCAXIS2PLACEMENT2D(#5596,$);
#5598=IFCRECTANGLEPROFILEDEF(.AREA.,$,#5597,7.870000000000001,0.25);
#5599=IFCCARTESIANPOINT((0.,0.,0.));
#5600=IFCAXIS2PLACEMENT3D(#5599,$,$);
#5601=IFCDIRECTION((0.,0.,1.));
#5602=IFCEXTRUDEDAREASOLID(#5598,#5600,#5601,0.5);
#5603=IFCSHAPEREPRESENTATION(#14,'Body','SweptSolid',(#5602));
#5604=IFCPRODUCTDEFINITIONSHAPE($,$,(#5603));
#5605=IFCBEAM('2LhQEXEJb24wiUJVid9hvr',#5,'VB_S1_40_03',$,$,#5595,#5604,$,$);
#5606=IFCRELCONTAINEDINSPATIALSTRUCTURE('1iBzVej2nBFOilMI7sNXTz',#5,$,$,(#5605),#37);
#5607=IFCCARTESIANPOINT((37.5,40.,-0.5));
#5608=IFCAXIS2PLACEMENT3D(#5607,$,$);
#5609=IFCLOCALPLACEMENT(#36,#5608);
#5610=IFCCARTESIANPOINT((0.,0.));
#5611=IFCAXIS2PLACEMENT2D(#5610,$);
#5612=IFCRECTANGLEPROFILEDEF(.AREA.,$,#5611,7.,0.25);
#5613=IFCCARTESIANPOINT((0.,0.,0.));
#5614=IFCAXIS2PLACEMENT3D(#5613,$,$);
#5615=IFCDIRECTION((0.,0.,1.));
#5616=IFCEXTRUDEDAREASOLID(#5612,#5614,#5615,0.5);
#5617=IFCSHAPEREPRESENTATION(#14,'Body','SweptSolid',(#5616));
#5618=IFCPRODUCTDEFINITIONSHAPE($,$,(#5617));
#5619=IFCBEAM('1R3x0ETufA4RBKQp8JRBgR',#5,'VB_S1_40_04',$,$,#5609,#5618,$,$);
#5620=IFCRELCONTAINEDINSPATIALSTRUCTURE('2amCPicvf3Eve0twW9u9uG',#5,$,$,(#5619),#37);
#5621=IFCCARTESIANPOINT((45.,40.,-0.5));
#5622=IFCAXIS2PLACEMENT3D(#5621,$,$);
#5623=IFCLOCALPLACEMENT(#36,#5622);
#5624=IFCCARTESIANPOINT((0.,0.));
#5625=IFCAXIS2PLACEMENT2D(#5624,$);
#5626=IFCRECTANGLEPROFILEDEF(.AREA.,$,#5625,8.,0.25);
#5627=IFCCARTESIANPOINT((0.,0.,0.));
#5628=IFCAXIS2PLACEMENT3D(#5627,$,$);
#5629=IFCDIRECTION((0.,0.,1.));
#5630=IFCEXTRUDEDAREASOLID(#5626,#5628,#5629,0.5);
#5631=IFCSHAPEREPRESENTATION(#14,'Body','SweptSolid',(#5630));
#5632=IFCPRODUCTDEFINITIONSHAPE($,$,(#5631));
#5633=IFCBEAM('1HIoN5i4z4iAaC5HZElExs',#5,'VB_S1_40_05',$,$,#5623,#5632,$,$);
#5634=IFCRELCONTAINEDINSPATIALSTRUCTURE('26jASz5nr7ixRKKIlmHnKC',#5,$,$,(#5633),#37);
#5635=IFCCARTESIANPOINT((52.5,40.,-0.5));
#5636=IFCAXIS2PLACEMENT3D(#5635,$,$);
#5637=IFCLOCALPLACEMENT(#36,#5636);
#5638=IFCCARTESIANPOINT((0.,0.));
#5639=IFCAXIS2PLACEMENT2D(#5638,$);
#5640=IFCRECTANGLEPROFILEDEF(.AREA.,$,#5639,7.,0.25);
#5641=IFCCARTESIANPOINT((0.,0.,0.));
#5642=IFCAXIS2PLACEMENT3D(#5641,$,$);
#5643=IFCDIRECTION((0.,0.,1.));
#5644=IFCEXTRUDEDAREASOLID(#5640,#5642,#5643,0.5);
#5645=IFCSHAPEREPRESENTATION(#14,'Body','SweptSolid',(#5644));
#5646=IFCPRODUCTDEFINITIONSHAPE($,$,(#5645));
#5647=IFCBEAM('3rr8VhRtP6VAFLVAgLs2m3',#5,'VB_S1_40_06',$,$,#5637,#5646,$,$);
#5648=IFCRELCONTAINEDINSPATIALSTRUCTURE('3INAJZ_fX7NfCFILR3MEFu',#5,$,$,(#5647),#37);
#5649=IFCCARTESIANPOINT((59.939999999999998,40.,-0.5));
#5650=IFCAXIS2PLACEMENT3D(#5649,$,$);
#5651=IFCLOCALPLACEMENT(#36,#5650);
#5652=IFCCARTESIANPOINT((0.,0.));
#5653=IFCAXIS2PLACEMENT2D(#5652,$);
#5654=IFCRECTANGLEPROFILEDEF(.AREA.,$,#5653,7.8800000000000026,0.25);
#5655=IFCCARTESIANPOINT((0.,0.,0.));
#5656=IFCAXIS2PLACEMENT3D(#5655,$,$);
#5657=IFCDIRECTION((0.,0.,1.));
#5658=IFCEXTRUDEDAREASOLID(#5654,#5656,#5657,0.5);
#5659=IFCSHAPEREPRESENTATION(#14,'Body','SweptSolid',(#5658));
#5660=IFCPRODUCTDEFINITIONSHAPE($,$,(#5659));
#5661=IFCBEAM('1BZ3865k5EoQ_5G8etfw0I',#5,'VB_S1_40_07',$,$,#5651,#5660,$,$);
#5662=IFCRELCONTAINEDINSPATIALSTRUCTURE('2K13nw2WvBp8qurgwCaq2n',#5,$,$,(#5661),#37);
#5663=IFCCARTESIANPOINT((67.814999999999998,40.,-0.5));
#5664=IFCAXIS2PLACEMENT3D(#5663,$,$);
#5665=IFCLOCALPLACEMENT(#36,#5664);
#5666=IFCCARTESIANPOINT((0.,0.));
#5667=IFCAXIS2PLACEMENT2D(#5666,$);
#5668=IFCRECTANGLEPROFILEDEF(.AREA.,$,#5667,7.8699999999999974,0.25);
#5669=IFCCARTESIANPOINT((0.,0.,0.));
#5670=IFCAXIS2PLACEMENT3D(#5669,$,$);
#5671=IFCDIRECTION((0.,0.,1.));
#5672=IFCEXTRUDEDAREASOLID(#5668,#5670,#5671,0.5);
#5673=IFCSHAPEREPRESENTATION(#14,'Body','SweptSolid',(#5672));
#5674=IFCPRODUCTDEFINITIONSHAPE($,$,(#5673));
#5675=IFCBEAM('3HZ9403lb6Xum$ThzGQXzX',#5,'VB_S1_40_08',$,$,#5665,#5674,$,$);
#5676=IFCRELCONTAINEDINSPATIALSTRUCTURE('2YBhjbBEvBZQ_W6FYhAMaC',#5,$,$,(#5675),#37);
#5677=IFCCARTESIANPOINT((75.689999999999998,40.,-0.5));
#5678=IFCAXIS2PLACEMENT3D(#5677,$,$);
#5679=IFCLOCALPLACEMENT(#36,#5678);
#5680=IFCCARTESIANPOINT((0.,0.));
#5681=IFCAXIS2PLACEMENT2D(#5680,$);
#5682=IFCRECTANGLEPROFILEDEF(.AREA.,$,#5681,7.8799999999999955,0.25);
#5683=IFCCARTESIANPOINT((0.,0.,0.));
#5684=IFCAXIS2PLACEMENT3D(#5683,$,$);
#5685=IFCDIRECTION((0.,0.,1.));
#5686=IFCEXTRUDEDAREASOLID(#5682,#5684,#5685,0.5);
#5687=IFCSHAPEREPRESENTATION(#14,'Body','SweptSolid',(#5686));
#5688=IFCPRODUCTDEFINITIONSHAPE($,$,(#5687));
#5689=IFCBEAM('2BpqKLXgr8dPD6CsPX7vx3',#5,'VB_S1_40_09',$,$,#5679,#5688,$,$);
#5690=IFCRELCONTAINEDINSPATIALSTRUCTURE('2wwDHVLlHEBukpzr41Vx6s',#5,$,$,(#5689),#37);
#5691=IFCCARTESIANPOINT((83.564999999999998,40.,-0.5));
#5692=IFCAXIS2PLACEMENT3D(#5691,$,$);
#5693=IFCLOCALPLACEMENT(#36,#5692);
#5694=IFCCARTESIANPOINT((0.,0.));
#5695=IFCAXIS2PLACEMENT2D(#5694,$);
#5696=IFCRECTANGLEPROFILEDEF(.AREA.,$,#5695,7.8700000000000045,0.25);
#5697=IFCCARTESIANPOINT((0.,0.,0.));
#5698=IFCAXIS2PLACEMENT3D(#5697,$,$);
#5699=IFCDIRECTION((0.,0.,1.));
#5700=IFCEXTRUDEDAREASOLID(#5696,#5698,#5699,0.5);
#5701=IFCSHAPEREPRESENTATION(#14,'Body','SweptSolid',(#5700));
#5702=IFCPRODUCTDEFINITIONSHAPE($,$,(#5701));
#5703=IFCBEAM('1GpB3jaej2u9T2lhcaM0AJ',#5,'VB_S1_40_10',$,$,#5693,#5702,$,$);
#5704=IFCRELCONTAINEDINSPATIALSTRUCTURE('0J1fb1abLA78Re8tTfhJFG',#5,$,$,(#5703),#37);
#5705=IFCCARTESIANPOINT((2.5,6.5,-0.5));
#5706=IFCAXIS2PLACEMENT3D(#5705,$,$);
#5707=IFCLOCALPLACEMENT(#36,#5706);
#5708=IFCCARTESIANPOINT((0.,0.));
#5709=IFCAXIS2PLACEMENT2D(#5708,$);
#5710=IFCRECTANGLEPROFILEDEF(.AREA.,$,#5709,0.25,7.);
#5711=IFCCARTESIANPOINT((0.,0.,0.));
#5712=IFCAXIS2PLACEMENT3D(#5711,$,$);
#5713=IFCDIRECTION((0.,0.,1.));
#5714=IFCEXTRUDEDAREASOLID(#5710,#5712,#5713,0.5);
#5715=IFCSHAPEREPRESENTATION(#14,'Body','SweptSolid',(#5714));
#5716=IFCPRODUCTDEFINITIONSHAPE($,$,(#5715));
#5717=IFCBEAM('0$G7Iv73T8Tva0bB_DtB6t',#5,'VB_S1_2_00',$,$,#5707,#5716,$,$);
#5718=IFCRELCONTAINEDINSPATIALSTRUCTURE('3iKDQj$XX6sP474GayzyLt',#5,$,$,(#5717),#37);
#5719=IFCCARTESIANPOINT((2.5,13.5,-0.5));
#5720=IFCAXIS2PLACEMENT3D(#5719,$,$);
#5721=IFCLOCALPLACEMENT(#36,#5720);
#5722=IFCCARTESIANPOINT((0.,0.));
#5723=IFCAXIS2PLACEMENT2D(#5722,$);
#5724=IFCRECTANGLEPROFILEDEF(.AREA.,$,#5723,0.25,7.);
#5725=IFCCARTESIANPOINT((0.,0.,0.));
#5726=IFCAXIS2PLACEMENT3D(#5725,$,$);
#5727=IFCDIRECTION((0.,0.,1.));
#5728=IFCEXTRUDEDAREASOLID(#5724,#5726,#5727,0.5);
#5729=IFCSHAPEREPRESENTATION(#14,'Body','SweptSolid',(#5728));
#5730=IFCPRODUCTDEFINITIONSHAPE($,$,(#5729));
#5731=IFCBEAM('1C1xNHx_XBMuduwHJY2lJ6',#5,'VB_S1_2_01',$,$,#5721,#5730,$,$);
#5732=IFCRELCONTAINEDINSPATIALSTRUCTURE('3S4lCQM_90eA3TY_6VDbE$',#5,$,$,(#5731),#37);
#5733=IFCCARTESIANPOINT((2.5,21.5,-0.5));
#5734=IFCAXIS2PLACEMENT3D(#5733,$,$);
#5735=IFCLOCALPLACEMENT(#36,#5734);
#5736=IFCCARTESIANPOINT((0.,0.));
#5737=IFCAXIS2PLACEMENT2D(#5736,$);
#5738=IFCRECTANGLEPROFILEDEF(.AREA.,$,#5737,0.25,9.);
#5739=IFCCARTESIANPOINT((0.,0.,0.));
#5740=IFCAXIS2PLACEMENT3D(#5739,$,$);
#5741=IFCDIRECTION((0.,0.,1.));
#5742=IFCEXTRUDEDAREASOLID(#5738,#5740,#5741,0.5);
#5743=IFCSHAPEREPRESENTATION(#14,'Body','SweptSolid',(#5742));
#5744=IFCPRODUCTDEFINITIONSHAPE($,$,(#5743));
#5745=IFCBEAM('3Ryl4RNmH55wD6AyfjCpuJ',#5,'VB_S1_2_02',$,$,#5735,#5744,$,$);
#5746=IFCRELCONTAINEDINSPATIALSTRUCTURE('01_oXvO_H0wRd7m$R1sbNe',#5,$,$,(#5745),#37);
#5747=IFCCARTESIANPOINT((2.5,29.5,-0.5));
#5748=IFCAXIS2PLACEMENT3D(#5747,$,$);
#5749=IFCLOCALPLACEMENT(#36,#5748);
#5750=IFCCARTESIANPOINT((0.,0.));
#5751=IFCAXIS2PLACEMENT2D(#5750,$);
#5752=IFCRECTANGLEPROFILEDEF(.AREA.,$,#5751,0.25,7.);
#5753=IFCCARTESIANPOINT((0.,0.,0.));
#5754=IFCAXIS2PLACEMENT3D(#5753,$,$);
#5755=IFCDIRECTION((0.,0.,1.));
#5756=IFCEXTRUDEDAREASOLID(#5752,#5754,#5755,0.5);
#5757=IFCSHAPEREPRESENTATION(#14,'Body','SweptSolid',(#5756));
#5758=IFCPRODUCTDEFINITIONSHAPE($,$,(#5757));
#5759=IFCBEAM('2DhG1D$ozCs9NXT_uIrl4G',#5,'VB_S1_2_03',$,$,#5749,#5758,$,$);
#5760=IFCRELCONTAINEDINSPATIALSTRUCTURE('3FROngnKHE$88ZGODPc0ta',#5,$,$,(#5759),#37);
#5761=IFCCARTESIANPOINT((2.5,36.5,-0.5));
#5762=IFCAXIS2PLACEMENT3D(#5761,$,$);
#5763=IFCLOCALPLACEMENT(#36,#5762);
#5764=IFCCARTESIANPOINT((0.,0.));
#5765=IFCAXIS2PLACEMENT2D(#5764,$);
#5766=IFCRECTANGLEPROFILEDEF(.AREA.,$,#5765,0.25,7.);
#5767=IFCCARTESIANPOINT((0.,0.,0.));
#5768=IFCAXIS2PLACEMENT3D(#5767,$,$);
#5769=IFCDIRECTION((0.,0.,1.));
#5770=IFCEXTRUDEDAREASOLID(#5766,#5768,#5769,0.5);
#5771=IFCSHAPEREPRESENTATION(#14,'Body','SweptSolid',(#5770));
#5772=IFCPRODUCTDEFINITIONSHAPE($,$,(#5771));
#5773=IFCBEAM('0bJIp94Yz5RB0PYCMp47Pc',#5,'VB_S1_2_04',$,$,#5763,#5772,$,$);
#5774=IFCRELCONTAINEDINSPATIALSTRUCTURE('1YUPh9N1DEHerv2rtFPrul',#5,$,$,(#5773),#37);
#5775=IFCCARTESIANPOINT((87.5,6.5,-0.5));
#5776=IFCAXIS2PLACEMENT3D(#5775,$,$);
#5777=IFCLOCALPLACEMENT(#36,#5776);
#5778=IFCCARTESIANPOINT((0.,0.));
#5779=IFCAXIS2PLACEMENT2D(#5778,$);
#5780=IFCRECTANGLEPROFILEDEF(.AREA.,$,#5779,0.25,7.);
#5781=IFCCARTESIANPOINT((0.,0.,0.));
#5782=IFCAXIS2PLACEMENT3D(#5781,$,$);
#5783=IFCDIRECTION((0.,0.,1.));
#5784=IFCEXTRUDEDAREASOLID(#5780,#5782,#5783,0.5);
#5785=IFCSHAPEREPRESENTATION(#14,'Body','SweptSolid',(#5784));
#5786=IFCPRODUCTDEFINITIONSHAPE($,$,(#5785));
#5787=IFCBEAM('26Q498MJb6980i1jFjlajM',#5,'VB_S1_88_00',$,$,#5777,#5786,$,$);
#5788=IFCRELCONTAINEDINSPATIALSTRUCTURE('3ipb_STtn2wPBpJL2d3Hca',#5,$,$,(#5787),#37);
#5789=IFCCARTESIANPOINT((87.5,13.5,-0.5));
#5790=IFCAXIS2PLACEMENT3D(#5789,$,$);
#5791=IFCLOCALPLACEMENT(#36,#5790);
#5792=IFCCARTESIANPOINT((0.,0.));
#5793=IFCAXIS2PLACEMENT2D(#5792,$);
#5794=IFCRECTANGLEPROFILEDEF(.AREA.,$,#5793,0.25,7.);
#5795=IFCCARTESIANPOINT((0.,0.,0.));
#5796=IFCAXIS2PLACEMENT3D(#5795,$,$);
#5797=IFCDIRECTION((0.,0.,1.));
#5798=IFCEXTRUDEDAREASOLID(#5794,#5796,#5797,0.5);
#5799=IFCSHAPEREPRESENTATION(#14,'Body','SweptSolid',(#5798));
#5800=IFCPRODUCTDEFINITIONSHAPE($,$,(#5799));
#5801=IFCBEAM('1TDfu5bqP1bg61nwHqEkip',#5,'VB_S1_88_01',$,$,#5791,#5800,$,$);
#5802=IFCRELCONTAINEDINSPATIALSTRUCTURE('3Edq1X0dD9BuoEB7iQkdmE',#5,$,$,(#5801),#37);
#5803=IFCCARTESIANPOINT((87.5,21.5,-0.5));
#5804=IFCAXIS2PLACEMENT3D(#5803,$,$);
#5805=IFCLOCALPLACEMENT(#36,#5804);
#5806=IFCCARTESIANPOINT((0.,0.));
#5807=IFCAXIS2PLACEMENT2D(#5806,$);
#5808=IFCRECTANGLEPROFILEDEF(.AREA.,$,#5807,0.25,9.);
#5809=IFCCARTESIANPOINT((0.,0.,0.));
#5810=IFCAXIS2PLACEMENT3D(#5809,$,$);
#5811=IFCDIRECTION((0.,0.,1.));
#5812=IFCEXTRUDEDAREASOLID(#5808,#5810,#5811,0.5);
#5813=IFCSHAPEREPRESENTATION(#14,'Body','SweptSolid',(#5812));
#5814=IFCPRODUCTDEFINITIONSHAPE($,$,(#5813));
#5815=IFCBEAM('2ovkUA6brAEhrKLlexZkRq',#5,'VB_S1_88_02',$,$,#5805,#5814,$,$);
#5816=IFCRELCONTAINEDINSPATIALSTRUCTURE('3FH64ebKPDfwqf3_nxE_vP',#5,$,$,(#5815),#37);
#5817=IFCCARTESIANPOINT((87.5,29.5,-0.5));
#5818=IFCAXIS2PLACEMENT3D(#5817,$,$);
#5819=IFCLOCALPLACEMENT(#36,#5818);
#5820=IFCCARTESIANPOINT((0.,0.));
#5821=IFCAXIS2PLACEMENT2D(#5820,$);
#5822=IFCRECTANGLEPROFILEDEF(.AREA.,$,#5821,0.25,7.);
#5823=IFCCARTESIANPOINT((0.,0.,0.));
#5824=IFCAXIS2PLACEMENT3D(#5823,$,$);
#5825=IFCDIRECTION((0.,0.,1.));
#5826=IFCEXTRUDEDAREASOLID(#5822,#5824,#5825,0.5);
#5827=IFCSHAPEREPRESENTATION(#14,'Body','SweptSolid',(#5826));
#5828=IFCPRODUCTDEFINITIONSHAPE($,$,(#5827));
#5829=IFCBEAM('3TmD0uW1927PMv1ZTIHyRB',#5,'VB_S1_88_03',$,$,#5819,#5828,$,$);
#5830=IFCRELCONTAINEDINSPATIALSTRUCTURE('3q7Er_2gzB5xxQ4JzbJCVo',#5,$,$,(#5829),#37);
#5831=IFCCARTESIANPOINT((87.5,36.5,-0.5));
#5832=IFCAXIS2PLACEMENT3D(#5831,$,$);
#5833=IFCLOCALPLACEMENT(#36,#5832);
#5834=IFCCARTESIANPOINT((0.,0.));
#5835=IFCAXIS2PLACEMENT2D(#5834,$);
#5836=IFCRECTANGLEPROFILEDEF(.AREA.,$,#5835,0.25,7.);
#5837=IFCCARTESIANPOINT((0.,0.,0.));
#5838=IFCAXIS2PLACEMENT3D(#5837,$,$);
#5839=IFCDIRECTION((0.,0.,1.));
#5840=IFCEXTRUDEDAREASOLID(#5836,#5838,#5839,0.5);
#5841=IFCSHAPEREPRESENTATION(#14,'Body','SweptSolid',(#5840));
#5842=IFCPRODUCTDEFINITIONSHAPE($,$,(#5841));
#5843=IFCBEAM('24PLPEseDCa9m0kEJle2np',#5,'VB_S1_88_04',$,$,#5833,#5842,$,$);
#5844=IFCRELCONTAINEDINSPATIALSTRUCTURE('3a8s36iJz7pgBGIfMvIrzW',#5,$,$,(#5843),#37);
#5845=IFCCARTESIANPOINT((6.4400000000000004,3.,-0.5));
#5846=IFCAXIS2PLACEMENT3D(#5845,$,$);
#5847=IFCLOCALPLACEMENT(#40,#5846);
#5848=IFCCARTESIANPOINT((0.,0.));
#5849=IFCAXIS2PLACEMENT2D(#5848,$);
#5850=IFCRECTANGLEPROFILEDEF(.AREA.,$,#5849,7.8800000000000008,0.25);
#5851=IFCCARTESIANPOINT((0.,0.,0.));
#5852=IFCAXIS2PLACEMENT3D(#5851,$,$);
#5853=IFCDIRECTION((0.,0.,1.));
#5854=IFCEXTRUDEDAREASOLID(#5850,#5852,#5853,0.5);
#5855=IFCSHAPEREPRESENTATION(#14,'Body','SweptSolid',(#5854));
#5856=IFCPRODUCTDEFINITIONSHAPE($,$,(#5855));
#5857=IFCBEAM('2PUmMG0v98iBbneMyieTLI',#5,'VB_PB_3_00',$,$,#5847,#5856,$,$);
#5858=IFCRELCONTAINEDINSPATIALSTRUCTURE('0AbACfnsP1UQxR0l0nTF84',#5,$,$,(#5857),#41);
#5859=IFCCARTESIANPOINT((14.315000000000001,3.,-0.5));
#5860=IFCAXIS2PLACEMENT3D(#5859,$,$);
#5861=IFCLOCALPLACEMENT(#40,#5860);
#5862=IFCCARTESIANPOINT((0.,0.));
#5863=IFCAXIS2PLACEMENT2D(#5862,$);
#5864=IFCRECTANGLEPROFILEDEF(.AREA.,$,#5863,7.8699999999999992,0.25);
#5865=IFCCARTESIANPOINT((0.,0.,0.));
#5866=IFCAXIS2PLACEMENT3D(#5865,$,$);
#5867=IFCDIRECTION((0.,0.,1.));
#5868=IFCEXTRUDEDAREASOLID(#5864,#5866,#5867,0.5);
#5869=IFCSHAPEREPRESENTATION(#14,'Body','SweptSolid',(#5868));
#5870=IFCPRODUCTDEFINITIONSHAPE($,$,(#5869));
#5871=IFCBEAM('2hlOnPL8n8Cf_nCy_Yazop',#5,'VB_PB_3_01',$,$,#5861,#5870,$,$);
#5872=IFCRELCONTAINEDINSPATIALSTRUCTURE('2NRSof3Qz4_Qyl5Y5$96sr',#5,$,$,(#5871),#41);
#5873=IFCCARTESIANPOINT((22.189999999999998,3.,-0.5));
#5874=IFCAXIS2PLACEMENT3D(#5873,$,$);
#5875=IFCLOCALPLACEMENT(#40,#5874);
#5876=IFCCARTESIANPOINT((0.,0.));
#5877=IFCAXIS2PLACEMENT2D(#5876,$);
#5878=IFCRECTANGLEPROFILEDEF(.AREA.,$,#5877,7.879999999999999,0.25);
#5879=IFCCARTESIANPOINT((0.,0.,0.));
#5880=IFCAXIS2PLACEMENT3D(#5879,$,$);
#5881=IFCDIRECTION((0.,0.,1.));
#5882=IFCEXTRUDEDAREASOLID(#5878,#5880,#5881,0.5);
#5883=IFCSHAPEREPRESENTATION(#14,'Body','SweptSolid',(#5882));
#5884=IFCPRODUCTDEFINITIONSHAPE($,$,(#5883));
#5885=IFCBEAM('0nbL4wl6jD4hyiUptx96lw',#5,'VB_PB_3_02',$,$,#5875,#5884,$,$);
#5886=IFCRELCONTAINEDINSPATIALSTRUCTURE('2QLvH7LH15Ehj_kkVip305',#5,$,$,(#5885),#41);
#5887=IFCCARTESIANPOINT((30.064999999999998,3.,-0.5));
#5888=IFCAXIS2PLACEMENT3D(#5887,$,$);
#5889=IFCLOCALPLACEMENT(#40,#5888);
#5890=IFCCARTESIANPOINT((0.,0.));
#5891=IFCAXIS2PLACEMENT2D(#5890,$);
#5892=IFCRECTANGLEPROFILEDEF(.AREA.,$,#5891,7.870000000000001,0.25);
#5893=IFCCARTESIANPOINT((0.,0.,0.));
#5894=IFCAXIS2PLACEMENT3D(#5893,$,$);
#5895=IFCDIRECTION((0.,0.,1.));
#5896=IFCEXTRUDEDAREASOLID(#5892,#5894,#5895,0.5);
#5897=IFCSHAPEREPRESENTATION(#14,'Body','SweptSolid',(#5896));
#5898=IFCPRODUCTDEFINITIONSHAPE($,$,(#5897));
#5899=IFCBEAM('3_yq9RbkXBPBE1mvyV8_$2',#5,'VB_PB_3_03',$,$,#5889,#5898,$,$);
#5900=IFCRELCONTAINEDINSPATIALSTRUCTURE('1AMQ9Tti9BIw$hUWDaDR_q',#5,$,$,(#5899),#41);
#5901=IFCCARTESIANPOINT((37.5,3.,-0.5));
#5902=IFCAXIS2PLACEMENT3D(#5901,$,$);
#5903=IFCLOCALPLACEMENT(#40,#5902);
#5904=IFCCARTESIANPOINT((0.,0.));
#5905=IFCAXIS2PLACEMENT2D(#5904,$);
#5906=IFCRECTANGLEPROFILEDEF(.AREA.,$,#5905,7.,0.25);
#5907=IFCCARTESIANPOINT((0.,0.,0.));
#5908=IFCAXIS2PLACEMENT3D(#5907,$,$);
#5909=IFCDIRECTION((0.,0.,1.));
#5910=IFCEXTRUDEDAREASOLID(#5906,#5908,#5909,0.5);
#5911=IFCSHAPEREPRESENTATION(#14,'Body','SweptSolid',(#5910));
#5912=IFCPRODUCTDEFINITIONSHAPE($,$,(#5911));
#5913=IFCBEAM('3MyxD03gr7bveOqct4ASdr',#5,'VB_PB_3_04',$,$,#5903,#5912,$,$);
#5914=IFCRELCONTAINEDINSPATIALSTRUCTURE('3Jr$I240vETP$rbupTBDDc',#5,$,$,(#5913),#41);
#5915=IFCCARTESIANPOINT((45.,3.,-0.5));
#5916=IFCAXIS2PLACEMENT3D(#5915,$,$);
#5917=IFCLOCALPLACEMENT(#40,#5916);
#5918=IFCCARTESIANPOINT((0.,0.));
#5919=IFCAXIS2PLACEMENT2D(#5918,$);
#5920=IFCRECTANGLEPROFILEDEF(.AREA.,$,#5919,8.,0.25);
#5921=IFCCARTESIANPOINT((0.,0.,0.));
#5922=IFCAXIS2PLACEMENT3D(#5921,$,$);
#5923=IFCDIRECTION((0.,0.,1.));
#5924=IFCEXTRUDEDAREASOLID(#5920,#5922,#5923,0.5);
#5925=IFCSHAPEREPRESENTATION(#14,'Body','SweptSolid',(#5924));
#5926=IFCPRODUCTDEFINITIONSHAPE($,$,(#5925));
#5927=IFCBEAM('2SGEuu$0jBuh4XC6ohlq5w',#5,'VB_PB_3_05',$,$,#5917,#5926,$,$);
#5928=IFCRELCONTAINEDINSPATIALSTRUCTURE('3Hl6tRQYL7txzDERwaG_my',#5,$,$,(#5927),#41);
#5929=IFCCARTESIANPOINT((52.5,3.,-0.5));
#5930=IFCAXIS2PLACEMENT3D(#5929,$,$);
#5931=IFCLOCALPLACEMENT(#40,#5930);
#5932=IFCCARTESIANPOINT((0.,0.));
#5933=IFCAXIS2PLACEMENT2D(#5932,$);
#5934=IFCRECTANGLEPROFILEDEF(.AREA.,$,#5933,7.,0.25);
#5935=IFCCARTESIANPOINT((0.,0.,0.));
#5936=IFCAXIS2PLACEMENT3D(#5935,$,$);
#5937=IFCDIRECTION((0.,0.,1.));
#5938=IFCEXTRUDEDAREASOLID(#5934,#5936,#5937,0.5);
#5939=IFCSHAPEREPRESENTATION(#14,'Body','SweptSolid',(#5938));
#5940=IFCPRODUCTDEFINITIONSHAPE($,$,(#5939));
#5941=IFCBEAM('1uiB9Vg2r9nfv2GHoYIcE2',#5,'VB_PB_3_06',$,$,#5931,#5940,$,$);
#5942=IFCRELCONTAINEDINSPATIALSTRUCTURE('3y4sboOHz2SujaUfMbLR49',#5,$,$,(#5941),#41);
#5943=IFCCARTESIANPOINT((59.939999999999998,3.,-0.5));
#5944=IFCAXIS2PLACEMENT3D(#5943,$,$);
#5945=IFCLOCALPLACEMENT(#40,#5944);
#5946=IFCCARTESIANPOINT((0.,0.));
#5947=IFCAXIS2PLACEMENT2D(#5946,$);
#5948=IFCRECTANGLEPROFILEDEF(.AREA.,$,#5947,7.8800000000000026,0.25);
#5949=IFCCARTESIANPOINT((0.,0.,0.));
#5950=IFCAXIS2PLACEMENT3D(#5949,$,$);
#5951=IFCDIRECTION((0.,0.,1.));
#5952=IFCEXTRUDEDAREASOLID(#5948,#5950,#5951,0.5);
#5953=IFCSHAPEREPRESENTATION(#14,'Body','SweptSolid',(#5952));
#5954=IFCPRODUCTDEFINITIONSHAPE($,$,(#5953));
#5955=IFCBEAM('1FaILL_wLBL9TjdAOkin7a',#5,'VB_PB_3_07',$,$,#5945,#5954,$,$);
#5956=IFCRELCONTAINEDINSPATIALSTRUCTURE('17JiQvMZjDMvb87BmEIaCd',#5,$,$,(#5955),#41);
#5957=IFCCARTESIANPOINT((67.814999999999998,3.,-0.5));
#5958=IFCAXIS2PLACEMENT3D(#5957,$,$);
#5959=IFCLOCALPLACEMENT(#40,#5958);
#5960=IFCCARTESIANPOINT((0.,0.));
#5961=IFCAXIS2PLACEMENT2D(#5960,$);
#5962=IFCRECTANGLEPROFILEDEF(.AREA.,$,#5961,7.8699999999999974,0.25);
#5963=IFCCARTESIANPOINT((0.,0.,0.));
#5964=IFCAXIS2PLACEMENT3D(#5963,$,$);
#5965=IFCDIRECTION((0.,0.,1.));
#5966=IFCEXTRUDEDAREASOLID(#5962,#5964,#5965,0.5);
#5967=IFCSHAPEREPRESENTATION(#14,'Body','SweptSolid',(#5966));
#5968=IFCPRODUCTDEFINITIONSHAPE($,$,(#5967));
#5969=IFCBEAM('3m7f1UJcH8yPlQTO0a9I4L',#5,'VB_PB_3_08',$,$,#5959,#5968,$,$);
#5970=IFCRELCONTAINEDINSPATIALSTRUCTURE('1hgv_nrab9uP3pyvd3HgBo',#5,$,$,(#5969),#41);
#5971=IFCCARTESIANPOINT((75.689999999999998,3.,-0.5));
#5972=IFCAXIS2PLACEMENT3D(#5971,$,$);
#5973=IFCLOCALPLACEMENT(#40,#5972);
#5974=IFCCARTESIANPOINT((0.,0.));
#5975=IFCAXIS2PLACEMENT2D(#5974,$);
#5976=IFCRECTANGLEPROFILEDEF(.AREA.,$,#5975,7.8799999999999955,0.25);
#5977=IFCCARTESIANPOINT((0.,0.,0.));
#5978=IFCAXIS2PLACEMENT3D(#5977,$,$);
#5979=IFCDIRECTION((0.,0.,1.));
#5980=IFCEXTRUDEDAREASOLID(#5976,#5978,#5979,0.5);
#5981=IFCSHAPEREPRESENTATION(#14,'Body','SweptSolid',(#5980));
#5982=IFCPRODUCTDEFINITIONSHAPE($,$,(#5981));
#5983=IFCBEAM('3rIE65scn90wN4vaJKC2IR',#5,'VB_PB_3_09',$,$,#5973,#5982,$,$);
#5984=IFCRELCONTAINEDINSPATIALSTRUCTURE('0W4EI2S6H2Sh$WX4J1LDFH',#5,$,$,(#5983),#41);
#5985=IFCCARTESIANPOINT((83.564999999999998,3.,-0.5));
#5986=IFCAXIS2PLACEMENT3D(#5985,$,$);
#5987=IFCLOCALPLACEMENT(#40,#5986);
#5988=IFCCARTESIANPOINT((0.,0.));
#5989=IFCAXIS2PLACEMENT2D(#5988,$);
#5990=IFCRECTANGLEPROFILEDEF(.AREA.,$,#5989,7.8700000000000045,0.25);
#5991=IFCCARTESIANPOINT((0.,0.,0.));
#5992=IFCAXIS2PLACEMENT3D(#5991,$,$);
#5993=IFCDIRECTION((0.,0.,1.));
#5994=IFCEXTRUDEDAREASOLID(#5990,#5992,#5993,0.5);
#5995=IFCSHAPEREPRESENTATION(#14,'Body','SweptSolid',(#5994));
#5996=IFCPRODUCTDEFINITIONSHAPE($,$,(#5995));
#5997=IFCBEAM('16RuNAVrb80xRnd8THzM3m',#5,'VB_PB_3_10',$,$,#5987,#5996,$,$);
#5998=IFCRELCONTAINEDINSPATIALSTRUCTURE('16OCBJ70L7QOpdUkC_VJTZ',#5,$,$,(#5997),#41);
#5999=IFCCARTESIANPOINT((6.4400000000000004,40.,-0.5));
#6000=IFCAXIS2PLACEMENT3D(#5999,$,$);
#6001=IFCLOCALPLACEMENT(#40,#6000);
#6002=IFCCARTESIANPOINT((0.,0.));
#6003=IFCAXIS2PLACEMENT2D(#6002,$);
#6004=IFCRECTANGLEPROFILEDEF(.AREA.,$,#6003,7.8800000000000008,0.25);
#6005=IFCCARTESIANPOINT((0.,0.,0.));
#6006=IFCAXIS2PLACEMENT3D(#6005,$,$);
#6007=IFCDIRECTION((0.,0.,1.));
#6008=IFCEXTRUDEDAREASOLID(#6004,#6006,#6007,0.5);
#6009=IFCSHAPEREPRESENTATION(#14,'Body','SweptSolid',(#6008));
#6010=IFCPRODUCTDEFINITIONSHAPE($,$,(#6009));
#6011=IFCBEAM('2IYSq7nijBLh8DvRB_cLic',#5,'VB_PB_40_00',$,$,#6001,#6010,$,$);
#6012=IFCRELCONTAINEDINSPATIALSTRUCTURE('0dqg1ndgP9Qwb0L3qJ7HU4',#5,$,$,(#6011),#41);
#6013=IFCCARTESIANPOINT((14.315000000000001,40.,-0.5));
#6014=IFCAXIS2PLACEMENT3D(#6013,$,$);
#6015=IFCLOCALPLACEMENT(#40,#6014);
#6016=IFCCARTESIANPOINT((0.,0.));
#6017=IFCAXIS2PLACEMENT2D(#6016,$);
#6018=IFCRECTANGLEPROFILEDEF(.AREA.,$,#6017,7.8699999999999992,0.25);
#6019=IFCCARTESIANPOINT((0.,0.,0.));
#6020=IFCAXIS2PLACEMENT3D(#6019,$,$);
#6021=IFCDIRECTION((0.,0.,1.));
#6022=IFCEXTRUDEDAREASOLID(#6018,#6020,#6021,0.5);
#6023=IFCSHAPEREPRESENTATION(#14,'Body','SweptSolid',(#6022));
#6024=IFCPRODUCTDEFINITIONSHAPE($,$,(#6023));
#6025=IFCBEAM('1189lMgmr4L81LJMgmsU4k',#5,'VB_PB_40_01',$,$,#6015,#6024,$,$);
#6026=IFCRELCONTAINEDINSPATIALSTRUCTURE('0SOQrhOcr1ueZGg3xS_HsM',#5,$,$,(#6025),#41);
#6027=IFCCARTESIANPOINT((22.189999999999998,40.,-0.5));
#6028=IFCAXIS2PLACEMENT3D(#6027,$,$);
#6029=IFCLOCALPLACEMENT(#40,#6028);
#6030=IFCCARTESIANPOINT((0.,0.));
#6031=IFCAXIS2PLACEMENT2D(#6030,$);
#6032=IFCRECTANGLEPROFILEDEF(.AREA.,$,#6031,7.879999999999999,0.25);
#6033=IFCCARTESIANPOINT((0.,0.,0.));
#6034=IFCAXIS2PLACEMENT3D(#6033,$,$);
#6035=IFCDIRECTION((0.,0.,1.));
#6036=IFCEXTRUDEDAREASOLID(#6032,#6034,#6035,0.5);
#6037=IFCSHAPEREPRESENTATION(#14,'Body','SweptSolid',(#6036));
#6038=IFCPRODUCTDEFINITIONSHAPE($,$,(#6037));
#6039=IFCBEAM('3Va5WQE5D1APrhif3QNg6g',#5,'VB_PB_40_02',$,$,#6029,#6038,$,$);
#6040=IFCRELCONTAINEDINSPATIALSTRUCTURE('2pX2gplbT3N8eqOIG9K1i1',#5,$,$,(#6039),#41);
#6041=IFCCARTESIANPOINT((30.064999999999998,40.,-0.5));
#6042=IFCAXIS2PLACEMENT3D(#6041,$,$);
#6043=IFCLOCALPLACEMENT(#40,#6042);
#6044=IFCCARTESIANPOINT((0.,0.));
#6045=IFCAXIS2PLACEMENT2D(#6044,$);
#6046=IFCRECTANGLEPROFILEDEF(.AREA.,$,#6045,7.870000000000001,0.25);
#6047=IFCCARTESIANPOINT((0.,0.,0.));
#6048=IFCAXIS2PLACEMENT3D(#6047,$,$);
#6049=IFCDIRECTION((0.,0.,1.));
#6050=IFCEXTRUDEDAREASOLID(#6046,#6048,#6049,0.5);
#6051=IFCSHAPEREPRESENTATION(#14,'Body','SweptSolid',(#6050));
#6052=IFCPRODUCTDEFINITIONSHAPE($,$,(#6051));
#6053=IFCBEAM('0QOnmpd$zFVvuUGnufcka_',#5,'VB_PB_40_03',$,$,#6043,#6052,$,$);
#6054=IFCRELCONTAINEDINSPATIALSTRUCTURE('3qHUbawwD6DRtxo0GdA7qi',#5,$,$,(#6053),#41);
#6055=IFCCARTESIANPOINT((37.5,40.,-0.5));
#6056=IFCAXIS2PLACEMENT3D(#6055,$,$);
#6057=IFCLOCALPLACEMENT(#40,#6056);
#6058=IFCCARTESIANPOINT((0.,0.));
#6059=IFCAXIS2PLACEMENT2D(#6058,$);
#6060=IFCRECTANGLEPROFILEDEF(.AREA.,$,#6059,7.,0.25);
#6061=IFCCARTESIANPOINT((0.,0.,0.));
#6062=IFCAXIS2PLACEMENT3D(#6061,$,$);
#6063=IFCDIRECTION((0.,0.,1.));
#6064=IFCEXTRUDEDAREASOLID(#6060,#6062,#6063,0.5);
#6065=IFCSHAPEREPRESENTATION(#14,'Body','SweptSolid',(#6064));
#6066=IFCPRODUCTDEFINITIONSHAPE($,$,(#6065));
#6067=IFCBEAM('0cT9dP7Qn3rgAo3QjdSiKs',#5,'VB_PB_40_04',$,$,#6057,#6066,$,$);
#6068=IFCRELCONTAINEDINSPATIALSTRUCTURE('38bWywsnP0uerWWSu2MQa9',#5,$,$,(#6067),#41);
#6069=IFCCARTESIANPOINT((45.,40.,-0.5));
#6070=IFCAXIS2PLACEMENT3D(#6069,$,$);
#6071=IFCLOCALPLACEMENT(#40,#6070);
#6072=IFCCARTESIANPOINT((0.,0.));
#6073=IFCAXIS2PLACEMENT2D(#6072,$);
#6074=IFCRECTANGLEPROFILEDEF(.AREA.,$,#6073,8.,0.25);
#6075=IFCCARTESIANPOINT((0.,0.,0.));
#6076=IFCAXIS2PLACEMENT3D(#6075,$,$);
#6077=IFCDIRECTION((0.,0.,1.));
#6078=IFCEXTRUDEDAREASOLID(#6074,#6076,#6077,0.5);
#6079=IFCSHAPEREPRESENTATION(#14,'Body','SweptSolid',(#6078));
#6080=IFCPRODUCTDEFINITIONSHAPE($,$,(#6079));
#6081=IFCBEAM('30HzfPdPf6NO0$vq11rbT5',#5,'VB_PB_40_05',$,$,#6071,#6080,$,$);
#6082=IFCRELCONTAINEDINSPATIALSTRUCTURE('3q7RdJhg57qBTYuRiC5tQz',#5,$,$,(#6081),#41);
#6083=IFCCARTESIANPOINT((52.5,40.,-0.5));
#6084=IFCAXIS2PLACEMENT3D(#6083,$,$);
#6085=IFCLOCALPLACEMENT(#40,#6084);
#6086=IFCCARTESIANPOINT((0.,0.));
#6087=IFCAXIS2PLACEMENT2D(#6086,$);
#6088=IFCRECTANGLEPROFILEDEF(.AREA.,$,#6087,7.,0.25);
#6089=IFCCARTESIANPOINT((0.,0.,0.));
#6090=IFCAXIS2PLACEMENT3D(#6089,$,$);
#6091=IFCDIRECTION((0.,0.,1.));
#6092=IFCEXTRUDEDAREASOLID(#6088,#6090,#6091,0.5);
#6093=IFCSHAPEREPRESENTATION(#14,'Body','SweptSolid',(#6092));
#6094=IFCPRODUCTDEFINITIONSHAPE($,$,(#6093));
#6095=IFCBEAM('0F9rouWwbARflxoaUe_C4i',#5,'VB_PB_40_06',$,$,#6085,#6094,$,$);
#6096=IFCRELCONTAINEDINSPATIALSTRUCTURE('1CW_SJyTL5$RcCtCgah4OM',#5,$,$,(#6095),#41);
#6097=IFCCARTESIANPOINT((59.939999999999998,40.,-0.5));
#6098=IFCAXIS2PLACEMENT3D(#6097,$,$);
#6099=IFCLOCALPLACEMENT(#40,#6098);
#6100=IFCCARTESIANPOINT((0.,0.));
#6101=IFCAXIS2PLACEMENT2D(#6100,$);
#6102=IFCRECTANGLEPROFILEDEF(.AREA.,$,#6101,7.8800000000000026,0.25);
#6103=IFCCARTESIANPOINT((0.,0.,0.));
#6104=IFCAXIS2PLACEMENT3D(#6103,$,$);
#6105=IFCDIRECTION((0.,0.,1.));
#6106=IFCEXTRUDEDAREASOLID(#6102,#6104,#6105,0.5);
#6107=IFCSHAPEREPRESENTATION(#14,'Body','SweptSolid',(#6106));
#6108=IFCPRODUCTDEFINITIONSHAPE($,$,(#6107));
#6109=IFCBEAM('17gFWQJgj9oRLrX1jjAdEc',#5,'VB_PB_40_07',$,$,#6099,#6108,$,$);
#6110=IFCRELCONTAINEDINSPATIALSTRUCTURE('25Rex9Vgb5tB75aCEAY8VV',#5,$,$,(#6109),#41);
#6111=IFCCARTESIANPOINT((67.814999999999998,40.,-0.5));
#6112=IFCAXIS2PLACEMENT3D(#6111,$,$);
#6113=IFCLOCALPLACEMENT(#40,#6112);
#6114=IFCCARTESIANPOINT((0.,0.));
#6115=IFCAXIS2PLACEMENT2D(#6114,$);
#6116=IFCRECTANGLEPROFILEDEF(.AREA.,$,#6115,7.8699999999999974,0.25);
#6117=IFCCARTESIANPOINT((0.,0.,0.));
#6118=IFCAXIS2PLACEMENT3D(#6117,$,$);
#6119=IFCDIRECTION((0.,0.,1.));
#6120=IFCEXTRUDEDAREASOLID(#6116,#6118,#6119,0.5);
#6121=IFCSHAPEREPRESENTATION(#14,'Body','SweptSolid',(#6120));
#6122=IFCPRODUCTDEFINITIONSHAPE($,$,(#6121));
#6123=IFCBEAM('1ckjD2j0T3DBv6W0MVPVjP',#5,'VB_PB_40_08',$,$,#6113,#6122,$,$);
#6124=IFCRELCONTAINEDINSPATIALSTRUCTURE('295xili7b2fAq7rPMF10YS',#5,$,$,(#6123),#41);
#6125=IFCCARTESIANPOINT((75.689999999999998,40.,-0.5));
#6126=IFCAXIS2PLACEMENT3D(#6125,$,$);
#6127=IFCLOCALPLACEMENT(#40,#6126);
#6128=IFCCARTESIANPOINT((0.,0.));
#6129=IFCAXIS2PLACEMENT2D(#6128,$);
#6130=IFCRECTANGLEPROFILEDEF(.AREA.,$,#6129,7.8799999999999955,0.25);
#6131=IFCCARTESIANPOINT((0.,0.,0.));
#6132=IFCAXIS2PLACEMENT3D(#6131,$,$);
#6133=IFCDIRECTION((0.,0.,1.));
#6134=IFCEXTRUDEDAREASOLID(#6130,#6132,#6133,0.5);
#6135=IFCSHAPEREPRESENTATION(#14,'Body','SweptSolid',(#6134));
#6136=IFCPRODUCTDEFINITIONSHAPE($,$,(#6135));
#6137=IFCBEAM('0koBKnKtHAZA$j_u3AZfy1',#5,'VB_PB_40_09',$,$,#6127,#6136,$,$);
#6138=IFCRELCONTAINEDINSPATIALSTRUCTURE('0HuN3rXGbFIAMUenaJA0sJ',#5,$,$,(#6137),#41);
#6139=IFCCARTESIANPOINT((83.564999999999998,40.,-0.5));
#6140=IFCAXIS2PLACEMENT3D(#6139,$,$);
#6141=IFCLOCALPLACEMENT(#40,#6140);
#6142=IFCCARTESIANPOINT((0.,0.));
#6143=IFCAXIS2PLACEMENT2D(#6142,$);
#6144=IFCRECTANGLEPROFILEDEF(.AREA.,$,#6143,7.8700000000000045,0.25);
#6145=IFCCARTESIANPOINT((0.,0.,0.));
#6146=IFCAXIS2PLACEMENT3D(#6145,$,$);
#6147=IFCDIRECTION((0.,0.,1.));
#6148=IFCEXTRUDEDAREASOLID(#6144,#6146,#6147,0.5);
#6149=IFCSHAPEREPRESENTATION(#14,'Body','SweptSolid',(#6148));
#6150=IFCPRODUCTDEFINITIONSHAPE($,$,(#6149));
#6151=IFCBEAM('3IjIvoLmr9VxGWfZ4cdDh2',#5,'VB_PB_40_10',$,$,#6141,#6150,$,$);
#6152=IFCRELCONTAINEDINSPATIALSTRUCTURE('2aIp1LTp9DTfqMwF3nVOeP',#5,$,$,(#6151),#41);
#6153=IFCCARTESIANPOINT((2.5,6.5,-0.5));
#6154=IFCAXIS2PLACEMENT3D(#6153,$,$);
#6155=IFCLOCALPLACEMENT(#40,#6154);
#6156=IFCCARTESIANPOINT((0.,0.));
#6157=IFCAXIS2PLACEMENT2D(#6156,$);
#6158=IFCRECTANGLEPROFILEDEF(.AREA.,$,#6157,0.25,7.);
#6159=IFCCARTESIANPOINT((0.,0.,0.));
#6160=IFCAXIS2PLACEMENT3D(#6159,$,$);
#6161=IFCDIRECTION((0.,0.,1.));
#6162=IFCEXTRUDEDAREASOLID(#6158,#6160,#6161,0.5);
#6163=IFCSHAPEREPRESENTATION(#14,'Body','SweptSolid',(#6162));
#6164=IFCPRODUCTDEFINITIONSHAPE($,$,(#6163));
#6165=IFCBEAM('3JZkxLMlTFYuADd29nHtKg',#5,'VB_PB_2_00',$,$,#6155,#6164,$,$);
#6166=IFCRELCONTAINEDINSPATIALSTRUCTURE('2n$aWTnf94$PIZiOriQ4ap',#5,$,$,(#6165),#41);
#6167=IFCCARTESIANPOINT((2.5,13.5,-0.5));
#6168=IFCAXIS2PLACEMENT3D(#6167,$,$);
#6169=IFCLOCALPLACEMENT(#40,#6168);
#6170=IFCCARTESIANPOINT((0.,0.));
#6171=IFCAXIS2PLACEMENT2D(#6170,$);
#6172=IFCRECTANGLEPROFILEDEF(.AREA.,$,#6171,0.25,7.);
#6173=IFCCARTESIANPOINT((0.,0.,0.));
#6174=IFCAXIS2PLACEMENT3D(#6173,$,$);
#6175=IFCDIRECTION((0.,0.,1.));
#6176=IFCEXTRUDEDAREASOLID(#6172,#6174,#6175,0.5);
#6177=IFCSHAPEREPRESENTATION(#14,'Body','SweptSolid',(#6176));
#6178=IFCPRODUCTDEFINITIONSHAPE($,$,(#6177));
#6179=IFCBEAM('2FT5aDMinELuPVvkdIiDl_',#5,'VB_PB_2_01',$,$,#6169,#6178,$,$);
#6180=IFCRELCONTAINEDINSPATIALSTRUCTURE('21kPnzNorF9xdkNyGd1Xo_',#5,$,$,(#6179),#41);
#6181=IFCCARTESIANPOINT((2.5,21.5,-0.5));
#6182=IFCAXIS2PLACEMENT3D(#6181,$,$);
#6183=IFCLOCALPLACEMENT(#40,#6182);
#6184=IFCCARTESIANPOINT((0.,0.));
#6185=IFCAXIS2PLACEMENT2D(#6184,$);
#6186=IFCRECTANGLEPROFILEDEF(.AREA.,$,#6185,0.25,9.);
#6187=IFCCARTESIANPOINT((0.,0.,0.));
#6188=IFCAXIS2PLACEMENT3D(#6187,$,$);
#6189=IFCDIRECTION((0.,0.,1.));
#6190=IFCEXTRUDEDAREASOLID(#6186,#6188,#6189,0.5);
#6191=IFCSHAPEREPRESENTATION(#14,'Body','SweptSolid',(#6190));
#6192=IFCPRODUCTDEFINITIONSHAPE($,$,(#6191));
#6193=IFCBEAM('1E$pN_3SP6vxZ2ADYza5dF',#5,'VB_PB_2_02',$,$,#6183,#6192,$,$);
#6194=IFCRELCONTAINEDINSPATIALSTRUCTURE('2suRb_nKD8$h40aqhOM6ZZ',#5,$,$,(#6193),#41);
#6195=IFCCARTESIANPOINT((2.5,29.5,-0.5));
#6196=IFCAXIS2PLACEMENT3D(#6195,$,$);
#6197=IFCLOCALPLACEMENT(#40,#6196);
#6198=IFCCARTESIANPOINT((0.,0.));
#6199=IFCAXIS2PLACEMENT2D(#6198,$);
#6200=IFCRECTANGLEPROFILEDEF(.AREA.,$,#6199,0.25,7.);
#6201=IFCCARTESIANPOINT((0.,0.,0.));
#6202=IFCAXIS2PLACEMENT3D(#6201,$,$);
#6203=IFCDIRECTION((0.,0.,1.));
#6204=IFCEXTRUDEDAREASOLID(#6200,#6202,#6203,0.5);
#6205=IFCSHAPEREPRESENTATION(#14,'Body','SweptSolid',(#6204));
#6206=IFCPRODUCTDEFINITIONSHAPE($,$,(#6205));
#6207=IFCBEAM('12NqJCysr2dQiJhrNcOJy$',#5,'VB_PB_2_03',$,$,#6197,#6206,$,$);
#6208=IFCRELCONTAINEDINSPATIALSTRUCTURE('3hgqiUSVn6Pf6gobke46tA',#5,$,$,(#6207),#41);
#6209=IFCCARTESIANPOINT((2.5,36.5,-0.5));
#6210=IFCAXIS2PLACEMENT3D(#6209,$,$);
#6211=IFCLOCALPLACEMENT(#40,#6210);
#6212=IFCCARTESIANPOINT((0.,0.));
#6213=IFCAXIS2PLACEMENT2D(#6212,$);
#6214=IFCRECTANGLEPROFILEDEF(.AREA.,$,#6213,0.25,7.);
#6215=IFCCARTESIANPOINT((0.,0.,0.));
#6216=IFCAXIS2PLACEMENT3D(#6215,$,$);
#6217=IFCDIRECTION((0.,0.,1.));
#6218=IFCEXTRUDEDAREASOLID(#6214,#6216,#6217,0.5);
#6219=IFCSHAPEREPRESENTATION(#14,'Body','SweptSolid',(#6218));
#6220=IFCPRODUCTDEFINITIONSHAPE($,$,(#6219));
#6221=IFCBEAM('1JNDE9LTb0VuZPCsvsf52G',#5,'VB_PB_2_04',$,$,#6211,#6220,$,$);
#6222=IFCRELCONTAINEDINSPATIALSTRUCTURE('2Ti0g9d6zDr9XIB9QbuRrL',#5,$,$,(#6221),#41);
#6223=IFCCARTESIANPOINT((87.5,6.5,-0.5));
#6224=IFCAXIS2PLACEMENT3D(#6223,$,$);
#6225=IFCLOCALPLACEMENT(#40,#6224);
#6226=IFCCARTESIANPOINT((0.,0.));
#6227=IFCAXIS2PLACEMENT2D(#6226,$);
#6228=IFCRECTANGLEPROFILEDEF(.AREA.,$,#6227,0.25,7.);
#6229=IFCCARTESIANPOINT((0.,0.,0.));
#6230=IFCAXIS2PLACEMENT3D(#6229,$,$);
#6231=IFCDIRECTION((0.,0.,1.));
#6232=IFCEXTRUDEDAREASOLID(#6228,#6230,#6231,0.5);
#6233=IFCSHAPEREPRESENTATION(#14,'Body','SweptSolid',(#6232));
#6234=IFCPRODUCTDEFINITIONSHAPE($,$,(#6233));
#6235=IFCBEAM('2ReKJnCVvEmOfw5SoknAhG',#5,'VB_PB_88_00',$,$,#6225,#6234,$,$);
#6236=IFCRELCONTAINEDINSPATIALSTRUCTURE('0_2u93nwX6EecfWLGs4OUQ',#5,$,$,(#6235),#41);
#6237=IFCCARTESIANPOINT((87.5,13.5,-0.5));
#6238=IFCAXIS2PLACEMENT3D(#6237,$,$);
#6239=IFCLOCALPLACEMENT(#40,#6238);
#6240=IFCCARTESIANPOINT((0.,0.));
#6241=IFCAXIS2PLACEMENT2D(#6240,$);
#6242=IFCRECTANGLEPROFILEDEF(.AREA.,$,#6241,0.25,7.);
#6243=IFCCARTESIANPOINT((0.,0.,0.));
#6244=IFCAXIS2PLACEMENT3D(#6243,$,$);
#6245=IFCDIRECTION((0.,0.,1.));
#6246=IFCEXTRUDEDAREASOLID(#6242,#6244,#6245,0.5);
#6247=IFCSHAPEREPRESENTATION(#14,'Body','SweptSolid',(#6246));
#6248=IFCPRODUCTDEFINITIONSHAPE($,$,(#6247));
#6249=IFCBEAM('2qFCHRlAjDYf36NJCF36nj',#5,'VB_PB_88_01',$,$,#6239,#6248,$,$);
#6250=IFCRELCONTAINEDINSPATIALSTRUCTURE('3DE3yXXkL6ou$TVm1v6OeK',#5,$,$,(#6249),#41);
#6251=IFCCARTESIANPOINT((87.5,21.5,-0.5));
#6252=IFCAXIS2PLACEMENT3D(#6251,$,$);
#6253=IFCLOCALPLACEMENT(#40,#6252);
#6254=IFCCARTESIANPOINT((0.,0.));
#6255=IFCAXIS2PLACEMENT2D(#6254,$);
#6256=IFCRECTANGLEPROFILEDEF(.AREA.,$,#6255,0.25,9.);
#6257=IFCCARTESIANPOINT((0.,0.,0.));
#6258=IFCAXIS2PLACEMENT3D(#6257,$,$);
#6259=IFCDIRECTION((0.,0.,1.));
#6260=IFCEXTRUDEDAREASOLID(#6256,#6258,#6259,0.5);
#6261=IFCSHAPEREPRESENTATION(#14,'Body','SweptSolid',(#6260));
#6262=IFCPRODUCTDEFINITIONSHAPE($,$,(#6261));
#6263=IFCBEAM('2FEsPrpJv3svzQDBdoXE4p',#5,'VB_PB_88_02',$,$,#6253,#6262,$,$);
#6264=IFCRELCONTAINEDINSPATIALSTRUCTURE('2DE56BrJz1zu9VhabV6$xH',#5,$,$,(#6263),#41);
#6265=IFCCARTESIANPOINT((87.5,29.5,-0.5));
#6266=IFCAXIS2PLACEMENT3D(#6265,$,$);
#6267=IFCLOCALPLACEMENT(#40,#6266);
#6268=IFCCARTESIANPOINT((0.,0.));
#6269=IFCAXIS2PLACEMENT2D(#6268,$);
#6270=IFCRECTANGLEPROFILEDEF(.AREA.,$,#6269,0.25,7.);
#6271=IFCCARTESIANPOINT((0.,0.,0.));
#6272=IFCAXIS2PLACEMENT3D(#6271,$,$);
#6273=IFCDIRECTION((0.,0.,1.));
#6274=IFCEXTRUDEDAREASOLID(#6270,#6272,#6273,0.5);
#6275=IFCSHAPEREPRESENTATION(#14,'Body','SweptSolid',(#6274));
#6276=IFCPRODUCTDEFINITIONSHAPE($,$,(#6275));
#6277=IFCBEAM('2duEQWHu12xxGzmt_$OWNp',#5,'VB_PB_88_03',$,$,#6267,#6276,$,$);
#6278=IFCRELCONTAINEDINSPATIALSTRUCTURE('2wFFKWR8T8FgrNjAJJZdC2',#5,$,$,(#6277),#41);
#6279=IFCCARTESIANPOINT((87.5,36.5,-0.5));
#6280=IFCAXIS2PLACEMENT3D(#6279,$,$);
#6281=IFCLOCALPLACEMENT(#40,#6280);
#6282=IFCCARTESIANPOINT((0.,0.));
#6283=IFCAXIS2PLACEMENT2D(#6282,$);
#6284=IFCRECTANGLEPROFILEDEF(.AREA.,$,#6283,0.25,7.);
#6285=IFCCARTESIANPOINT((0.,0.,0.));
#6286=IFCAXIS2PLACEMENT3D(#6285,$,$);
#6287=IFCDIRECTION((0.,0.,1.));
#6288=IFCEXTRUDEDAREASOLID(#6284,#6286,#6287,0.5);
#6289=IFCSHAPEREPRESENTATION(#14,'Body','SweptSolid',(#6288));
#6290=IFCPRODUCTDEFINITIONSHAPE($,$,(#6289));
#6291=IFCBEAM('2Jqs2wsVr1GfkRcdvLJSD4',#5,'VB_PB_88_04',$,$,#6281,#6290,$,$);
#6292=IFCRELCONTAINEDINSPATIALSTRUCTURE('3Ay9TZw_XFNh7GuYSx4YTP',#5,$,$,(#6291),#41);
#6293=IFCCARTESIANPOINT((6.4400000000000004,3.,-0.5));
#6294=IFCAXIS2PLACEMENT3D(#6293,$,$);
#6295=IFCLOCALPLACEMENT(#44,#6294);
#6296=IFCCARTESIANPOINT((0.,0.));
#6297=IFCAXIS2PLACEMENT2D(#6296,$);
#6298=IFCRECTANGLEPROFILEDEF(.AREA.,$,#6297,7.8800000000000008,0.25);
#6299=IFCCARTESIANPOINT((0.,0.,0.));
#6300=IFCAXIS2PLACEMENT3D(#6299,$,$);
#6301=IFCDIRECTION((0.,0.,1.));
#6302=IFCEXTRUDEDAREASOLID(#6298,#6300,#6301,0.5);
#6303=IFCSHAPEREPRESENTATION(#14,'Body','SweptSolid',(#6302));
#6304=IFCPRODUCTDEFINITIONSHAPE($,$,(#6303));
#6305=IFCBEAM('0nL$MVQRTFteb2oQbtyj8E',#5,'VB_P01_3_00',$,$,#6295,#6304,$,$);
#6306=IFCRELCONTAINEDINSPATIALSTRUCTURE('0LcwkKO7954AVcsNHH9eb$',#5,$,$,(#6305),#45);
#6307=IFCCARTESIANPOINT((14.315000000000001,3.,-0.5));
#6308=IFCAXIS2PLACEMENT3D(#6307,$,$);
#6309=IFCLOCALPLACEMENT(#44,#6308);
#6310=IFCCARTESIANPOINT((0.,0.));
#6311=IFCAXIS2PLACEMENT2D(#6310,$);
#6312=IFCRECTANGLEPROFILEDEF(.AREA.,$,#6311,7.8699999999999992,0.25);
#6313=IFCCARTESIANPOINT((0.,0.,0.));
#6314=IFCAXIS2PLACEMENT3D(#6313,$,$);
#6315=IFCDIRECTION((0.,0.,1.));
#6316=IFCEXTRUDEDAREASOLID(#6312,#6314,#6315,0.5);
#6317=IFCSHAPEREPRESENTATION(#14,'Body','SweptSolid',(#6316));
#6318=IFCPRODUCTDEFINITIONSHAPE($,$,(#6317));
#6319=IFCBEAM('2FukPkLBHBowIC6goZCPHv',#5,'VB_P01_3_01',$,$,#6309,#6318,$,$);
#6320=IFCRELCONTAINEDINSPATIALSTRUCTURE('2DnY1gzDHBDeLqjA5nruvl',#5,$,$,(#6319),#45);
#6321=IFCCARTESIANPOINT((22.189999999999998,3.,-0.5));
#6322=IFCAXIS2PLACEMENT3D(#6321,$,$);
#6323=IFCLOCALPLACEMENT(#44,#6322);
#6324=IFCCARTESIANPOINT((0.,0.));
#6325=IFCAXIS2PLACEMENT2D(#6324,$);
#6326=IFCRECTANGLEPROFILEDEF(.AREA.,$,#6325,7.879999999999999,0.25);
#6327=IFCCARTESIANPOINT((0.,0.,0.));
#6328=IFCAXIS2PLACEMENT3D(#6327,$,$);
#6329=IFCDIRECTION((0.,0.,1.));
#6330=IFCEXTRUDEDAREASOLID(#6326,#6328,#6329,0.5);
#6331=IFCSHAPEREPRESENTATION(#14,'Body','SweptSolid',(#6330));
#6332=IFCPRODUCTDEFINITIONSHAPE($,$,(#6331));
#6333=IFCBEAM('0vZiyucp53zA_fd8QcUBmz',#5,'VB_P01_3_02',$,$,#6323,#6332,$,$);
#6334=IFCRELCONTAINEDINSPATIALSTRUCTURE('32gZdEcG5A2vjVlUmKgHWI',#5,$,$,(#6333),#45);
#6335=IFCCARTESIANPOINT((30.064999999999998,3.,-0.5));
#6336=IFCAXIS2PLACEMENT3D(#6335,$,$);
#6337=IFCLOCALPLACEMENT(#44,#6336);
#6338=IFCCARTESIANPOINT((0.,0.));
#6339=IFCAXIS2PLACEMENT2D(#6338,$);
#6340=IFCRECTANGLEPROFILEDEF(.AREA.,$,#6339,7.870000000000001,0.25);
#6341=IFCCARTESIANPOINT((0.,0.,0.));
#6342=IFCAXIS2PLACEMENT3D(#6341,$,$);
#6343=IFCDIRECTION((0.,0.,1.));
#6344=IFCEXTRUDEDAREASOLID(#6340,#6342,#6343,0.5);
#6345=IFCSHAPEREPRESENTATION(#14,'Body','SweptSolid',(#6344));
#6346=IFCPRODUCTDEFINITIONSHAPE($,$,(#6345));
#6347=IFCBEAM('3WAVmKOULECxGsWpq_QyRa',#5,'VB_P01_3_03',$,$,#6337,#6346,$,$);
#6348=IFCRELCONTAINEDINSPATIALSTRUCTURE('1JDJtWyEP69BUOUMrnsA7P',#5,$,$,(#6347),#45);
#6349=IFCCARTESIANPOINT((37.5,3.,-0.5));
#6350=IFCAXIS2PLACEMENT3D(#6349,$,$);
#6351=IFCLOCALPLACEMENT(#44,#6350);
#6352=IFCCARTESIANPOINT((0.,0.));
#6353=IFCAXIS2PLACEMENT2D(#6352,$);
#6354=IFCRECTANGLEPROFILEDEF(.AREA.,$,#6353,7.,0.25);
#6355=IFCCARTESIANPOINT((0.,0.,0.));
#6356=IFCAXIS2PLACEMENT3D(#6355,$,$);
#6357=IFCDIRECTION((0.,0.,1.));
#6358=IFCEXTRUDEDAREASOLID(#6354,#6356,#6357,0.5);
#6359=IFCSHAPEREPRESENTATION(#14,'Body','SweptSolid',(#6358));
#6360=IFCPRODUCTDEFINITIONSHAPE($,$,(#6359));
#6361=IFCBEAM('3eErGyL4X0$f3G_seSVV0j',#5,'VB_P01_3_04',$,$,#6351,#6360,$,$);
#6362=IFCRELCONTAINEDINSPATIALSTRUCTURE('2VBJa9zjv4_hRjfSA6SRIL',#5,$,$,(#6361),#45);
#6363=IFCCARTESIANPOINT((45.,3.,-0.5));
#6364=IFCAXIS2PLACEMENT3D(#6363,$,$);
#6365=IFCLOCALPLACEMENT(#44,#6364);
#6366=IFCCARTESIANPOINT((0.,0.));
#6367=IFCAXIS2PLACEMENT2D(#6366,$);
#6368=IFCRECTANGLEPROFILEDEF(.AREA.,$,#6367,8.,0.25);
#6369=IFCCARTESIANPOINT((0.,0.,0.));
#6370=IFCAXIS2PLACEMENT3D(#6369,$,$);
#6371=IFCDIRECTION((0.,0.,1.));
#6372=IFCEXTRUDEDAREASOLID(#6368,#6370,#6371,0.5);
#6373=IFCSHAPEREPRESENTATION(#14,'Body','SweptSolid',(#6372));
#6374=IFCPRODUCTDEFINITIONSHAPE($,$,(#6373));
#6375=IFCBEAM('0RS6HWU2r1ghcN1A16QQJD',#5,'VB_P01_3_05',$,$,#6365,#6374,$,$);
#6376=IFCRELCONTAINEDINSPATIALSTRUCTURE('1avH5K7HLFKAaTvw9h$UnU',#5,$,$,(#6375),#45);
#6377=IFCCARTESIANPOINT((52.5,3.,-0.5));
#6378=IFCAXIS2PLACEMENT3D(#6377,$,$);
#6379=IFCLOCALPLACEMENT(#44,#6378);
#6380=IFCCARTESIANPOINT((0.,0.));
#6381=IFCAXIS2PLACEMENT2D(#6380,$);
#6382=IFCRECTANGLEPROFILEDEF(.AREA.,$,#6381,7.,0.25);
#6383=IFCCARTESIANPOINT((0.,0.,0.));
#6384=IFCAXIS2PLACEMENT3D(#6383,$,$);
#6385=IFCDIRECTION((0.,0.,1.));
#6386=IFCEXTRUDEDAREASOLID(#6382,#6384,#6385,0.5);
#6387=IFCSHAPEREPRESENTATION(#14,'Body','SweptSolid',(#6386));
#6388=IFCPRODUCTDEFINITIONSHAPE($,$,(#6387));
#6389=IFCBEAM('2qKGldLP9AdvESyDPhk0f9',#5,'VB_P01_3_06',$,$,#6379,#6388,$,$);
#6390=IFCRELCONTAINEDINSPATIALSTRUCTURE('0QP8zn$fX1bvalXcBvkMnA',#5,$,$,(#6389),#45);
#6391=IFCCARTESIANPOINT((59.939999999999998,3.,-0.5));
#6392=IFCAXIS2PLACEMENT3D(#6391,$,$);
#6393=IFCLOCALPLACEMENT(#44,#6392);
#6394=IFCCARTESIANPOINT((0.,0.));
#6395=IFCAXIS2PLACEMENT2D(#6394,$);
#6396=IFCRECTANGLEPROFILEDEF(.AREA.,$,#6395,7.8800000000000026,0.25);
#6397=IFCCARTESIANPOINT((0.,0.,0.));
#6398=IFCAXIS2PLACEMENT3D(#6397,$,$);
#6399=IFCDIRECTION((0.,0.,1.));
#6400=IFCEXTRUDEDAREASOLID(#6396,#6398,#6399,0.5);
#6401=IFCSHAPEREPRESENTATION(#14,'Body','SweptSolid',(#6400));
#6402=IFCPRODUCTDEFINITIONSHAPE($,$,(#6401));
#6403=IFCBEAM('2aSgHnMqf3ZBB3EhmhZe3S',#5,'VB_P01_3_07',$,$,#6393,#6402,$,$);
#6404=IFCRELCONTAINEDINSPATIALSTRUCTURE('0$RsJDWBX7rQF01SfvD2mv',#5,$,$,(#6403),#45);
#6405=IFCCARTESIANPOINT((67.814999999999998,3.,-0.5));
#6406=IFCAXIS2PLACEMENT3D(#6405,$,$);
#6407=IFCLOCALPLACEMENT(#44,#6406);
#6408=IFCCARTESIANPOINT((0.,0.));
#6409=IFCAXIS2PLACEMENT2D(#6408,$);
#6410=IFCRECTANGLEPROFILEDEF(.AREA.,$,#6409,7.8699999999999974,0.25);
#6411=IFCCARTESIANPOINT((0.,0.,0.));
#6412=IFCAXIS2PLACEMENT3D(#6411,$,$);
#6413=IFCDIRECTION((0.,0.,1.));
#6414=IFCEXTRUDEDAREASOLID(#6410,#6412,#6413,0.5);
#6415=IFCSHAPEREPRESENTATION(#14,'Body','SweptSolid',(#6414));
#6416=IFCPRODUCTDEFINITIONSHAPE($,$,(#6415));
#6417=IFCBEAM('0IMAS1OUb1HgiuQj6_F8Qn',#5,'VB_P01_3_08',$,$,#6407,#6416,$,$);
#6418=IFCRELCONTAINEDINSPATIALSTRUCTURE('2LrbRmyJH5pQ11jgekJnaK',#5,$,$,(#6417),#45);
#6419=IFCCARTESIANPOINT((75.689999999999998,3.,-0.5));
#6420=IFCAXIS2PLACEMENT3D(#6419,$,$);
#6421=IFCLOCALPLACEMENT(#44,#6420);
#6422=IFCCARTESIANPOINT((0.,0.));
#6423=IFCAXIS2PLACEMENT2D(#6422,$);
#6424=IFCRECTANGLEPROFILEDEF(.AREA.,$,#6423,7.8799999999999955,0.25);
#6425=IFCCARTESIANPOINT((0.,0.,0.));
#6426=IFCAXIS2PLACEMENT3D(#6425,$,$);
#6427=IFCDIRECTION((0.,0.,1.));
#6428=IFCEXTRUDEDAREASOLID(#6424,#6426,#6427,0.5);
#6429=IFCSHAPEREPRESENTATION(#14,'Body','SweptSolid',(#6428));
#6430=IFCPRODUCTDEFINITIONSHAPE($,$,(#6429));
#6431=IFCBEAM('0JCx$JJrDB5vtxqpWEIFbS',#5,'VB_P01_3_09',$,$,#6421,#6430,$,$);
#6432=IFCRELCONTAINEDINSPATIALSTRUCTURE('3JIoWjI4f8ThKBz4cic_gr',#5,$,$,(#6431),#45);
#6433=IFCCARTESIANPOINT((83.564999999999998,3.,-0.5));
#6434=IFCAXIS2PLACEMENT3D(#6433,$,$);
#6435=IFCLOCALPLACEMENT(#44,#6434);
#6436=IFCCARTESIANPOINT((0.,0.));
#6437=IFCAXIS2PLACEMENT2D(#6436,$);
#6438=IFCRECTANGLEPROFILEDEF(.AREA.,$,#6437,7.8700000000000045,0.25);
#6439=IFCCARTESIANPOINT((0.,0.,0.));
#6440=IFCAXIS2PLACEMENT3D(#6439,$,$);
#6441=IFCDIRECTION((0.,0.,1.));
#6442=IFCEXTRUDEDAREASOLID(#6438,#6440,#6441,0.5);
#6443=IFCSHAPEREPRESENTATION(#14,'Body','SweptSolid',(#6442));
#6444=IFCPRODUCTDEFINITIONSHAPE($,$,(#6443));
#6445=IFCBEAM('3SNSLC6tj5rf2jbH3Mn1bf',#5,'VB_P01_3_10',$,$,#6435,#6444,$,$);
#6446=IFCRELCONTAINEDINSPATIALSTRUCTURE('0JZWEC26XCufyWb67uDCtR',#5,$,$,(#6445),#45);
#6447=IFCCARTESIANPOINT((6.4400000000000004,40.,-0.5));
#6448=IFCAXIS2PLACEMENT3D(#6447,$,$);
#6449=IFCLOCALPLACEMENT(#44,#6448);
#6450=IFCCARTESIANPOINT((0.,0.));
#6451=IFCAXIS2PLACEMENT2D(#6450,$);
#6452=IFCRECTANGLEPROFILEDEF(.AREA.,$,#6451,7.8800000000000008,0.25);
#6453=IFCCARTESIANPOINT((0.,0.,0.));
#6454=IFCAXIS2PLACEMENT3D(#6453,$,$);
#6455=IFCDIRECTION((0.,0.,1.));
#6456=IFCEXTRUDEDAREASOLID(#6452,#6454,#6455,0.5);
#6457=IFCSHAPEREPRESENTATION(#14,'Body','SweptSolid',(#6456));
#6458=IFCPRODUCTDEFINITIONSHAPE($,$,(#6457));
#6459=IFCBEAM('1KZe1YNTH0RuGqNsW4kNcZ',#5,'VB_P01_40_00',$,$,#6449,#6458,$,$);
#6460=IFCRELCONTAINEDINSPATIALSTRUCTURE('1suDCXCSn4ofEf8sFncq_m',#5,$,$,(#6459),#45);
#6461=IFCCARTESIANPOINT((14.315000000000001,40.,-0.5));
#6462=IFCAXIS2PLACEMENT3D(#6461,$,$);
#6463=IFCLOCALPLACEMENT(#44,#6462);
#6464=IFCCARTESIANPOINT((0.,0.));
#6465=IFCAXIS2PLACEMENT2D(#6464,$);
#6466=IFCRECTANGLEPROFILEDEF(.AREA.,$,#6465,7.8699999999999992,0.25);
#6467=IFCCARTESIANPOINT((0.,0.,0.));
#6468=IFCAXIS2PLACEMENT3D(#6467,$,$);
#6469=IFCDIRECTION((0.,0.,1.));
#6470=IFCEXTRUDEDAREASOLID(#6466,#6468,#6469,0.5);
#6471=IFCSHAPEREPRESENTATION(#14,'Body','SweptSolid',(#6470));
#6472=IFCPRODUCTDEFINITIONSHAPE($,$,(#6471));
#6473=IFCBEAM('3eeMO4hoP7nvR1gO7Opp4N',#5,'VB_P01_40_01',$,$,#6463,#6472,$,$);
#6474=IFCRELCONTAINEDINSPATIALSTRUCTURE('2JsIWtyaz1hRqH3wu8OaLi',#5,$,$,(#6473),#45);
#6475=IFCCARTESIANPOINT((22.189999999999998,40.,-0.5));
#6476=IFCAXIS2PLACEMENT3D(#6475,$,$);
#6477=IFCLOCALPLACEMENT(#44,#6476);
#6478=IFCCARTESIANPOINT((0.,0.));
#6479=IFCAXIS2PLACEMENT2D(#6478,$);
#6480=IFCRECTANGLEPROFILEDEF(.AREA.,$,#6479,7.879999999999999,0.25);
#6481=IFCCARTESIANPOINT((0.,0.,0.));
#6482=IFCAXIS2PLACEMENT3D(#6481,$,$);
#6483=IFCDIRECTION((0.,0.,1.));
#6484=IFCEXTRUDEDAREASOLID(#6480,#6482,#6483,0.5);
#6485=IFCSHAPEREPRESENTATION(#14,'Body','SweptSolid',(#6484));
#6486=IFCPRODUCTDEFINITIONSHAPE($,$,(#6485));
#6487=IFCBEAM('2l7E2VC_9DZedNd72g2EuL',#5,'VB_P01_40_02',$,$,#6477,#6486,$,$);
#6488=IFCRELCONTAINEDINSPATIALSTRUCTURE('2clAO_xmf11xcGGQr1fNeU',#5,$,$,(#6487),#45);
#6489=IFCCARTESIANPOINT((30.064999999999998,40.,-0.5));
#6490=IFCAXIS2PLACEMENT3D(#6489,$,$);
#6491=IFCLOCALPLACEMENT(#44,#6490);
#6492=IFCCARTESIANPOINT((0.,0.));
#6493=IFCAXIS2PLACEMENT2D(#6492,$);
#6494=IFCRECTANGLEPROFILEDEF(.AREA.,$,#6493,7.870000000000001,0.25);
#6495=IFCCARTESIANPOINT((0.,0.,0.));
#6496=IFCAXIS2PLACEMENT3D(#6495,$,$);
#6497=IFCDIRECTION((0.,0.,1.));
#6498=IFCEXTRUDEDAREASOLID(#6494,#6496,#6497,0.5);
#6499=IFCSHAPEREPRESENTATION(#14,'Body','SweptSolid',(#6498));
#6500=IFCPRODUCTDEFINITIONSHAPE($,$,(#6499));
#6501=IFCBEAM('1wLgeaPXT7Ag36sqjw6EG1',#5,'VB_P01_40_03',$,$,#6491,#6500,$,$);
#6502=IFCRELCONTAINEDINSPATIALSTRUCTURE('2UkwvsgRX689Xhk6g1$978',#5,$,$,(#6501),#45);
#6503=IFCCARTESIANPOINT((37.5,40.,-0.5));
#6504=IFCAXIS2PLACEMENT3D(#6503,$,$);
#6505=IFCLOCALPLACEMENT(#44,#6504);
#6506=IFCCARTESIANPOINT((0.,0.));
#6507=IFCAXIS2PLACEMENT2D(#6506,$);
#6508=IFCRECTANGLEPROFILEDEF(.AREA.,$,#6507,7.,0.25);
#6509=IFCCARTESIANPOINT((0.,0.,0.));
#6510=IFCAXIS2PLACEMENT3D(#6509,$,$);
#6511=IFCDIRECTION((0.,0.,1.));
#6512=IFCEXTRUDEDAREASOLID(#6508,#6510,#6511,0.5);
#6513=IFCSHAPEREPRESENTATION(#14,'Body','SweptSolid',(#6512));
#6514=IFCPRODUCTDEFINITIONSHAPE($,$,(#6513));
#6515=IFCBEAM('39QM0B3En60gWqZsRLoKPl',#5,'VB_P01_40_04',$,$,#6505,#6514,$,$);
#6516=IFCRELCONTAINEDINSPATIALSTRUCTURE('3X7z$j4vLA4BPh4l1WmyIr',#5,$,$,(#6515),#45);
#6517=IFCCARTESIANPOINT((45.,40.,-0.5));
#6518=IFCAXIS2PLACEMENT3D(#6517,$,$);
#6519=IFCLOCALPLACEMENT(#44,#6518);
#6520=IFCCARTESIANPOINT((0.,0.));
#6521=IFCAXIS2PLACEMENT2D(#6520,$);
#6522=IFCRECTANGLEPROFILEDEF(.AREA.,$,#6521,8.,0.25);
#6523=IFCCARTESIANPOINT((0.,0.,0.));
#6524=IFCAXIS2PLACEMENT3D(#6523,$,$);
#6525=IFCDIRECTION((0.,0.,1.));
#6526=IFCEXTRUDEDAREASOLID(#6522,#6524,#6525,0.5);
#6527=IFCSHAPEREPRESENTATION(#14,'Body','SweptSolid',(#6526));
#6528=IFCPRODUCTDEFINITIONSHAPE($,$,(#6527));
#6529=IFCBEAM('1f7vZoSsTFAwIsnHYj8GEP',#5,'VB_P01_40_05',$,$,#6519,#6528,$,$);
#6530=IFCRELCONTAINEDINSPATIALSTRUCTURE('04gmBMa0H5wQmjH50uoZaj',#5,$,$,(#6529),#45);
#6531=IFCCARTESIANPOINT((52.5,40.,-0.5));
#6532=IFCAXIS2PLACEMENT3D(#6531,$,$);
#6533=IFCLOCALPLACEMENT(#44,#6532);
#6534=IFCCARTESIANPOINT((0.,0.));
#6535=IFCAXIS2PLACEMENT2D(#6534,$);
#6536=IFCRECTANGLEPROFILEDEF(.AREA.,$,#6535,7.,0.25);
#6537=IFCCARTESIANPOINT((0.,0.,0.));
#6538=IFCAXIS2PLACEMENT3D(#6537,$,$);
#6539=IFCDIRECTION((0.,0.,1.));
#6540=IFCEXTRUDEDAREASOLID(#6536,#6538,#6539,0.5);
#6541=IFCSHAPEREPRESENTATION(#14,'Body','SweptSolid',(#6540));
#6542=IFCPRODUCTDEFINITIONSHAPE($,$,(#6541));
#6543=IFCBEAM('1ap5pGN9L0xQUtY2OBGJ7N',#5,'VB_P01_40_06',$,$,#6533,#6542,$,$);
#6544=IFCRELCONTAINEDINSPATIALSTRUCTURE('3vn4lnYRj1hew1n5SppiJ2',#5,$,$,(#6543),#45);
#6545=IFCCARTESIANPOINT((59.939999999999998,40.,-0.5));
#6546=IFCAXIS2PLACEMENT3D(#6545,$,$);
#6547=IFCLOCALPLACEMENT(#44,#6546);
#6548=IFCCARTESIANPOINT((0.,0.));
#6549=IFCAXIS2PLACEMENT2D(#6548,$);
#6550=IFCRECTANGLEPROFILEDEF(.AREA.,$,#6549,7.8800000000000026,0.25);
#6551=IFCCARTESIANPOINT((0.,0.,0.));
#6552=IFCAXIS2PLACEMENT3D(#6551,$,$);
#6553=IFCDIRECTION((0.,0.,1.));
#6554=IFCEXTRUDEDAREASOLID(#6550,#6552,#6553,0.5);
#6555=IFCSHAPEREPRESENTATION(#14,'Body','SweptSolid',(#6554));
#6556=IFCPRODUCTDEFINITIONSHAPE($,$,(#6555));
#6557=IFCBEAM('0kUJOCIoj8mAdqX3MTjT_s',#5,'VB_P01_40_07',$,$,#6547,#6556,$,$);
#6558=IFCRELCONTAINEDINSPATIALSTRUCTURE('25WOVI0K5Bpua3l2RRvxZn',#5,$,$,(#6557),#45);
#6559=IFCCARTESIANPOINT((67.814999999999998,40.,-0.5));
#6560=IFCAXIS2PLACEMENT3D(#6559,$,$);
#6561=IFCLOCALPLACEMENT(#44,#6560);
#6562=IFCCARTESIANPOINT((0.,0.));
#6563=IFCAXIS2PLACEMENT2D(#6562,$);
#6564=IFCRECTANGLEPROFILEDEF(.AREA.,$,#6563,7.8699999999999974,0.25);
#6565=IFCCARTESIANPOINT((0.,0.,0.));
#6566=IFCAXIS2PLACEMENT3D(#6565,$,$);
#6567=IFCDIRECTION((0.,0.,1.));
#6568=IFCEXTRUDEDAREASOLID(#6564,#6566,#6567,0.5);
#6569=IFCSHAPEREPRESENTATION(#14,'Body','SweptSolid',(#6568));
#6570=IFCPRODUCTDEFINITIONSHAPE($,$,(#6569));
#6571=IFCBEAM('2NIUL4LIn5e9oLB0bDkzXc',#5,'VB_P01_40_08',$,$,#6561,#6570,$,$);
#6572=IFCRELCONTAINEDINSPATIALSTRUCTURE('122bphF5H8H9R9N$72qaal',#5,$,$,(#6571),#45);
#6573=IFCCARTESIANPOINT((75.689999999999998,40.,-0.5));
#6574=IFCAXIS2PLACEMENT3D(#6573,$,$);
#6575=IFCLOCALPLACEMENT(#44,#6574);
#6576=IFCCARTESIANPOINT((0.,0.));
#6577=IFCAXIS2PLACEMENT2D(#6576,$);
#6578=IFCRECTANGLEPROFILEDEF(.AREA.,$,#6577,7.8799999999999955,0.25);
#6579=IFCCARTESIANPOINT((0.,0.,0.));
#6580=IFCAXIS2PLACEMENT3D(#6579,$,$);
#6581=IFCDIRECTION((0.,0.,1.));
#6582=IFCEXTRUDEDAREASOLID(#6578,#6580,#6581,0.5);
#6583=IFCSHAPEREPRESENTATION(#14,'Body','SweptSolid',(#6582));
#6584=IFCPRODUCTDEFINITIONSHAPE($,$,(#6583));
#6585=IFCBEAM('2ACkkstp51pxtwuIVvXbXA',#5,'VB_P01_40_09',$,$,#6575,#6584,$,$);
#6586=IFCRELCONTAINEDINSPATIALSTRUCTURE('0X9GRqaVT5zQMZMyVxn052',#5,$,$,(#6585),#45);
#6587=IFCCARTESIANPOINT((83.564999999999998,40.,-0.5));
#6588=IFCAXIS2PLACEMENT3D(#6587,$,$);
#6589=IFCLOCALPLACEMENT(#44,#6588);
#6590=IFCCARTESIANPOINT((0.,0.));
#6591=IFCAXIS2PLACEMENT2D(#6590,$);
#6592=IFCRECTANGLEPROFILEDEF(.AREA.,$,#6591,7.8700000000000045,0.25);
#6593=IFCCARTESIANPOINT((0.,0.,0.));
#6594=IFCAXIS2PLACEMENT3D(#6593,$,$);
#6595=IFCDIRECTION((0.,0.,1.));
#6596=IFCEXTRUDEDAREASOLID(#6592,#6594,#6595,0.5);
#6597=IFCSHAPEREPRESENTATION(#14,'Body','SweptSolid',(#6596));
#6598=IFCPRODUCTDEFINITIONSHAPE($,$,(#6597));
#6599=IFCBEAM('2pNjowLyD8ERRc6TduUQj$',#5,'VB_P01_40_10',$,$,#6589,#6598,$,$);
#6600=IFCRELCONTAINEDINSPATIALSTRUCTURE('2__W42ANP3jAy3oejHMzmi',#5,$,$,(#6599),#45);
#6601=IFCCARTESIANPOINT((2.5,6.5,-0.5));
#6602=IFCAXIS2PLACEMENT3D(#6601,$,$);
#6603=IFCLOCALPLACEMENT(#44,#6602);
#6604=IFCCARTESIANPOINT((0.,0.));
#6605=IFCAXIS2PLACEMENT2D(#6604,$);
#6606=IFCRECTANGLEPROFILEDEF(.AREA.,$,#6605,0.25,7.);
#6607=IFCCARTESIANPOINT((0.,0.,0.));
#6608=IFCAXIS2PLACEMENT3D(#6607,$,$);
#6609=IFCDIRECTION((0.,0.,1.));
#6610=IFCEXTRUDEDAREASOLID(#6606,#6608,#6609,0.5);
#6611=IFCSHAPEREPRESENTATION(#14,'Body','SweptSolid',(#6610));
#6612=IFCPRODUCTDEFINITIONSHAPE($,$,(#6611));
#6613=IFCBEAM('35eBywnS17lwdwBNDZ960t',#5,'VB_P01_2_00',$,$,#6603,#6612,$,$);
#6614=IFCRELCONTAINEDINSPATIALSTRUCTURE('0W2mR7P$9AZ8d_mMvxVDGv',#5,$,$,(#6613),#45);
#6615=IFCCARTESIANPOINT((2.5,13.5,-0.5));
#6616=IFCAXIS2PLACEMENT3D(#6615,$,$);
#6617=IFCLOCALPLACEMENT(#44,#6616);
#6618=IFCCARTESIANPOINT((0.,0.));
#6619=IFCAXIS2PLACEMENT2D(#6618,$);
#6620=IFCRECTANGLEPROFILEDEF(.AREA.,$,#6619,0.25,7.);
#6621=IFCCARTESIANPOINT((0.,0.,0.));
#6622=IFCAXIS2PLACEMENT3D(#6621,$,$);
#6623=IFCDIRECTION((0.,0.,1.));
#6624=IFCEXTRUDEDAREASOLID(#6620,#6622,#6623,0.5);
#6625=IFCSHAPEREPRESENTATION(#14,'Body','SweptSolid',(#6624));
#6626=IFCPRODUCTDEFINITIONSHAPE($,$,(#6625));
#6627=IFCBEAM('3iDBHYHoLEYRXGgBiQ_Olo',#5,'VB_P01_2_01',$,$,#6617,#6626,$,$);
#6628=IFCRELCONTAINEDINSPATIALSTRUCTURE('2GFpWKWUr3Xeo7jA3_jLgM',#5,$,$,(#6627),#45);
#6629=IFCCARTESIANPOINT((2.5,21.5,-0.5));
#6630=IFCAXIS2PLACEMENT3D(#6629,$,$);
#6631=IFCLOCALPLACEMENT(#44,#6630);
#6632=IFCCARTESIANPOINT((0.,0.));
#6633=IFCAXIS2PLACEMENT2D(#6632,$);
#6634=IFCRECTANGLEPROFILEDEF(.AREA.,$,#6633,0.25,9.);
#6635=IFCCARTESIANPOINT((0.,0.,0.));
#6636=IFCAXIS2PLACEMENT3D(#6635,$,$);
#6637=IFCDIRECTION((0.,0.,1.));
#6638=IFCEXTRUDEDAREASOLID(#6634,#6636,#6637,0.5);
#6639=IFCSHAPEREPRESENTATION(#14,'Body','SweptSolid',(#6638));
#6640=IFCPRODUCTDEFINITIONSHAPE($,$,(#6639));
#6641=IFCBEAM('1eRNMpY_n8GQRgoXyNjLRN',#5,'VB_P01_2_02',$,$,#6631,#6640,$,$);
#6642=IFCRELCONTAINEDINSPATIALSTRUCTURE('0Av5_Fb3r7VRnK5i8xhVOe',#5,$,$,(#6641),#45);
#6643=IFCCARTESIANPOINT((2.5,29.5,-0.5));
#6644=IFCAXIS2PLACEMENT3D(#6643,$,$);
#6645=IFCLOCALPLACEMENT(#44,#6644);
#6646=IFCCARTESIANPOINT((0.,0.));
#6647=IFCAXIS2PLACEMENT2D(#6646,$);
#6648=IFCRECTANGLEPROFILEDEF(.AREA.,$,#6647,0.25,7.);
#6649=IFCCARTESIANPOINT((0.,0.,0.));
#6650=IFCAXIS2PLACEMENT3D(#6649,$,$);
#6651=IFCDIRECTION((0.,0.,1.));
#6652=IFCEXTRUDEDAREASOLID(#6648,#6650,#6651,0.5);
#6653=IFCSHAPEREPRESENTATION(#14,'Body','SweptSolid',(#6652));
#6654=IFCPRODUCTDEFINITIONSHAPE($,$,(#6653));
#6655=IFCBEAM('3DCAAia4f4Bvr4$YoC144W',#5,'VB_P01_2_03',$,$,#6645,#6654,$,$);
#6656=IFCRELCONTAINEDINSPATIALSTRUCTURE('0VITmWht95PRmkWg$v_M4E',#5,$,$,(#6655),#45);
#6657=IFCCARTESIANPOINT((2.5,36.5,-0.5));
#6658=IFCAXIS2PLACEMENT3D(#6657,$,$);
#6659=IFCLOCALPLACEMENT(#44,#6658);
#6660=IFCCARTESIANPOINT((0.,0.));
#6661=IFCAXIS2PLACEMENT2D(#6660,$);
#6662=IFCRECTANGLEPROFILEDEF(.AREA.,$,#6661,0.25,7.);
#6663=IFCCARTESIANPOINT((0.,0.,0.));
#6664=IFCAXIS2PLACEMENT3D(#6663,$,$);
#6665=IFCDIRECTION((0.,0.,1.));
#6666=IFCEXTRUDEDAREASOLID(#6662,#6664,#6665,0.5);
#6667=IFCSHAPEREPRESENTATION(#14,'Body','SweptSolid',(#6666));
#6668=IFCPRODUCTDEFINITIONSHAPE($,$,(#6667));
#6669=IFCBEAM('2zbM3ZKiL448InzZenKuhO',#5,'VB_P01_2_04',$,$,#6659,#6668,$,$);
#6670=IFCRELCONTAINEDINSPATIALSTRUCTURE('3SP_qm1Qb2Ph3Bv8gu1JNO',#5,$,$,(#6669),#45);
#6671=IFCCARTESIANPOINT((87.5,6.5,-0.5));
#6672=IFCAXIS2PLACEMENT3D(#6671,$,$);
#6673=IFCLOCALPLACEMENT(#44,#6672);
#6674=IFCCARTESIANPOINT((0.,0.));
#6675=IFCAXIS2PLACEMENT2D(#6674,$);
#6676=IFCRECTANGLEPROFILEDEF(.AREA.,$,#6675,0.25,7.);
#6677=IFCCARTESIANPOINT((0.,0.,0.));
#6678=IFCAXIS2PLACEMENT3D(#6677,$,$);
#6679=IFCDIRECTION((0.,0.,1.));
#6680=IFCEXTRUDEDAREASOLID(#6676,#6678,#6679,0.5);
#6681=IFCSHAPEREPRESENTATION(#14,'Body','SweptSolid',(#6680));
#6682=IFCPRODUCTDEFINITIONSHAPE($,$,(#6681));
#6683=IFCBEAM('1DwGTGVh90Y9Hz7NeMB0h_',#5,'VB_P01_88_00',$,$,#6673,#6682,$,$);
#6684=IFCRELCONTAINEDINSPATIALSTRUCTURE('2fp2z2o0T2igFtlmY77oof',#5,$,$,(#6683),#45);
#6685=IFCCARTESIANPOINT((87.5,13.5,-0.5));
#6686=IFCAXIS2PLACEMENT3D(#6685,$,$);
#6687=IFCLOCALPLACEMENT(#44,#6686);
#6688=IFCCARTESIANPOINT((0.,0.));
#6689=IFCAXIS2PLACEMENT2D(#6688,$);
#6690=IFCRECTANGLEPROFILEDEF(.AREA.,$,#6689,0.25,7.);
#6691=IFCCARTESIANPOINT((0.,0.,0.));
#6692=IFCAXIS2PLACEMENT3D(#6691,$,$);
#6693=IFCDIRECTION((0.,0.,1.));
#6694=IFCEXTRUDEDAREASOLID(#6690,#6692,#6693,0.5);
#6695=IFCSHAPEREPRESENTATION(#14,'Body','SweptSolid',(#6694));
#6696=IFCPRODUCTDEFINITIONSHAPE($,$,(#6695));
#6697=IFCBEAM('2jlQpKM1v3W9kDkPfY5gYu',#5,'VB_P01_88_01',$,$,#6687,#6696,$,$);
#6698=IFCRELCONTAINEDINSPATIALSTRUCTURE('17zCddN2bFwej8ZtD07OP2',#5,$,$,(#6697),#45);
#6699=IFCCARTESIANPOINT((87.5,21.5,-0.5));
#6700=IFCAXIS2PLACEMENT3D(#6699,$,$);
#6701=IFCLOCALPLACEMENT(#44,#6700);
#6702=IFCCARTESIANPOINT((0.,0.));
#6703=IFCAXIS2PLACEMENT2D(#6702,$);
#6704=IFCRECTANGLEPROFILEDEF(.AREA.,$,#6703,0.25,9.);
#6705=IFCCARTESIANPOINT((0.,0.,0.));
#6706=IFCAXIS2PLACEMENT3D(#6705,$,$);
#6707=IFCDIRECTION((0.,0.,1.));
#6708=IFCEXTRUDEDAREASOLID(#6704,#6706,#6707,0.5);
#6709=IFCSHAPEREPRESENTATION(#14,'Body','SweptSolid',(#6708));
#6710=IFCPRODUCTDEFINITIONSHAPE($,$,(#6709));
#6711=IFCBEAM('2qgV7dIq5AO9bcMlVgopNU',#5,'VB_P01_88_02',$,$,#6701,#6710,$,$);
#6712=IFCRELCONTAINEDINSPATIALSTRUCTURE('2zuTqocrjC5RhEkY1UxrsS',#5,$,$,(#6711),#45);
#6713=IFCCARTESIANPOINT((87.5,29.5,-0.5));
#6714=IFCAXIS2PLACEMENT3D(#6713,$,$);
#6715=IFCLOCALPLACEMENT(#44,#6714);
#6716=IFCCARTESIANPOINT((0.,0.));
#6717=IFCAXIS2PLACEMENT2D(#6716,$);
#6718=IFCRECTANGLEPROFILEDEF(.AREA.,$,#6717,0.25,7.);
#6719=IFCCARTESIANPOINT((0.,0.,0.));
#6720=IFCAXIS2PLACEMENT3D(#6719,$,$);
#6721=IFCDIRECTION((0.,0.,1.));
#6722=IFCEXTRUDEDAREASOLID(#6718,#6720,#6721,0.5);
#6723=IFCSHAPEREPRESENTATION(#14,'Body','SweptSolid',(#6722));
#6724=IFCPRODUCTDEFINITIONSHAPE($,$,(#6723));
#6725=IFCBEAM('2KHCUd_iL1zRWU9zW0jVVD',#5,'VB_P01_88_03',$,$,#6715,#6724,$,$);
#6726=IFCRELCONTAINEDINSPATIALSTRUCTURE('1QBMXaw714$vp$64MwnSCS',#5,$,$,(#6725),#45);
#6727=IFCCARTESIANPOINT((87.5,36.5,-0.5));
#6728=IFCAXIS2PLACEMENT3D(#6727,$,$);
#6729=IFCLOCALPLACEMENT(#44,#6728);
#6730=IFCCARTESIANPOINT((0.,0.));
#6731=IFCAXIS2PLACEMENT2D(#6730,$);
#6732=IFCRECTANGLEPROFILEDEF(.AREA.,$,#6731,0.25,7.);
#6733=IFCCARTESIANPOINT((0.,0.,0.));
#6734=IFCAXIS2PLACEMENT3D(#6733,$,$);
#6735=IFCDIRECTION((0.,0.,1.));
#6736=IFCEXTRUDEDAREASOLID(#6732,#6734,#6735,0.5);
#6737=IFCSHAPEREPRESENTATION(#14,'Body','SweptSolid',(#6736));
#6738=IFCPRODUCTDEFINITIONSHAPE($,$,(#6737));
#6739=IFCBEAM('3Z362hJErFpuRbPPSIsFo3',#5,'VB_P01_88_04',$,$,#6729,#6738,$,$);
#6740=IFCRELCONTAINEDINSPATIALSTRUCTURE('3Je4gb_BP3RBlrJPPt_T61',#5,$,$,(#6739),#45);
#6741=IFCCARTESIANPOINT((12.,18.,-0.5));
#6742=IFCAXIS2PLACEMENT3D(#6741,$,$);
#6743=IFCLOCALPLACEMENT(#44,#6742);
#6744=IFCCARTESIANPOINT((0.,0.));
#6745=IFCAXIS2PLACEMENT2D(#6744,$);
#6746=IFCRECTANGLEPROFILEDEF(.AREA.,$,#6745,14.,0.20000000000000284);
#6747=IFCCARTESIANPOINT((0.,0.,0.));
#6748=IFCAXIS2PLACEMENT3D(#6747,$,$);
#6749=IFCDIRECTION((0.,0.,1.));
#6750=IFCEXTRUDEDAREASOLID(#6746,#6748,#6749,0.5);
#6751=IFCSHAPEREPRESENTATION(#14,'Body','SweptSolid',(#6750));
#6752=IFCPRODUCTDEFINITIONSHAPE($,$,(#6751));
#6753=IFCBEAM('1vhDqGVQD22e5V2ck68Fs5',#5,'VP_P01_A_18',$,$,#6743,#6752,$,$);
#6754=IFCRELCONTAINEDINSPATIALSTRUCTURE('118Mriupb03x$JP0tIaTFh',#5,$,$,(#6753),#45);
#6755=IFCCARTESIANPOINT((12.,25.,-0.5));
#6756=IFCAXIS2PLACEMENT3D(#6755,$,$);
#6757=IFCLOCALPLACEMENT(#44,#6756);
#6758=IFCCARTESIANPOINT((0.,0.));
#6759=IFCAXIS2PLACEMENT2D(#6758,$);
#6760=IFCRECTANGLEPROFILEDEF(.AREA.,$,#6759,14.,0.20000000000000284);
#6761=IFCCARTESIANPOINT((0.,0.,0.));
#6762=IFCAXIS2PLACEMENT3D(#6761,$,$);
#6763=IFCDIRECTION((0.,0.,1.));
#6764=IFCEXTRUDEDAREASOLID(#6760,#6762,#6763,0.5);
#6765=IFCSHAPEREPRESENTATION(#14,'Body','SweptSolid',(#6764));
#6766=IFCPRODUCTDEFINITIONSHAPE($,$,(#6765));
#6767=IFCBEAM('2e5fiss3v51ew59tviahki',#5,'VP_P01_A_25',$,$,#6757,#6766,$,$);
#6768=IFCRELCONTAINEDINSPATIALSTRUCTURE('34NM4UQY53KxSkv4qbjdE6',#5,$,$,(#6767),#45);
#6769=IFCCARTESIANPOINT((5.,21.5,-0.5));
#6770=IFCAXIS2PLACEMENT3D(#6769,$,$);
#6771=IFCLOCALPLACEMENT(#44,#6770);
#6772=IFCCARTESIANPOINT((0.,0.));
#6773=IFCAXIS2PLACEMENT2D(#6772,$);
#6774=IFCRECTANGLEPROFILEDEF(.AREA.,$,#6773,0.19999999999999929,7.);
#6775=IFCCARTESIANPOINT((0.,0.,0.));
#6776=IFCAXIS2PLACEMENT3D(#6775,$,$);
#6777=IFCDIRECTION((0.,0.,1.));
#6778=IFCEXTRUDEDAREASOLID(#6774,#6776,#6777,0.5);
#6779=IFCSHAPEREPRESENTATION(#14,'Body','SweptSolid',(#6778));
#6780=IFCPRODUCTDEFINITIONSHAPE($,$,(#6779));
#6781=IFCBEAM('22UuJBM7TFPxXcGH8UMUoV',#5,'VP_P01_A_5',$,$,#6771,#6780,$,$);
#6782=IFCRELCONTAINEDINSPATIALSTRUCTURE('0OaCeyzML4A8LMKo2L8TAj',#5,$,$,(#6781),#45);
#6783=IFCCARTESIANPOINT((19.,21.5,-0.5));
#6784=IFCAXIS2PLACEMENT3D(#6783,$,$);
#6785=IFCLOCALPLACEMENT(#44,#6784);
#6786=IFCCARTESIANPOINT((0.,0.));
#6787=IFCAXIS2PLACEMENT2D(#6786,$);
#6788=IFCRECTANGLEPROFILEDEF(.AREA.,$,#6787,0.20000000000000284,7.);
#6789=IFCCARTESIANPOINT((0.,0.,0.));
#6790=IFCAXIS2PLACEMENT3D(#6789,$,$);
#6791=IFCDIRECTION((0.,0.,1.));
#6792=IFCEXTRUDEDAREASOLID(#6788,#6790,#6791,0.5);
#6793=IFCSHAPEREPRESENTATION(#14,'Body','SweptSolid',(#6792));
#6794=IFCPRODUCTDEFINITIONSHAPE($,$,(#6793));
#6795=IFCBEAM('2Xl0pPPl99cgSGFhTWzH7B',#5,'VP_P01_A_19',$,$,#6785,#6794,$,$);
#6796=IFCRELCONTAINEDINSPATIALSTRUCTURE('04idaveKL5OfGFg5xsSuF6',#5,$,$,(#6795),#45);
#6797=IFCCARTESIANPOINT((78.,18.,-0.5));
#6798=IFCAXIS2PLACEMENT3D(#6797,$,$);
#6799=IFCLOCALPLACEMENT(#44,#6798);
#6800=IFCCARTESIANPOINT((0.,0.));
#6801=IFCAXIS2PLACEMENT2D(#6800,$);
#6802=IFCRECTANGLEPROFILEDEF(.AREA.,$,#6801,14.,0.20000000000000284);
#6803=IFCCARTESIANPOINT((0.,0.,0.));
#6804=IFCAXIS2PLACEMENT3D(#6803,$,$);
#6805=IFCDIRECTION((0.,0.,1.));
#6806=IFCEXTRUDEDAREASOLID(#6802,#6804,#6805,0.5);
#6807=IFCSHAPEREPRESENTATION(#14,'Body','SweptSolid',(#6806));
#6808=IFCPRODUCTDEFINITIONSHAPE($,$,(#6807));
#6809=IFCBEAM('28754Yq_D8nPSUhuLPk9Ur',#5,'VP_P01_B_18',$,$,#6799,#6808,$,$);
#6810=IFCRELCONTAINEDINSPATIALSTRUCTURE('2pYypI5RX1hQwO3BRnYAV8',#5,$,$,(#6809),#45);
#6811=IFCCARTESIANPOINT((78.,25.,-0.5));
#6812=IFCAXIS2PLACEMENT3D(#6811,$,$);
#6813=IFCLOCALPLACEMENT(#44,#6812);
#6814=IFCCARTESIANPOINT((0.,0.));
#6815=IFCAXIS2PLACEMENT2D(#6814,$);
#6816=IFCRECTANGLEPROFILEDEF(.AREA.,$,#6815,14.,0.20000000000000284);
#6817=IFCCARTESIANPOINT((0.,0.,0.));
#6818=IFCAXIS2PLACEMENT3D(#6817,$,$);
#6819=IFCDIRECTION((0.,0.,1.));
#6820=IFCEXTRUDEDAREASOLID(#6816,#6818,#6819,0.5);
#6821=IFCSHAPEREPRESENTATION(#14,'Body','SweptSolid',(#6820));
#6822=IFCPRODUCTDEFINITIONSHAPE($,$,(#6821));
#6823=IFCBEAM('1FvpBwqG94ku37R$xpsdmy',#5,'VP_P01_B_25',$,$,#6813,#6822,$,$);
#6824=IFCRELCONTAINEDINSPATIALSTRUCTURE('3tGc1ItAzD6gtNLaOFZrgM',#5,$,$,(#6823),#45);
#6825=IFCCARTESIANPOINT((71.,21.5,-0.5));
#6826=IFCAXIS2PLACEMENT3D(#6825,$,$);
#6827=IFCLOCALPLACEMENT(#44,#6826);
#6828=IFCCARTESIANPOINT((0.,0.));
#6829=IFCAXIS2PLACEMENT2D(#6828,$);
#6830=IFCRECTANGLEPROFILEDEF(.AREA.,$,#6829,0.19999999999998863,7.);
#6831=IFCCARTESIANPOINT((0.,0.,0.));
#6832=IFCAXIS2PLACEMENT3D(#6831,$,$);
#6833=IFCDIRECTION((0.,0.,1.));
#6834=IFCEXTRUDEDAREASOLID(#6830,#6832,#6833,0.5);
#6835=IFCSHAPEREPRESENTATION(#14,'Body','SweptSolid',(#6834));
#6836=IFCPRODUCTDEFINITIONSHAPE($,$,(#6835));
#6837=IFCBEAM('1bvDiOyGvEQhJ$yvLjuIda',#5,'VP_P01_B_71',$,$,#6827,#6836,$,$);
#6838=IFCRELCONTAINEDINSPATIALSTRUCTURE('0RQJoEbtn3Eh$qkm_41zQx',#5,$,$,(#6837),#45);
#6839=IFCCARTESIANPOINT((85.,21.5,-0.5));
#6840=IFCAXIS2PLACEMENT3D(#6839,$,$);
#6841=IFCLOCALPLACEMENT(#44,#6840);
#6842=IFCCARTESIANPOINT((0.,0.));
#6843=IFCAXIS2PLACEMENT2D(#6842,$);
#6844=IFCRECTANGLEPROFILEDEF(.AREA.,$,#6843,0.19999999999998863,7.);
#6845=IFCCARTESIANPOINT((0.,0.,0.));
#6846=IFCAXIS2PLACEMENT3D(#6845,$,$);
#6847=IFCDIRECTION((0.,0.,1.));
#6848=IFCEXTRUDEDAREASOLID(#6844,#6846,#6847,0.5);
#6849=IFCSHAPEREPRESENTATION(#14,'Body','SweptSolid',(#6848));
#6850=IFCPRODUCTDEFINITIONSHAPE($,$,(#6849));
#6851=IFCBEAM('2BDEPM53X3wRNzc3twAAqm',#5,'VP_P01_B_85',$,$,#6841,#6850,$,$);
#6852=IFCRELCONTAINEDINSPATIALSTRUCTURE('0f1gkAJs9BfuxSwDUR8YM$',#5,$,$,(#6851),#45);
#6853=IFCCARTESIANPOINT((6.4400000000000004,3.,-0.5));
#6854=IFCAXIS2PLACEMENT3D(#6853,$,$);
#6855=IFCLOCALPLACEMENT(#48,#6854);
#6856=IFCCARTESIANPOINT((0.,0.));
#6857=IFCAXIS2PLACEMENT2D(#6856,$);
#6858=IFCRECTANGLEPROFILEDEF(.AREA.,$,#6857,7.8800000000000008,0.25);
#6859=IFCCARTESIANPOINT((0.,0.,0.));
#6860=IFCAXIS2PLACEMENT3D(#6859,$,$);
#6861=IFCDIRECTION((0.,0.,1.));
#6862=IFCEXTRUDEDAREASOLID(#6858,#6860,#6861,0.5);
#6863=IFCSHAPEREPRESENTATION(#14,'Body','SweptSolid',(#6862));
#6864=IFCPRODUCTDEFINITIONSHAPE($,$,(#6863));
#6865=IFCBEAM('00qFRxm_50t9P$Ou5QgOoZ',#5,'VB_P02_3_00',$,$,#6855,#6864,$,$);
#6866=IFCRELCONTAINEDINSPATIALSTRUCTURE('1hIq20A_54MOpa$OPhBHPw',#5,$,$,(#6865),#49);
#6867=IFCCARTESIANPOINT((14.315000000000001,3.,-0.5));
#6868=IFCAXIS2PLACEMENT3D(#6867,$,$);
#6869=IFCLOCALPLACEMENT(#48,#6868);
#6870=IFCCARTESIANPOINT((0.,0.));
#6871=IFCAXIS2PLACEMENT2D(#6870,$);
#6872=IFCRECTANGLEPROFILEDEF(.AREA.,$,#6871,7.8699999999999992,0.25);
#6873=IFCCARTESIANPOINT((0.,0.,0.));
#6874=IFCAXIS2PLACEMENT3D(#6873,$,$);
#6875=IFCDIRECTION((0.,0.,1.));
#6876=IFCEXTRUDEDAREASOLID(#6872,#6874,#6875,0.5);
#6877=IFCSHAPEREPRESENTATION(#14,'Body','SweptSolid',(#6876));
#6878=IFCPRODUCTDEFINITIONSHAPE($,$,(#6877));
#6879=IFCBEAM('1G5WBKqYjDOBdlCLOgf3wY',#5,'VB_P02_3_01',$,$,#6869,#6878,$,$);
#6880=IFCRELCONTAINEDINSPATIALSTRUCTURE('1FVbaYgxv8LwuV_8a8jXRJ',#5,$,$,(#6879),#49);
#6881=IFCCARTESIANPOINT((22.189999999999998,3.,-0.5));
#6882=IFCAXIS2PLACEMENT3D(#6881,$,$);
#6883=IFCLOCALPLACEMENT(#48,#6882);
#6884=IFCCARTESIANPOINT((0.,0.));
#6885=IFCAXIS2PLACEMENT2D(#6884,$);
#6886=IFCRECTANGLEPROFILEDEF(.AREA.,$,#6885,7.879999999999999,0.25);
#6887=IFCCARTESIANPOINT((0.,0.,0.));
#6888=IFCAXIS2PLACEMENT3D(#6887,$,$);
#6889=IFCDIRECTION((0.,0.,1.));
#6890=IFCEXTRUDEDAREASOLID(#6886,#6888,#6889,0.5);
#6891=IFCSHAPEREPRESENTATION(#14,'Body','SweptSolid',(#6890));
#6892=IFCPRODUCTDEFINITIONSHAPE($,$,(#6891));
#6893=IFCBEAM('3S5nUHd8j4Owg4mLLMJZ2k',#5,'VB_P02_3_02',$,$,#6883,#6892,$,$);
#6894=IFCRELCONTAINEDINSPATIALSTRUCTURE('00bgsniA9DQB0nX76boBs9',#5,$,$,(#6893),#49);
#6895=IFCCARTESIANPOINT((30.064999999999998,3.,-0.5));
#6896=IFCAXIS2PLACEMENT3D(#6895,$,$);
#6897=IFCLOCALPLACEMENT(#48,#6896);
#6898=IFCCARTESIANPOINT((0.,0.));
#6899=IFCAXIS2PLACEMENT2D(#6898,$);
#6900=IFCRECTANGLEPROFILEDEF(.AREA.,$,#6899,7.870000000000001,0.25);
#6901=IFCCARTESIANPOINT((0.,0.,0.));
#6902=IFCAXIS2PLACEMENT3D(#6901,$,$);
#6903=IFCDIRECTION((0.,0.,1.));
#6904=IFCEXTRUDEDAREASOLID(#6900,#6902,#6903,0.5);
#6905=IFCSHAPEREPRESENTATION(#14,'Body','SweptSolid',(#6904));
#6906=IFCPRODUCTDEFINITIONSHAPE($,$,(#6905));
#6907=IFCBEAM('2U95002Cv3KvcyDjC0_N4s',#5,'VB_P02_3_03',$,$,#6897,#6906,$,$);
#6908=IFCRELCONTAINEDINSPATIALSTRUCTURE('0_7ZNp_bj7H9jjZX9qssuX',#5,$,$,(#6907),#49);
#6909=IFCCARTESIANPOINT((37.5,3.,-0.5));
#6910=IFCAXIS2PLACEMENT3D(#6909,$,$);
#6911=IFCLOCALPLACEMENT(#48,#6910);
#6912=IFCCARTESIANPOINT((0.,0.));
#6913=IFCAXIS2PLACEMENT2D(#6912,$);
#6914=IFCRECTANGLEPROFILEDEF(.AREA.,$,#6913,7.,0.25);
#6915=IFCCARTESIANPOINT((0.,0.,0.));
#6916=IFCAXIS2PLACEMENT3D(#6915,$,$);
#6917=IFCDIRECTION((0.,0.,1.));
#6918=IFCEXTRUDEDAREASOLID(#6914,#6916,#6917,0.5);
#6919=IFCSHAPEREPRESENTATION(#14,'Body','SweptSolid',(#6918));
#6920=IFCPRODUCTDEFINITIONSHAPE($,$,(#6919));
#6921=IFCBEAM('05CnlskGL2nw2juxOhH4kt',#5,'VB_P02_3_04',$,$,#6911,#6920,$,$);
#6922=IFCRELCONTAINEDINSPATIALSTRUCTURE('0Qa4HC$QL67x51MBNW81Yt',#5,$,$,(#6921),#49);
#6923=IFCCARTESIANPOINT((45.,3.,-0.5));
#6924=IFCAXIS2PLACEMENT3D(#6923,$,$);
#6925=IFCLOCALPLACEMENT(#48,#6924);
#6926=IFCCARTESIANPOINT((0.,0.));
#6927=IFCAXIS2PLACEMENT2D(#6926,$);
#6928=IFCRECTANGLEPROFILEDEF(.AREA.,$,#6927,8.,0.25);
#6929=IFCCARTESIANPOINT((0.,0.,0.));
#6930=IFCAXIS2PLACEMENT3D(#6929,$,$);
#6931=IFCDIRECTION((0.,0.,1.));
#6932=IFCEXTRUDEDAREASOLID(#6928,#6930,#6931,0.5);
#6933=IFCSHAPEREPRESENTATION(#14,'Body','SweptSolid',(#6932));
#6934=IFCPRODUCTDEFINITIONSHAPE($,$,(#6933));
#6935=IFCBEAM('3MRr_tpEX1wwpklDoweROh',#5,'VB_P02_3_05',$,$,#6925,#6934,$,$);
#6936=IFCRELCONTAINEDINSPATIALSTRUCTURE('2R7FDbD8n1dR9uLMPsAJo1',#5,$,$,(#6935),#49);
#6937=IFCCARTESIANPOINT((52.5,3.,-0.5));
#6938=IFCAXIS2PLACEMENT3D(#6937,$,$);
#6939=IFCLOCALPLACEMENT(#48,#6938);
#6940=IFCCARTESIANPOINT((0.,0.));
#6941=IFCAXIS2PLACEMENT2D(#6940,$);
#6942=IFCRECTANGLEPROFILEDEF(.AREA.,$,#6941,7.,0.25);
#6943=IFCCARTESIANPOINT((0.,0.,0.));
#6944=IFCAXIS2PLACEMENT3D(#6943,$,$);
#6945=IFCDIRECTION((0.,0.,1.));
#6946=IFCEXTRUDEDAREASOLID(#6942,#6944,#6945,0.5);
#6947=IFCSHAPEREPRESENTATION(#14,'Body','SweptSolid',(#6946));
#6948=IFCPRODUCTDEFINITIONSHAPE($,$,(#6947));
#6949=IFCBEAM('25AduMhAv2$Bnb0lNRXGqP',#5,'VB_P02_3_06',$,$,#6939,#6948,$,$);
#6950=IFCRELCONTAINEDINSPATIALSTRUCTURE('1tKWvVMHz7MOjs_M3_IKux',#5,$,$,(#6949),#49);
#6951=IFCCARTESIANPOINT((59.939999999999998,3.,-0.5));
#6952=IFCAXIS2PLACEMENT3D(#6951,$,$);
#6953=IFCLOCALPLACEMENT(#48,#6952);
#6954=IFCCARTESIANPOINT((0.,0.));
#6955=IFCAXIS2PLACEMENT2D(#6954,$);
#6956=IFCRECTANGLEPROFILEDEF(.AREA.,$,#6955,7.8800000000000026,0.25);
#6957=IFCCARTESIANPOINT((0.,0.,0.));
#6958=IFCAXIS2PLACEMENT3D(#6957,$,$);
#6959=IFCDIRECTION((0.,0.,1.));
#6960=IFCEXTRUDEDAREASOLID(#6956,#6958,#6959,0.5);
#6961=IFCSHAPEREPRESENTATION(#14,'Body','SweptSolid',(#6960));
#6962=IFCPRODUCTDEFINITIONSHAPE($,$,(#6961));
#6963=IFCBEAM('1Gp9o9ixTBBeeCKQtMmFri',#5,'VB_P02_3_07',$,$,#6953,#6962,$,$);
#6964=IFCRELCONTAINEDINSPATIALSTRUCTURE('1kPmcCWyj7kv4HLTBOwZkU',#5,$,$,(#6963),#49);
#6965=IFCCARTESIANPOINT((67.814999999999998,3.,-0.5));
#6966=IFCAXIS2PLACEMENT3D(#6965,$,$);
#6967=IFCLOCALPLACEMENT(#48,#6966);
#6968=IFCCARTESIANPOINT((0.,0.));
#6969=IFCAXIS2PLACEMENT2D(#6968,$);
#6970=IFCRECTANGLEPROFILEDEF(.AREA.,$,#6969,7.8699999999999974,0.25);
#6971=IFCCARTESIANPOINT((0.,0.,0.));
#6972=IFCAXIS2PLACEMENT3D(#6971,$,$);
#6973=IFCDIRECTION((0.,0.,1.));
#6974=IFCEXTRUDEDAREASOLID(#6970,#6972,#6973,0.5);
#6975=IFCSHAPEREPRESENTATION(#14,'Body','SweptSolid',(#6974));
#6976=IFCPRODUCTDEFINITIONSHAPE($,$,(#6975));
#6977=IFCBEAM('0MUkB4uF99SvYADo$nclYK',#5,'VB_P02_3_08',$,$,#6967,#6976,$,$);
#6978=IFCRELCONTAINEDINSPATIALSTRUCTURE('141CKU3oz2PQ5a_hhM3LJY',#5,$,$,(#6977),#49);
#6979=IFCCARTESIANPOINT((75.689999999999998,3.,-0.5));
#6980=IFCAXIS2PLACEMENT3D(#6979,$,$);
#6981=IFCLOCALPLACEMENT(#48,#6980);
#6982=IFCCARTESIANPOINT((0.,0.));
#6983=IFCAXIS2PLACEMENT2D(#6982,$);
#6984=IFCRECTANGLEPROFILEDEF(.AREA.,$,#6983,7.8799999999999955,0.25);
#6985=IFCCARTESIANPOINT((0.,0.,0.));
#6986=IFCAXIS2PLACEMENT3D(#6985,$,$);
#6987=IFCDIRECTION((0.,0.,1.));
#6988=IFCEXTRUDEDAREASOLID(#6984,#6986,#6987,0.5);
#6989=IFCSHAPEREPRESENTATION(#14,'Body','SweptSolid',(#6988));
#6990=IFCPRODUCTDEFINITIONSHAPE($,$,(#6989));
#6991=IFCBEAM('3izV5EYdrDnxdLbGkj5kgo',#5,'VB_P02_3_09',$,$,#6981,#6990,$,$);
#6992=IFCRELCONTAINEDINSPATIALSTRUCTURE('06KBdFDWf0auXlNXDxJ23T',#5,$,$,(#6991),#49);
#6993=IFCCARTESIANPOINT((83.564999999999998,3.,-0.5));
#6994=IFCAXIS2PLACEMENT3D(#6993,$,$);
#6995=IFCLOCALPLACEMENT(#48,#6994);
#6996=IFCCARTESIANPOINT((0.,0.));
#6997=IFCAXIS2PLACEMENT2D(#6996,$);
#6998=IFCRECTANGLEPROFILEDEF(.AREA.,$,#6997,7.8700000000000045,0.25);
#6999=IFCCARTESIANPOINT((0.,0.,0.));
#7000=IFCAXIS2PLACEMENT3D(#6999,$,$);
#7001=IFCDIRECTION((0.,0.,1.));
#7002=IFCEXTRUDEDAREASOLID(#6998,#7000,#7001,0.5);
#7003=IFCSHAPEREPRESENTATION(#14,'Body','SweptSolid',(#7002));
#7004=IFCPRODUCTDEFINITIONSHAPE($,$,(#7003));
#7005=IFCBEAM('3lNe0bvZT9QBKs1WS6wWoq',#5,'VB_P02_3_10',$,$,#6995,#7004,$,$);
#7006=IFCRELCONTAINEDINSPATIALSTRUCTURE('272EcC8ij5ePh8ym2sF3jm',#5,$,$,(#7005),#49);
#7007=IFCCARTESIANPOINT((6.4400000000000004,40.,-0.5));
#7008=IFCAXIS2PLACEMENT3D(#7007,$,$);
#7009=IFCLOCALPLACEMENT(#48,#7008);
#7010=IFCCARTESIANPOINT((0.,0.));
#7011=IFCAXIS2PLACEMENT2D(#7010,$);
#7012=IFCRECTANGLEPROFILEDEF(.AREA.,$,#7011,7.8800000000000008,0.25);
#7013=IFCCARTESIANPOINT((0.,0.,0.));
#7014=IFCAXIS2PLACEMENT3D(#7013,$,$);
#7015=IFCDIRECTION((0.,0.,1.));
#7016=IFCEXTRUDEDAREASOLID(#7012,#7014,#7015,0.5);
#7017=IFCSHAPEREPRESENTATION(#14,'Body','SweptSolid',(#7016));
#7018=IFCPRODUCTDEFINITIONSHAPE($,$,(#7017));
#7019=IFCBEAM('2Xj0kl9mX0uwKLOGnWCX23',#5,'VB_P02_40_00',$,$,#7009,#7018,$,$);
#7020=IFCRELCONTAINEDINSPATIALSTRUCTURE('10T4$zB7b08B0B5GUVDBa6',#5,$,$,(#7019),#49);
#7021=IFCCARTESIANPOINT((14.315000000000001,40.,-0.5));
#7022=IFCAXIS2PLACEMENT3D(#7021,$,$);
#7023=IFCLOCALPLACEMENT(#48,#7022);
#7024=IFCCARTESIANPOINT((0.,0.));
#7025=IFCAXIS2PLACEMENT2D(#7024,$);
#7026=IFCRECTANGLEPROFILEDEF(.AREA.,$,#7025,7.8699999999999992,0.25);
#7027=IFCCARTESIANPOINT((0.,0.,0.));
#7028=IFCAXIS2PLACEMENT3D(#7027,$,$);
#7029=IFCDIRECTION((0.,0.,1.));
#7030=IFCEXTRUDEDAREASOLID(#7026,#7028,#7029,0.5);
#7031=IFCSHAPEREPRESENTATION(#14,'Body','SweptSolid',(#7030));
#7032=IFCPRODUCTDEFINITIONSHAPE($,$,(#7031));
#7033=IFCBEAM('10yybN3EXA_hEPLWyoYpei',#5,'VB_P02_40_01',$,$,#7023,#7032,$,$);
#7034=IFCRELCONTAINEDINSPATIALSTRUCTURE('0Of8Q7eJL7Wg2Y8rCW$6UZ',#5,$,$,(#7033),#49);
#7035=IFCCARTESIANPOINT((22.189999999999998,40.,-0.5));
#7036=IFCAXIS2PLACEMENT3D(#7035,$,$);
#7037=IFCLOCALPLACEMENT(#48,#7036);
#7038=IFCCARTESIANPOINT((0.,0.));
#7039=IFCAXIS2PLACEMENT2D(#7038,$);
#7040=IFCRECTANGLEPROFILEDEF(.AREA.,$,#7039,7.879999999999999,0.25);
#7041=IFCCARTESIANPOINT((0.,0.,0.));
#7042=IFCAXIS2PLACEMENT3D(#7041,$,$);
#7043=IFCDIRECTION((0.,0.,1.));
#7044=IFCEXTRUDEDAREASOLID(#7040,#7042,#7043,0.5);
#7045=IFCSHAPEREPRESENTATION(#14,'Body','SweptSolid',(#7044));
#7046=IFCPRODUCTDEFINITIONSHAPE($,$,(#7045));
#7047=IFCBEAM('0b9YMYRibDEgSxRdKSlz6q',#5,'VB_P02_40_02',$,$,#7037,#7046,$,$);
#7048=IFCRELCONTAINEDINSPATIALSTRUCTURE('1Dd4$w9QPFpeFW455sgUQH',#5,$,$,(#7047),#49);
#7049=IFCCARTESIANPOINT((30.064999999999998,40.,-0.5));
#7050=IFCAXIS2PLACEMENT3D(#7049,$,$);
#7051=IFCLOCALPLACEMENT(#48,#7050);
#7052=IFCCARTESIANPOINT((0.,0.));
#7053=IFCAXIS2PLACEMENT2D(#7052,$);
#7054=IFCRECTANGLEPROFILEDEF(.AREA.,$,#7053,7.870000000000001,0.25);
#7055=IFCCARTESIANPOINT((0.,0.,0.));
#7056=IFCAXIS2PLACEMENT3D(#7055,$,$);
#7057=IFCDIRECTION((0.,0.,1.));
#7058=IFCEXTRUDEDAREASOLID(#7054,#7056,#7057,0.5);
#7059=IFCSHAPEREPRESENTATION(#14,'Body','SweptSolid',(#7058));
#7060=IFCPRODUCTDEFINITIONSHAPE($,$,(#7059));
#7061=IFCBEAM('1rLhJCuGr9vAVbB3G415UY',#5,'VB_P02_40_03',$,$,#7051,#7060,$,$);
#7062=IFCRELCONTAINEDINSPATIALSTRUCTURE('3wzaD1rg50khcqQjZkbc$f',#5,$,$,(#7061),#49);
#7063=IFCCARTESIANPOINT((37.5,40.,-0.5));
#7064=IFCAXIS2PLACEMENT3D(#7063,$,$);
#7065=IFCLOCALPLACEMENT(#48,#7064);
#7066=IFCCARTESIANPOINT((0.,0.));
#7067=IFCAXIS2PLACEMENT2D(#7066,$);
#7068=IFCRECTANGLEPROFILEDEF(.AREA.,$,#7067,7.,0.25);
#7069=IFCCARTESIANPOINT((0.,0.,0.));
#7070=IFCAXIS2PLACEMENT3D(#7069,$,$);
#7071=IFCDIRECTION((0.,0.,1.));
#7072=IFCEXTRUDEDAREASOLID(#7068,#7070,#7071,0.5);
#7073=IFCSHAPEREPRESENTATION(#14,'Body','SweptSolid',(#7072));
#7074=IFCPRODUCTDEFINITIONSHAPE($,$,(#7073));
#7075=IFCBEAM('3SmoqsVnP1T8y4XVlP7oHs',#5,'VB_P02_40_04',$,$,#7065,#7074,$,$);
#7076=IFCRELCONTAINEDINSPATIALSTRUCTURE('1uiS$QfPHFQuhdWbzqab7D',#5,$,$,(#7075),#49);
#7077=IFCCARTESIANPOINT((45.,40.,-0.5));
#7078=IFCAXIS2PLACEMENT3D(#7077,$,$);
#7079=IFCLOCALPLACEMENT(#48,#7078);
#7080=IFCCARTESIANPOINT((0.,0.));
#7081=IFCAXIS2PLACEMENT2D(#7080,$);
#7082=IFCRECTANGLEPROFILEDEF(.AREA.,$,#7081,8.,0.25);
#7083=IFCCARTESIANPOINT((0.,0.,0.));
#7084=IFCAXIS2PLACEMENT3D(#7083,$,$);
#7085=IFCDIRECTION((0.,0.,1.));
#7086=IFCEXTRUDEDAREASOLID(#7082,#7084,#7085,0.5);
#7087=IFCSHAPEREPRESENTATION(#14,'Body','SweptSolid',(#7086));
#7088=IFCPRODUCTDEFINITIONSHAPE($,$,(#7087));
#7089=IFCBEAM('0h0B1lar1AiQKimqH93Wym',#5,'VB_P02_40_05',$,$,#7079,#7088,$,$);
#7090=IFCRELCONTAINEDINSPATIALSTRUCTURE('3GrFDNi_HFpOKZueL$QtN$',#5,$,$,(#7089),#49);
#7091=IFCCARTESIANPOINT((52.5,40.,-0.5));
#7092=IFCAXIS2PLACEMENT3D(#7091,$,$);
#7093=IFCLOCALPLACEMENT(#48,#7092);
#7094=IFCCARTESIANPOINT((0.,0.));
#7095=IFCAXIS2PLACEMENT2D(#7094,$);
#7096=IFCRECTANGLEPROFILEDEF(.AREA.,$,#7095,7.,0.25);
#7097=IFCCARTESIANPOINT((0.,0.,0.));
#7098=IFCAXIS2PLACEMENT3D(#7097,$,$);
#7099=IFCDIRECTION((0.,0.,1.));
#7100=IFCEXTRUDEDAREASOLID(#7096,#7098,#7099,0.5);
#7101=IFCSHAPEREPRESENTATION(#14,'Body','SweptSolid',(#7100));
#7102=IFCPRODUCTDEFINITIONSHAPE($,$,(#7101));
#7103=IFCBEAM('0nrj0nGarDuPdD8rqibeCY',#5,'VB_P02_40_06',$,$,#7093,#7102,$,$);
#7104=IFCRELCONTAINEDINSPATIALSTRUCTURE('0XCXe_39HChv2un8cJNaAH',#5,$,$,(#7103),#49);
#7105=IFCCARTESIANPOINT((59.939999999999998,40.,-0.5));
#7106=IFCAXIS2PLACEMENT3D(#7105,$,$);
#7107=IFCLOCALPLACEMENT(#48,#7106);
#7108=IFCCARTESIANPOINT((0.,0.));
#7109=IFCAXIS2PLACEMENT2D(#7108,$);
#7110=IFCRECTANGLEPROFILEDEF(.AREA.,$,#7109,7.8800000000000026,0.25);
#7111=IFCCARTESIANPOINT((0.,0.,0.));
#7112=IFCAXIS2PLACEMENT3D(#7111,$,$);
#7113=IFCDIRECTION((0.,0.,1.));
#7114=IFCEXTRUDEDAREASOLID(#7110,#7112,#7113,0.5);
#7115=IFCSHAPEREPRESENTATION(#14,'Body','SweptSolid',(#7114));
#7116=IFCPRODUCTDEFINITIONSHAPE($,$,(#7115));
#7117=IFCBEAM('3ny0Uybfn0RQsgMVOHQpDo',#5,'VB_P02_40_07',$,$,#7107,#7116,$,$);
#7118=IFCRELCONTAINEDINSPATIALSTRUCTURE('1z0wcpZ91Dy9JAVamtVy3G',#5,$,$,(#7117),#49);
#7119=IFCCARTESIANPOINT((67.814999999999998,40.,-0.5));
#7120=IFCAXIS2PLACEMENT3D(#7119,$,$);
#7121=IFCLOCALPLACEMENT(#48,#7120);
#7122=IFCCARTESIANPOINT((0.,0.));
#7123=IFCAXIS2PLACEMENT2D(#7122,$);
#7124=IFCRECTANGLEPROFILEDEF(.AREA.,$,#7123,7.8699999999999974,0.25);
#7125=IFCCARTESIANPOINT((0.,0.,0.));
#7126=IFCAXIS2PLACEMENT3D(#7125,$,$);
#7127=IFCDIRECTION((0.,0.,1.));
#7128=IFCEXTRUDEDAREASOLID(#7124,#7126,#7127,0.5);
#7129=IFCSHAPEREPRESENTATION(#14,'Body','SweptSolid',(#7128));
#7130=IFCPRODUCTDEFINITIONSHAPE($,$,(#7129));
#7131=IFCBEAM('2o5NAs$Jv5FeX3xAjFT6aL',#5,'VB_P02_40_08',$,$,#7121,#7130,$,$);
#7132=IFCRELCONTAINEDINSPATIALSTRUCTURE('0MRBOp80zCZvZ1kKmJulhC',#5,$,$,(#7131),#49);
#7133=IFCCARTESIANPOINT((75.689999999999998,40.,-0.5));
#7134=IFCAXIS2PLACEMENT3D(#7133,$,$);
#7135=IFCLOCALPLACEMENT(#48,#7134);
#7136=IFCCARTESIANPOINT((0.,0.));
#7137=IFCAXIS2PLACEMENT2D(#7136,$);
#7138=IFCRECTANGLEPROFILEDEF(.AREA.,$,#7137,7.8799999999999955,0.25);
#7139=IFCCARTESIANPOINT((0.,0.,0.));
#7140=IFCAXIS2PLACEMENT3D(#7139,$,$);
#7141=IFCDIRECTION((0.,0.,1.));
#7142=IFCEXTRUDEDAREASOLID(#7138,#7140,#7141,0.5);
#7143=IFCSHAPEREPRESENTATION(#14,'Body','SweptSolid',(#7142));
#7144=IFCPRODUCTDEFINITIONSHAPE($,$,(#7143));
#7145=IFCBEAM('1RVU9ipY91pA6scK8p1uKS',#5,'VB_P02_40_09',$,$,#7135,#7144,$,$);
#7146=IFCRELCONTAINEDINSPATIALSTRUCTURE('0sirgcJcHENvKNjWcDkXk7',#5,$,$,(#7145),#49);
#7147=IFCCARTESIANPOINT((83.564999999999998,40.,-0.5));
#7148=IFCAXIS2PLACEMENT3D(#7147,$,$);
#7149=IFCLOCALPLACEMENT(#48,#7148);
#7150=IFCCARTESIANPOINT((0.,0.));
#7151=IFCAXIS2PLACEMENT2D(#7150,$);
#7152=IFCRECTANGLEPROFILEDEF(.AREA.,$,#7151,7.8700000000000045,0.25);
#7153=IFCCARTESIANPOINT((0.,0.,0.));
#7154=IFCAXIS2PLACEMENT3D(#7153,$,$);
#7155=IFCDIRECTION((0.,0.,1.));
#7156=IFCEXTRUDEDAREASOLID(#7152,#7154,#7155,0.5);
#7157=IFCSHAPEREPRESENTATION(#14,'Body','SweptSolid',(#7156));
#7158=IFCPRODUCTDEFINITIONSHAPE($,$,(#7157));
#7159=IFCBEAM('1_AM3G4bL8Bgft7A8ZqtZy',#5,'VB_P02_40_10',$,$,#7149,#7158,$,$);
#7160=IFCRELCONTAINEDINSPATIALSTRUCTURE('30JwAC71v70BWpp08rylBK',#5,$,$,(#7159),#49);
#7161=IFCCARTESIANPOINT((2.5,6.5,-0.5));
#7162=IFCAXIS2PLACEMENT3D(#7161,$,$);
#7163=IFCLOCALPLACEMENT(#48,#7162);
#7164=IFCCARTESIANPOINT((0.,0.));
#7165=IFCAXIS2PLACEMENT2D(#7164,$);
#7166=IFCRECTANGLEPROFILEDEF(.AREA.,$,#7165,0.25,7.);
#7167=IFCCARTESIANPOINT((0.,0.,0.));
#7168=IFCAXIS2PLACEMENT3D(#7167,$,$);
#7169=IFCDIRECTION((0.,0.,1.));
#7170=IFCEXTRUDEDAREASOLID(#7166,#7168,#7169,0.5);
#7171=IFCSHAPEREPRESENTATION(#14,'Body','SweptSolid',(#7170));
#7172=IFCPRODUCTDEFINITIONSHAPE($,$,(#7171));
#7173=IFCBEAM('3Hwx_aC45DFgiQXTsaPi26',#5,'VB_P02_2_00',$,$,#7163,#7172,$,$);
#7174=IFCRELCONTAINEDINSPATIALSTRUCTURE('0HECAtydLFTODIixEg0YZc',#5,$,$,(#7173),#49);
#7175=IFCCARTESIANPOINT((2.5,13.5,-0.5));
#7176=IFCAXIS2PLACEMENT3D(#7175,$,$);
#7177=IFCLOCALPLACEMENT(#48,#7176);
#7178=IFCCARTESIANPOINT((0.,0.));
#7179=IFCAXIS2PLACEMENT2D(#7178,$);
#7180=IFCRECTANGLEPROFILEDEF(.AREA.,$,#7179,0.25,7.);
#7181=IFCCARTESIANPOINT((0.,0.,0.));
#7182=IFCAXIS2PLACEMENT3D(#7181,$,$);
#7183=IFCDIRECTION((0.,0.,1.));
#7184=IFCEXTRUDEDAREASOLID(#7180,#7182,#7183,0.5);
#7185=IFCSHAPEREPRESENTATION(#14,'Body','SweptSolid',(#7184));
#7186=IFCPRODUCTDEFINITIONSHAPE($,$,(#7185));
#7187=IFCBEAM('1AWdQBSK950B_AsRtLZD4c',#5,'VB_P02_2_01',$,$,#7177,#7186,$,$);
#7188=IFCRELCONTAINEDINSPATIALSTRUCTURE('2mkyRqtU53o8ScSeEDyGJy',#5,$,$,(#7187),#49);
#7189=IFCCARTESIANPOINT((2.5,21.5,-0.5));
#7190=IFCAXIS2PLACEMENT3D(#7189,$,$);
#7191=IFCLOCALPLACEMENT(#48,#7190);
#7192=IFCCARTESIANPOINT((0.,0.));
#7193=IFCAXIS2PLACEMENT2D(#7192,$);
#7194=IFCRECTANGLEPROFILEDEF(.AREA.,$,#7193,0.25,9.);
#7195=IFCCARTESIANPOINT((0.,0.,0.));
#7196=IFCAXIS2PLACEMENT3D(#7195,$,$);
#7197=IFCDIRECTION((0.,0.,1.));
#7198=IFCEXTRUDEDAREASOLID(#7194,#7196,#7197,0.5);
#7199=IFCSHAPEREPRESENTATION(#14,'Body','SweptSolid',(#7198));
#7200=IFCPRODUCTDEFINITIONSHAPE($,$,(#7199));
#7201=IFCBEAM('19uCKwanr5teZXG4AggKlC',#5,'VB_P02_2_02',$,$,#7191,#7200,$,$);
#7202=IFCRELCONTAINEDINSPATIALSTRUCTURE('2D$2mFhOTCUvHpPepJClNE',#5,$,$,(#7201),#49);
#7203=IFCCARTESIANPOINT((2.5,29.5,-0.5));
#7204=IFCAXIS2PLACEMENT3D(#7203,$,$);
#7205=IFCLOCALPLACEMENT(#48,#7204);
#7206=IFCCARTESIANPOINT((0.,0.));
#7207=IFCAXIS2PLACEMENT2D(#7206,$);
#7208=IFCRECTANGLEPROFILEDEF(.AREA.,$,#7207,0.25,7.);
#7209=IFCCARTESIANPOINT((0.,0.,0.));
#7210=IFCAXIS2PLACEMENT3D(#7209,$,$);
#7211=IFCDIRECTION((0.,0.,1.));
#7212=IFCEXTRUDEDAREASOLID(#7208,#7210,#7211,0.5);
#7213=IFCSHAPEREPRESENTATION(#14,'Body','SweptSolid',(#7212));
#7214=IFCPRODUCTDEFINITIONSHAPE($,$,(#7213));
#7215=IFCBEAM('0quaHDlq5F$wlUq1lXGYyl',#5,'VB_P02_2_03',$,$,#7205,#7214,$,$);
#7216=IFCRELCONTAINEDINSPATIALSTRUCTURE('0PXWQCj7H3xfBxFiu1aYPf',#5,$,$,(#7215),#49);
#7217=IFCCARTESIANPOINT((2.5,36.5,-0.5));
#7218=IFCAXIS2PLACEMENT3D(#7217,$,$);
#7219=IFCLOCALPLACEMENT(#48,#7218);
#7220=IFCCARTESIANPOINT((0.,0.));
#7221=IFCAXIS2PLACEMENT2D(#7220,$);
#7222=IFCRECTANGLEPROFILEDEF(.AREA.,$,#7221,0.25,7.);
#7223=IFCCARTESIANPOINT((0.,0.,0.));
#7224=IFCAXIS2PLACEMENT3D(#7223,$,$);
#7225=IFCDIRECTION((0.,0.,1.));
#7226=IFCEXTRUDEDAREASOLID(#7222,#7224,#7225,0.5);
#7227=IFCSHAPEREPRESENTATION(#14,'Body','SweptSolid',(#7226));
#7228=IFCPRODUCTDEFINITIONSHAPE($,$,(#7227));
#7229=IFCBEAM('260vMjVIX5uw_z1NKWbzJe',#5,'VB_P02_2_04',$,$,#7219,#7228,$,$);
#7230=IFCRELCONTAINEDINSPATIALSTRUCTURE('1PmZ1RErDAvePO9LAZgtYG',#5,$,$,(#7229),#49);
#7231=IFCCARTESIANPOINT((87.5,6.5,-0.5));
#7232=IFCAXIS2PLACEMENT3D(#7231,$,$);
#7233=IFCLOCALPLACEMENT(#48,#7232);
#7234=IFCCARTESIANPOINT((0.,0.));
#7235=IFCAXIS2PLACEMENT2D(#7234,$);
#7236=IFCRECTANGLEPROFILEDEF(.AREA.,$,#7235,0.25,7.);
#7237=IFCCARTESIANPOINT((0.,0.,0.));
#7238=IFCAXIS2PLACEMENT3D(#7237,$,$);
#7239=IFCDIRECTION((0.,0.,1.));
#7240=IFCEXTRUDEDAREASOLID(#7236,#7238,#7239,0.5);
#7241=IFCSHAPEREPRESENTATION(#14,'Body','SweptSolid',(#7240));
#7242=IFCPRODUCTDEFINITIONSHAPE($,$,(#7241));
#7243=IFCBEAM('0gTtj3sZn7xwtAgAl02haG',#5,'VB_P02_88_00',$,$,#7233,#7242,$,$);
#7244=IFCRELCONTAINEDINSPATIALSTRUCTURE('2lYAO$alr7YApGSmZwV_WS',#5,$,$,(#7243),#49);
#7245=IFCCARTESIANPOINT((87.5,13.5,-0.5));
#7246=IFCAXIS2PLACEMENT3D(#7245,$,$);
#7247=IFCLOCALPLACEMENT(#48,#7246);
#7248=IFCCARTESIANPOINT((0.,0.));
#7249=IFCAXIS2PLACEMENT2D(#7248,$);
#7250=IFCRECTANGLEPROFILEDEF(.AREA.,$,#7249,0.25,7.);
#7251=IFCCARTESIANPOINT((0.,0.,0.));
#7252=IFCAXIS2PLACEMENT3D(#7251,$,$);
#7253=IFCDIRECTION((0.,0.,1.));
#7254=IFCEXTRUDEDAREASOLID(#7250,#7252,#7253,0.5);
#7255=IFCSHAPEREPRESENTATION(#14,'Body','SweptSolid',(#7254));
#7256=IFCPRODUCTDEFINITIONSHAPE($,$,(#7255));
#7257=IFCBEAM('2CDvF8CmD1XudQkJJKqI21',#5,'VB_P02_88_01',$,$,#7247,#7256,$,$);
#7258=IFCRELCONTAINEDINSPATIALSTRUCTURE('1r1O4JQTbBOgjSUCKseVDU',#5,$,$,(#7257),#49);
#7259=IFCCARTESIANPOINT((87.5,21.5,-0.5));
#7260=IFCAXIS2PLACEMENT3D(#7259,$,$);
#7261=IFCLOCALPLACEMENT(#48,#7260);
#7262=IFCCARTESIANPOINT((0.,0.));
#7263=IFCAXIS2PLACEMENT2D(#7262,$);
#7264=IFCRECTANGLEPROFILEDEF(.AREA.,$,#7263,0.25,9.);
#7265=IFCCARTESIANPOINT((0.,0.,0.));
#7266=IFCAXIS2PLACEMENT3D(#7265,$,$);
#7267=IFCDIRECTION((0.,0.,1.));
#7268=IFCEXTRUDEDAREASOLID(#7264,#7266,#7267,0.5);
#7269=IFCSHAPEREPRESENTATION(#14,'Body','SweptSolid',(#7268));
#7270=IFCPRODUCTDEFINITIONSHAPE($,$,(#7269));
#7271=IFCBEAM('0uiKWxWM9FyQybldNtL_iZ',#5,'VB_P02_88_02',$,$,#7261,#7270,$,$);
#7272=IFCRELCONTAINEDINSPATIALSTRUCTURE('2RqCjB23X4cP3xqBSdTrWW',#5,$,$,(#7271),#49);
#7273=IFCCARTESIANPOINT((87.5,29.5,-0.5));
#7274=IFCAXIS2PLACEMENT3D(#7273,$,$);
#7275=IFCLOCALPLACEMENT(#48,#7274);
#7276=IFCCARTESIANPOINT((0.,0.));
#7277=IFCAXIS2PLACEMENT2D(#7276,$);
#7278=IFCRECTANGLEPROFILEDEF(.AREA.,$,#7277,0.25,7.);
#7279=IFCCARTESIANPOINT((0.,0.,0.));
#7280=IFCAXIS2PLACEMENT3D(#7279,$,$);
#7281=IFCDIRECTION((0.,0.,1.));
#7282=IFCEXTRUDEDAREASOLID(#7278,#7280,#7281,0.5);
#7283=IFCSHAPEREPRESENTATION(#14,'Body','SweptSolid',(#7282));
#7284=IFCPRODUCTDEFINITIONSHAPE($,$,(#7283));
#7285=IFCBEAM('1D3e3exUP31gGyh1K3Vde3',#5,'VB_P02_88_03',$,$,#7275,#7284,$,$);
#7286=IFCRELCONTAINEDINSPATIALSTRUCTURE('3LvARyBVf5b9KhtzyauIWT',#5,$,$,(#7285),#49);
#7287=IFCCARTESIANPOINT((87.5,36.5,-0.5));
#7288=IFCAXIS2PLACEMENT3D(#7287,$,$);
#7289=IFCLOCALPLACEMENT(#48,#7288);
#7290=IFCCARTESIANPOINT((0.,0.));
#7291=IFCAXIS2PLACEMENT2D(#7290,$);
#7292=IFCRECTANGLEPROFILEDEF(.AREA.,$,#7291,0.25,7.);
#7293=IFCCARTESIANPOINT((0.,0.,0.));
#7294=IFCAXIS2PLACEMENT3D(#7293,$,$);
#7295=IFCDIRECTION((0.,0.,1.));
#7296=IFCEXTRUDEDAREASOLID(#7292,#7294,#7295,0.5);
#7297=IFCSHAPEREPRESENTATION(#14,'Body','SweptSolid',(#7296));
#7298=IFCPRODUCTDEFINITIONSHAPE($,$,(#7297));
#7299=IFCBEAM('0zgkv$qlfECulCVmhgFODY',#5,'VB_P02_88_04',$,$,#7289,#7298,$,$);
#7300=IFCRELCONTAINEDINSPATIALSTRUCTURE('3EjhwaGqv8EgNQSwSIzBFl',#5,$,$,(#7299),#49);
#7301=IFCCARTESIANPOINT((12.,18.,-0.5));
#7302=IFCAXIS2PLACEMENT3D(#7301,$,$);
#7303=IFCLOCALPLACEMENT(#48,#7302);
#7304=IFCCARTESIANPOINT((0.,0.));
#7305=IFCAXIS2PLACEMENT2D(#7304,$);
#7306=IFCRECTANGLEPROFILEDEF(.AREA.,$,#7305,14.,0.20000000000000284);
#7307=IFCCARTESIANPOINT((0.,0.,0.));
#7308=IFCAXIS2PLACEMENT3D(#7307,$,$);
#7309=IFCDIRECTION((0.,0.,1.));
#7310=IFCEXTRUDEDAREASOLID(#7306,#7308,#7309,0.5);
#7311=IFCSHAPEREPRESENTATION(#14,'Body','SweptSolid',(#7310));
#7312=IFCPRODUCTDEFINITIONSHAPE($,$,(#7311));
#7313=IFCBEAM('2dK4DBmyn0rR1zcO3a1dgt',#5,'VP_P02_A_18',$,$,#7303,#7312,$,$);
#7314=IFCRELCONTAINEDINSPATIALSTRUCTURE('0wi_TYxTDA3R$dyMcqHr2G',#5,$,$,(#7313),#49);
#7315=IFCCARTESIANPOINT((12.,25.,-0.5));
#7316=IFCAXIS2PLACEMENT3D(#7315,$,$);
#7317=IFCLOCALPLACEMENT(#48,#7316);
#7318=IFCCARTESIANPOINT((0.,0.));
#7319=IFCAXIS2PLACEMENT2D(#7318,$);
#7320=IFCRECTANGLEPROFILEDEF(.AREA.,$,#7319,14.,0.20000000000000284);
#7321=IFCCARTESIANPOINT((0.,0.,0.));
#7322=IFCAXIS2PLACEMENT3D(#7321,$,$);
#7323=IFCDIRECTION((0.,0.,1.));
#7324=IFCEXTRUDEDAREASOLID(#7320,#7322,#7323,0.5);
#7325=IFCSHAPEREPRESENTATION(#14,'Body','SweptSolid',(#7324));
#7326=IFCPRODUCTDEFINITIONSHAPE($,$,(#7325));
#7327=IFCBEAM('3KxMugD1P7KRUjzvC_vKkZ',#5,'VP_P02_A_25',$,$,#7317,#7326,$,$);
#7328=IFCRELCONTAINEDINSPATIALSTRUCTURE('39enDFevvE98G7NwwAR3ZV',#5,$,$,(#7327),#49);
#7329=IFCCARTESIANPOINT((5.,21.5,-0.5));
#7330=IFCAXIS2PLACEMENT3D(#7329,$,$);
#7331=IFCLOCALPLACEMENT(#48,#7330);
#7332=IFCCARTESIANPOINT((0.,0.));
#7333=IFCAXIS2PLACEMENT2D(#7332,$);
#7334=IFCRECTANGLEPROFILEDEF(.AREA.,$,#7333,0.19999999999999929,7.);
#7335=IFCCARTESIANPOINT((0.,0.,0.));
#7336=IFCAXIS2PLACEMENT3D(#7335,$,$);
#7337=IFCDIRECTION((0.,0.,1.));
#7338=IFCEXTRUDEDAREASOLID(#7334,#7336,#7337,0.5);
#7339=IFCSHAPEREPRESENTATION(#14,'Body','SweptSolid',(#7338));
#7340=IFCPRODUCTDEFINITIONSHAPE($,$,(#7339));
#7341=IFCBEAM('0EE0174qDCAgMOtOjQPLPo',#5,'VP_P02_A_5',$,$,#7331,#7340,$,$);
#7342=IFCRELCONTAINEDINSPATIALSTRUCTURE('3$bULbXAHAH8eF8Svxc0yr',#5,$,$,(#7341),#49);
#7343=IFCCARTESIANPOINT((19.,21.5,-0.5));
#7344=IFCAXIS2PLACEMENT3D(#7343,$,$);
#7345=IFCLOCALPLACEMENT(#48,#7344);
#7346=IFCCARTESIANPOINT((0.,0.));
#7347=IFCAXIS2PLACEMENT2D(#7346,$);
#7348=IFCRECTANGLEPROFILEDEF(.AREA.,$,#7347,0.20000000000000284,7.);
#7349=IFCCARTESIANPOINT((0.,0.,0.));
#7350=IFCAXIS2PLACEMENT3D(#7349,$,$);
#7351=IFCDIRECTION((0.,0.,1.));
#7352=IFCEXTRUDEDAREASOLID(#7348,#7350,#7351,0.5);
#7353=IFCSHAPEREPRESENTATION(#14,'Body','SweptSolid',(#7352));
#7354=IFCPRODUCTDEFINITIONSHAPE($,$,(#7353));
#7355=IFCBEAM('15fz5$ZDHBOwHp1TqWBDLG',#5,'VP_P02_A_19',$,$,#7345,#7354,$,$);
#7356=IFCRELCONTAINEDINSPATIALSTRUCTURE('1XKtH_GFDDLfCY6SwWQDQ7',#5,$,$,(#7355),#49);
#7357=IFCCARTESIANPOINT((78.,18.,-0.5));
#7358=IFCAXIS2PLACEMENT3D(#7357,$,$);
#7359=IFCLOCALPLACEMENT(#48,#7358);
#7360=IFCCARTESIANPOINT((0.,0.));
#7361=IFCAXIS2PLACEMENT2D(#7360,$);
#7362=IFCRECTANGLEPROFILEDEF(.AREA.,$,#7361,14.,0.20000000000000284);
#7363=IFCCARTESIANPOINT((0.,0.,0.));
#7364=IFCAXIS2PLACEMENT3D(#7363,$,$);
#7365=IFCDIRECTION((0.,0.,1.));
#7366=IFCEXTRUDEDAREASOLID(#7362,#7364,#7365,0.5);
#7367=IFCSHAPEREPRESENTATION(#14,'Body','SweptSolid',(#7366));
#7368=IFCPRODUCTDEFINITIONSHAPE($,$,(#7367));
#7369=IFCBEAM('1Vd3kB2gnCqAuVx1_lc9Dz',#5,'VP_P02_B_18',$,$,#7359,#7368,$,$);
#7370=IFCRELCONTAINEDINSPATIALSTRUCTURE('0C6QUAIbr0gwhrrsIVIy$$',#5,$,$,(#7369),#49);
#7371=IFCCARTESIANPOINT((78.,25.,-0.5));
#7372=IFCAXIS2PLACEMENT3D(#7371,$,$);
#7373=IFCLOCALPLACEMENT(#48,#7372);
#7374=IFCCARTESIANPOINT((0.,0.));
#7375=IFCAXIS2PLACEMENT2D(#7374,$);
#7376=IFCRECTANGLEPROFILEDEF(.AREA.,$,#7375,14.,0.20000000000000284);
#7377=IFCCARTESIANPOINT((0.,0.,0.));
#7378=IFCAXIS2PLACEMENT3D(#7377,$,$);
#7379=IFCDIRECTION((0.,0.,1.));
#7380=IFCEXTRUDEDAREASOLID(#7376,#7378,#7379,0.5);
#7381=IFCSHAPEREPRESENTATION(#14,'Body','SweptSolid',(#7380));
#7382=IFCPRODUCTDEFINITIONSHAPE($,$,(#7381));
#7383=IFCBEAM('0voWFHRjvFK8n7oPC6UFsG',#5,'VP_P02_B_25',$,$,#7373,#7382,$,$);
#7384=IFCRELCONTAINEDINSPATIALSTRUCTURE('0oQTQuZ0vB7RkCtTBd$WJa',#5,$,$,(#7383),#49);
#7385=IFCCARTESIANPOINT((71.,21.5,-0.5));
#7386=IFCAXIS2PLACEMENT3D(#7385,$,$);
#7387=IFCLOCALPLACEMENT(#48,#7386);
#7388=IFCCARTESIANPOINT((0.,0.));
#7389=IFCAXIS2PLACEMENT2D(#7388,$);
#7390=IFCRECTANGLEPROFILEDEF(.AREA.,$,#7389,0.19999999999998863,7.);
#7391=IFCCARTESIANPOINT((0.,0.,0.));
#7392=IFCAXIS2PLACEMENT3D(#7391,$,$);
#7393=IFCDIRECTION((0.,0.,1.));
#7394=IFCEXTRUDEDAREASOLID(#7390,#7392,#7393,0.5);
#7395=IFCSHAPEREPRESENTATION(#14,'Body','SweptSolid',(#7394));
#7396=IFCPRODUCTDEFINITIONSHAPE($,$,(#7395));
#7397=IFCBEAM('05VaEz9Yv9WuDH9uUlphGC',#5,'VP_P02_B_71',$,$,#7387,#7396,$,$);
#7398=IFCRELCONTAINEDINSPATIALSTRUCTURE('1XNoPyE_b6ou6cbR_P$_wR',#5,$,$,(#7397),#49);
#7399=IFCCARTESIANPOINT((85.,21.5,-0.5));
#7400=IFCAXIS2PLACEMENT3D(#7399,$,$);
#7401=IFCLOCALPLACEMENT(#48,#7400);
#7402=IFCCARTESIANPOINT((0.,0.));
#7403=IFCAXIS2PLACEMENT2D(#7402,$);
#7404=IFCRECTANGLEPROFILEDEF(.AREA.,$,#7403,0.19999999999998863,7.);
#7405=IFCCARTESIANPOINT((0.,0.,0.));
#7406=IFCAXIS2PLACEMENT3D(#7405,$,$);
#7407=IFCDIRECTION((0.,0.,1.));
#7408=IFCEXTRUDEDAREASOLID(#7404,#7406,#7407,0.5);
#7409=IFCSHAPEREPRESENTATION(#14,'Body','SweptSolid',(#7408));
#7410=IFCPRODUCTDEFINITIONSHAPE($,$,(#7409));
#7411=IFCBEAM('2QSb9Ta8zAA8VoT30C5Aeo',#5,'VP_P02_B_85',$,$,#7401,#7410,$,$);
#7412=IFCRELCONTAINEDINSPATIALSTRUCTURE('2jxPZt1tXClg6gk7qqU3yX',#5,$,$,(#7411),#49);
#7413=IFCCARTESIANPOINT((6.4400000000000004,3.,-0.5));
#7414=IFCAXIS2PLACEMENT3D(#7413,$,$);
#7415=IFCLOCALPLACEMENT(#52,#7414);
#7416=IFCCARTESIANPOINT((0.,0.));
#7417=IFCAXIS2PLACEMENT2D(#7416,$);
#7418=IFCRECTANGLEPROFILEDEF(.AREA.,$,#7417,7.8800000000000008,0.25);
#7419=IFCCARTESIANPOINT((0.,0.,0.));
#7420=IFCAXIS2PLACEMENT3D(#7419,$,$);
#7421=IFCDIRECTION((0.,0.,1.));
#7422=IFCEXTRUDEDAREASOLID(#7418,#7420,#7421,0.5);
#7423=IFCSHAPEREPRESENTATION(#14,'Body','SweptSolid',(#7422));
#7424=IFCPRODUCTDEFINITIONSHAPE($,$,(#7423));
#7425=IFCBEAM('1QBRLMe$X9bwt6uzcWFlMv',#5,'VB_P03_3_00',$,$,#7415,#7424,$,$);
#7426=IFCRELCONTAINEDINSPATIALSTRUCTURE('2sUlfvh118UOHcPN4siOSN',#5,$,$,(#7425),#53);
#7427=IFCCARTESIANPOINT((14.315000000000001,3.,-0.5));
#7428=IFCAXIS2PLACEMENT3D(#7427,$,$);
#7429=IFCLOCALPLACEMENT(#52,#7428);
#7430=IFCCARTESIANPOINT((0.,0.));
#7431=IFCAXIS2PLACEMENT2D(#7430,$);
#7432=IFCRECTANGLEPROFILEDEF(.AREA.,$,#7431,7.8699999999999992,0.25);
#7433=IFCCARTESIANPOINT((0.,0.,0.));
#7434=IFCAXIS2PLACEMENT3D(#7433,$,$);
#7435=IFCDIRECTION((0.,0.,1.));
#7436=IFCEXTRUDEDAREASOLID(#7432,#7434,#7435,0.5);
#7437=IFCSHAPEREPRESENTATION(#14,'Body','SweptSolid',(#7436));
#7438=IFCPRODUCTDEFINITIONSHAPE($,$,(#7437));
#7439=IFCBEAM('31d14$OO12zPQvpNZvP_i$',#5,'VB_P03_3_01',$,$,#7429,#7438,$,$);
#7440=IFCRELCONTAINEDINSPATIALSTRUCTURE('2OT14fp0zEquQpPm9BedeS',#5,$,$,(#7439),#53);
#7441=IFCCARTESIANPOINT((22.189999999999998,3.,-0.5));
#7442=IFCAXIS2PLACEMENT3D(#7441,$,$);
#7443=IFCLOCALPLACEMENT(#52,#7442);
#7444=IFCCARTESIANPOINT((0.,0.));
#7445=IFCAXIS2PLACEMENT2D(#7444,$);
#7446=IFCRECTANGLEPROFILEDEF(.AREA.,$,#7445,7.879999999999999,0.25);
#7447=IFCCARTESIANPOINT((0.,0.,0.));
#7448=IFCAXIS2PLACEMENT3D(#7447,$,$);
#7449=IFCDIRECTION((0.,0.,1.));
#7450=IFCEXTRUDEDAREASOLID(#7446,#7448,#7449,0.5);
#7451=IFCSHAPEREPRESENTATION(#14,'Body','SweptSolid',(#7450));
#7452=IFCPRODUCTDEFINITIONSHAPE($,$,(#7451));
#7453=IFCBEAM('0UiBPQYKX2wB2fGEZULRHb',#5,'VB_P03_3_02',$,$,#7443,#7452,$,$);
#7454=IFCRELCONTAINEDINSPATIALSTRUCTURE('2PxvpkkEXDg8gvTzGOHU4e',#5,$,$,(#7453),#53);
#7455=IFCCARTESIANPOINT((30.064999999999998,3.,-0.5));
#7456=IFCAXIS2PLACEMENT3D(#7455,$,$);
#7457=IFCLOCALPLACEMENT(#52,#7456);
#7458=IFCCARTESIANPOINT((0.,0.));
#7459=IFCAXIS2PLACEMENT2D(#7458,$);
#7460=IFCRECTANGLEPROFILEDEF(.AREA.,$,#7459,7.870000000000001,0.25);
#7461=IFCCARTESIANPOINT((0.,0.,0.));
#7462=IFCAXIS2PLACEMENT3D(#7461,$,$);
#7463=IFCDIRECTION((0.,0.,1.));
#7464=IFCEXTRUDEDAREASOLID(#7460,#7462,#7463,0.5);
#7465=IFCSHAPEREPRESENTATION(#14,'Body','SweptSolid',(#7464));
#7466=IFCPRODUCTDEFINITIONSHAPE($,$,(#7465));
#7467=IFCBEAM('3g0oW9PonEXeNR2gJUH$ZE',#5,'VB_P03_3_03',$,$,#7457,#7466,$,$);
#7468=IFCRELCONTAINEDINSPATIALSTRUCTURE('3IwrGe00v0qhIS2HxU9Yop',#5,$,$,(#7467),#53);
#7469=IFCCARTESIANPOINT((37.5,3.,-0.5));
#7470=IFCAXIS2PLACEMENT3D(#7469,$,$);
#7471=IFCLOCALPLACEMENT(#52,#7470);
#7472=IFCCARTESIANPOINT((0.,0.));
#7473=IFCAXIS2PLACEMENT2D(#7472,$);
#7474=IFCRECTANGLEPROFILEDEF(.AREA.,$,#7473,7.,0.25);
#7475=IFCCARTESIANPOINT((0.,0.,0.));
#7476=IFCAXIS2PLACEMENT3D(#7475,$,$);
#7477=IFCDIRECTION((0.,0.,1.));
#7478=IFCEXTRUDEDAREASOLID(#7474,#7476,#7477,0.5);
#7479=IFCSHAPEREPRESENTATION(#14,'Body','SweptSolid',(#7478));
#7480=IFCPRODUCTDEFINITIONSHAPE($,$,(#7479));
#7481=IFCBEAM('2ZbgW5bL54wupMLqGQT7ab',#5,'VB_P03_3_04',$,$,#7471,#7480,$,$);
#7482=IFCRELCONTAINEDINSPATIALSTRUCTURE('0ct8vheXf64AO8NUsOO3tB',#5,$,$,(#7481),#53);
#7483=IFCCARTESIANPOINT((45.,3.,-0.5));
#7484=IFCAXIS2PLACEMENT3D(#7483,$,$);
#7485=IFCLOCALPLACEMENT(#52,#7484);
#7486=IFCCARTESIANPOINT((0.,0.));
#7487=IFCAXIS2PLACEMENT2D(#7486,$);
#7488=IFCRECTANGLEPROFILEDEF(.AREA.,$,#7487,8.,0.25);
#7489=IFCCARTESIANPOINT((0.,0.,0.));
#7490=IFCAXIS2PLACEMENT3D(#7489,$,$);
#7491=IFCDIRECTION((0.,0.,1.));
#7492=IFCEXTRUDEDAREASOLID(#7488,#7490,#7491,0.5);
#7493=IFCSHAPEREPRESENTATION(#14,'Body','SweptSolid',(#7492));
#7494=IFCPRODUCTDEFINITIONSHAPE($,$,(#7493));
#7495=IFCBEAM('09vwNlX8j6zxG3WPjoPSp5',#5,'VB_P03_3_05',$,$,#7485,#7494,$,$);
#7496=IFCRELCONTAINEDINSPATIALSTRUCTURE('3BqKKUHZT0CgzflSIWJoiu',#5,$,$,(#7495),#53);
#7497=IFCCARTESIANPOINT((52.5,3.,-0.5));
#7498=IFCAXIS2PLACEMENT3D(#7497,$,$);
#7499=IFCLOCALPLACEMENT(#52,#7498);
#7500=IFCCARTESIANPOINT((0.,0.));
#7501=IFCAXIS2PLACEMENT2D(#7500,$);
#7502=IFCRECTANGLEPROFILEDEF(.AREA.,$,#7501,7.,0.25);
#7503=IFCCARTESIANPOINT((0.,0.,0.));
#7504=IFCAXIS2PLACEMENT3D(#7503,$,$);
#7505=IFCDIRECTION((0.,0.,1.));
#7506=IFCEXTRUDEDAREASOLID(#7502,#7504,#7505,0.5);
#7507=IFCSHAPEREPRESENTATION(#14,'Body','SweptSolid',(#7506));
#7508=IFCPRODUCTDEFINITIONSHAPE($,$,(#7507));
#7509=IFCBEAM('1SN6I1dJj5qvrbp1ftk3ub',#5,'VB_P03_3_06',$,$,#7499,#7508,$,$);
#7510=IFCRELCONTAINEDINSPATIALSTRUCTURE('3gLGHXBkvBVPOacfLvkznx',#5,$,$,(#7509),#53);
#7511=IFCCARTESIANPOINT((59.939999999999998,3.,-0.5));
#7512=IFCAXIS2PLACEMENT3D(#7511,$,$);
#7513=IFCLOCALPLACEMENT(#52,#7512);
#7514=IFCCARTESIANPOINT((0.,0.));
#7515=IFCAXIS2PLACEMENT2D(#7514,$);
#7516=IFCRECTANGLEPROFILEDEF(.AREA.,$,#7515,7.8800000000000026,0.25);
#7517=IFCCARTESIANPOINT((0.,0.,0.));
#7518=IFCAXIS2PLACEMENT3D(#7517,$,$);
#7519=IFCDIRECTION((0.,0.,1.));
#7520=IFCEXTRUDEDAREASOLID(#7516,#7518,#7519,0.5);
#7521=IFCSHAPEREPRESENTATION(#14,'Body','SweptSolid',(#7520));
#7522=IFCPRODUCTDEFINITIONSHAPE($,$,(#7521));
#7523=IFCBEAM('0YyudsuQjFow6hPHlgFt77',#5,'VB_P03_3_07',$,$,#7513,#7522,$,$);
#7524=IFCRELCONTAINEDINSPATIALSTRUCTURE('0d3wQXX9X6xP7jzUr$KtEY',#5,$,$,(#7523),#53);
#7525=IFCCARTESIANPOINT((67.814999999999998,3.,-0.5));
#7526=IFCAXIS2PLACEMENT3D(#7525,$,$);
#7527=IFCLOCALPLACEMENT(#52,#7526);
#7528=IFCCARTESIANPOINT((0.,0.));
#7529=IFCAXIS2PLACEMENT2D(#7528,$);
#7530=IFCRECTANGLEPROFILEDEF(.AREA.,$,#7529,7.8699999999999974,0.25);
#7531=IFCCARTESIANPOINT((0.,0.,0.));
#7532=IFCAXIS2PLACEMENT3D(#7531,$,$);
#7533=IFCDIRECTION((0.,0.,1.));
#7534=IFCEXTRUDEDAREASOLID(#7530,#7532,#7533,0.5);
#7535=IFCSHAPEREPRESENTATION(#14,'Body','SweptSolid',(#7534));
#7536=IFCPRODUCTDEFINITIONSHAPE($,$,(#7535));
#7537=IFCBEAM('3d5zhGtybD9OiGGn6__NZQ',#5,'VB_P03_3_08',$,$,#7527,#7536,$,$);
#7538=IFCRELCONTAINEDINSPATIALSTRUCTURE('19fSxV$9bCuulk8fulZ7K2',#5,$,$,(#7537),#53);
#7539=IFCCARTESIANPOINT((75.689999999999998,3.,-0.5));
#7540=IFCAXIS2PLACEMENT3D(#7539,$,$);
#7541=IFCLOCALPLACEMENT(#52,#7540);
#7542=IFCCARTESIANPOINT((0.,0.));
#7543=IFCAXIS2PLACEMENT2D(#7542,$);
#7544=IFCRECTANGLEPROFILEDEF(.AREA.,$,#7543,7.8799999999999955,0.25);
#7545=IFCCARTESIANPOINT((0.,0.,0.));
#7546=IFCAXIS2PLACEMENT3D(#7545,$,$);
#7547=IFCDIRECTION((0.,0.,1.));
#7548=IFCEXTRUDEDAREASOLID(#7544,#7546,#7547,0.5);
#7549=IFCSHAPEREPRESENTATION(#14,'Body','SweptSolid',(#7548));
#7550=IFCPRODUCTDEFINITIONSHAPE($,$,(#7549));
#7551=IFCBEAM('3_QQRbBmzDWhH7pJIQWg_H',#5,'VB_P03_3_09',$,$,#7541,#7550,$,$);
#7552=IFCRELCONTAINEDINSPATIALSTRUCTURE('2JyHjxLvnBvBAe4kIq4Mwb',#5,$,$,(#7551),#53);
#7553=IFCCARTESIANPOINT((83.564999999999998,3.,-0.5));
#7554=IFCAXIS2PLACEMENT3D(#7553,$,$);
#7555=IFCLOCALPLACEMENT(#52,#7554);
#7556=IFCCARTESIANPOINT((0.,0.));
#7557=IFCAXIS2PLACEMENT2D(#7556,$);
#7558=IFCRECTANGLEPROFILEDEF(.AREA.,$,#7557,7.8700000000000045,0.25);
#7559=IFCCARTESIANPOINT((0.,0.,0.));
#7560=IFCAXIS2PLACEMENT3D(#7559,$,$);
#7561=IFCDIRECTION((0.,0.,1.));
#7562=IFCEXTRUDEDAREASOLID(#7558,#7560,#7561,0.5);
#7563=IFCSHAPEREPRESENTATION(#14,'Body','SweptSolid',(#7562));
#7564=IFCPRODUCTDEFINITIONSHAPE($,$,(#7563));
#7565=IFCBEAM('3IxaoIsbnCTxXsnlXhFAlj',#5,'VB_P03_3_10',$,$,#7555,#7564,$,$);
#7566=IFCRELCONTAINEDINSPATIALSTRUCTURE('3j79pisXn9P80Rj323Gl_8',#5,$,$,(#7565),#53);
#7567=IFCCARTESIANPOINT((6.4400000000000004,40.,-0.5));
#7568=IFCAXIS2PLACEMENT3D(#7567,$,$);
#7569=IFCLOCALPLACEMENT(#52,#7568);
#7570=IFCCARTESIANPOINT((0.,0.));
#7571=IFCAXIS2PLACEMENT2D(#7570,$);
#7572=IFCRECTANGLEPROFILEDEF(.AREA.,$,#7571,7.8800000000000008,0.25);
#7573=IFCCARTESIANPOINT((0.,0.,0.));
#7574=IFCAXIS2PLACEMENT3D(#7573,$,$);
#7575=IFCDIRECTION((0.,0.,1.));
#7576=IFCEXTRUDEDAREASOLID(#7572,#7574,#7575,0.5);
#7577=IFCSHAPEREPRESENTATION(#14,'Body','SweptSolid',(#7576));
#7578=IFCPRODUCTDEFINITIONSHAPE($,$,(#7577));
#7579=IFCBEAM('2Bho9_9XH0JPEh7U2Q_ehX',#5,'VB_P03_40_00',$,$,#7569,#7578,$,$);
#7580=IFCRELCONTAINEDINSPATIALSTRUCTURE('1R1KO6Q3bC_vM$ZEUKe5fB',#5,$,$,(#7579),#53);
#7581=IFCCARTESIANPOINT((14.315000000000001,40.,-0.5));
#7582=IFCAXIS2PLACEMENT3D(#7581,$,$);
#7583=IFCLOCALPLACEMENT(#52,#7582);
#7584=IFCCARTESIANPOINT((0.,0.));
#7585=IFCAXIS2PLACEMENT2D(#7584,$);
#7586=IFCRECTANGLEPROFILEDEF(.AREA.,$,#7585,7.8699999999999992,0.25);
#7587=IFCCARTESIANPOINT((0.,0.,0.));
#7588=IFCAXIS2PLACEMENT3D(#7587,$,$);
#7589=IFCDIRECTION((0.,0.,1.));
#7590=IFCEXTRUDEDAREASOLID(#7586,#7588,#7589,0.5);
#7591=IFCSHAPEREPRESENTATION(#14,'Body','SweptSolid',(#7590));
#7592=IFCPRODUCTDEFINITIONSHAPE($,$,(#7591));
#7593=IFCBEAM('280LQP0gH0V9Bh7lrz2RpR',#5,'VB_P03_40_01',$,$,#7583,#7592,$,$);
#7594=IFCRELCONTAINEDINSPATIALSTRUCTURE('2ua5N5Ztz0YAHEFoVVvp0k',#5,$,$,(#7593),#53);
#7595=IFCCARTESIANPOINT((22.189999999999998,40.,-0.5));
#7596=IFCAXIS2PLACEMENT3D(#7595,$,$);
#7597=IFCLOCALPLACEMENT(#52,#7596);
#7598=IFCCARTESIANPOINT((0.,0.));
#7599=IFCAXIS2PLACEMENT2D(#7598,$);
#7600=IFCRECTANGLEPROFILEDEF(.AREA.,$,#7599,7.879999999999999,0.25);
#7601=IFCCARTESIANPOINT((0.,0.,0.));
#7602=IFCAXIS2PLACEMENT3D(#7601,$,$);
#7603=IFCDIRECTION((0.,0.,1.));
#7604=IFCEXTRUDEDAREASOLID(#7600,#7602,#7603,0.5);
#7605=IFCSHAPEREPRESENTATION(#14,'Body','SweptSolid',(#7604));
#7606=IFCPRODUCTDEFINITIONSHAPE($,$,(#7605));
#7607=IFCBEAM('14iOrR_qv61e1B$5IPVtvj',#5,'VB_P03_40_02',$,$,#7597,#7606,$,$);
#7608=IFCRELCONTAINEDINSPATIALSTRUCTURE('33W1K6MKzE3Qx36ahwab0G',#5,$,$,(#7607),#53);
#7609=IFCCARTESIANPOINT((30.064999999999998,40.,-0.5));
#7610=IFCAXIS2PLACEMENT3D(#7609,$,$);
#7611=IFCLOCALPLACEMENT(#52,#7610);
#7612=IFCCARTESIANPOINT((0.,0.));
#7613=IFCAXIS2PLACEMENT2D(#7612,$);
#7614=IFCRECTANGLEPROFILEDEF(.AREA.,$,#7613,7.870000000000001,0.25);
#7615=IFCCARTESIANPOINT((0.,0.,0.));
#7616=IFCAXIS2PLACEMENT3D(#7615,$,$);
#7617=IFCDIRECTION((0.,0.,1.));
#7618=IFCEXTRUDEDAREASOLID(#7614,#7616,#7617,0.5);
#7619=IFCSHAPEREPRESENTATION(#14,'Body','SweptSolid',(#7618));
#7620=IFCPRODUCTDEFINITIONSHAPE($,$,(#7619));
#7621=IFCBEAM('2YBZI$ImbAA9rpnXtnE857',#5,'VB_P03_40_03',$,$,#7611,#7620,$,$);
#7622=IFCRELCONTAINEDINSPATIALSTRUCTURE('0x_DYeDjn69AtN1BXZlvRu',#5,$,$,(#7621),#53);
#7623=IFCCARTESIANPOINT((37.5,40.,-0.5));
#7624=IFCAXIS2PLACEMENT3D(#7623,$,$);
#7625=IFCLOCALPLACEMENT(#52,#7624);
#7626=IFCCARTESIANPOINT((0.,0.));
#7627=IFCAXIS2PLACEMENT2D(#7626,$);
#7628=IFCRECTANGLEPROFILEDEF(.AREA.,$,#7627,7.,0.25);
#7629=IFCCARTESIANPOINT((0.,0.,0.));
#7630=IFCAXIS2PLACEMENT3D(#7629,$,$);
#7631=IFCDIRECTION((0.,0.,1.));
#7632=IFCEXTRUDEDAREASOLID(#7628,#7630,#7631,0.5);
#7633=IFCSHAPEREPRESENTATION(#14,'Body','SweptSolid',(#7632));
#7634=IFCPRODUCTDEFINITIONSHAPE($,$,(#7633));
#7635=IFCBEAM('2fHebd6UPCHOI7eCqCCvvy',#5,'VB_P03_40_04',$,$,#7625,#7634,$,$);
#7636=IFCRELCONTAINEDINSPATIALSTRUCTURE('3As_n$4nr5cPobfMW5Er8s',#5,$,$,(#7635),#53);
#7637=IFCCARTESIANPOINT((45.,40.,-0.5));
#7638=IFCAXIS2PLACEMENT3D(#7637,$,$);
#7639=IFCLOCALPLACEMENT(#52,#7638);
#7640=IFCCARTESIANPOINT((0.,0.));
#7641=IFCAXIS2PLACEMENT2D(#7640,$);
#7642=IFCRECTANGLEPROFILEDEF(.AREA.,$,#7641,8.,0.25);
#7643=IFCCARTESIANPOINT((0.,0.,0.));
#7644=IFCAXIS2PLACEMENT3D(#7643,$,$);
#7645=IFCDIRECTION((0.,0.,1.));
#7646=IFCEXTRUDEDAREASOLID(#7642,#7644,#7645,0.5);
#7647=IFCSHAPEREPRESENTATION(#14,'Body','SweptSolid',(#7646));
#7648=IFCPRODUCTDEFINITIONSHAPE($,$,(#7647));
#7649=IFCBEAM('3BxGK6iHH2PfePUfr4oluN',#5,'VB_P03_40_05',$,$,#7639,#7648,$,$);
#7650=IFCRELCONTAINEDINSPATIALSTRUCTURE('2qBBU2vNT4cOy1zo9ba3wB',#5,$,$,(#7649),#53);
#7651=IFCCARTESIANPOINT((52.5,40.,-0.5));
#7652=IFCAXIS2PLACEMENT3D(#7651,$,$);
#7653=IFCLOCALPLACEMENT(#52,#7652);
#7654=IFCCARTESIANPOINT((0.,0.));
#7655=IFCAXIS2PLACEMENT2D(#7654,$);
#7656=IFCRECTANGLEPROFILEDEF(.AREA.,$,#7655,7.,0.25);
#7657=IFCCARTESIANPOINT((0.,0.,0.));
#7658=IFCAXIS2PLACEMENT3D(#7657,$,$);
#7659=IFCDIRECTION((0.,0.,1.));
#7660=IFCEXTRUDEDAREASOLID(#7656,#7658,#7659,0.5);
#7661=IFCSHAPEREPRESENTATION(#14,'Body','SweptSolid',(#7660));
#7662=IFCPRODUCTDEFINITIONSHAPE($,$,(#7661));
#7663=IFCBEAM('3vT33d6Sr72POW7v0rpnbS',#5,'VB_P03_40_06',$,$,#7653,#7662,$,$);
#7664=IFCRELCONTAINEDINSPATIALSTRUCTURE('0DEPvb5k9BEAJ6U0XJG4uP',#5,$,$,(#7663),#53);
#7665=IFCCARTESIANPOINT((59.939999999999998,40.,-0.5));
#7666=IFCAXIS2PLACEMENT3D(#7665,$,$);
#7667=IFCLOCALPLACEMENT(#52,#7666);
#7668=IFCCARTESIANPOINT((0.,0.));
#7669=IFCAXIS2PLACEMENT2D(#7668,$);
#7670=IFCRECTANGLEPROFILEDEF(.AREA.,$,#7669,7.8800000000000026,0.25);
#7671=IFCCARTESIANPOINT((0.,0.,0.));
#7672=IFCAXIS2PLACEMENT3D(#7671,$,$);
#7673=IFCDIRECTION((0.,0.,1.));
#7674=IFCEXTRUDEDAREASOLID(#7670,#7672,#7673,0.5);
#7675=IFCSHAPEREPRESENTATION(#14,'Body','SweptSolid',(#7674));
#7676=IFCPRODUCTDEFINITIONSHAPE($,$,(#7675));
#7677=IFCBEAM('01j2R9Fnr07QWY$QeSeorW',#5,'VB_P03_40_07',$,$,#7667,#7676,$,$);
#7678=IFCRELCONTAINEDINSPATIALSTRUCTURE('3GjQvxkQ5C5Bzu_6MzVj5i',#5,$,$,(#7677),#53);
#7679=IFCCARTESIANPOINT((67.814999999999998,40.,-0.5));
#7680=IFCAXIS2PLACEMENT3D(#7679,$,$);
#7681=IFCLOCALPLACEMENT(#52,#7680);
#7682=IFCCARTESIANPOINT((0.,0.));
#7683=IFCAXIS2PLACEMENT2D(#7682,$);
#7684=IFCRECTANGLEPROFILEDEF(.AREA.,$,#7683,7.8699999999999974,0.25);
#7685=IFCCARTESIANPOINT((0.,0.,0.));
#7686=IFCAXIS2PLACEMENT3D(#7685,$,$);
#7687=IFCDIRECTION((0.,0.,1.));
#7688=IFCEXTRUDEDAREASOLID(#7684,#7686,#7687,0.5);
#7689=IFCSHAPEREPRESENTATION(#14,'Body','SweptSolid',(#7688));
#7690=IFCPRODUCTDEFINITIONSHAPE($,$,(#7689));
#7691=IFCBEAM('17u7JfBKnFGfNRt6TAc1Pq',#5,'VB_P03_40_08',$,$,#7681,#7690,$,$);
#7692=IFCRELCONTAINEDINSPATIALSTRUCTURE('2qtoIVvu92NObF20VtJjun',#5,$,$,(#7691),#53);
#7693=IFCCARTESIANPOINT((75.689999999999998,40.,-0.5));
#7694=IFCAXIS2PLACEMENT3D(#7693,$,$);
#7695=IFCLOCALPLACEMENT(#52,#7694);
#7696=IFCCARTESIANPOINT((0.,0.));
#7697=IFCAXIS2PLACEMENT2D(#7696,$);
#7698=IFCRECTANGLEPROFILEDEF(.AREA.,$,#7697,7.8799999999999955,0.25);
#7699=IFCCARTESIANPOINT((0.,0.,0.));
#7700=IFCAXIS2PLACEMENT3D(#7699,$,$);
#7701=IFCDIRECTION((0.,0.,1.));
#7702=IFCEXTRUDEDAREASOLID(#7698,#7700,#7701,0.5);
#7703=IFCSHAPEREPRESENTATION(#14,'Body','SweptSolid',(#7702));
#7704=IFCPRODUCTDEFINITIONSHAPE($,$,(#7703));
#7705=IFCBEAM('2VLnItRhX3Ch8KMYkyfWRx',#5,'VB_P03_40_09',$,$,#7695,#7704,$,$);
#7706=IFCRELCONTAINEDINSPATIALSTRUCTURE('35LHWM95T3mBi9v68QrzNR',#5,$,$,(#7705),#53);
#7707=IFCCARTESIANPOINT((83.564999999999998,40.,-0.5));
#7708=IFCAXIS2PLACEMENT3D(#7707,$,$);
#7709=IFCLOCALPLACEMENT(#52,#7708);
#7710=IFCCARTESIANPOINT((0.,0.));
#7711=IFCAXIS2PLACEMENT2D(#7710,$);
#7712=IFCRECTANGLEPROFILEDEF(.AREA.,$,#7711,7.8700000000000045,0.25);
#7713=IFCCARTESIANPOINT((0.,0.,0.));
#7714=IFCAXIS2PLACEMENT3D(#7713,$,$);
#7715=IFCDIRECTION((0.,0.,1.));
#7716=IFCEXTRUDEDAREASOLID(#7712,#7714,#7715,0.5);
#7717=IFCSHAPEREPRESENTATION(#14,'Body','SweptSolid',(#7716));
#7718=IFCPRODUCTDEFINITIONSHAPE($,$,(#7717));
#7719=IFCBEAM('1roqNJP$n6rAXylCb1gKCJ',#5,'VB_P03_40_10',$,$,#7709,#7718,$,$);
#7720=IFCRELCONTAINEDINSPATIALSTRUCTURE('1B0zMZtdz0b80r00P3vdEo',#5,$,$,(#7719),#53);
#7721=IFCCARTESIANPOINT((2.5,6.5,-0.5));
#7722=IFCAXIS2PLACEMENT3D(#7721,$,$);
#7723=IFCLOCALPLACEMENT(#52,#7722);
#7724=IFCCARTESIANPOINT((0.,0.));
#7725=IFCAXIS2PLACEMENT2D(#7724,$);
#7726=IFCRECTANGLEPROFILEDEF(.AREA.,$,#7725,0.25,7.);
#7727=IFCCARTESIANPOINT((0.,0.,0.));
#7728=IFCAXIS2PLACEMENT3D(#7727,$,$);
#7729=IFCDIRECTION((0.,0.,1.));
#7730=IFCEXTRUDEDAREASOLID(#7726,#7728,#7729,0.5);
#7731=IFCSHAPEREPRESENTATION(#14,'Body','SweptSolid',(#7730));
#7732=IFCPRODUCTDEFINITIONSHAPE($,$,(#7731));
#7733=IFCBEAM('3K3epQQVf9dgLefQYCC8tG',#5,'VB_P03_2_00',$,$,#7723,#7732,$,$);
#7734=IFCRELCONTAINEDINSPATIALSTRUCTURE('1l$aYhH5r7WxoV5zWgXj7p',#5,$,$,(#7733),#53);
#7735=IFCCARTESIANPOINT((2.5,13.5,-0.5));
#7736=IFCAXIS2PLACEMENT3D(#7735,$,$);
#7737=IFCLOCALPLACEMENT(#52,#7736);
#7738=IFCCARTESIANPOINT((0.,0.));
#7739=IFCAXIS2PLACEMENT2D(#7738,$);
#7740=IFCRECTANGLEPROFILEDEF(.AREA.,$,#7739,0.25,7.);
#7741=IFCCARTESIANPOINT((0.,0.,0.));
#7742=IFCAXIS2PLACEMENT3D(#7741,$,$);
#7743=IFCDIRECTION((0.,0.,1.));
#7744=IFCEXTRUDEDAREASOLID(#7740,#7742,#7743,0.5);
#7745=IFCSHAPEREPRESENTATION(#14,'Body','SweptSolid',(#7744));
#7746=IFCPRODUCTDEFINITIONSHAPE($,$,(#7745));
#7747=IFCBEAM('3qYxrtcBbAOQT3eWfNwpFg',#5,'VB_P03_2_01',$,$,#7737,#7746,$,$);
#7748=IFCRELCONTAINEDINSPATIALSTRUCTURE('38qLAvY3X7vPO9Cd4hBddc',#5,$,$,(#7747),#53);
#7749=IFCCARTESIANPOINT((2.5,21.5,-0.5));
#7750=IFCAXIS2PLACEMENT3D(#7749,$,$);
#7751=IFCLOCALPLACEMENT(#52,#7750);
#7752=IFCCARTESIANPOINT((0.,0.));
#7753=IFCAXIS2PLACEMENT2D(#7752,$);
#7754=IFCRECTANGLEPROFILEDEF(.AREA.,$,#7753,0.25,9.);
#7755=IFCCARTESIANPOINT((0.,0.,0.));
#7756=IFCAXIS2PLACEMENT3D(#7755,$,$);
#7757=IFCDIRECTION((0.,0.,1.));
#7758=IFCEXTRUDEDAREASOLID(#7754,#7756,#7757,0.5);
#7759=IFCSHAPEREPRESENTATION(#14,'Body','SweptSolid',(#7758));
#7760=IFCPRODUCTDEFINITIONSHAPE($,$,(#7759));
#7761=IFCBEAM('3BcLw4yAD67gFSBqvh4Lwn',#5,'VB_P03_2_02',$,$,#7751,#7760,$,$);
#7762=IFCRELCONTAINEDINSPATIALSTRUCTURE('3TvoSSNlT8Zg_UsSLi0Ghy',#5,$,$,(#7761),#53);
#7763=IFCCARTESIANPOINT((2.5,29.5,-0.5));
#7764=IFCAXIS2PLACEMENT3D(#7763,$,$);
#7765=IFCLOCALPLACEMENT(#52,#7764);
#7766=IFCCARTESIANPOINT((0.,0.));
#7767=IFCAXIS2PLACEMENT2D(#7766,$);
#7768=IFCRECTANGLEPROFILEDEF(.AREA.,$,#7767,0.25,7.);
#7769=IFCCARTESIANPOINT((0.,0.,0.));
#7770=IFCAXIS2PLACEMENT3D(#7769,$,$);
#7771=IFCDIRECTION((0.,0.,1.));
#7772=IFCEXTRUDEDAREASOLID(#7768,#7770,#7771,0.5);
#7773=IFCSHAPEREPRESENTATION(#14,'Body','SweptSolid',(#7772));
#7774=IFCPRODUCTDEFINITIONSHAPE($,$,(#7773));
#7775=IFCBEAM('3XIk2LkbjAU8ybL3hNsymy',#5,'VB_P03_2_03',$,$,#7765,#7774,$,$);
#7776=IFCRELCONTAINEDINSPATIALSTRUCTURE('0bRzRHH3f7K8p99HpB0Rpw',#5,$,$,(#7775),#53);
#7777=IFCCARTESIANPOINT((2.5,36.5,-0.5));
#7778=IFCAXIS2PLACEMENT3D(#7777,$,$);
#7779=IFCLOCALPLACEMENT(#52,#7778);
#7780=IFCCARTESIANPOINT((0.,0.));
#7781=IFCAXIS2PLACEMENT2D(#7780,$);
#7782=IFCRECTANGLEPROFILEDEF(.AREA.,$,#7781,0.25,7.);
#7783=IFCCARTESIANPOINT((0.,0.,0.));
#7784=IFCAXIS2PLACEMENT3D(#7783,$,$);
#7785=IFCDIRECTION((0.,0.,1.));
#7786=IFCEXTRUDEDAREASOLID(#7782,#7784,#7785,0.5);
#7787=IFCSHAPEREPRESENTATION(#14,'Body','SweptSolid',(#7786));
#7788=IFCPRODUCTDEFINITIONSHAPE($,$,(#7787));
#7789=IFCBEAM('2YdetJ_OT2F9QcmFxfT0WE',#5,'VB_P03_2_04',$,$,#7779,#7788,$,$);
#7790=IFCRELCONTAINEDINSPATIALSTRUCTURE('34AFTgmTvFGvrQo_FaPgv8',#5,$,$,(#7789),#53);
#7791=IFCCARTESIANPOINT((87.5,6.5,-0.5));
#7792=IFCAXIS2PLACEMENT3D(#7791,$,$);
#7793=IFCLOCALPLACEMENT(#52,#7792);
#7794=IFCCARTESIANPOINT((0.,0.));
#7795=IFCAXIS2PLACEMENT2D(#7794,$);
#7796=IFCRECTANGLEPROFILEDEF(.AREA.,$,#7795,0.25,7.);
#7797=IFCCARTESIANPOINT((0.,0.,0.));
#7798=IFCAXIS2PLACEMENT3D(#7797,$,$);
#7799=IFCDIRECTION((0.,0.,1.));
#7800=IFCEXTRUDEDAREASOLID(#7796,#7798,#7799,0.5);
#7801=IFCSHAPEREPRESENTATION(#14,'Body','SweptSolid',(#7800));
#7802=IFCPRODUCTDEFINITIONSHAPE($,$,(#7801));
#7803=IFCBEAM('3DfvJ5obr3wQQoZVrcwF5F',#5,'VB_P03_88_00',$,$,#7793,#7802,$,$);
#7804=IFCRELCONTAINEDINSPATIALSTRUCTURE('1L_3jADzrDdwAkU70t6$qM',#5,$,$,(#7803),#53);
#7805=IFCCARTESIANPOINT((87.5,13.5,-0.5));
#7806=IFCAXIS2PLACEMENT3D(#7805,$,$);
#7807=IFCLOCALPLACEMENT(#52,#7806);
#7808=IFCCARTESIANPOINT((0.,0.));
#7809=IFCAXIS2PLACEMENT2D(#7808,$);
#7810=IFCRECTANGLEPROFILEDEF(.AREA.,$,#7809,0.25,7.);
#7811=IFCCARTESIANPOINT((0.,0.,0.));
#7812=IFCAXIS2PLACEMENT3D(#7811,$,$);
#7813=IFCDIRECTION((0.,0.,1.));
#7814=IFCEXTRUDEDAREASOLID(#7810,#7812,#7813,0.5);
#7815=IFCSHAPEREPRESENTATION(#14,'Body','SweptSolid',(#7814));
#7816=IFCPRODUCTDEFINITIONSHAPE($,$,(#7815));
#7817=IFCBEAM('20g_$6ImbAUvtOlXar2XTI',#5,'VB_P03_88_01',$,$,#7807,#7816,$,$);
#7818=IFCRELCONTAINEDINSPATIALSTRUCTURE('3FIPBvyEXF2BxfjuOy_fnn',#5,$,$,(#7817),#53);
#7819=IFCCARTESIANPOINT((87.5,21.5,-0.5));
#7820=IFCAXIS2PLACEMENT3D(#7819,$,$);
#7821=IFCLOCALPLACEMENT(#52,#7820);
#7822=IFCCARTESIANPOINT((0.,0.));
#7823=IFCAXIS2PLACEMENT2D(#7822,$);
#7824=IFCRECTANGLEPROFILEDEF(.AREA.,$,#7823,0.25,9.);
#7825=IFCCARTESIANPOINT((0.,0.,0.));
#7826=IFCAXIS2PLACEMENT3D(#7825,$,$);
#7827=IFCDIRECTION((0.,0.,1.));
#7828=IFCEXTRUDEDAREASOLID(#7824,#7826,#7827,0.5);
#7829=IFCSHAPEREPRESENTATION(#14,'Body','SweptSolid',(#7828));
#7830=IFCPRODUCTDEFINITIONSHAPE($,$,(#7829));
#7831=IFCBEAM('2uTMsV5RvC2waCWuZCucm$',#5,'VB_P03_88_02',$,$,#7821,#7830,$,$);
#7832=IFCRELCONTAINEDINSPATIALSTRUCTURE('3Gl$BQ6jrDQAbJwZpwlAsu',#5,$,$,(#7831),#53);
#7833=IFCCARTESIANPOINT((87.5,29.5,-0.5));
#7834=IFCAXIS2PLACEMENT3D(#7833,$,$);
#7835=IFCLOCALPLACEMENT(#52,#7834);
#7836=IFCCARTESIANPOINT((0.,0.));
#7837=IFCAXIS2PLACEMENT2D(#7836,$);
#7838=IFCRECTANGLEPROFILEDEF(.AREA.,$,#7837,0.25,7.);
#7839=IFCCARTESIANPOINT((0.,0.,0.));
#7840=IFCAXIS2PLACEMENT3D(#7839,$,$);
#7841=IFCDIRECTION((0.,0.,1.));
#7842=IFCEXTRUDEDAREASOLID(#7838,#7840,#7841,0.5);
#7843=IFCSHAPEREPRESENTATION(#14,'Body','SweptSolid',(#7842));
#7844=IFCPRODUCTDEFINITIONSHAPE($,$,(#7843));
#7845=IFCBEAM('0Pqwj9qJn1ghiFsDre9yXm',#5,'VB_P03_88_03',$,$,#7835,#7844,$,$);
#7846=IFCRELCONTAINEDINSPATIALSTRUCTURE('1mAkXNTHr6Qx90BPqJq4ls',#5,$,$,(#7845),#53);
#7847=IFCCARTESIANPOINT((87.5,36.5,-0.5));
#7848=IFCAXIS2PLACEMENT3D(#7847,$,$);
#7849=IFCLOCALPLACEMENT(#52,#7848);
#7850=IFCCARTESIANPOINT((0.,0.));
#7851=IFCAXIS2PLACEMENT2D(#7850,$);
#7852=IFCRECTANGLEPROFILEDEF(.AREA.,$,#7851,0.25,7.);
#7853=IFCCARTESIANPOINT((0.,0.,0.));
#7854=IFCAXIS2PLACEMENT3D(#7853,$,$);
#7855=IFCDIRECTION((0.,0.,1.));
#7856=IFCEXTRUDEDAREASOLID(#7852,#7854,#7855,0.5);
#7857=IFCSHAPEREPRESENTATION(#14,'Body','SweptSolid',(#7856));
#7858=IFCPRODUCTDEFINITIONSHAPE($,$,(#7857));
#7859=IFCBEAM('1FMOXy2Yf0bQ8nrl1s6yjp',#5,'VB_P03_88_04',$,$,#7849,#7858,$,$);
#7860=IFCRELCONTAINEDINSPATIALSTRUCTURE('1lvjsTX3r3tOYVPeHp42Rq',#5,$,$,(#7859),#53);
#7861=IFCCARTESIANPOINT((12.,18.,-0.5));
#7862=IFCAXIS2PLACEMENT3D(#7861,$,$);
#7863=IFCLOCALPLACEMENT(#52,#7862);
#7864=IFCCARTESIANPOINT((0.,0.));
#7865=IFCAXIS2PLACEMENT2D(#7864,$);
#7866=IFCRECTANGLEPROFILEDEF(.AREA.,$,#7865,14.,0.20000000000000284);
#7867=IFCCARTESIANPOINT((0.,0.,0.));
#7868=IFCAXIS2PLACEMENT3D(#7867,$,$);
#7869=IFCDIRECTION((0.,0.,1.));
#7870=IFCEXTRUDEDAREASOLID(#7866,#7868,#7869,0.5);
#7871=IFCSHAPEREPRESENTATION(#14,'Body','SweptSolid',(#7870));
#7872=IFCPRODUCTDEFINITIONSHAPE($,$,(#7871));
#7873=IFCBEAM('0oMCuVwMD01vwMweDTrw4g',#5,'VP_P03_A_18',$,$,#7863,#7872,$,$);
#7874=IFCRELCONTAINEDINSPATIALSTRUCTURE('0O$3jbgJD2QfH7Y3BznaA$',#5,$,$,(#7873),#53);
#7875=IFCCARTESIANPOINT((12.,25.,-0.5));
#7876=IFCAXIS2PLACEMENT3D(#7875,$,$);
#7877=IFCLOCALPLACEMENT(#52,#7876);
#7878=IFCCARTESIANPOINT((0.,0.));
#7879=IFCAXIS2PLACEMENT2D(#7878,$);
#7880=IFCRECTANGLEPROFILEDEF(.AREA.,$,#7879,14.,0.20000000000000284);
#7881=IFCCARTESIANPOINT((0.,0.,0.));
#7882=IFCAXIS2PLACEMENT3D(#7881,$,$);
#7883=IFCDIRECTION((0.,0.,1.));
#7884=IFCEXTRUDEDAREASOLID(#7880,#7882,#7883,0.5);
#7885=IFCSHAPEREPRESENTATION(#14,'Body','SweptSolid',(#7884));
#7886=IFCPRODUCTDEFINITIONSHAPE($,$,(#7885));
#7887=IFCBEAM('0Iaza2VmL0DfFg3sC$GC4f',#5,'VP_P03_A_25',$,$,#7877,#7886,$,$);
#7888=IFCRELCONTAINEDINSPATIALSTRUCTURE('1cJjAFQu94z9TVxYlDoG3_',#5,$,$,(#7887),#53);
#7889=IFCCARTESIANPOINT((5.,21.5,-0.5));
#7890=IFCAXIS2PLACEMENT3D(#7889,$,$);
#7891=IFCLOCALPLACEMENT(#52,#7890);
#7892=IFCCARTESIANPOINT((0.,0.));
#7893=IFCAXIS2PLACEMENT2D(#7892,$);
#7894=IFCRECTANGLEPROFILEDEF(.AREA.,$,#7893,0.19999999999999929,7.);
#7895=IFCCARTESIANPOINT((0.,0.,0.));
#7896=IFCAXIS2PLACEMENT3D(#7895,$,$);
#7897=IFCDIRECTION((0.,0.,1.));
#7898=IFCEXTRUDEDAREASOLID(#7894,#7896,#7897,0.5);
#7899=IFCSHAPEREPRESENTATION(#14,'Body','SweptSolid',(#7898));
#7900=IFCPRODUCTDEFINITIONSHAPE($,$,(#7899));
#7901=IFCBEAM('20B5ZAeZXCLvxNU5$4GRbr',#5,'VP_P03_A_5',$,$,#7891,#7900,$,$);
#7902=IFCRELCONTAINEDINSPATIALSTRUCTURE('0d2IcITmL4LhLfGMpG6PNs',#5,$,$,(#7901),#53);
#7903=IFCCARTESIANPOINT((19.,21.5,-0.5));
#7904=IFCAXIS2PLACEMENT3D(#7903,$,$);
#7905=IFCLOCALPLACEMENT(#52,#7904);
#7906=IFCCARTESIANPOINT((0.,0.));
#7907=IFCAXIS2PLACEMENT2D(#7906,$);
#7908=IFCRECTANGLEPROFILEDEF(.AREA.,$,#7907,0.20000000000000284,7.);
#7909=IFCCARTESIANPOINT((0.,0.,0.));
#7910=IFCAXIS2PLACEMENT3D(#7909,$,$);
#7911=IFCDIRECTION((0.,0.,1.));
#7912=IFCEXTRUDEDAREASOLID(#7908,#7910,#7911,0.5);
#7913=IFCSHAPEREPRESENTATION(#14,'Body','SweptSolid',(#7912));
#7914=IFCPRODUCTDEFINITIONSHAPE($,$,(#7913));
#7915=IFCBEAM('05iTK96fzFEQKppHlU_4Iz',#5,'VP_P03_A_19',$,$,#7905,#7914,$,$);
#7916=IFCRELCONTAINEDINSPATIALSTRUCTURE('25jvrJth91wfqXtvYgr3tq',#5,$,$,(#7915),#53);
#7917=IFCCARTESIANPOINT((78.,18.,-0.5));
#7918=IFCAXIS2PLACEMENT3D(#7917,$,$);
#7919=IFCLOCALPLACEMENT(#52,#7918);
#7920=IFCCARTESIANPOINT((0.,0.));
#7921=IFCAXIS2PLACEMENT2D(#7920,$);
#7922=IFCRECTANGLEPROFILEDEF(.AREA.,$,#7921,14.,0.20000000000000284);
#7923=IFCCARTESIANPOINT((0.,0.,0.));
#7924=IFCAXIS2PLACEMENT3D(#7923,$,$);
#7925=IFCDIRECTION((0.,0.,1.));
#7926=IFCEXTRUDEDAREASOLID(#7922,#7924,#7925,0.5);
#7927=IFCSHAPEREPRESENTATION(#14,'Body','SweptSolid',(#7926));
#7928=IFCPRODUCTDEFINITIONSHAPE($,$,(#7927));
#7929=IFCBEAM('0HDCD3t1nC6hwOUHR$dc4Y',#5,'VP_P03_B_18',$,$,#7919,#7928,$,$);
#7930=IFCRELCONTAINEDINSPATIALSTRUCTURE('3seibcluHAqA5FJ48JDyNL',#5,$,$,(#7929),#53);
#7931=IFCCARTESIANPOINT((78.,25.,-0.5));
#7932=IFCAXIS2PLACEMENT3D(#7931,$,$);
#7933=IFCLOCALPLACEMENT(#52,#7932);
#7934=IFCCARTESIANPOINT((0.,0.));
#7935=IFCAXIS2PLACEMENT2D(#7934,$);
#7936=IFCRECTANGLEPROFILEDEF(.AREA.,$,#7935,14.,0.20000000000000284);
#7937=IFCCARTESIANPOINT((0.,0.,0.));
#7938=IFCAXIS2PLACEMENT3D(#7937,$,$);
#7939=IFCDIRECTION((0.,0.,1.));
#7940=IFCEXTRUDEDAREASOLID(#7936,#7938,#7939,0.5);
#7941=IFCSHAPEREPRESENTATION(#14,'Body','SweptSolid',(#7940));
#7942=IFCPRODUCTDEFINITIONSHAPE($,$,(#7941));
#7943=IFCBEAM('0ttxjCpbTA_uq_0VAB1XPl',#5,'VP_P03_B_25',$,$,#7933,#7942,$,$);
#7944=IFCRELCONTAINEDINSPATIALSTRUCTURE('0i8_fyqdnDxwiphZvpACmn',#5,$,$,(#7943),#53);
#7945=IFCCARTESIANPOINT((71.,21.5,-0.5));
#7946=IFCAXIS2PLACEMENT3D(#7945,$,$);
#7947=IFCLOCALPLACEMENT(#52,#7946);
#7948=IFCCARTESIANPOINT((0.,0.));
#7949=IFCAXIS2PLACEMENT2D(#7948,$);
#7950=IFCRECTANGLEPROFILEDEF(.AREA.,$,#7949,0.19999999999998863,7.);
#7951=IFCCARTESIANPOINT((0.,0.,0.));
#7952=IFCAXIS2PLACEMENT3D(#7951,$,$);
#7953=IFCDIRECTION((0.,0.,1.));
#7954=IFCEXTRUDEDAREASOLID(#7950,#7952,#7953,0.5);
#7955=IFCSHAPEREPRESENTATION(#14,'Body','SweptSolid',(#7954));
#7956=IFCPRODUCTDEFINITIONSHAPE($,$,(#7955));
#7957=IFCBEAM('20hWe_ncz1ihlq40Ju9asU',#5,'VP_P03_B_71',$,$,#7947,#7956,$,$);
#7958=IFCRELCONTAINEDINSPATIALSTRUCTURE('3NjkTBqjP5hA0UJRWCxm5S',#5,$,$,(#7957),#53);
#7959=IFCCARTESIANPOINT((85.,21.5,-0.5));
#7960=IFCAXIS2PLACEMENT3D(#7959,$,$);
#7961=IFCLOCALPLACEMENT(#52,#7960);
#7962=IFCCARTESIANPOINT((0.,0.));
#7963=IFCAXIS2PLACEMENT2D(#7962,$);
#7964=IFCRECTANGLEPROFILEDEF(.AREA.,$,#7963,0.19999999999998863,7.);
#7965=IFCCARTESIANPOINT((0.,0.,0.));
#7966=IFCAXIS2PLACEMENT3D(#7965,$,$);
#7967=IFCDIRECTION((0.,0.,1.));
#7968=IFCEXTRUDEDAREASOLID(#7964,#7966,#7967,0.5);
#7969=IFCSHAPEREPRESENTATION(#14,'Body','SweptSolid',(#7968));
#7970=IFCPRODUCTDEFINITIONSHAPE($,$,(#7969));
#7971=IFCBEAM('0jYg8bPHj9deDxGNx1ZRHj',#5,'VP_P03_B_85',$,$,#7961,#7970,$,$);
#7972=IFCRELCONTAINEDINSPATIALSTRUCTURE('1wY2HPRcrD_BUnBYuZEUVj',#5,$,$,(#7971),#53);
#7973=IFCCARTESIANPOINT((6.4400000000000004,3.,-0.5));
#7974=IFCAXIS2PLACEMENT3D(#7973,$,$);
#7975=IFCLOCALPLACEMENT(#56,#7974);
#7976=IFCCARTESIANPOINT((0.,0.));
#7977=IFCAXIS2PLACEMENT2D(#7976,$);
#7978=IFCRECTANGLEPROFILEDEF(.AREA.,$,#7977,7.8800000000000008,0.25);
#7979=IFCCARTESIANPOINT((0.,0.,0.));
#7980=IFCAXIS2PLACEMENT3D(#7979,$,$);
#7981=IFCDIRECTION((0.,0.,1.));
#7982=IFCEXTRUDEDAREASOLID(#7978,#7980,#7981,0.5);
#7983=IFCSHAPEREPRESENTATION(#14,'Body','SweptSolid',(#7982));
#7984=IFCPRODUCTDEFINITIONSHAPE($,$,(#7983));
#7985=IFCBEAM('37cS9RcLf6jfkDM5pqv_0_',#5,'VB_P04_3_00',$,$,#7975,#7984,$,$);
#7986=IFCRELCONTAINEDINSPATIALSTRUCTURE('01tpVMYOb5qgo9sev0f_QO',#5,$,$,(#7985),#57);
#7987=IFCCARTESIANPOINT((14.315000000000001,3.,-0.5));
#7988=IFCAXIS2PLACEMENT3D(#7987,$,$);
#7989=IFCLOCALPLACEMENT(#56,#7988);
#7990=IFCCARTESIANPOINT((0.,0.));
#7991=IFCAXIS2PLACEMENT2D(#7990,$);
#7992=IFCRECTANGLEPROFILEDEF(.AREA.,$,#7991,7.8699999999999992,0.25);
#7993=IFCCARTESIANPOINT((0.,0.,0.));
#7994=IFCAXIS2PLACEMENT3D(#7993,$,$);
#7995=IFCDIRECTION((0.,0.,1.));
#7996=IFCEXTRUDEDAREASOLID(#7992,#7994,#7995,0.5);
#7997=IFCSHAPEREPRESENTATION(#14,'Body','SweptSolid',(#7996));
#7998=IFCPRODUCTDEFINITIONSHAPE($,$,(#7997));
#7999=IFCBEAM('0YqXSehxv8SB_Oi9Qzx1lx',#5,'VB_P04_3_01',$,$,#7989,#7998,$,$);
#8000=IFCRELCONTAINEDINSPATIALSTRUCTURE('29GjvVaeP2pf_bNoPVW7vQ',#5,$,$,(#7999),#57);
#8001=IFCCARTESIANPOINT((22.189999999999998,3.,-0.5));
#8002=IFCAXIS2PLACEMENT3D(#8001,$,$);
#8003=IFCLOCALPLACEMENT(#56,#8002);
#8004=IFCCARTESIANPOINT((0.,0.));
#8005=IFCAXIS2PLACEMENT2D(#8004,$);
#8006=IFCRECTANGLEPROFILEDEF(.AREA.,$,#8005,7.879999999999999,0.25);
#8007=IFCCARTESIANPOINT((0.,0.,0.));
#8008=IFCAXIS2PLACEMENT3D(#8007,$,$);
#8009=IFCDIRECTION((0.,0.,1.));
#8010=IFCEXTRUDEDAREASOLID(#8006,#8008,#8009,0.5);
#8011=IFCSHAPEREPRESENTATION(#14,'Body','SweptSolid',(#8010));
#8012=IFCPRODUCTDEFINITIONSHAPE($,$,(#8011));
#8013=IFCBEAM('3Tfu_a9if9FvjSDUvssRP8',#5,'VB_P04_3_02',$,$,#8003,#8012,$,$);
#8014=IFCRELCONTAINEDINSPATIALSTRUCTURE('1Ldclgm3H968lVluXI147v',#5,$,$,(#8013),#57);
#8015=IFCCARTESIANPOINT((30.064999999999998,3.,-0.5));
#8016=IFCAXIS2PLACEMENT3D(#8015,$,$);
#8017=IFCLOCALPLACEMENT(#56,#8016);
#8018=IFCCARTESIANPOINT((0.,0.));
#8019=IFCAXIS2PLACEMENT2D(#8018,$);
#8020=IFCRECTANGLEPROFILEDEF(.AREA.,$,#8019,7.870000000000001,0.25);
#8021=IFCCARTESIANPOINT((0.,0.,0.));
#8022=IFCAXIS2PLACEMENT3D(#8021,$,$);
#8023=IFCDIRECTION((0.,0.,1.));
#8024=IFCEXTRUDEDAREASOLID(#8020,#8022,#8023,0.5);
#8025=IFCSHAPEREPRESENTATION(#14,'Body','SweptSolid',(#8024));
#8026=IFCPRODUCTDEFINITIONSHAPE($,$,(#8025));
#8027=IFCBEAM('2qHGut1vT458ZndWYS47Gi',#5,'VB_P04_3_03',$,$,#8017,#8026,$,$);
#8028=IFCRELCONTAINEDINSPATIALSTRUCTURE('1V$0AHCWv85PTttrI7pRLK',#5,$,$,(#8027),#57);
#8029=IFCCARTESIANPOINT((37.5,3.,-0.5));
#8030=IFCAXIS2PLACEMENT3D(#8029,$,$);
#8031=IFCLOCALPLACEMENT(#56,#8030);
#8032=IFCCARTESIANPOINT((0.,0.));
#8033=IFCAXIS2PLACEMENT2D(#8032,$);
#8034=IFCRECTANGLEPROFILEDEF(.AREA.,$,#8033,7.,0.25);
#8035=IFCCARTESIANPOINT((0.,0.,0.));
#8036=IFCAXIS2PLACEMENT3D(#8035,$,$);
#8037=IFCDIRECTION((0.,0.,1.));
#8038=IFCEXTRUDEDAREASOLID(#8034,#8036,#8037,0.5);
#8039=IFCSHAPEREPRESENTATION(#14,'Body','SweptSolid',(#8038));
#8040=IFCPRODUCTDEFINITIONSHAPE($,$,(#8039));
#8041=IFCBEAM('3lIxV3seD4buWTCApUGgqT',#5,'VB_P04_3_04',$,$,#8031,#8040,$,$);
#8042=IFCRELCONTAINEDINSPATIALSTRUCTURE('2ZaygBPaL4rek17v14UtbG',#5,$,$,(#8041),#57);
#8043=IFCCARTESIANPOINT((45.,3.,-0.5));
#8044=IFCAXIS2PLACEMENT3D(#8043,$,$);
#8045=IFCLOCALPLACEMENT(#56,#8044);
#8046=IFCCARTESIANPOINT((0.,0.));
#8047=IFCAXIS2PLACEMENT2D(#8046,$);
#8048=IFCRECTANGLEPROFILEDEF(.AREA.,$,#8047,8.,0.25);
#8049=IFCCARTESIANPOINT((0.,0.,0.));
#8050=IFCAXIS2PLACEMENT3D(#8049,$,$);
#8051=IFCDIRECTION((0.,0.,1.));
#8052=IFCEXTRUDEDAREASOLID(#8048,#8050,#8051,0.5);
#8053=IFCSHAPEREPRESENTATION(#14,'Body','SweptSolid',(#8052));
#8054=IFCPRODUCTDEFINITIONSHAPE($,$,(#8053));
#8055=IFCBEAM('3WSDM5PwH2tP8RfGGjbnvv',#5,'VB_P04_3_05',$,$,#8045,#8054,$,$);
#8056=IFCRELCONTAINEDINSPATIALSTRUCTURE('3mD6fq8TfFfBkOXJi9bDO1',#5,$,$,(#8055),#57);
#8057=IFCCARTESIANPOINT((52.5,3.,-0.5));
#8058=IFCAXIS2PLACEMENT3D(#8057,$,$);
#8059=IFCLOCALPLACEMENT(#56,#8058);
#8060=IFCCARTESIANPOINT((0.,0.));
#8061=IFCAXIS2PLACEMENT2D(#8060,$);
#8062=IFCRECTANGLEPROFILEDEF(.AREA.,$,#8061,7.,0.25);
#8063=IFCCARTESIANPOINT((0.,0.,0.));
#8064=IFCAXIS2PLACEMENT3D(#8063,$,$);
#8065=IFCDIRECTION((0.,0.,1.));
#8066=IFCEXTRUDEDAREASOLID(#8062,#8064,#8065,0.5);
#8067=IFCSHAPEREPRESENTATION(#14,'Body','SweptSolid',(#8066));
#8068=IFCPRODUCTDEFINITIONSHAPE($,$,(#8067));
#8069=IFCBEAM('0_IXJhfFHDDukARZaeJBHP',#5,'VB_P04_3_06',$,$,#8059,#8068,$,$);
#8070=IFCRELCONTAINEDINSPATIALSTRUCTURE('1qWJttuxT4_AndwqEHXaKr',#5,$,$,(#8069),#57);
#8071=IFCCARTESIANPOINT((59.939999999999998,3.,-0.5));
#8072=IFCAXIS2PLACEMENT3D(#8071,$,$);
#8073=IFCLOCALPLACEMENT(#56,#8072);
#8074=IFCCARTESIANPOINT((0.,0.));
#8075=IFCAXIS2PLACEMENT2D(#8074,$);
#8076=IFCRECTANGLEPROFILEDEF(.AREA.,$,#8075,7.8800000000000026,0.25);
#8077=IFCCARTESIANPOINT((0.,0.,0.));
#8078=IFCAXIS2PLACEMENT3D(#8077,$,$);
#8079=IFCDIRECTION((0.,0.,1.));
#8080=IFCEXTRUDEDAREASOLID(#8076,#8078,#8079,0.5);
#8081=IFCSHAPEREPRESENTATION(#14,'Body','SweptSolid',(#8080));
#8082=IFCPRODUCTDEFINITIONSHAPE($,$,(#8081));
#8083=IFCBEAM('10NAjl6eT4QhyryAH$Mid1',#5,'VB_P04_3_07',$,$,#8073,#8082,$,$);
#8084=IFCRELCONTAINEDINSPATIALSTRUCTURE('2oLKTsOHX8mvdu5k2CU1_L',#5,$,$,(#8083),#57);
#8085=IFCCARTESIANPOINT((67.814999999999998,3.,-0.5));
#8086=IFCAXIS2PLACEMENT3D(#8085,$,$);
#8087=IFCLOCALPLACEMENT(#56,#8086);
#8088=IFCCARTESIANPOINT((0.,0.));
#8089=IFCAXIS2PLACEMENT2D(#8088,$);
#8090=IFCRECTANGLEPROFILEDEF(.AREA.,$,#8089,7.8699999999999974,0.25);
#8091=IFCCARTESIANPOINT((0.,0.,0.));
#8092=IFCAXIS2PLACEMENT3D(#8091,$,$);
#8093=IFCDIRECTION((0.,0.,1.));
#8094=IFCEXTRUDEDAREASOLID(#8090,#8092,#8093,0.5);
#8095=IFCSHAPEREPRESENTATION(#14,'Body','SweptSolid',(#8094));
#8096=IFCPRODUCTDEFINITIONSHAPE($,$,(#8095));
#8097=IFCBEAM('1wjR1EV$189xk9mVbEH8Wr',#5,'VB_P04_3_08',$,$,#8087,#8096,$,$);
#8098=IFCRELCONTAINEDINSPATIALSTRUCTURE('2G6QfqPR17gOkYTAWnMK8e',#5,$,$,(#8097),#57);
#8099=IFCCARTESIANPOINT((75.689999999999998,3.,-0.5));
#8100=IFCAXIS2PLACEMENT3D(#8099,$,$);
#8101=IFCLOCALPLACEMENT(#56,#8100);
#8102=IFCCARTESIANPOINT((0.,0.));
#8103=IFCAXIS2PLACEMENT2D(#8102,$);
#8104=IFCRECTANGLEPROFILEDEF(.AREA.,$,#8103,7.8799999999999955,0.25);
#8105=IFCCARTESIANPOINT((0.,0.,0.));
#8106=IFCAXIS2PLACEMENT3D(#8105,$,$);
#8107=IFCDIRECTION((0.,0.,1.));
#8108=IFCEXTRUDEDAREASOLID(#8104,#8106,#8107,0.5);
#8109=IFCSHAPEREPRESENTATION(#14,'Body','SweptSolid',(#8108));
#8110=IFCPRODUCTDEFINITIONSHAPE($,$,(#8109));
#8111=IFCBEAM('0Ex32jKEH2sBsMqcH80q2$',#5,'VB_P04_3_09',$,$,#8101,#8110,$,$);
#8112=IFCRELCONTAINEDINSPATIALSTRUCTURE('1OOzK6svf8_R1M32obWuNZ',#5,$,$,(#8111),#57);
#8113=IFCCARTESIANPOINT((83.564999999999998,3.,-0.5));
#8114=IFCAXIS2PLACEMENT3D(#8113,$,$);
#8115=IFCLOCALPLACEMENT(#56,#8114);
#8116=IFCCARTESIANPOINT((0.,0.));
#8117=IFCAXIS2PLACEMENT2D(#8116,$);
#8118=IFCRECTANGLEPROFILEDEF(.AREA.,$,#8117,7.8700000000000045,0.25);
#8119=IFCCARTESIANPOINT((0.,0.,0.));
#8120=IFCAXIS2PLACEMENT3D(#8119,$,$);
#8121=IFCDIRECTION((0.,0.,1.));
#8122=IFCEXTRUDEDAREASOLID(#8118,#8120,#8121,0.5);
#8123=IFCSHAPEREPRESENTATION(#14,'Body','SweptSolid',(#8122));
#8124=IFCPRODUCTDEFINITIONSHAPE($,$,(#8123));
#8125=IFCBEAM('398a8qNeb8jOw3BgpSjjJY',#5,'VB_P04_3_10',$,$,#8115,#8124,$,$);
#8126=IFCRELCONTAINEDINSPATIALSTRUCTURE('2awBxjXm92QOvczMFVFbcz',#5,$,$,(#8125),#57);
#8127=IFCCARTESIANPOINT((6.4400000000000004,40.,-0.5));
#8128=IFCAXIS2PLACEMENT3D(#8127,$,$);
#8129=IFCLOCALPLACEMENT(#56,#8128);
#8130=IFCCARTESIANPOINT((0.,0.));
#8131=IFCAXIS2PLACEMENT2D(#8130,$);
#8132=IFCRECTANGLEPROFILEDEF(.AREA.,$,#8131,7.8800000000000008,0.25);
#8133=IFCCARTESIANPOINT((0.,0.,0.));
#8134=IFCAXIS2PLACEMENT3D(#8133,$,$);
#8135=IFCDIRECTION((0.,0.,1.));
#8136=IFCEXTRUDEDAREASOLID(#8132,#8134,#8135,0.5);
#8137=IFCSHAPEREPRESENTATION(#14,'Body','SweptSolid',(#8136));
#8138=IFCPRODUCTDEFINITIONSHAPE($,$,(#8137));
#8139=IFCBEAM('2abrKkVMDDvA9q4AJ7ypVC',#5,'VB_P04_40_00',$,$,#8129,#8138,$,$);
#8140=IFCRELCONTAINEDINSPATIALSTRUCTURE('1xubW0nM18wPgAY31Awral',#5,$,$,(#8139),#57);
#8141=IFCCARTESIANPOINT((14.315000000000001,40.,-0.5));
#8142=IFCAXIS2PLACEMENT3D(#8141,$,$);
#8143=IFCLOCALPLACEMENT(#56,#8142);
#8144=IFCCARTESIANPOINT((0.,0.));
#8145=IFCAXIS2PLACEMENT2D(#8144,$);
#8146=IFCRECTANGLEPROFILEDEF(.AREA.,$,#8145,7.8699999999999992,0.25);
#8147=IFCCARTESIANPOINT((0.,0.,0.));
#8148=IFCAXIS2PLACEMENT3D(#8147,$,$);
#8149=IFCDIRECTION((0.,0.,1.));
#8150=IFCEXTRUDEDAREASOLID(#8146,#8148,#8149,0.5);
#8151=IFCSHAPEREPRESENTATION(#14,'Body','SweptSolid',(#8150));
#8152=IFCPRODUCTDEFINITIONSHAPE($,$,(#8151));
#8153=IFCBEAM('0k$JtfmET79uli2OPdBISf',#5,'VB_P04_40_01',$,$,#8143,#8152,$,$);
#8154=IFCRELCONTAINEDINSPATIALSTRUCTURE('3OFteQJljCOQEyALHay1O8',#5,$,$,(#8153),#57);
#8155=IFCCARTESIANPOINT((22.189999999999998,40.,-0.5));
#8156=IFCAXIS2PLACEMENT3D(#8155,$,$);
#8157=IFCLOCALPLACEMENT(#56,#8156);
#8158=IFCCARTESIANPOINT((0.,0.));
#8159=IFCAXIS2PLACEMENT2D(#8158,$);
#8160=IFCRECTANGLEPROFILEDEF(.AREA.,$,#8159,7.879999999999999,0.25);
#8161=IFCCARTESIANPOINT((0.,0.,0.));
#8162=IFCAXIS2PLACEMENT3D(#8161,$,$);
#8163=IFCDIRECTION((0.,0.,1.));
#8164=IFCEXTRUDEDAREASOLID(#8160,#8162,#8163,0.5);
#8165=IFCSHAPEREPRESENTATION(#14,'Body','SweptSolid',(#8164));
#8166=IFCPRODUCTDEFINITIONSHAPE($,$,(#8165));
#8167=IFCBEAM('1$XD45C115xvZiRxnM7DHZ',#5,'VB_P04_40_02',$,$,#8157,#8166,$,$);
#8168=IFCRELCONTAINEDINSPATIALSTRUCTURE('2O3NHrgebDRBO3k5odAiSZ',#5,$,$,(#8167),#57);
#8169=IFCCARTESIANPOINT((30.064999999999998,40.,-0.5));
#8170=IFCAXIS2PLACEMENT3D(#8169,$,$);
#8171=IFCLOCALPLACEMENT(#56,#8170);
#8172=IFCCARTESIANPOINT((0.,0.));
#8173=IFCAXIS2PLACEMENT2D(#8172,$);
#8174=IFCRECTANGLEPROFILEDEF(.AREA.,$,#8173,7.870000000000001,0.25);
#8175=IFCCARTESIANPOINT((0.,0.,0.));
#8176=IFCAXIS2PLACEMENT3D(#8175,$,$);
#8177=IFCDIRECTION((0.,0.,1.));
#8178=IFCEXTRUDEDAREASOLID(#8174,#8176,#8177,0.5);
#8179=IFCSHAPEREPRESENTATION(#14,'Body','SweptSolid',(#8178));
#8180=IFCPRODUCTDEFINITIONSHAPE($,$,(#8179));
#8181=IFCBEAM('3l7SkCHST0uOcmTIECnL6_',#5,'VB_P04_40_03',$,$,#8171,#8180,$,$);
#8182=IFCRELCONTAINEDINSPATIALSTRUCTURE('1xc26dafD3Hf5gElNAuKUt',#5,$,$,(#8181),#57);
#8183=IFCCARTESIANPOINT((37.5,40.,-0.5));
#8184=IFCAXIS2PLACEMENT3D(#8183,$,$);
#8185=IFCLOCALPLACEMENT(#56,#8184);
#8186=IFCCARTESIANPOINT((0.,0.));
#8187=IFCAXIS2PLACEMENT2D(#8186,$);
#8188=IFCRECTANGLEPROFILEDEF(.AREA.,$,#8187,7.,0.25);
#8189=IFCCARTESIANPOINT((0.,0.,0.));
#8190=IFCAXIS2PLACEMENT3D(#8189,$,$);
#8191=IFCDIRECTION((0.,0.,1.));
#8192=IFCEXTRUDEDAREASOLID(#8188,#8190,#8191,0.5);
#8193=IFCSHAPEREPRESENTATION(#14,'Body','SweptSolid',(#8192));
#8194=IFCPRODUCTDEFINITIONSHAPE($,$,(#8193));
#8195=IFCBEAM('3xcu7IKhn4qu8J4MBHfi5f',#5,'VB_P04_40_04',$,$,#8185,#8194,$,$);
#8196=IFCRELCONTAINEDINSPATIALSTRUCTURE('3odJMfTv520gnm2ioQ1DMv',#5,$,$,(#8195),#57);
#8197=IFCCARTESIANPOINT((45.,40.,-0.5));
#8198=IFCAXIS2PLACEMENT3D(#8197,$,$);
#8199=IFCLOCALPLACEMENT(#56,#8198);
#8200=IFCCARTESIANPOINT((0.,0.));
#8201=IFCAXIS2PLACEMENT2D(#8200,$);
#8202=IFCRECTANGLEPROFILEDEF(.AREA.,$,#8201,8.,0.25);
#8203=IFCCARTESIANPOINT((0.,0.,0.));
#8204=IFCAXIS2PLACEMENT3D(#8203,$,$);
#8205=IFCDIRECTION((0.,0.,1.));
#8206=IFCEXTRUDEDAREASOLID(#8202,#8204,#8205,0.5);
#8207=IFCSHAPEREPRESENTATION(#14,'Body','SweptSolid',(#8206));
#8208=IFCPRODUCTDEFINITIONSHAPE($,$,(#8207));
#8209=IFCBEAM('3Q9mcS85j9eOXjarWMBe5v',#5,'VB_P04_40_05',$,$,#8199,#8208,$,$);
#8210=IFCRELCONTAINEDINSPATIALSTRUCTURE('09jEGTp7X9yvkvddUlrCdG',#5,$,$,(#8209),#57);
#8211=IFCCARTESIANPOINT((52.5,40.,-0.5));
#8212=IFCAXIS2PLACEMENT3D(#8211,$,$);
#8213=IFCLOCALPLACEMENT(#56,#8212);
#8214=IFCCARTESIANPOINT((0.,0.));
#8215=IFCAXIS2PLACEMENT2D(#8214,$);
#8216=IFCRECTANGLEPROFILEDEF(.AREA.,$,#8215,7.,0.25);
#8217=IFCCARTESIANPOINT((0.,0.,0.));
#8218=IFCAXIS2PLACEMENT3D(#8217,$,$);
#8219=IFCDIRECTION((0.,0.,1.));
#8220=IFCEXTRUDEDAREASOLID(#8216,#8218,#8219,0.5);
#8221=IFCSHAPEREPRESENTATION(#14,'Body','SweptSolid',(#8220));
#8222=IFCPRODUCTDEFINITIONSHAPE($,$,(#8221));
#8223=IFCBEAM('0OZstIBnn2fgnr3P5ET9Vx',#5,'VB_P04_40_06',$,$,#8213,#8222,$,$);
#8224=IFCRELCONTAINEDINSPATIALSTRUCTURE('1ddxGB9Rv9aw4Mpb$HyG6u',#5,$,$,(#8223),#57);
#8225=IFCCARTESIANPOINT((59.939999999999998,40.,-0.5));
#8226=IFCAXIS2PLACEMENT3D(#8225,$,$);
#8227=IFCLOCALPLACEMENT(#56,#8226);
#8228=IFCCARTESIANPOINT((0.,0.));
#8229=IFCAXIS2PLACEMENT2D(#8228,$);
#8230=IFCRECTANGLEPROFILEDEF(.AREA.,$,#8229,7.8800000000000026,0.25);
#8231=IFCCARTESIANPOINT((0.,0.,0.));
#8232=IFCAXIS2PLACEMENT3D(#8231,$,$);
#8233=IFCDIRECTION((0.,0.,1.));
#8234=IFCEXTRUDEDAREASOLID(#8230,#8232,#8233,0.5);
#8235=IFCSHAPEREPRESENTATION(#14,'Body','SweptSolid',(#8234));
#8236=IFCPRODUCTDEFINITIONSHAPE($,$,(#8235));
#8237=IFCBEAM('2vC9flZ2f4JgIETMUqILfI',#5,'VB_P04_40_07',$,$,#8227,#8236,$,$);
#8238=IFCRELCONTAINEDINSPATIALSTRUCTURE('2r_HlEaxb4nh_f4oi8KBmu',#5,$,$,(#8237),#57);
#8239=IFCCARTESIANPOINT((67.814999999999998,40.,-0.5));
#8240=IFCAXIS2PLACEMENT3D(#8239,$,$);
#8241=IFCLOCALPLACEMENT(#56,#8240);
#8242=IFCCARTESIANPOINT((0.,0.));
#8243=IFCAXIS2PLACEMENT2D(#8242,$);
#8244=IFCRECTANGLEPROFILEDEF(.AREA.,$,#8243,7.8699999999999974,0.25);
#8245=IFCCARTESIANPOINT((0.,0.,0.));
#8246=IFCAXIS2PLACEMENT3D(#8245,$,$);
#8247=IFCDIRECTION((0.,0.,1.));
#8248=IFCEXTRUDEDAREASOLID(#8244,#8246,#8247,0.5);
#8249=IFCSHAPEREPRESENTATION(#14,'Body','SweptSolid',(#8248));
#8250=IFCPRODUCTDEFINITIONSHAPE($,$,(#8249));
#8251=IFCBEAM('1wySPZdKP5EhfRvXoo2RSC',#5,'VB_P04_40_08',$,$,#8241,#8250,$,$);
#8252=IFCRELCONTAINEDINSPATIALSTRUCTURE('35LPZ4nTb1GAw$IU3vHQbr',#5,$,$,(#8251),#57);
#8253=IFCCARTESIANPOINT((75.689999999999998,40.,-0.5));
#8254=IFCAXIS2PLACEMENT3D(#8253,$,$);
#8255=IFCLOCALPLACEMENT(#56,#8254);
#8256=IFCCARTESIANPOINT((0.,0.));
#8257=IFCAXIS2PLACEMENT2D(#8256,$);
#8258=IFCRECTANGLEPROFILEDEF(.AREA.,$,#8257,7.8799999999999955,0.25);
#8259=IFCCARTESIANPOINT((0.,0.,0.));
#8260=IFCAXIS2PLACEMENT3D(#8259,$,$);
#8261=IFCDIRECTION((0.,0.,1.));
#8262=IFCEXTRUDEDAREASOLID(#8258,#8260,#8261,0.5);
#8263=IFCSHAPEREPRESENTATION(#14,'Body','SweptSolid',(#8262));
#8264=IFCPRODUCTDEFINITIONSHAPE($,$,(#8263));
#8265=IFCBEAM('1_0I74SCHBrx4fhBmFv$Cr',#5,'VB_P04_40_09',$,$,#8255,#8264,$,$);
#8266=IFCRELCONTAINEDINSPATIALSTRUCTURE('2Cu644LmzEYx_3g5YB7okT',#5,$,$,(#8265),#57);
#8267=IFCCARTESIANPOINT((83.564999999999998,40.,-0.5));
#8268=IFCAXIS2PLACEMENT3D(#8267,$,$);
#8269=IFCLOCALPLACEMENT(#56,#8268);
#8270=IFCCARTESIANPOINT((0.,0.));
#8271=IFCAXIS2PLACEMENT2D(#8270,$);
#8272=IFCRECTANGLEPROFILEDEF(.AREA.,$,#8271,7.8700000000000045,0.25);
#8273=IFCCARTESIANPOINT((0.,0.,0.));
#8274=IFCAXIS2PLACEMENT3D(#8273,$,$);
#8275=IFCDIRECTION((0.,0.,1.));
#8276=IFCEXTRUDEDAREASOLID(#8272,#8274,#8275,0.5);
#8277=IFCSHAPEREPRESENTATION(#14,'Body','SweptSolid',(#8276));
#8278=IFCPRODUCTDEFINITIONSHAPE($,$,(#8277));
#8279=IFCBEAM('231Icsg91DfAAxTgg0mf0k',#5,'VB_P04_40_10',$,$,#8269,#8278,$,$);
#8280=IFCRELCONTAINEDINSPATIALSTRUCTURE('0sgxSI7kLFmvVgqWfDpVQR',#5,$,$,(#8279),#57);
#8281=IFCCARTESIANPOINT((2.5,6.5,-0.5));
#8282=IFCAXIS2PLACEMENT3D(#8281,$,$);
#8283=IFCLOCALPLACEMENT(#56,#8282);
#8284=IFCCARTESIANPOINT((0.,0.));
#8285=IFCAXIS2PLACEMENT2D(#8284,$);
#8286=IFCRECTANGLEPROFILEDEF(.AREA.,$,#8285,0.25,7.);
#8287=IFCCARTESIANPOINT((0.,0.,0.));
#8288=IFCAXIS2PLACEMENT3D(#8287,$,$);
#8289=IFCDIRECTION((0.,0.,1.));
#8290=IFCEXTRUDEDAREASOLID(#8286,#8288,#8289,0.5);
#8291=IFCSHAPEREPRESENTATION(#14,'Body','SweptSolid',(#8290));
#8292=IFCPRODUCTDEFINITIONSHAPE($,$,(#8291));
#8293=IFCBEAM('3y43YFZ6TCFOYe4oPLUFjc',#5,'VB_P04_2_00',$,$,#8283,#8292,$,$);
#8294=IFCRELCONTAINEDINSPATIALSTRUCTURE('3OCeC73IzEIhgNT5YVo3Aq',#5,$,$,(#8293),#57);
#8295=IFCCARTESIANPOINT((2.5,13.5,-0.5));
#8296=IFCAXIS2PLACEMENT3D(#8295,$,$);
#8297=IFCLOCALPLACEMENT(#56,#8296);
#8298=IFCCARTESIANPOINT((0.,0.));
#8299=IFCAXIS2PLACEMENT2D(#8298,$);
#8300=IFCRECTANGLEPROFILEDEF(.AREA.,$,#8299,0.25,7.);
#8301=IFCCARTESIANPOINT((0.,0.,0.));
#8302=IFCAXIS2PLACEMENT3D(#8301,$,$);
#8303=IFCDIRECTION((0.,0.,1.));
#8304=IFCEXTRUDEDAREASOLID(#8300,#8302,#8303,0.5);
#8305=IFCSHAPEREPRESENTATION(#14,'Body','SweptSolid',(#8304));
#8306=IFCPRODUCTDEFINITIONSHAPE($,$,(#8305));
#8307=IFCBEAM('1bhiMiXsfCTA$QDNWAMrLL',#5,'VB_P04_2_01',$,$,#8297,#8306,$,$);
#8308=IFCRELCONTAINEDINSPATIALSTRUCTURE('3yEQWchUT1IxoIyanHKVKi',#5,$,$,(#8307),#57);
#8309=IFCCARTESIANPOINT((2.5,21.5,-0.5));
#8310=IFCAXIS2PLACEMENT3D(#8309,$,$);
#8311=IFCLOCALPLACEMENT(#56,#8310);
#8312=IFCCARTESIANPOINT((0.,0.));
#8313=IFCAXIS2PLACEMENT2D(#8312,$);
#8314=IFCRECTANGLEPROFILEDEF(.AREA.,$,#8313,0.25,9.);
#8315=IFCCARTESIANPOINT((0.,0.,0.));
#8316=IFCAXIS2PLACEMENT3D(#8315,$,$);
#8317=IFCDIRECTION((0.,0.,1.));
#8318=IFCEXTRUDEDAREASOLID(#8314,#8316,#8317,0.5);
#8319=IFCSHAPEREPRESENTATION(#14,'Body','SweptSolid',(#8318));
#8320=IFCPRODUCTDEFINITIONSHAPE($,$,(#8319));
#8321=IFCBEAM('0n6HaK77T59A0g05ZesM_o',#5,'VB_P04_2_02',$,$,#8311,#8320,$,$);
#8322=IFCRELCONTAINEDINSPATIALSTRUCTURE('3M9sB7IXP3bQIsKisrpWGy',#5,$,$,(#8321),#57);
#8323=IFCCARTESIANPOINT((2.5,29.5,-0.5));
#8324=IFCAXIS2PLACEMENT3D(#8323,$,$);
#8325=IFCLOCALPLACEMENT(#56,#8324);
#8326=IFCCARTESIANPOINT((0.,0.));
#8327=IFCAXIS2PLACEMENT2D(#8326,$);
#8328=IFCRECTANGLEPROFILEDEF(.AREA.,$,#8327,0.25,7.);
#8329=IFCCARTESIANPOINT((0.,0.,0.));
#8330=IFCAXIS2PLACEMENT3D(#8329,$,$);
#8331=IFCDIRECTION((0.,0.,1.));
#8332=IFCEXTRUDEDAREASOLID(#8328,#8330,#8331,0.5);
#8333=IFCSHAPEREPRESENTATION(#14,'Body','SweptSolid',(#8332));
#8334=IFCPRODUCTDEFINITIONSHAPE($,$,(#8333));
#8335=IFCBEAM('3wPmdiImb89RYdFw_0azO0',#5,'VB_P04_2_03',$,$,#8325,#8334,$,$);
#8336=IFCRELCONTAINEDINSPATIALSTRUCTURE('0$UYa3fHX1XRkx4$GHeUZV',#5,$,$,(#8335),#57);
#8337=IFCCARTESIANPOINT((2.5,36.5,-0.5));
#8338=IFCAXIS2PLACEMENT3D(#8337,$,$);
#8339=IFCLOCALPLACEMENT(#56,#8338);
#8340=IFCCARTESIANPOINT((0.,0.));
#8341=IFCAXIS2PLACEMENT2D(#8340,$);
#8342=IFCRECTANGLEPROFILEDEF(.AREA.,$,#8341,0.25,7.);
#8343=IFCCARTESIANPOINT((0.,0.,0.));
#8344=IFCAXIS2PLACEMENT3D(#8343,$,$);
#8345=IFCDIRECTION((0.,0.,1.));
#8346=IFCEXTRUDEDAREASOLID(#8342,#8344,#8345,0.5);
#8347=IFCSHAPEREPRESENTATION(#14,'Body','SweptSolid',(#8346));
#8348=IFCPRODUCTDEFINITIONSHAPE($,$,(#8347));
#8349=IFCBEAM('1NoOpbWTLB$xYnSRL8EX$K',#5,'VB_P04_2_04',$,$,#8339,#8348,$,$);
#8350=IFCRELCONTAINEDINSPATIALSTRUCTURE('0sBLpoqAb1mf05IBt75avn',#5,$,$,(#8349),#57);
#8351=IFCCARTESIANPOINT((87.5,6.5,-0.5));
#8352=IFCAXIS2PLACEMENT3D(#8351,$,$);
#8353=IFCLOCALPLACEMENT(#56,#8352);
#8354=IFCCARTESIANPOINT((0.,0.));
#8355=IFCAXIS2PLACEMENT2D(#8354,$);
#8356=IFCRECTANGLEPROFILEDEF(.AREA.,$,#8355,0.25,7.);
#8357=IFCCARTESIANPOINT((0.,0.,0.));
#8358=IFCAXIS2PLACEMENT3D(#8357,$,$);
#8359=IFCDIRECTION((0.,0.,1.));
#8360=IFCEXTRUDEDAREASOLID(#8356,#8358,#8359,0.5);
#8361=IFCSHAPEREPRESENTATION(#14,'Body','SweptSolid',(#8360));
#8362=IFCPRODUCTDEFINITIONSHAPE($,$,(#8361));
#8363=IFCBEAM('01ggcQqrzA5PSiUMw4bSAn',#5,'VB_P04_88_00',$,$,#8353,#8362,$,$);
#8364=IFCRELCONTAINEDINSPATIALSTRUCTURE('3t64ZLGuD9dg23ai7im8Qp',#5,$,$,(#8363),#57);
#8365=IFCCARTESIANPOINT((87.5,13.5,-0.5));
#8366=IFCAXIS2PLACEMENT3D(#8365,$,$);
#8367=IFCLOCALPLACEMENT(#56,#8366);
#8368=IFCCARTESIANPOINT((0.,0.));
#8369=IFCAXIS2PLACEMENT2D(#8368,$);
#8370=IFCRECTANGLEPROFILEDEF(.AREA.,$,#8369,0.25,7.);
#8371=IFCCARTESIANPOINT((0.,0.,0.));
#8372=IFCAXIS2PLACEMENT3D(#8371,$,$);
#8373=IFCDIRECTION((0.,0.,1.));
#8374=IFCEXTRUDEDAREASOLID(#8370,#8372,#8373,0.5);
#8375=IFCSHAPEREPRESENTATION(#14,'Body','SweptSolid',(#8374));
#8376=IFCPRODUCTDEFINITIONSHAPE($,$,(#8375));
#8377=IFCBEAM('1soedvEXn8SR89WBhWZN1E',#5,'VB_P04_88_01',$,$,#8367,#8376,$,$);
#8378=IFCRELCONTAINEDINSPATIALSTRUCTURE('2eIcTkOszCLunSU2LR1uta',#5,$,$,(#8377),#57);
#8379=IFCCARTESIANPOINT((87.5,21.5,-0.5));
#8380=IFCAXIS2PLACEMENT3D(#8379,$,$);
#8381=IFCLOCALPLACEMENT(#56,#8380);
#8382=IFCCARTESIANPOINT((0.,0.));
#8383=IFCAXIS2PLACEMENT2D(#8382,$);
#8384=IFCRECTANGLEPROFILEDEF(.AREA.,$,#8383,0.25,9.);
#8385=IFCCARTESIANPOINT((0.,0.,0.));
#8386=IFCAXIS2PLACEMENT3D(#8385,$,$);
#8387=IFCDIRECTION((0.,0.,1.));
#8388=IFCEXTRUDEDAREASOLID(#8384,#8386,#8387,0.5);
#8389=IFCSHAPEREPRESENTATION(#14,'Body','SweptSolid',(#8388));
#8390=IFCPRODUCTDEFINITIONSHAPE($,$,(#8389));
#8391=IFCBEAM('1rtNBU_sr1fA5zzYGk7$H2',#5,'VB_P04_88_02',$,$,#8381,#8390,$,$);
#8392=IFCRELCONTAINEDINSPATIALSTRUCTURE('3Nf$w92LH4VhCEa$5Yq$Ci',#5,$,$,(#8391),#57);
#8393=IFCCARTESIANPOINT((87.5,29.5,-0.5));
#8394=IFCAXIS2PLACEMENT3D(#8393,$,$);
#8395=IFCLOCALPLACEMENT(#56,#8394);
#8396=IFCCARTESIANPOINT((0.,0.));
#8397=IFCAXIS2PLACEMENT2D(#8396,$);
#8398=IFCRECTANGLEPROFILEDEF(.AREA.,$,#8397,0.25,7.);
#8399=IFCCARTESIANPOINT((0.,0.,0.));
#8400=IFCAXIS2PLACEMENT3D(#8399,$,$);
#8401=IFCDIRECTION((0.,0.,1.));
#8402=IFCEXTRUDEDAREASOLID(#8398,#8400,#8401,0.5);
#8403=IFCSHAPEREPRESENTATION(#14,'Body','SweptSolid',(#8402));
#8404=IFCPRODUCTDEFINITIONSHAPE($,$,(#8403));
#8405=IFCBEAM('0$NMmsep18PeAMcG2YUY9b',#5,'VB_P04_88_03',$,$,#8395,#8404,$,$);
#8406=IFCRELCONTAINEDINSPATIALSTRUCTURE('0l7H5Wxg542Q1dSqDr2$xN',#5,$,$,(#8405),#57);
#8407=IFCCARTESIANPOINT((87.5,36.5,-0.5));
#8408=IFCAXIS2PLACEMENT3D(#8407,$,$);
#8409=IFCLOCALPLACEMENT(#56,#8408);
#8410=IFCCARTESIANPOINT((0.,0.));
#8411=IFCAXIS2PLACEMENT2D(#8410,$);
#8412=IFCRECTANGLEPROFILEDEF(.AREA.,$,#8411,0.25,7.);
#8413=IFCCARTESIANPOINT((0.,0.,0.));
#8414=IFCAXIS2PLACEMENT3D(#8413,$,$);
#8415=IFCDIRECTION((0.,0.,1.));
#8416=IFCEXTRUDEDAREASOLID(#8412,#8414,#8415,0.5);
#8417=IFCSHAPEREPRESENTATION(#14,'Body','SweptSolid',(#8416));
#8418=IFCPRODUCTDEFINITIONSHAPE($,$,(#8417));
#8419=IFCBEAM('2T3zDzsRTC_vr_cckG6zIc',#5,'VB_P04_88_04',$,$,#8409,#8418,$,$);
#8420=IFCRELCONTAINEDINSPATIALSTRUCTURE('3tkPAAV3f5a8AN6$T29EUy',#5,$,$,(#8419),#57);
#8421=IFCCARTESIANPOINT((12.,18.,-0.5));
#8422=IFCAXIS2PLACEMENT3D(#8421,$,$);
#8423=IFCLOCALPLACEMENT(#56,#8422);
#8424=IFCCARTESIANPOINT((0.,0.));
#8425=IFCAXIS2PLACEMENT2D(#8424,$);
#8426=IFCRECTANGLEPROFILEDEF(.AREA.,$,#8425,14.,0.20000000000000284);
#8427=IFCCARTESIANPOINT((0.,0.,0.));
#8428=IFCAXIS2PLACEMENT3D(#8427,$,$);
#8429=IFCDIRECTION((0.,0.,1.));
#8430=IFCEXTRUDEDAREASOLID(#8426,#8428,#8429,0.5);
#8431=IFCSHAPEREPRESENTATION(#14,'Body','SweptSolid',(#8430));
#8432=IFCPRODUCTDEFINITIONSHAPE($,$,(#8431));
#8433=IFCBEAM('2T8mGWNar7Axh0u8ATzd8j',#5,'VP_P04_A_18',$,$,#8423,#8432,$,$);
#8434=IFCRELCONTAINEDINSPATIALSTRUCTURE('2TEVrL77vD1hlbGzzfAYO3',#5,$,$,(#8433),#57);
#8435=IFCCARTESIANPOINT((12.,25.,-0.5));
#8436=IFCAXIS2PLACEMENT3D(#8435,$,$);
#8437=IFCLOCALPLACEMENT(#56,#8436);
#8438=IFCCARTESIANPOINT((0.,0.));
#8439=IFCAXIS2PLACEMENT2D(#8438,$);
#8440=IFCRECTANGLEPROFILEDEF(.AREA.,$,#8439,14.,0.20000000000000284);
#8441=IFCCARTESIANPOINT((0.,0.,0.));
#8442=IFCAXIS2PLACEMENT3D(#8441,$,$);
#8443=IFCDIRECTION((0.,0.,1.));
#8444=IFCEXTRUDEDAREASOLID(#8440,#8442,#8443,0.5);
#8445=IFCSHAPEREPRESENTATION(#14,'Body','SweptSolid',(#8444));
#8446=IFCPRODUCTDEFINITIONSHAPE($,$,(#8445));
#8447=IFCBEAM('0xZA8J$qD1TxGel6LgZnEX',#5,'VP_P04_A_25',$,$,#8437,#8446,$,$);
#8448=IFCRELCONTAINEDINSPATIALSTRUCTURE('2924QkmXL4YO2jMBab6h0Z',#5,$,$,(#8447),#57);
#8449=IFCCARTESIANPOINT((5.,21.5,-0.5));
#8450=IFCAXIS2PLACEMENT3D(#8449,$,$);
#8451=IFCLOCALPLACEMENT(#56,#8450);
#8452=IFCCARTESIANPOINT((0.,0.));
#8453=IFCAXIS2PLACEMENT2D(#8452,$);
#8454=IFCRECTANGLEPROFILEDEF(.AREA.,$,#8453,0.19999999999999929,7.);
#8455=IFCCARTESIANPOINT((0.,0.,0.));
#8456=IFCAXIS2PLACEMENT3D(#8455,$,$);
#8457=IFCDIRECTION((0.,0.,1.));
#8458=IFCEXTRUDEDAREASOLID(#8454,#8456,#8457,0.5);
#8459=IFCSHAPEREPRESENTATION(#14,'Body','SweptSolid',(#8458));
#8460=IFCPRODUCTDEFINITIONSHAPE($,$,(#8459));
#8461=IFCBEAM('1UT1uJLvb5_QPNW8eh__Cu',#5,'VP_P04_A_5',$,$,#8451,#8460,$,$);
#8462=IFCRELCONTAINEDINSPATIALSTRUCTURE('1PQDKpweH7Mun$ZUqE6iHD',#5,$,$,(#8461),#57);
#8463=IFCCARTESIANPOINT((19.,21.5,-0.5));
#8464=IFCAXIS2PLACEMENT3D(#8463,$,$);
#8465=IFCLOCALPLACEMENT(#56,#8464);
#8466=IFCCARTESIANPOINT((0.,0.));
#8467=IFCAXIS2PLACEMENT2D(#8466,$);
#8468=IFCRECTANGLEPROFILEDEF(.AREA.,$,#8467,0.20000000000000284,7.);
#8469=IFCCARTESIANPOINT((0.,0.,0.));
#8470=IFCAXIS2PLACEMENT3D(#8469,$,$);
#8471=IFCDIRECTION((0.,0.,1.));
#8472=IFCEXTRUDEDAREASOLID(#8468,#8470,#8471,0.5);
#8473=IFCSHAPEREPRESENTATION(#14,'Body','SweptSolid',(#8472));
#8474=IFCPRODUCTDEFINITIONSHAPE($,$,(#8473));
#8475=IFCBEAM('3Pz0qq7xj4vu9BBH$$_T9Q',#5,'VP_P04_A_19',$,$,#8465,#8474,$,$);
#8476=IFCRELCONTAINEDINSPATIALSTRUCTURE('11hcurxu9FbeRBdhfOqh$q',#5,$,$,(#8475),#57);
#8477=IFCCARTESIANPOINT((78.,18.,-0.5));
#8478=IFCAXIS2PLACEMENT3D(#8477,$,$);
#8479=IFCLOCALPLACEMENT(#56,#8478);
#8480=IFCCARTESIANPOINT((0.,0.));
#8481=IFCAXIS2PLACEMENT2D(#8480,$);
#8482=IFCRECTANGLEPROFILEDEF(.AREA.,$,#8481,14.,0.20000000000000284);
#8483=IFCCARTESIANPOINT((0.,0.,0.));
#8484=IFCAXIS2PLACEMENT3D(#8483,$,$);
#8485=IFCDIRECTION((0.,0.,1.));
#8486=IFCEXTRUDEDAREASOLID(#8482,#8484,#8485,0.5);
#8487=IFCSHAPEREPRESENTATION(#14,'Body','SweptSolid',(#8486));
#8488=IFCPRODUCTDEFINITIONSHAPE($,$,(#8487));
#8489=IFCBEAM('1n8zNH8kD8UOp43u5B9QvW',#5,'VP_P04_B_18',$,$,#8479,#8488,$,$);
#8490=IFCRELCONTAINEDINSPATIALSTRUCTURE('1l2MVrfxf9$f2X1Gem0GEP',#5,$,$,(#8489),#57);
#8491=IFCCARTESIANPOINT((78.,25.,-0.5));
#8492=IFCAXIS2PLACEMENT3D(#8491,$,$);
#8493=IFCLOCALPLACEMENT(#56,#8492);
#8494=IFCCARTESIANPOINT((0.,0.));
#8495=IFCAXIS2PLACEMENT2D(#8494,$);
#8496=IFCRECTANGLEPROFILEDEF(.AREA.,$,#8495,14.,0.20000000000000284);
#8497=IFCCARTESIANPOINT((0.,0.,0.));
#8498=IFCAXIS2PLACEMENT3D(#8497,$,$);
#8499=IFCDIRECTION((0.,0.,1.));
#8500=IFCEXTRUDEDAREASOLID(#8496,#8498,#8499,0.5);
#8501=IFCSHAPEREPRESENTATION(#14,'Body','SweptSolid',(#8500));
#8502=IFCPRODUCTDEFINITIONSHAPE($,$,(#8501));
#8503=IFCBEAM('3x7JJ6W5n8q9mCi7Ywgk44',#5,'VP_P04_B_25',$,$,#8493,#8502,$,$);
#8504=IFCRELCONTAINEDINSPATIALSTRUCTURE('0ZaMAWVCvBBeun1B0iIUJs',#5,$,$,(#8503),#57);
#8505=IFCCARTESIANPOINT((71.,21.5,-0.5));
#8506=IFCAXIS2PLACEMENT3D(#8505,$,$);
#8507=IFCLOCALPLACEMENT(#56,#8506);
#8508=IFCCARTESIANPOINT((0.,0.));
#8509=IFCAXIS2PLACEMENT2D(#8508,$);
#8510=IFCRECTANGLEPROFILEDEF(.AREA.,$,#8509,0.19999999999998863,7.);
#8511=IFCCARTESIANPOINT((0.,0.,0.));
#8512=IFCAXIS2PLACEMENT3D(#8511,$,$);
#8513=IFCDIRECTION((0.,0.,1.));
#8514=IFCEXTRUDEDAREASOLID(#8510,#8512,#8513,0.5);
#8515=IFCSHAPEREPRESENTATION(#14,'Body','SweptSolid',(#8514));
#8516=IFCPRODUCTDEFINITIONSHAPE($,$,(#8515));
#8517=IFCBEAM('0r6khQifH8IAQUUC7ytD$u',#5,'VP_P04_B_71',$,$,#8507,#8516,$,$);
#8518=IFCRELCONTAINEDINSPATIALSTRUCTURE('1RCW1xF4X99A62yOkeDS5P',#5,$,$,(#8517),#57);
#8519=IFCCARTESIANPOINT((85.,21.5,-0.5));
#8520=IFCAXIS2PLACEMENT3D(#8519,$,$);
#8521=IFCLOCALPLACEMENT(#56,#8520);
#8522=IFCCARTESIANPOINT((0.,0.));
#8523=IFCAXIS2PLACEMENT2D(#8522,$);
#8524=IFCRECTANGLEPROFILEDEF(.AREA.,$,#8523,0.19999999999998863,7.);
#8525=IFCCARTESIANPOINT((0.,0.,0.));
#8526=IFCAXIS2PLACEMENT3D(#8525,$,$);
#8527=IFCDIRECTION((0.,0.,1.));
#8528=IFCEXTRUDEDAREASOLID(#8524,#8526,#8527,0.5);
#8529=IFCSHAPEREPRESENTATION(#14,'Body','SweptSolid',(#8528));
#8530=IFCPRODUCTDEFINITIONSHAPE($,$,(#8529));
#8531=IFCBEAM('2ed4TK9s1CzP9jg24QzFvo',#5,'VP_P04_B_85',$,$,#8521,#8530,$,$);
#8532=IFCRELCONTAINEDINSPATIALSTRUCTURE('1NfJ2Cei90WQ4fGbEtS0hg',#5,$,$,(#8531),#57);
#8533=IFCCARTESIANPOINT((6.4400000000000004,3.,-0.5));
#8534=IFCAXIS2PLACEMENT3D(#8533,$,$);
#8535=IFCLOCALPLACEMENT(#60,#8534);
#8536=IFCCARTESIANPOINT((0.,0.));
#8537=IFCAXIS2PLACEMENT2D(#8536,$);
#8538=IFCRECTANGLEPROFILEDEF(.AREA.,$,#8537,7.8800000000000008,0.25);
#8539=IFCCARTESIANPOINT((0.,0.,0.));
#8540=IFCAXIS2PLACEMENT3D(#8539,$,$);
#8541=IFCDIRECTION((0.,0.,1.));
#8542=IFCEXTRUDEDAREASOLID(#8538,#8540,#8541,0.5);
#8543=IFCSHAPEREPRESENTATION(#14,'Body','SweptSolid',(#8542));
#8544=IFCPRODUCTDEFINITIONSHAPE($,$,(#8543));
#8545=IFCBEAM('0G3djr1256ShfaNRvJPkXp',#5,'VB_P05_3_00',$,$,#8535,#8544,$,$);
#8546=IFCRELCONTAINEDINSPATIALSTRUCTURE('1ZUWrrDY58RxfCeY$mxggj',#5,$,$,(#8545),#61);
#8547=IFCCARTESIANPOINT((14.315000000000001,3.,-0.5));
#8548=IFCAXIS2PLACEMENT3D(#8547,$,$);
#8549=IFCLOCALPLACEMENT(#60,#8548);
#8550=IFCCARTESIANPOINT((0.,0.));
#8551=IFCAXIS2PLACEMENT2D(#8550,$);
#8552=IFCRECTANGLEPROFILEDEF(.AREA.,$,#8551,7.8699999999999992,0.25);
#8553=IFCCARTESIANPOINT((0.,0.,0.));
#8554=IFCAXIS2PLACEMENT3D(#8553,$,$);
#8555=IFCDIRECTION((0.,0.,1.));
#8556=IFCEXTRUDEDAREASOLID(#8552,#8554,#8555,0.5);
#8557=IFCSHAPEREPRESENTATION(#14,'Body','SweptSolid',(#8556));
#8558=IFCPRODUCTDEFINITIONSHAPE($,$,(#8557));
#8559=IFCBEAM('2WuDLZ6xP6DBtNaJbU_PKU',#5,'VB_P05_3_01',$,$,#8549,#8558,$,$);
#8560=IFCRELCONTAINEDINSPATIALSTRUCTURE('18B6EvKDL338PxGHUd3Uc2',#5,$,$,(#8559),#61);
#8561=IFCCARTESIANPOINT((22.189999999999998,3.,-0.5));
#8562=IFCAXIS2PLACEMENT3D(#8561,$,$);
#8563=IFCLOCALPLACEMENT(#60,#8562);
#8564=IFCCARTESIANPOINT((0.,0.));
#8565=IFCAXIS2PLACEMENT2D(#8564,$);
#8566=IFCRECTANGLEPROFILEDEF(.AREA.,$,#8565,7.879999999999999,0.25);
#8567=IFCCARTESIANPOINT((0.,0.,0.));
#8568=IFCAXIS2PLACEMENT3D(#8567,$,$);
#8569=IFCDIRECTION((0.,0.,1.));
#8570=IFCEXTRUDEDAREASOLID(#8566,#8568,#8569,0.5);
#8571=IFCSHAPEREPRESENTATION(#14,'Body','SweptSolid',(#8570));
#8572=IFCPRODUCTDEFINITIONSHAPE($,$,(#8571));
#8573=IFCBEAM('0Am3myiGHEQOT6gdOpG6Sj',#5,'VB_P05_3_02',$,$,#8563,#8572,$,$);
#8574=IFCRELCONTAINEDINSPATIALSTRUCTURE('3Uj2tg4fL4PR9UsIpb9sMF',#5,$,$,(#8573),#61);
#8575=IFCCARTESIANPOINT((30.064999999999998,3.,-0.5));
#8576=IFCAXIS2PLACEMENT3D(#8575,$,$);
#8577=IFCLOCALPLACEMENT(#60,#8576);
#8578=IFCCARTESIANPOINT((0.,0.));
#8579=IFCAXIS2PLACEMENT2D(#8578,$);
#8580=IFCRECTANGLEPROFILEDEF(.AREA.,$,#8579,7.870000000000001,0.25);
#8581=IFCCARTESIANPOINT((0.,0.,0.));
#8582=IFCAXIS2PLACEMENT3D(#8581,$,$);
#8583=IFCDIRECTION((0.,0.,1.));
#8584=IFCEXTRUDEDAREASOLID(#8580,#8582,#8583,0.5);
#8585=IFCSHAPEREPRESENTATION(#14,'Body','SweptSolid',(#8584));
#8586=IFCPRODUCTDEFINITIONSHAPE($,$,(#8585));
#8587=IFCBEAM('2mP3FlwuX4u8AzzHlIOxxp',#5,'VB_P05_3_03',$,$,#8577,#8586,$,$);
#8588=IFCRELCONTAINEDINSPATIALSTRUCTURE('24l$JboC99BB1wRwOK0kwz',#5,$,$,(#8587),#61);
#8589=IFCCARTESIANPOINT((37.5,3.,-0.5));
#8590=IFCAXIS2PLACEMENT3D(#8589,$,$);
#8591=IFCLOCALPLACEMENT(#60,#8590);
#8592=IFCCARTESIANPOINT((0.,0.));
#8593=IFCAXIS2PLACEMENT2D(#8592,$);
#8594=IFCRECTANGLEPROFILEDEF(.AREA.,$,#8593,7.,0.25);
#8595=IFCCARTESIANPOINT((0.,0.,0.));
#8596=IFCAXIS2PLACEMENT3D(#8595,$,$);
#8597=IFCDIRECTION((0.,0.,1.));
#8598=IFCEXTRUDEDAREASOLID(#8594,#8596,#8597,0.5);
#8599=IFCSHAPEREPRESENTATION(#14,'Body','SweptSolid',(#8598));
#8600=IFCPRODUCTDEFINITIONSHAPE($,$,(#8599));
#8601=IFCBEAM('0ZFUtY4j10He4Zh1cKc7JN',#5,'VB_P05_3_04',$,$,#8591,#8600,$,$);
#8602=IFCRELCONTAINEDINSPATIALSTRUCTURE('3NFO9SfO9C6wBFrcAx6MZn',#5,$,$,(#8601),#61);
#8603=IFCCARTESIANPOINT((45.,3.,-0.5));
#8604=IFCAXIS2PLACEMENT3D(#8603,$,$);
#8605=IFCLOCALPLACEMENT(#60,#8604);
#8606=IFCCARTESIANPOINT((0.,0.));
#8607=IFCAXIS2PLACEMENT2D(#8606,$);
#8608=IFCRECTANGLEPROFILEDEF(.AREA.,$,#8607,8.,0.25);
#8609=IFCCARTESIANPOINT((0.,0.,0.));
#8610=IFCAXIS2PLACEMENT3D(#8609,$,$);
#8611=IFCDIRECTION((0.,0.,1.));
#8612=IFCEXTRUDEDAREASOLID(#8608,#8610,#8611,0.5);
#8613=IFCSHAPEREPRESENTATION(#14,'Body','SweptSolid',(#8612));
#8614=IFCPRODUCTDEFINITIONSHAPE($,$,(#8613));
#8615=IFCBEAM('2I1$yW7GPFDejLOkq$r0uA',#5,'VB_P05_3_05',$,$,#8605,#8614,$,$);
#8616=IFCRELCONTAINEDINSPATIALSTRUCTURE('3hAO08ZOfCkAPlgb8S9DRl',#5,$,$,(#8615),#61);
#8617=IFCCARTESIANPOINT((52.5,3.,-0.5));
#8618=IFCAXIS2PLACEMENT3D(#8617,$,$);
#8619=IFCLOCALPLACEMENT(#60,#8618);
#8620=IFCCARTESIANPOINT((0.,0.));
#8621=IFCAXIS2PLACEMENT2D(#8620,$);
#8622=IFCRECTANGLEPROFILEDEF(.AREA.,$,#8621,7.,0.25);
#8623=IFCCARTESIANPOINT((0.,0.,0.));
#8624=IFCAXIS2PLACEMENT3D(#8623,$,$);
#8625=IFCDIRECTION((0.,0.,1.));
#8626=IFCEXTRUDEDAREASOLID(#8622,#8624,#8625,0.5);
#8627=IFCSHAPEREPRESENTATION(#14,'Body','SweptSolid',(#8626));
#8628=IFCPRODUCTDEFINITIONSHAPE($,$,(#8627));
#8629=IFCBEAM('1iddWASTf8Rg2aQu3LGJzY',#5,'VB_P05_3_06',$,$,#8619,#8628,$,$);
#8630=IFCRELCONTAINEDINSPATIALSTRUCTURE('2O$XcDWM5EAQBOulzX9QMK',#5,$,$,(#8629),#61);
#8631=IFCCARTESIANPOINT((59.939999999999998,3.,-0.5));
#8632=IFCAXIS2PLACEMENT3D(#8631,$,$);
#8633=IFCLOCALPLACEMENT(#60,#8632);
#8634=IFCCARTESIANPOINT((0.,0.));
#8635=IFCAXIS2PLACEMENT2D(#8634,$);
#8636=IFCRECTANGLEPROFILEDEF(.AREA.,$,#8635,7.8800000000000026,0.25);
#8637=IFCCARTESIANPOINT((0.,0.,0.));
#8638=IFCAXIS2PLACEMENT3D(#8637,$,$);
#8639=IFCDIRECTION((0.,0.,1.));
#8640=IFCEXTRUDEDAREASOLID(#8636,#8638,#8639,0.5);
#8641=IFCSHAPEREPRESENTATION(#14,'Body','SweptSolid',(#8640));
#8642=IFCPRODUCTDEFINITIONSHAPE($,$,(#8641));
#8643=IFCBEAM('3X7BUaTZf6FQlGaeIJ7wS3',#5,'VB_P05_3_07',$,$,#8633,#8642,$,$);
#8644=IFCRELCONTAINEDINSPATIALSTRUCTURE('3Go5LPi693wQENTOs_e9go',#5,$,$,(#8643),#61);
#8645=IFCCARTESIANPOINT((67.814999999999998,3.,-0.5));
#8646=IFCAXIS2PLACEMENT3D(#8645,$,$);
#8647=IFCLOCALPLACEMENT(#60,#8646);
#8648=IFCCARTESIANPOINT((0.,0.));
#8649=IFCAXIS2PLACEMENT2D(#8648,$);
#8650=IFCRECTANGLEPROFILEDEF(.AREA.,$,#8649,7.8699999999999974,0.25);
#8651=IFCCARTESIANPOINT((0.,0.,0.));
#8652=IFCAXIS2PLACEMENT3D(#8651,$,$);
#8653=IFCDIRECTION((0.,0.,1.));
#8654=IFCEXTRUDEDAREASOLID(#8650,#8652,#8653,0.5);
#8655=IFCSHAPEREPRESENTATION(#14,'Body','SweptSolid',(#8654));
#8656=IFCPRODUCTDEFINITIONSHAPE($,$,(#8655));
#8657=IFCBEAM('3X3stOsMbETviSPybnXR$z',#5,'VB_P05_3_08',$,$,#8647,#8656,$,$);
#8658=IFCRELCONTAINEDINSPATIALSTRUCTURE('1S8MH4tiv378FqobOSsDMK',#5,$,$,(#8657),#61);
#8659=IFCCARTESIANPOINT((75.689999999999998,3.,-0.5));
#8660=IFCAXIS2PLACEMENT3D(#8659,$,$);
#8661=IFCLOCALPLACEMENT(#60,#8660);
#8662=IFCCARTESIANPOINT((0.,0.));
#8663=IFCAXIS2PLACEMENT2D(#8662,$);
#8664=IFCRECTANGLEPROFILEDEF(.AREA.,$,#8663,7.8799999999999955,0.25);
#8665=IFCCARTESIANPOINT((0.,0.,0.));
#8666=IFCAXIS2PLACEMENT3D(#8665,$,$);
#8667=IFCDIRECTION((0.,0.,1.));
#8668=IFCEXTRUDEDAREASOLID(#8664,#8666,#8667,0.5);
#8669=IFCSHAPEREPRESENTATION(#14,'Body','SweptSolid',(#8668));
#8670=IFCPRODUCTDEFINITIONSHAPE($,$,(#8669));
#8671=IFCBEAM('2OeOFGiaHDEhud$z2ZeCRP',#5,'VB_P05_3_09',$,$,#8661,#8670,$,$);
#8672=IFCRELCONTAINEDINSPATIALSTRUCTURE('0tGKFNwsPCA99unZ1G43qi',#5,$,$,(#8671),#61);
#8673=IFCCARTESIANPOINT((83.564999999999998,3.,-0.5));
#8674=IFCAXIS2PLACEMENT3D(#8673,$,$);
#8675=IFCLOCALPLACEMENT(#60,#8674);
#8676=IFCCARTESIANPOINT((0.,0.));
#8677=IFCAXIS2PLACEMENT2D(#8676,$);
#8678=IFCRECTANGLEPROFILEDEF(.AREA.,$,#8677,7.8700000000000045,0.25);
#8679=IFCCARTESIANPOINT((0.,0.,0.));
#8680=IFCAXIS2PLACEMENT3D(#8679,$,$);
#8681=IFCDIRECTION((0.,0.,1.));
#8682=IFCEXTRUDEDAREASOLID(#8678,#8680,#8681,0.5);
#8683=IFCSHAPEREPRESENTATION(#14,'Body','SweptSolid',(#8682));
#8684=IFCPRODUCTDEFINITIONSHAPE($,$,(#8683));
#8685=IFCBEAM('1WyQRBeNPBKvbiFfBMm9nc',#5,'VB_P05_3_10',$,$,#8675,#8684,$,$);
#8686=IFCRELCONTAINEDINSPATIALSTRUCTURE('3WuC$Gd6D0Mwx2ElhA2ooa',#5,$,$,(#8685),#61);
#8687=IFCCARTESIANPOINT((6.4400000000000004,40.,-0.5));
#8688=IFCAXIS2PLACEMENT3D(#8687,$,$);
#8689=IFCLOCALPLACEMENT(#60,#8688);
#8690=IFCCARTESIANPOINT((0.,0.));
#8691=IFCAXIS2PLACEMENT2D(#8690,$);
#8692=IFCRECTANGLEPROFILEDEF(.AREA.,$,#8691,7.8800000000000008,0.25);
#8693=IFCCARTESIANPOINT((0.,0.,0.));
#8694=IFCAXIS2PLACEMENT3D(#8693,$,$);
#8695=IFCDIRECTION((0.,0.,1.));
#8696=IFCEXTRUDEDAREASOLID(#8692,#8694,#8695,0.5);
#8697=IFCSHAPEREPRESENTATION(#14,'Body','SweptSolid',(#8696));
#8698=IFCPRODUCTDEFINITIONSHAPE($,$,(#8697));
#8699=IFCBEAM('1y2SpfairCaPtKLHHsw$oh',#5,'VB_P05_40_00',$,$,#8689,#8698,$,$);
#8700=IFCRELCONTAINEDINSPATIALSTRUCTURE('2M47yIKLvB7xHou$XrO51p',#5,$,$,(#8699),#61);
#8701=IFCCARTESIANPOINT((14.315000000000001,40.,-0.5));
#8702=IFCAXIS2PLACEMENT3D(#8701,$,$);
#8703=IFCLOCALPLACEMENT(#60,#8702);
#8704=IFCCARTESIANPOINT((0.,0.));
#8705=IFCAXIS2PLACEMENT2D(#8704,$);
#8706=IFCRECTANGLEPROFILEDEF(.AREA.,$,#8705,7.8699999999999992,0.25);
#8707=IFCCARTESIANPOINT((0.,0.,0.));
#8708=IFCAXIS2PLACEMENT3D(#8707,$,$);
#8709=IFCDIRECTION((0.,0.,1.));
#8710=IFCEXTRUDEDAREASOLID(#8706,#8708,#8709,0.5);
#8711=IFCSHAPEREPRESENTATION(#14,'Body','SweptSolid',(#8710));
#8712=IFCPRODUCTDEFINITIONSHAPE($,$,(#8711));
#8713=IFCBEAM('2HbsSkyjbFzvI8_X_PM_qP',#5,'VB_P05_40_01',$,$,#8703,#8712,$,$);
#8714=IFCRELCONTAINEDINSPATIALSTRUCTURE('3yX7BA$Tb3AwfPAYywbwCy',#5,$,$,(#8713),#61);
#8715=IFCCARTESIANPOINT((22.189999999999998,40.,-0.5));
#8716=IFCAXIS2PLACEMENT3D(#8715,$,$);
#8717=IFCLOCALPLACEMENT(#60,#8716);
#8718=IFCCARTESIANPOINT((0.,0.));
#8719=IFCAXIS2PLACEMENT2D(#8718,$);
#8720=IFCRECTANGLEPROFILEDEF(.AREA.,$,#8719,7.879999999999999,0.25);
#8721=IFCCARTESIANPOINT((0.,0.,0.));
#8722=IFCAXIS2PLACEMENT3D(#8721,$,$);
#8723=IFCDIRECTION((0.,0.,1.));
#8724=IFCEXTRUDEDAREASOLID(#8720,#8722,#8723,0.5);
#8725=IFCSHAPEREPRESENTATION(#14,'Body','SweptSolid',(#8724));
#8726=IFCPRODUCTDEFINITIONSHAPE($,$,(#8725));
#8727=IFCBEAM('2be3s5XfnDov50C_N7TqCO',#5,'VB_P05_40_02',$,$,#8717,#8726,$,$);
#8728=IFCRELCONTAINEDINSPATIALSTRUCTURE('0x_0vXLgj4ZfcXj0Yc2GZq',#5,$,$,(#8727),#61);
#8729=IFCCARTESIANPOINT((30.064999999999998,40.,-0.5));
#8730=IFCAXIS2PLACEMENT3D(#8729,$,$);
#8731=IFCLOCALPLACEMENT(#60,#8730);
#8732=IFCCARTESIANPOINT((0.,0.));
#8733=IFCAXIS2PLACEMENT2D(#8732,$);
#8734=IFCRECTANGLEPROFILEDEF(.AREA.,$,#8733,7.870000000000001,0.25);
#8735=IFCCARTESIANPOINT((0.,0.,0.));
#8736=IFCAXIS2PLACEMENT3D(#8735,$,$);
#8737=IFCDIRECTION((0.,0.,1.));
#8738=IFCEXTRUDEDAREASOLID(#8734,#8736,#8737,0.5);
#8739=IFCSHAPEREPRESENTATION(#14,'Body','SweptSolid',(#8738));
#8740=IFCPRODUCTDEFINITIONSHAPE($,$,(#8739));
#8741=IFCBEAM('2a4I9$0tL0CeST2nOXWq43',#5,'VB_P05_40_03',$,$,#8731,#8740,$,$);
#8742=IFCRELCONTAINEDINSPATIALSTRUCTURE('1k42nA6Ab6$e6e_qjg8$A3',#5,$,$,(#8741),#61);
#8743=IFCCARTESIANPOINT((37.5,40.,-0.5));
#8744=IFCAXIS2PLACEMENT3D(#8743,$,$);
#8745=IFCLOCALPLACEMENT(#60,#8744);
#8746=IFCCARTESIANPOINT((0.,0.));
#8747=IFCAXIS2PLACEMENT2D(#8746,$);
#8748=IFCRECTANGLEPROFILEDEF(.AREA.,$,#8747,7.,0.25);
#8749=IFCCARTESIANPOINT((0.,0.,0.));
#8750=IFCAXIS2PLACEMENT3D(#8749,$,$);
#8751=IFCDIRECTION((0.,0.,1.));
#8752=IFCEXTRUDEDAREASOLID(#8748,#8750,#8751,0.5);
#8753=IFCSHAPEREPRESENTATION(#14,'Body','SweptSolid',(#8752));
#8754=IFCPRODUCTDEFINITIONSHAPE($,$,(#8753));
#8755=IFCBEAM('0dxmQqWAHFj93EJJhmckyW',#5,'VB_P05_40_04',$,$,#8745,#8754,$,$);
#8756=IFCRELCONTAINEDINSPATIALSTRUCTURE('0aAj_wJh548g0r6DJIT$3H',#5,$,$,(#8755),#61);
#8757=IFCCARTESIANPOINT((45.,40.,-0.5));
#8758=IFCAXIS2PLACEMENT3D(#8757,$,$);
#8759=IFCLOCALPLACEMENT(#60,#8758);
#8760=IFCCARTESIANPOINT((0.,0.));
#8761=IFCAXIS2PLACEMENT2D(#8760,$);
#8762=IFCRECTANGLEPROFILEDEF(.AREA.,$,#8761,8.,0.25);
#8763=IFCCARTESIANPOINT((0.,0.,0.));
#8764=IFCAXIS2PLACEMENT3D(#8763,$,$);
#8765=IFCDIRECTION((0.,0.,1.));
#8766=IFCEXTRUDEDAREASOLID(#8762,#8764,#8765,0.5);
#8767=IFCSHAPEREPRESENTATION(#14,'Body','SweptSolid',(#8766));
#8768=IFCPRODUCTDEFINITIONSHAPE($,$,(#8767));
#8769=IFCBEAM('0Xb6U1lJX6AOUlNYlcsklq',#5,'VB_P05_40_05',$,$,#8759,#8768,$,$);
#8770=IFCRELCONTAINEDINSPATIALSTRUCTURE('0E2jFpZkb1LBQ18cGOZH2J',#5,$,$,(#8769),#61);
#8771=IFCCARTESIANPOINT((52.5,40.,-0.5));
#8772=IFCAXIS2PLACEMENT3D(#8771,$,$);
#8773=IFCLOCALPLACEMENT(#60,#8772);
#8774=IFCCARTESIANPOINT((0.,0.));
#8775=IFCAXIS2PLACEMENT2D(#8774,$);
#8776=IFCRECTANGLEPROFILEDEF(.AREA.,$,#8775,7.,0.25);
#8777=IFCCARTESIANPOINT((0.,0.,0.));
#8778=IFCAXIS2PLACEMENT3D(#8777,$,$);
#8779=IFCDIRECTION((0.,0.,1.));
#8780=IFCEXTRUDEDAREASOLID(#8776,#8778,#8779,0.5);
#8781=IFCSHAPEREPRESENTATION(#14,'Body','SweptSolid',(#8780));
#8782=IFCPRODUCTDEFINITIONSHAPE($,$,(#8781));
#8783=IFCBEAM('2X5LDVYw10Oxpb4EhTJBoj',#5,'VB_P05_40_06',$,$,#8773,#8782,$,$);
#8784=IFCRELCONTAINEDINSPATIALSTRUCTURE('3PQA$ki_zC_wJzZrqFJ10G',#5,$,$,(#8783),#61);
#8785=IFCCARTESIANPOINT((59.939999999999998,40.,-0.5));
#8786=IFCAXIS2PLACEMENT3D(#8785,$,$);
#8787=IFCLOCALPLACEMENT(#60,#8786);
#8788=IFCCARTESIANPOINT((0.,0.));
#8789=IFCAXIS2PLACEMENT2D(#8788,$);
#8790=IFCRECTANGLEPROFILEDEF(.AREA.,$,#8789,7.8800000000000026,0.25);
#8791=IFCCARTESIANPOINT((0.,0.,0.));
#8792=IFCAXIS2PLACEMENT3D(#8791,$,$);
#8793=IFCDIRECTION((0.,0.,1.));
#8794=IFCEXTRUDEDAREASOLID(#8790,#8792,#8793,0.5);
#8795=IFCSHAPEREPRESENTATION(#14,'Body','SweptSolid',(#8794));
#8796=IFCPRODUCTDEFINITIONSHAPE($,$,(#8795));
#8797=IFCBEAM('1Ey9_0YV53vfOSv1FkC7wH',#5,'VB_P05_40_07',$,$,#8787,#8796,$,$);
#8798=IFCRELCONTAINEDINSPATIALSTRUCTURE('1xAXDMNgf2FRe6FpROiWMT',#5,$,$,(#8797),#61);
#8799=IFCCARTESIANPOINT((67.814999999999998,40.,-0.5));
#8800=IFCAXIS2PLACEMENT3D(#8799,$,$);
#8801=IFCLOCALPLACEMENT(#60,#8800);
#8802=IFCCARTESIANPOINT((0.,0.));
#8803=IFCAXIS2PLACEMENT2D(#8802,$);
#8804=IFCRECTANGLEPROFILEDEF(.AREA.,$,#8803,7.8699999999999974,0.25);
#8805=IFCCARTESIANPOINT((0.,0.,0.));
#8806=IFCAXIS2PLACEMENT3D(#8805,$,$);
#8807=IFCDIRECTION((0.,0.,1.));
#8808=IFCEXTRUDEDAREASOLID(#8804,#8806,#8807,0.5);
#8809=IFCSHAPEREPRESENTATION(#14,'Body','SweptSolid',(#8808));
#8810=IFCPRODUCTDEFINITIONSHAPE($,$,(#8809));
#8811=IFCBEAM('0AnztIaLHDuvO1ajwluDBe',#5,'VB_P05_40_08',$,$,#8801,#8810,$,$);
#8812=IFCRELCONTAINEDINSPATIALSTRUCTURE('2kBuNQb7v9kxVxiyMdBWKq',#5,$,$,(#8811),#61);
#8813=IFCCARTESIANPOINT((75.689999999999998,40.,-0.5));
#8814=IFCAXIS2PLACEMENT3D(#8813,$,$);
#8815=IFCLOCALPLACEMENT(#60,#8814);
#8816=IFCCARTESIANPOINT((0.,0.));
#8817=IFCAXIS2PLACEMENT2D(#8816,$);
#8818=IFCRECTANGLEPROFILEDEF(.AREA.,$,#8817,7.8799999999999955,0.25);
#8819=IFCCARTESIANPOINT((0.,0.,0.));
#8820=IFCAXIS2PLACEMENT3D(#8819,$,$);
#8821=IFCDIRECTION((0.,0.,1.));
#8822=IFCEXTRUDEDAREASOLID(#8818,#8820,#8821,0.5);
#8823=IFCSHAPEREPRESENTATION(#14,'Body','SweptSolid',(#8822));
#8824=IFCPRODUCTDEFINITIONSHAPE($,$,(#8823));
#8825=IFCBEAM('3jv_kKsQr3MRUoaK9Kclwj',#5,'VB_P05_40_09',$,$,#8815,#8824,$,$);
#8826=IFCRELCONTAINEDINSPATIALSTRUCTURE('0Ispcg_IPF9fGam1xuyJWH',#5,$,$,(#8825),#61);
#8827=IFCCARTESIANPOINT((83.564999999999998,40.,-0.5));
#8828=IFCAXIS2PLACEMENT3D(#8827,$,$);
#8829=IFCLOCALPLACEMENT(#60,#8828);
#8830=IFCCARTESIANPOINT((0.,0.));
#8831=IFCAXIS2PLACEMENT2D(#8830,$);
#8832=IFCRECTANGLEPROFILEDEF(.AREA.,$,#8831,7.8700000000000045,0.25);
#8833=IFCCARTESIANPOINT((0.,0.,0.));
#8834=IFCAXIS2PLACEMENT3D(#8833,$,$);
#8835=IFCDIRECTION((0.,0.,1.));
#8836=IFCEXTRUDEDAREASOLID(#8832,#8834,#8835,0.5);
#8837=IFCSHAPEREPRESENTATION(#14,'Body','SweptSolid',(#8836));
#8838=IFCPRODUCTDEFINITIONSHAPE($,$,(#8837));
#8839=IFCBEAM('1Q5f_Lfnb2TA1QhDo0Ku5q',#5,'VB_P05_40_10',$,$,#8829,#8838,$,$);
#8840=IFCRELCONTAINEDINSPATIALSTRUCTURE('3lUjIDf3nDMxgdyEX8JAtC',#5,$,$,(#8839),#61);
#8841=IFCCARTESIANPOINT((2.5,6.5,-0.5));
#8842=IFCAXIS2PLACEMENT3D(#8841,$,$);
#8843=IFCLOCALPLACEMENT(#60,#8842);
#8844=IFCCARTESIANPOINT((0.,0.));
#8845=IFCAXIS2PLACEMENT2D(#8844,$);
#8846=IFCRECTANGLEPROFILEDEF(.AREA.,$,#8845,0.25,7.);
#8847=IFCCARTESIANPOINT((0.,0.,0.));
#8848=IFCAXIS2PLACEMENT3D(#8847,$,$);
#8849=IFCDIRECTION((0.,0.,1.));
#8850=IFCEXTRUDEDAREASOLID(#8846,#8848,#8849,0.5);
#8851=IFCSHAPEREPRESENTATION(#14,'Body','SweptSolid',(#8850));
#8852=IFCPRODUCTDEFINITIONSHAPE($,$,(#8851));
#8853=IFCBEAM('1br7EUHzjBzxvT_4mDx75j',#5,'VB_P05_2_00',$,$,#8843,#8852,$,$);
#8854=IFCRELCONTAINEDINSPATIALSTRUCTURE('15ZlFIO3D3kwD2Wy2uuGck',#5,$,$,(#8853),#61);
#8855=IFCCARTESIANPOINT((2.5,13.5,-0.5));
#8856=IFCAXIS2PLACEMENT3D(#8855,$,$);
#8857=IFCLOCALPLACEMENT(#60,#8856);
#8858=IFCCARTESIANPOINT((0.,0.));
#8859=IFCAXIS2PLACEMENT2D(#8858,$);
#8860=IFCRECTANGLEPROFILEDEF(.AREA.,$,#8859,0.25,7.);
#8861=IFCCARTESIANPOINT((0.,0.,0.));
#8862=IFCAXIS2PLACEMENT3D(#8861,$,$);
#8863=IFCDIRECTION((0.,0.,1.));
#8864=IFCEXTRUDEDAREASOLID(#8860,#8862,#8863,0.5);
#8865=IFCSHAPEREPRESENTATION(#14,'Body','SweptSolid',(#8864));
#8866=IFCPRODUCTDEFINITIONSHAPE($,$,(#8865));
#8867=IFCBEAM('3eiakcSjD5fhvv5WOcY9ib',#5,'VB_P05_2_01',$,$,#8857,#8866,$,$);
#8868=IFCRELCONTAINEDINSPATIALSTRUCTURE('3Ee3miks1Cwgc9TIO062OZ',#5,$,$,(#8867),#61);
#8869=IFCCARTESIANPOINT((2.5,21.5,-0.5));
#8870=IFCAXIS2PLACEMENT3D(#8869,$,$);
#8871=IFCLOCALPLACEMENT(#60,#8870);
#8872=IFCCARTESIANPOINT((0.,0.));
#8873=IFCAXIS2PLACEMENT2D(#8872,$);
#8874=IFCRECTANGLEPROFILEDEF(.AREA.,$,#8873,0.25,9.);
#8875=IFCCARTESIANPOINT((0.,0.,0.));
#8876=IFCAXIS2PLACEMENT3D(#8875,$,$);
#8877=IFCDIRECTION((0.,0.,1.));
#8878=IFCEXTRUDEDAREASOLID(#8874,#8876,#8877,0.5);
#8879=IFCSHAPEREPRESENTATION(#14,'Body','SweptSolid',(#8878));
#8880=IFCPRODUCTDEFINITIONSHAPE($,$,(#8879));
#8881=IFCBEAM('2aKmTimf98twBtWZ_TOqPL',#5,'VB_P05_2_02',$,$,#8871,#8880,$,$);
#8882=IFCRELCONTAINEDINSPATIALSTRUCTURE('1MCxPKamD7pvJz3xNLn0mU',#5,$,$,(#8881),#61);
#8883=IFCCARTESIANPOINT((2.5,29.5,-0.5));
#8884=IFCAXIS2PLACEMENT3D(#8883,$,$);
#8885=IFCLOCALPLACEMENT(#60,#8884);
#8886=IFCCARTESIANPOINT((0.,0.));
#8887=IFCAXIS2PLACEMENT2D(#8886,$);
#8888=IFCRECTANGLEPROFILEDEF(.AREA.,$,#8887,0.25,7.);
#8889=IFCCARTESIANPOINT((0.,0.,0.));
#8890=IFCAXIS2PLACEMENT3D(#8889,$,$);
#8891=IFCDIRECTION((0.,0.,1.));
#8892=IFCEXTRUDEDAREASOLID(#8888,#8890,#8891,0.5);
#8893=IFCSHAPEREPRESENTATION(#14,'Body','SweptSolid',(#8892));
#8894=IFCPRODUCTDEFINITIONSHAPE($,$,(#8893));
#8895=IFCBEAM('2xF8xFQpzBsxP8vDGbmOEI',#5,'VB_P05_2_03',$,$,#8885,#8894,$,$);
#8896=IFCRELCONTAINEDINSPATIALSTRUCTURE('1EBoPzYuvFVAcjpEGlevQ6',#5,$,$,(#8895),#61);
#8897=IFCCARTESIANPOINT((2.5,36.5,-0.5));
#8898=IFCAXIS2PLACEMENT3D(#8897,$,$);
#8899=IFCLOCALPLACEMENT(#60,#8898);
#8900=IFCCARTESIANPOINT((0.,0.));
#8901=IFCAXIS2PLACEMENT2D(#8900,$);
#8902=IFCRECTANGLEPROFILEDEF(.AREA.,$,#8901,0.25,7.);
#8903=IFCCARTESIANPOINT((0.,0.,0.));
#8904=IFCAXIS2PLACEMENT3D(#8903,$,$);
#8905=IFCDIRECTION((0.,0.,1.));
#8906=IFCEXTRUDEDAREASOLID(#8902,#8904,#8905,0.5);
#8907=IFCSHAPEREPRESENTATION(#14,'Body','SweptSolid',(#8906));
#8908=IFCPRODUCTDEFINITIONSHAPE($,$,(#8907));
#8909=IFCBEAM('10HT4VHnD51xvjaDk8AlhU',#5,'VB_P05_2_04',$,$,#8899,#8908,$,$);
#8910=IFCRELCONTAINEDINSPATIALSTRUCTURE('1ZyoZL2Mb24P43W0$fWIpN',#5,$,$,(#8909),#61);
#8911=IFCCARTESIANPOINT((87.5,6.5,-0.5));
#8912=IFCAXIS2PLACEMENT3D(#8911,$,$);
#8913=IFCLOCALPLACEMENT(#60,#8912);
#8914=IFCCARTESIANPOINT((0.,0.));
#8915=IFCAXIS2PLACEMENT2D(#8914,$);
#8916=IFCRECTANGLEPROFILEDEF(.AREA.,$,#8915,0.25,7.);
#8917=IFCCARTESIANPOINT((0.,0.,0.));
#8918=IFCAXIS2PLACEMENT3D(#8917,$,$);
#8919=IFCDIRECTION((0.,0.,1.));
#8920=IFCEXTRUDEDAREASOLID(#8916,#8918,#8919,0.5);
#8921=IFCSHAPEREPRESENTATION(#14,'Body','SweptSolid',(#8920));
#8922=IFCPRODUCTDEFINITIONSHAPE($,$,(#8921));
#8923=IFCBEAM('2e4SmtPPr9n9SmkMypzl9N',#5,'VB_P05_88_00',$,$,#8913,#8922,$,$);
#8924=IFCRELCONTAINEDINSPATIALSTRUCTURE('21PaElBin9gwJ93ZyH9vT_',#5,$,$,(#8923),#61);
#8925=IFCCARTESIANPOINT((87.5,13.5,-0.5));
#8926=IFCAXIS2PLACEMENT3D(#8925,$,$);
#8927=IFCLOCALPLACEMENT(#60,#8926);
#8928=IFCCARTESIANPOINT((0.,0.));
#8929=IFCAXIS2PLACEMENT2D(#8928,$);
#8930=IFCRECTANGLEPROFILEDEF(.AREA.,$,#8929,0.25,7.);
#8931=IFCCARTESIANPOINT((0.,0.,0.));
#8932=IFCAXIS2PLACEMENT3D(#8931,$,$);
#8933=IFCDIRECTION((0.,0.,1.));
#8934=IFCEXTRUDEDAREASOLID(#8930,#8932,#8933,0.5);
#8935=IFCSHAPEREPRESENTATION(#14,'Body','SweptSolid',(#8934));
#8936=IFCPRODUCTDEFINITIONSHAPE($,$,(#8935));
#8937=IFCBEAM('10GErppPT909rVZbE46ZmA',#5,'VB_P05_88_01',$,$,#8927,#8936,$,$);
#8938=IFCRELCONTAINEDINSPATIALSTRUCTURE('2$FtTY5OnEsBuWqNtH6t8k',#5,$,$,(#8937),#61);
#8939=IFCCARTESIANPOINT((87.5,21.5,-0.5));
#8940=IFCAXIS2PLACEMENT3D(#8939,$,$);
#8941=IFCLOCALPLACEMENT(#60,#8940);
#8942=IFCCARTESIANPOINT((0.,0.));
#8943=IFCAXIS2PLACEMENT2D(#8942,$);
#8944=IFCRECTANGLEPROFILEDEF(.AREA.,$,#8943,0.25,9.);
#8945=IFCCARTESIANPOINT((0.,0.,0.));
#8946=IFCAXIS2PLACEMENT3D(#8945,$,$);
#8947=IFCDIRECTION((0.,0.,1.));
#8948=IFCEXTRUDEDAREASOLID(#8944,#8946,#8947,0.5);
#8949=IFCSHAPEREPRESENTATION(#14,'Body','SweptSolid',(#8948));
#8950=IFCPRODUCTDEFINITIONSHAPE($,$,(#8949));
#8951=IFCBEAM('1cz50Yofz0Lv6fKXtFEQA3',#5,'VB_P05_88_02',$,$,#8941,#8950,$,$);
#8952=IFCRELCONTAINEDINSPATIALSTRUCTURE('0iAbwNbvb0D8exv9$UGI2z',#5,$,$,(#8951),#61);
#8953=IFCCARTESIANPOINT((87.5,29.5,-0.5));
#8954=IFCAXIS2PLACEMENT3D(#8953,$,$);
#8955=IFCLOCALPLACEMENT(#60,#8954);
#8956=IFCCARTESIANPOINT((0.,0.));
#8957=IFCAXIS2PLACEMENT2D(#8956,$);
#8958=IFCRECTANGLEPROFILEDEF(.AREA.,$,#8957,0.25,7.);
#8959=IFCCARTESIANPOINT((0.,0.,0.));
#8960=IFCAXIS2PLACEMENT3D(#8959,$,$);
#8961=IFCDIRECTION((0.,0.,1.));
#8962=IFCEXTRUDEDAREASOLID(#8958,#8960,#8961,0.5);
#8963=IFCSHAPEREPRESENTATION(#14,'Body','SweptSolid',(#8962));
#8964=IFCPRODUCTDEFINITIONSHAPE($,$,(#8963));
#8965=IFCBEAM('1gBXz_7i16oxwViiFJN8nU',#5,'VB_P05_88_03',$,$,#8955,#8964,$,$);
#8966=IFCRELCONTAINEDINSPATIALSTRUCTURE('2yUsHYF590VgePZTuMfv1X',#5,$,$,(#8965),#61);
#8967=IFCCARTESIANPOINT((87.5,36.5,-0.5));
#8968=IFCAXIS2PLACEMENT3D(#8967,$,$);
#8969=IFCLOCALPLACEMENT(#60,#8968);
#8970=IFCCARTESIANPOINT((0.,0.));
#8971=IFCAXIS2PLACEMENT2D(#8970,$);
#8972=IFCRECTANGLEPROFILEDEF(.AREA.,$,#8971,0.25,7.);
#8973=IFCCARTESIANPOINT((0.,0.,0.));
#8974=IFCAXIS2PLACEMENT3D(#8973,$,$);
#8975=IFCDIRECTION((0.,0.,1.));
#8976=IFCEXTRUDEDAREASOLID(#8972,#8974,#8975,0.5);
#8977=IFCSHAPEREPRESENTATION(#14,'Body','SweptSolid',(#8976));
#8978=IFCPRODUCTDEFINITIONSHAPE($,$,(#8977));
#8979=IFCBEAM('05URK0AjLEKvMmV5Mur6w0',#5,'VB_P05_88_04',$,$,#8969,#8978,$,$);
#8980=IFCRELCONTAINEDINSPATIALSTRUCTURE('06U3M_8FDBLQPb_dZa0j5P',#5,$,$,(#8979),#61);
#8981=IFCCARTESIANPOINT((12.,18.,-0.5));
#8982=IFCAXIS2PLACEMENT3D(#8981,$,$);
#8983=IFCLOCALPLACEMENT(#60,#8982);
#8984=IFCCARTESIANPOINT((0.,0.));
#8985=IFCAXIS2PLACEMENT2D(#8984,$);
#8986=IFCRECTANGLEPROFILEDEF(.AREA.,$,#8985,14.,0.20000000000000284);
#8987=IFCCARTESIANPOINT((0.,0.,0.));
#8988=IFCAXIS2PLACEMENT3D(#8987,$,$);
#8989=IFCDIRECTION((0.,0.,1.));
#8990=IFCEXTRUDEDAREASOLID(#8986,#8988,#8989,0.5);
#8991=IFCSHAPEREPRESENTATION(#14,'Body','SweptSolid',(#8990));
#8992=IFCPRODUCTDEFINITIONSHAPE($,$,(#8991));
#8993=IFCBEAM('2xwGm5Kqz5ZxCF8LjEtqZ2',#5,'VP_P05_A_18',$,$,#8983,#8992,$,$);
#8994=IFCRELCONTAINEDINSPATIALSTRUCTURE('3HxJJgxKT7igb3X$IzdykT',#5,$,$,(#8993),#61);
#8995=IFCCARTESIANPOINT((12.,25.,-0.5));
#8996=IFCAXIS2PLACEMENT3D(#8995,$,$);
#8997=IFCLOCALPLACEMENT(#60,#8996);
#8998=IFCCARTESIANPOINT((0.,0.));
#8999=IFCAXIS2PLACEMENT2D(#8998,$);
#9000=IFCRECTANGLEPROFILEDEF(.AREA.,$,#8999,14.,0.20000000000000284);
#9001=IFCCARTESIANPOINT((0.,0.,0.));
#9002=IFCAXIS2PLACEMENT3D(#9001,$,$);
#9003=IFCDIRECTION((0.,0.,1.));
#9004=IFCEXTRUDEDAREASOLID(#9000,#9002,#9003,0.5);
#9005=IFCSHAPEREPRESENTATION(#14,'Body','SweptSolid',(#9004));
#9006=IFCPRODUCTDEFINITIONSHAPE($,$,(#9005));
#9007=IFCBEAM('0ONvKuqnD3xQYykNEX604S',#5,'VP_P05_A_25',$,$,#8997,#9006,$,$);
#9008=IFCRELCONTAINEDINSPATIALSTRUCTURE('3TUxVmqwH3FvoplA9vUspS',#5,$,$,(#9007),#61);
#9009=IFCCARTESIANPOINT((5.,21.5,-0.5));
#9010=IFCAXIS2PLACEMENT3D(#9009,$,$);
#9011=IFCLOCALPLACEMENT(#60,#9010);
#9012=IFCCARTESIANPOINT((0.,0.));
#9013=IFCAXIS2PLACEMENT2D(#9012,$);
#9014=IFCRECTANGLEPROFILEDEF(.AREA.,$,#9013,0.19999999999999929,7.);
#9015=IFCCARTESIANPOINT((0.,0.,0.));
#9016=IFCAXIS2PLACEMENT3D(#9015,$,$);
#9017=IFCDIRECTION((0.,0.,1.));
#9018=IFCEXTRUDEDAREASOLID(#9014,#9016,#9017,0.5);
#9019=IFCSHAPEREPRESENTATION(#14,'Body','SweptSolid',(#9018));
#9020=IFCPRODUCTDEFINITIONSHAPE($,$,(#9019));
#9021=IFCBEAM('2gwKt9PlHAaeV35EN4QRxk',#5,'VP_P05_A_5',$,$,#9011,#9020,$,$);
#9022=IFCRELCONTAINEDINSPATIALSTRUCTURE('3wQ$3RNG9BYBrYfPNZZiyL',#5,$,$,(#9021),#61);
#9023=IFCCARTESIANPOINT((19.,21.5,-0.5));
#9024=IFCAXIS2PLACEMENT3D(#9023,$,$);
#9025=IFCLOCALPLACEMENT(#60,#9024);
#9026=IFCCARTESIANPOINT((0.,0.));
#9027=IFCAXIS2PLACEMENT2D(#9026,$);
#9028=IFCRECTANGLEPROFILEDEF(.AREA.,$,#9027,0.20000000000000284,7.);
#9029=IFCCARTESIANPOINT((0.,0.,0.));
#9030=IFCAXIS2PLACEMENT3D(#9029,$,$);
#9031=IFCDIRECTION((0.,0.,1.));
#9032=IFCEXTRUDEDAREASOLID(#9028,#9030,#9031,0.5);
#9033=IFCSHAPEREPRESENTATION(#14,'Body','SweptSolid',(#9032));
#9034=IFCPRODUCTDEFINITIONSHAPE($,$,(#9033));
#9035=IFCBEAM('3acFjkPc9DYO0e68B31XBq',#5,'VP_P05_A_19',$,$,#9025,#9034,$,$);
#9036=IFCRELCONTAINEDINSPATIALSTRUCTURE('3MPnQPrBn0QgIFTxEEj6N_',#5,$,$,(#9035),#61);
#9037=IFCCARTESIANPOINT((78.,18.,-0.5));
#9038=IFCAXIS2PLACEMENT3D(#9037,$,$);
#9039=IFCLOCALPLACEMENT(#60,#9038);
#9040=IFCCARTESIANPOINT((0.,0.));
#9041=IFCAXIS2PLACEMENT2D(#9040,$);
#9042=IFCRECTANGLEPROFILEDEF(.AREA.,$,#9041,14.,0.20000000000000284);
#9043=IFCCARTESIANPOINT((0.,0.,0.));
#9044=IFCAXIS2PLACEMENT3D(#9043,$,$);
#9045=IFCDIRECTION((0.,0.,1.));
#9046=IFCEXTRUDEDAREASOLID(#9042,#9044,#9045,0.5);
#9047=IFCSHAPEREPRESENTATION(#14,'Body','SweptSolid',(#9046));
#9048=IFCPRODUCTDEFINITIONSHAPE($,$,(#9047));
#9049=IFCBEAM('2yLXzWvZz7YuXj1Tn0PGpw',#5,'VP_P05_B_18',$,$,#9039,#9048,$,$);
#9050=IFCRELCONTAINEDINSPATIALSTRUCTURE('06Pob9zlbFseibM8Ua0JUn',#5,$,$,(#9049),#61);
#9051=IFCCARTESIANPOINT((78.,25.,-0.5));
#9052=IFCAXIS2PLACEMENT3D(#9051,$,$);
#9053=IFCLOCALPLACEMENT(#60,#9052);
#9054=IFCCARTESIANPOINT((0.,0.));
#9055=IFCAXIS2PLACEMENT2D(#9054,$);
#9056=IFCRECTANGLEPROFILEDEF(.AREA.,$,#9055,14.,0.20000000000000284);
#9057=IFCCARTESIANPOINT((0.,0.,0.));
#9058=IFCAXIS2PLACEMENT3D(#9057,$,$);
#9059=IFCDIRECTION((0.,0.,1.));
#9060=IFCEXTRUDEDAREASOLID(#9056,#9058,#9059,0.5);
#9061=IFCSHAPEREPRESENTATION(#14,'Body','SweptSolid',(#9060));
#9062=IFCPRODUCTDEFINITIONSHAPE($,$,(#9061));
#9063=IFCBEAM('0ZKVdGqQDCuAEvYDM0qIH9',#5,'VP_P05_B_25',$,$,#9053,#9062,$,$);
#9064=IFCRELCONTAINEDINSPATIALSTRUCTURE('00N5YcT212UO56Bv1vwlUH',#5,$,$,(#9063),#61);
#9065=IFCCARTESIANPOINT((71.,21.5,-0.5));
#9066=IFCAXIS2PLACEMENT3D(#9065,$,$);
#9067=IFCLOCALPLACEMENT(#60,#9066);
#9068=IFCCARTESIANPOINT((0.,0.));
#9069=IFCAXIS2PLACEMENT2D(#9068,$);
#9070=IFCRECTANGLEPROFILEDEF(.AREA.,$,#9069,0.19999999999998863,7.);
#9071=IFCCARTESIANPOINT((0.,0.,0.));
#9072=IFCAXIS2PLACEMENT3D(#9071,$,$);
#9073=IFCDIRECTION((0.,0.,1.));
#9074=IFCEXTRUDEDAREASOLID(#9070,#9072,#9073,0.5);
#9075=IFCSHAPEREPRESENTATION(#14,'Body','SweptSolid',(#9074));
#9076=IFCPRODUCTDEFINITIONSHAPE($,$,(#9075));
#9077=IFCBEAM('0ogfyKFK9E2OLuFYKDT3GU',#5,'VP_P05_B_71',$,$,#9067,#9076,$,$);
#9078=IFCRELCONTAINEDINSPATIALSTRUCTURE('2oQk7$6vzClAN28UcyNfWd',#5,$,$,(#9077),#61);
#9079=IFCCARTESIANPOINT((85.,21.5,-0.5));
#9080=IFCAXIS2PLACEMENT3D(#9079,$,$);
#9081=IFCLOCALPLACEMENT(#60,#9080);
#9082=IFCCARTESIANPOINT((0.,0.));
#9083=IFCAXIS2PLACEMENT2D(#9082,$);
#9084=IFCRECTANGLEPROFILEDEF(.AREA.,$,#9083,0.19999999999998863,7.);
#9085=IFCCARTESIANPOINT((0.,0.,0.));
#9086=IFCAXIS2PLACEMENT3D(#9085,$,$);
#9087=IFCDIRECTION((0.,0.,1.));
#9088=IFCEXTRUDEDAREASOLID(#9084,#9086,#9087,0.5);
#9089=IFCSHAPEREPRESENTATION(#14,'Body','SweptSolid',(#9088));
#9090=IFCPRODUCTDEFINITIONSHAPE($,$,(#9089));
#9091=IFCBEAM('3ZM9z36jrC$enkOkraTCx6',#5,'VP_P05_B_85',$,$,#9081,#9090,$,$);
#9092=IFCRELCONTAINEDINSPATIALSTRUCTURE('2cNcW4S4f93OmlVxAGO_jY',#5,$,$,(#9091),#61);
#9093=IFCCARTESIANPOINT((6.4400000000000004,3.,-0.5));
#9094=IFCAXIS2PLACEMENT3D(#9093,$,$);
#9095=IFCLOCALPLACEMENT(#64,#9094);
#9096=IFCCARTESIANPOINT((0.,0.));
#9097=IFCAXIS2PLACEMENT2D(#9096,$);
#9098=IFCRECTANGLEPROFILEDEF(.AREA.,$,#9097,7.8800000000000008,0.25);
#9099=IFCCARTESIANPOINT((0.,0.,0.));
#9100=IFCAXIS2PLACEMENT3D(#9099,$,$);
#9101=IFCDIRECTION((0.,0.,1.));
#9102=IFCEXTRUDEDAREASOLID(#9098,#9100,#9101,0.5);
#9103=IFCSHAPEREPRESENTATION(#14,'Body','SweptSolid',(#9102));
#9104=IFCPRODUCTDEFINITIONSHAPE($,$,(#9103));
#9105=IFCBEAM('1Ns8gepjL9qwYsEYpweTuy',#5,'VB_P06_3_00',$,$,#9095,#9104,$,$);
#9106=IFCRELCONTAINEDINSPATIALSTRUCTURE('2EXgYd$8H1V8weK1zrnZMC',#5,$,$,(#9105),#65);
#9107=IFCCARTESIANPOINT((14.315000000000001,3.,-0.5));
#9108=IFCAXIS2PLACEMENT3D(#9107,$,$);
#9109=IFCLOCALPLACEMENT(#64,#9108);
#9110=IFCCARTESIANPOINT((0.,0.));
#9111=IFCAXIS2PLACEMENT2D(#9110,$);
#9112=IFCRECTANGLEPROFILEDEF(.AREA.,$,#9111,7.8699999999999992,0.25);
#9113=IFCCARTESIANPOINT((0.,0.,0.));
#9114=IFCAXIS2PLACEMENT3D(#9113,$,$);
#9115=IFCDIRECTION((0.,0.,1.));
#9116=IFCEXTRUDEDAREASOLID(#9112,#9114,#9115,0.5);
#9117=IFCSHAPEREPRESENTATION(#14,'Body','SweptSolid',(#9116));
#9118=IFCPRODUCTDEFINITIONSHAPE($,$,(#9117));
#9119=IFCBEAM('13iLVMBB5DrvXvJtQpD7qR',#5,'VB_P06_3_01',$,$,#9109,#9118,$,$);
#9120=IFCRELCONTAINEDINSPATIALSTRUCTURE('3DWFDx5Gv9VgmlY0pLMdOr',#5,$,$,(#9119),#65);
#9121=IFCCARTESIANPOINT((22.189999999999998,3.,-0.5));
#9122=IFCAXIS2PLACEMENT3D(#9121,$,$);
#9123=IFCLOCALPLACEMENT(#64,#9122);
#9124=IFCCARTESIANPOINT((0.,0.));
#9125=IFCAXIS2PLACEMENT2D(#9124,$);
#9126=IFCRECTANGLEPROFILEDEF(.AREA.,$,#9125,7.879999999999999,0.25);
#9127=IFCCARTESIANPOINT((0.,0.,0.));
#9128=IFCAXIS2PLACEMENT3D(#9127,$,$);
#9129=IFCDIRECTION((0.,0.,1.));
#9130=IFCEXTRUDEDAREASOLID(#9126,#9128,#9129,0.5);
#9131=IFCSHAPEREPRESENTATION(#14,'Body','SweptSolid',(#9130));
#9132=IFCPRODUCTDEFINITIONSHAPE($,$,(#9131));
#9133=IFCBEAM('3aVRIg1SD9yg97lfateZu$',#5,'VB_P06_3_02',$,$,#9123,#9132,$,$);
#9134=IFCRELCONTAINEDINSPATIALSTRUCTURE('2mkMI295D8vPoNBgDCfGR8',#5,$,$,(#9133),#65);
#9135=IFCCARTESIANPOINT((30.064999999999998,3.,-0.5));
#9136=IFCAXIS2PLACEMENT3D(#9135,$,$);
#9137=IFCLOCALPLACEMENT(#64,#9136);
#9138=IFCCARTESIANPOINT((0.,0.));
#9139=IFCAXIS2PLACEMENT2D(#9138,$);
#9140=IFCRECTANGLEPROFILEDEF(.AREA.,$,#9139,7.870000000000001,0.25);
#9141=IFCCARTESIANPOINT((0.,0.,0.));
#9142=IFCAXIS2PLACEMENT3D(#9141,$,$);
#9143=IFCDIRECTION((0.,0.,1.));
#9144=IFCEXTRUDEDAREASOLID(#9140,#9142,#9143,0.5);
#9145=IFCSHAPEREPRESENTATION(#14,'Body','SweptSolid',(#9144));
#9146=IFCPRODUCTDEFINITIONSHAPE($,$,(#9145));
#9147=IFCBEAM('3dGJuyD6P3cB8fZS0yo8m0',#5,'VB_P06_3_03',$,$,#9137,#9146,$,$);
#9148=IFCRELCONTAINEDINSPATIALSTRUCTURE('0vY7PYDVr3vA9sSh9X0IhV',#5,$,$,(#9147),#65);
#9149=IFCCARTESIANPOINT((37.5,3.,-0.5));
#9150=IFCAXIS2PLACEMENT3D(#9149,$,$);
#9151=IFCLOCALPLACEMENT(#64,#9150);
#9152=IFCCARTESIANPOINT((0.,0.));
#9153=IFCAXIS2PLACEMENT2D(#9152,$);
#9154=IFCRECTANGLEPROFILEDEF(.AREA.,$,#9153,7.,0.25);
#9155=IFCCARTESIANPOINT((0.,0.,0.));
#9156=IFCAXIS2PLACEMENT3D(#9155,$,$);
#9157=IFCDIRECTION((0.,0.,1.));
#9158=IFCEXTRUDEDAREASOLID(#9154,#9156,#9157,0.5);
#9159=IFCSHAPEREPRESENTATION(#14,'Body','SweptSolid',(#9158));
#9160=IFCPRODUCTDEFINITIONSHAPE($,$,(#9159));
#9161=IFCBEAM('121PNdb$HAqOa3Zo4FiUxw',#5,'VB_P06_3_04',$,$,#9151,#9160,$,$);
#9162=IFCRELCONTAINEDINSPATIALSTRUCTURE('1n3E6urbb3qPSwuzFV1SEZ',#5,$,$,(#9161),#65);
#9163=IFCCARTESIANPOINT((45.,3.,-0.5));
#9164=IFCAXIS2PLACEMENT3D(#9163,$,$);
#9165=IFCLOCALPLACEMENT(#64,#9164);
#9166=IFCCARTESIANPOINT((0.,0.));
#9167=IFCAXIS2PLACEMENT2D(#9166,$);
#9168=IFCRECTANGLEPROFILEDEF(.AREA.,$,#9167,8.,0.25);
#9169=IFCCARTESIANPOINT((0.,0.,0.));
#9170=IFCAXIS2PLACEMENT3D(#9169,$,$);
#9171=IFCDIRECTION((0.,0.,1.));
#9172=IFCEXTRUDEDAREASOLID(#9168,#9170,#9171,0.5);
#9173=IFCSHAPEREPRESENTATION(#14,'Body','SweptSolid',(#9172));
#9174=IFCPRODUCTDEFINITIONSHAPE($,$,(#9173));
#9175=IFCBEAM('33nozEfgf8xQzuMcYgr$ij',#5,'VB_P06_3_05',$,$,#9165,#9174,$,$);
#9176=IFCRELCONTAINEDINSPATIALSTRUCTURE('2DY1Xz4JHCcfXkgYNpv2Mv',#5,$,$,(#9175),#65);
#9177=IFCCARTESIANPOINT((52.5,3.,-0.5));
#9178=IFCAXIS2PLACEMENT3D(#9177,$,$);
#9179=IFCLOCALPLACEMENT(#64,#9178);
#9180=IFCCARTESIANPOINT((0.,0.));
#9181=IFCAXIS2PLACEMENT2D(#9180,$);
#9182=IFCRECTANGLEPROFILEDEF(.AREA.,$,#9181,7.,0.25);
#9183=IFCCARTESIANPOINT((0.,0.,0.));
#9184=IFCAXIS2PLACEMENT3D(#9183,$,$);
#9185=IFCDIRECTION((0.,0.,1.));
#9186=IFCEXTRUDEDAREASOLID(#9182,#9184,#9185,0.5);
#9187=IFCSHAPEREPRESENTATION(#14,'Body','SweptSolid',(#9186));
#9188=IFCPRODUCTDEFINITIONSHAPE($,$,(#9187));
#9189=IFCBEAM('0GzbQn0w5DX8mCvDd5ex$Z',#5,'VB_P06_3_06',$,$,#9179,#9188,$,$);
#9190=IFCRELCONTAINEDINSPATIALSTRUCTURE('2eu7phxwH7PewI9E7kfCRM',#5,$,$,(#9189),#65);
#9191=IFCCARTESIANPOINT((59.939999999999998,3.,-0.5));
#9192=IFCAXIS2PLACEMENT3D(#9191,$,$);
#9193=IFCLOCALPLACEMENT(#64,#9192);
#9194=IFCCARTESIANPOINT((0.,0.));
#9195=IFCAXIS2PLACEMENT2D(#9194,$);
#9196=IFCRECTANGLEPROFILEDEF(.AREA.,$,#9195,7.8800000000000026,0.25);
#9197=IFCCARTESIANPOINT((0.,0.,0.));
#9198=IFCAXIS2PLACEMENT3D(#9197,$,$);
#9199=IFCDIRECTION((0.,0.,1.));
#9200=IFCEXTRUDEDAREASOLID(#9196,#9198,#9199,0.5);
#9201=IFCSHAPEREPRESENTATION(#14,'Body','SweptSolid',(#9200));
#9202=IFCPRODUCTDEFINITIONSHAPE($,$,(#9201));
#9203=IFCBEAM('2Sv2ZY0OnDQPRA0QZ8Fl8F',#5,'VB_P06_3_07',$,$,#9193,#9202,$,$);
#9204=IFCRELCONTAINEDINSPATIALSTRUCTURE('1_ZeqiCYP4XAodz9e647j9',#5,$,$,(#9203),#65);
#9205=IFCCARTESIANPOINT((67.814999999999998,3.,-0.5));
#9206=IFCAXIS2PLACEMENT3D(#9205,$,$);
#9207=IFCLOCALPLACEMENT(#64,#9206);
#9208=IFCCARTESIANPOINT((0.,0.));
#9209=IFCAXIS2PLACEMENT2D(#9208,$);
#9210=IFCRECTANGLEPROFILEDEF(.AREA.,$,#9209,7.8699999999999974,0.25);
#9211=IFCCARTESIANPOINT((0.,0.,0.));
#9212=IFCAXIS2PLACEMENT3D(#9211,$,$);
#9213=IFCDIRECTION((0.,0.,1.));
#9214=IFCEXTRUDEDAREASOLID(#9210,#9212,#9213,0.5);
#9215=IFCSHAPEREPRESENTATION(#14,'Body','SweptSolid',(#9214));
#9216=IFCPRODUCTDEFINITIONSHAPE($,$,(#9215));
#9217=IFCBEAM('0BdG$JyvnDPPgw5NC1cWhr',#5,'VB_P06_3_08',$,$,#9207,#9216,$,$);
#9218=IFCRELCONTAINEDINSPATIALSTRUCTURE('2llg41Sn95chWJ3NOYrPH4',#5,$,$,(#9217),#65);
#9219=IFCCARTESIANPOINT((75.689999999999998,3.,-0.5));
#9220=IFCAXIS2PLACEMENT3D(#9219,$,$);
#9221=IFCLOCALPLACEMENT(#64,#9220);
#9222=IFCCARTESIANPOINT((0.,0.));
#9223=IFCAXIS2PLACEMENT2D(#9222,$);
#9224=IFCRECTANGLEPROFILEDEF(.AREA.,$,#9223,7.8799999999999955,0.25);
#9225=IFCCARTESIANPOINT((0.,0.,0.));
#9226=IFCAXIS2PLACEMENT3D(#9225,$,$);
#9227=IFCDIRECTION((0.,0.,1.));
#9228=IFCEXTRUDEDAREASOLID(#9224,#9226,#9227,0.5);
#9229=IFCSHAPEREPRESENTATION(#14,'Body','SweptSolid',(#9228));
#9230=IFCPRODUCTDEFINITIONSHAPE($,$,(#9229));
#9231=IFCBEAM('0g0gdeRJfD58IH0qaKn0kG',#5,'VB_P06_3_09',$,$,#9221,#9230,$,$);
#9232=IFCRELCONTAINEDINSPATIALSTRUCTURE('0Znuxzz5z8P8ap8RMTSfIm',#5,$,$,(#9231),#65);
#9233=IFCCARTESIANPOINT((83.564999999999998,3.,-0.5));
#9234=IFCAXIS2PLACEMENT3D(#9233,$,$);
#9235=IFCLOCALPLACEMENT(#64,#9234);
#9236=IFCCARTESIANPOINT((0.,0.));
#9237=IFCAXIS2PLACEMENT2D(#9236,$);
#9238=IFCRECTANGLEPROFILEDEF(.AREA.,$,#9237,7.8700000000000045,0.25);
#9239=IFCCARTESIANPOINT((0.,0.,0.));
#9240=IFCAXIS2PLACEMENT3D(#9239,$,$);
#9241=IFCDIRECTION((0.,0.,1.));
#9242=IFCEXTRUDEDAREASOLID(#9238,#9240,#9241,0.5);
#9243=IFCSHAPEREPRESENTATION(#14,'Body','SweptSolid',(#9242));
#9244=IFCPRODUCTDEFINITIONSHAPE($,$,(#9243));
#9245=IFCBEAM('3G$3lcxZ9ERPxAFM7YKmvp',#5,'VB_P06_3_10',$,$,#9235,#9244,$,$);
#9246=IFCRELCONTAINEDINSPATIALSTRUCTURE('1_6mQqOUr0IA$sjxQnM1Nu',#5,$,$,(#9245),#65);
#9247=IFCCARTESIANPOINT((6.4400000000000004,40.,-0.5));
#9248=IFCAXIS2PLACEMENT3D(#9247,$,$);
#9249=IFCLOCALPLACEMENT(#64,#9248);
#9250=IFCCARTESIANPOINT((0.,0.));
#9251=IFCAXIS2PLACEMENT2D(#9250,$);
#9252=IFCRECTANGLEPROFILEDEF(.AREA.,$,#9251,7.8800000000000008,0.25);
#9253=IFCCARTESIANPOINT((0.,0.,0.));
#9254=IFCAXIS2PLACEMENT3D(#9253,$,$);
#9255=IFCDIRECTION((0.,0.,1.));
#9256=IFCEXTRUDEDAREASOLID(#9252,#9254,#9255,0.5);
#9257=IFCSHAPEREPRESENTATION(#14,'Body','SweptSolid',(#9256));
#9258=IFCPRODUCTDEFINITIONSHAPE($,$,(#9257));
#9259=IFCBEAM('0vzdA3ZybC2gIYqqfu__wb',#5,'VB_P06_40_00',$,$,#9249,#9258,$,$);
#9260=IFCRELCONTAINEDINSPATIALSTRUCTURE('15CVTbigj7zwZbMnV1DKL7',#5,$,$,(#9259),#65);
#9261=IFCCARTESIANPOINT((14.315000000000001,40.,-0.5));
#9262=IFCAXIS2PLACEMENT3D(#9261,$,$);
#9263=IFCLOCALPLACEMENT(#64,#9262);
#9264=IFCCARTESIANPOINT((0.,0.));
#9265=IFCAXIS2PLACEMENT2D(#9264,$);
#9266=IFCRECTANGLEPROFILEDEF(.AREA.,$,#9265,7.8699999999999992,0.25);
#9267=IFCCARTESIANPOINT((0.,0.,0.));
#9268=IFCAXIS2PLACEMENT3D(#9267,$,$);
#9269=IFCDIRECTION((0.,0.,1.));
#9270=IFCEXTRUDEDAREASOLID(#9266,#9268,#9269,0.5);
#9271=IFCSHAPEREPRESENTATION(#14,'Body','SweptSolid',(#9270));
#9272=IFCPRODUCTDEFINITIONSHAPE($,$,(#9271));
#9273=IFCBEAM('28s1$yQp58_w$LMpW3GvK5',#5,'VB_P06_40_01',$,$,#9263,#9272,$,$);
#9274=IFCRELCONTAINEDINSPATIALSTRUCTURE('0s0IJM5B1Cth03IIT6JVTM',#5,$,$,(#9273),#65);
#9275=IFCCARTESIANPOINT((22.189999999999998,40.,-0.5));
#9276=IFCAXIS2PLACEMENT3D(#9275,$,$);
#9277=IFCLOCALPLACEMENT(#64,#9276);
#9278=IFCCARTESIANPOINT((0.,0.));
#9279=IFCAXIS2PLACEMENT2D(#9278,$);
#9280=IFCRECTANGLEPROFILEDEF(.AREA.,$,#9279,7.879999999999999,0.25);
#9281=IFCCARTESIANPOINT((0.,0.,0.));
#9282=IFCAXIS2PLACEMENT3D(#9281,$,$);
#9283=IFCDIRECTION((0.,0.,1.));
#9284=IFCEXTRUDEDAREASOLID(#9280,#9282,#9283,0.5);
#9285=IFCSHAPEREPRESENTATION(#14,'Body','SweptSolid',(#9284));
#9286=IFCPRODUCTDEFINITIONSHAPE($,$,(#9285));
#9287=IFCBEAM('0qY5_v8vT3eQi8tv_K6XLz',#5,'VB_P06_40_02',$,$,#9277,#9286,$,$);
#9288=IFCRELCONTAINEDINSPATIALSTRUCTURE('3e9LUA6TzDcPj3DXYb3Bus',#5,$,$,(#9287),#65);
#9289=IFCCARTESIANPOINT((30.064999999999998,40.,-0.5));
#9290=IFCAXIS2PLACEMENT3D(#9289,$,$);
#9291=IFCLOCALPLACEMENT(#64,#9290);
#9292=IFCCARTESIANPOINT((0.,0.));
#9293=IFCAXIS2PLACEMENT2D(#9292,$);
#9294=IFCRECTANGLEPROFILEDEF(.AREA.,$,#9293,7.870000000000001,0.25);
#9295=IFCCARTESIANPOINT((0.,0.,0.));
#9296=IFCAXIS2PLACEMENT3D(#9295,$,$);
#9297=IFCDIRECTION((0.,0.,1.));
#9298=IFCEXTRUDEDAREASOLID(#9294,#9296,#9297,0.5);
#9299=IFCSHAPEREPRESENTATION(#14,'Body','SweptSolid',(#9298));
#9300=IFCPRODUCTDEFINITIONSHAPE($,$,(#9299));
#9301=IFCBEAM('2h3x1tvLP8Zur71CuIUOXT',#5,'VB_P06_40_03',$,$,#9291,#9300,$,$);
#9302=IFCRELCONTAINEDINSPATIALSTRUCTURE('2Dkn3rLbL3p82VMA5ZSCkB',#5,$,$,(#9301),#65);
#9303=IFCCARTESIANPOINT((37.5,40.,-0.5));
#9304=IFCAXIS2PLACEMENT3D(#9303,$,$);
#9305=IFCLOCALPLACEMENT(#64,#9304);
#9306=IFCCARTESIANPOINT((0.,0.));
#9307=IFCAXIS2PLACEMENT2D(#9306,$);
#9308=IFCRECTANGLEPROFILEDEF(.AREA.,$,#9307,7.,0.25);
#9309=IFCCARTESIANPOINT((0.,0.,0.));
#9310=IFCAXIS2PLACEMENT3D(#9309,$,$);
#9311=IFCDIRECTION((0.,0.,1.));
#9312=IFCEXTRUDEDAREASOLID(#9308,#9310,#9311,0.5);
#9313=IFCSHAPEREPRESENTATION(#14,'Body','SweptSolid',(#9312));
#9314=IFCPRODUCTDEFINITIONSHAPE($,$,(#9313));
#9315=IFCBEAM('0JpjmW4U5FJxixe9XMaFPF',#5,'VB_P06_40_04',$,$,#9305,#9314,$,$);
#9316=IFCRELCONTAINEDINSPATIALSTRUCTURE('3p$o8EEFfCRxJgAbXVu_cw',#5,$,$,(#9315),#65);
#9317=IFCCARTESIANPOINT((45.,40.,-0.5));
#9318=IFCAXIS2PLACEMENT3D(#9317,$,$);
#9319=IFCLOCALPLACEMENT(#64,#9318);
#9320=IFCCARTESIANPOINT((0.,0.));
#9321=IFCAXIS2PLACEMENT2D(#9320,$);
#9322=IFCRECTANGLEPROFILEDEF(.AREA.,$,#9321,8.,0.25);
#9323=IFCCARTESIANPOINT((0.,0.,0.));
#9324=IFCAXIS2PLACEMENT3D(#9323,$,$);
#9325=IFCDIRECTION((0.,0.,1.));
#9326=IFCEXTRUDEDAREASOLID(#9322,#9324,#9325,0.5);
#9327=IFCSHAPEREPRESENTATION(#14,'Body','SweptSolid',(#9326));
#9328=IFCPRODUCTDEFINITIONSHAPE($,$,(#9327));
#9329=IFCBEAM('2d0X9QaDb2CP2tAJYvMJCI',#5,'VB_P06_40_05',$,$,#9319,#9328,$,$);
#9330=IFCRELCONTAINEDINSPATIALSTRUCTURE('2kh59OKjv4h9EsB5$yB2Fd',#5,$,$,(#9329),#65);
#9331=IFCCARTESIANPOINT((52.5,40.,-0.5));
#9332=IFCAXIS2PLACEMENT3D(#9331,$,$);
#9333=IFCLOCALPLACEMENT(#64,#9332);
#9334=IFCCARTESIANPOINT((0.,0.));
#9335=IFCAXIS2PLACEMENT2D(#9334,$);
#9336=IFCRECTANGLEPROFILEDEF(.AREA.,$,#9335,7.,0.25);
#9337=IFCCARTESIANPOINT((0.,0.,0.));
#9338=IFCAXIS2PLACEMENT3D(#9337,$,$);
#9339=IFCDIRECTION((0.,0.,1.));
#9340=IFCEXTRUDEDAREASOLID(#9336,#9338,#9339,0.5);
#9341=IFCSHAPEREPRESENTATION(#14,'Body','SweptSolid',(#9340));
#9342=IFCPRODUCTDEFINITIONSHAPE($,$,(#9341));
#9343=IFCBEAM('2VlueTtz10oAA6TH0CJg__',#5,'VB_P06_40_06',$,$,#9333,#9342,$,$);
#9344=IFCRELCONTAINEDINSPATIALSTRUCTURE('1$wB6Vv$PDPgwcbpgFmFWQ',#5,$,$,(#9343),#65);
#9345=IFCCARTESIANPOINT((59.939999999999998,40.,-0.5));
#9346=IFCAXIS2PLACEMENT3D(#9345,$,$);
#9347=IFCLOCALPLACEMENT(#64,#9346);
#9348=IFCCARTESIANPOINT((0.,0.));
#9349=IFCAXIS2PLACEMENT2D(#9348,$);
#9350=IFCRECTANGLEPROFILEDEF(.AREA.,$,#9349,7.8800000000000026,0.25);
#9351=IFCCARTESIANPOINT((0.,0.,0.));
#9352=IFCAXIS2PLACEMENT3D(#9351,$,$);
#9353=IFCDIRECTION((0.,0.,1.));
#9354=IFCEXTRUDEDAREASOLID(#9350,#9352,#9353,0.5);
#9355=IFCSHAPEREPRESENTATION(#14,'Body','SweptSolid',(#9354));
#9356=IFCPRODUCTDEFINITIONSHAPE($,$,(#9355));
#9357=IFCBEAM('0r4TM6g9rAGAqYhlS$l9N3',#5,'VB_P06_40_07',$,$,#9347,#9356,$,$);
#9358=IFCRELCONTAINEDINSPATIALSTRUCTURE('17BsA73vb74ukqyWk0IhP0',#5,$,$,(#9357),#65);
#9359=IFCCARTESIANPOINT((67.814999999999998,40.,-0.5));
#9360=IFCAXIS2PLACEMENT3D(#9359,$,$);
#9361=IFCLOCALPLACEMENT(#64,#9360);
#9362=IFCCARTESIANPOINT((0.,0.));
#9363=IFCAXIS2PLACEMENT2D(#9362,$);
#9364=IFCRECTANGLEPROFILEDEF(.AREA.,$,#9363,7.8699999999999974,0.25);
#9365=IFCCARTESIANPOINT((0.,0.,0.));
#9366=IFCAXIS2PLACEMENT3D(#9365,$,$);
#9367=IFCDIRECTION((0.,0.,1.));
#9368=IFCEXTRUDEDAREASOLID(#9364,#9366,#9367,0.5);
#9369=IFCSHAPEREPRESENTATION(#14,'Body','SweptSolid',(#9368));
#9370=IFCPRODUCTDEFINITIONSHAPE($,$,(#9369));
#9371=IFCBEAM('3XCi4LicjBuOe5J8pdimVB',#5,'VB_P06_40_08',$,$,#9361,#9370,$,$);
#9372=IFCRELCONTAINEDINSPATIALSTRUCTURE('26qvqP3tv2reVTXi815KEJ',#5,$,$,(#9371),#65);
#9373=IFCCARTESIANPOINT((75.689999999999998,40.,-0.5));
#9374=IFCAXIS2PLACEMENT3D(#9373,$,$);
#9375=IFCLOCALPLACEMENT(#64,#9374);
#9376=IFCCARTESIANPOINT((0.,0.));
#9377=IFCAXIS2PLACEMENT2D(#9376,$);
#9378=IFCRECTANGLEPROFILEDEF(.AREA.,$,#9377,7.8799999999999955,0.25);
#9379=IFCCARTESIANPOINT((0.,0.,0.));
#9380=IFCAXIS2PLACEMENT3D(#9379,$,$);
#9381=IFCDIRECTION((0.,0.,1.));
#9382=IFCEXTRUDEDAREASOLID(#9378,#9380,#9381,0.5);
#9383=IFCSHAPEREPRESENTATION(#14,'Body','SweptSolid',(#9382));
#9384=IFCPRODUCTDEFINITIONSHAPE($,$,(#9383));
#9385=IFCBEAM('02NX784l57vfEoFRRLZR4N',#5,'VB_P06_40_09',$,$,#9375,#9384,$,$);
#9386=IFCRELCONTAINEDINSPATIALSTRUCTURE('3zNbyMvij49wzKIDU8LvDa',#5,$,$,(#9385),#65);
#9387=IFCCARTESIANPOINT((83.564999999999998,40.,-0.5));
#9388=IFCAXIS2PLACEMENT3D(#9387,$,$);
#9389=IFCLOCALPLACEMENT(#64,#9388);
#9390=IFCCARTESIANPOINT((0.,0.));
#9391=IFCAXIS2PLACEMENT2D(#9390,$);
#9392=IFCRECTANGLEPROFILEDEF(.AREA.,$,#9391,7.8700000000000045,0.25);
#9393=IFCCARTESIANPOINT((0.,0.,0.));
#9394=IFCAXIS2PLACEMENT3D(#9393,$,$);
#9395=IFCDIRECTION((0.,0.,1.));
#9396=IFCEXTRUDEDAREASOLID(#9392,#9394,#9395,0.5);
#9397=IFCSHAPEREPRESENTATION(#14,'Body','SweptSolid',(#9396));
#9398=IFCPRODUCTDEFINITIONSHAPE($,$,(#9397));
#9399=IFCBEAM('2Dkr11qfP51uppDJZVviv0',#5,'VB_P06_40_10',$,$,#9389,#9398,$,$);
#9400=IFCRELCONTAINEDINSPATIALSTRUCTURE('3hZJT8uaDEzfHGFEXebUqf',#5,$,$,(#9399),#65);
#9401=IFCCARTESIANPOINT((2.5,6.5,-0.5));
#9402=IFCAXIS2PLACEMENT3D(#9401,$,$);
#9403=IFCLOCALPLACEMENT(#64,#9402);
#9404=IFCCARTESIANPOINT((0.,0.));
#9405=IFCAXIS2PLACEMENT2D(#9404,$);
#9406=IFCRECTANGLEPROFILEDEF(.AREA.,$,#9405,0.25,7.);
#9407=IFCCARTESIANPOINT((0.,0.,0.));
#9408=IFCAXIS2PLACEMENT3D(#9407,$,$);
#9409=IFCDIRECTION((0.,0.,1.));
#9410=IFCEXTRUDEDAREASOLID(#9406,#9408,#9409,0.5);
#9411=IFCSHAPEREPRESENTATION(#14,'Body','SweptSolid',(#9410));
#9412=IFCPRODUCTDEFINITIONSHAPE($,$,(#9411));
#9413=IFCBEAM('07V8B9G3bALRe6dS4VOVED',#5,'VB_P06_2_00',$,$,#9403,#9412,$,$);
#9414=IFCRELCONTAINEDINSPATIALSTRUCTURE('1dzgF1s5f7cBryd6TywMjD',#5,$,$,(#9413),#65);
#9415=IFCCARTESIANPOINT((2.5,13.5,-0.5));
#9416=IFCAXIS2PLACEMENT3D(#9415,$,$);
#9417=IFCLOCALPLACEMENT(#64,#9416);
#9418=IFCCARTESIANPOINT((0.,0.));
#9419=IFCAXIS2PLACEMENT2D(#9418,$);
#9420=IFCRECTANGLEPROFILEDEF(.AREA.,$,#9419,0.25,7.);
#9421=IFCCARTESIANPOINT((0.,0.,0.));
#9422=IFCAXIS2PLACEMENT3D(#9421,$,$);
#9423=IFCDIRECTION((0.,0.,1.));
#9424=IFCEXTRUDEDAREASOLID(#9420,#9422,#9423,0.5);
#9425=IFCSHAPEREPRESENTATION(#14,'Body','SweptSolid',(#9424));
#9426=IFCPRODUCTDEFINITIONSHAPE($,$,(#9425));
#9427=IFCBEAM('3r5CdM0mXFR8kc8pJ1mxv7',#5,'VB_P06_2_01',$,$,#9417,#9426,$,$);
#9428=IFCRELCONTAINEDINSPATIALSTRUCTURE('3mBZaYWVjDNBT0UbWpHINm',#5,$,$,(#9427),#65);
#9429=IFCCARTESIANPOINT((2.5,21.5,-0.5));
#9430=IFCAXIS2PLACEMENT3D(#9429,$,$);
#9431=IFCLOCALPLACEMENT(#64,#9430);
#9432=IFCCARTESIANPOINT((0.,0.));
#9433=IFCAXIS2PLACEMENT2D(#9432,$);
#9434=IFCRECTANGLEPROFILEDEF(.AREA.,$,#9433,0.25,9.);
#9435=IFCCARTESIANPOINT((0.,0.,0.));
#9436=IFCAXIS2PLACEMENT3D(#9435,$,$);
#9437=IFCDIRECTION((0.,0.,1.));
#9438=IFCEXTRUDEDAREASOLID(#9434,#9436,#9437,0.5);
#9439=IFCSHAPEREPRESENTATION(#14,'Body','SweptSolid',(#9438));
#9440=IFCPRODUCTDEFINITIONSHAPE($,$,(#9439));
#9441=IFCBEAM('0biKghSMz83ubEoEYp8gqQ',#5,'VB_P06_2_02',$,$,#9431,#9440,$,$);
#9442=IFCRELCONTAINEDINSPATIALSTRUCTURE('2hV0fG$ADF7hJkG$oe3iZ0',#5,$,$,(#9441),#65);
#9443=IFCCARTESIANPOINT((2.5,29.5,-0.5));
#9444=IFCAXIS2PLACEMENT3D(#9443,$,$);
#9445=IFCLOCALPLACEMENT(#64,#9444);
#9446=IFCCARTESIANPOINT((0.,0.));
#9447=IFCAXIS2PLACEMENT2D(#9446,$);
#9448=IFCRECTANGLEPROFILEDEF(.AREA.,$,#9447,0.25,7.);
#9449=IFCCARTESIANPOINT((0.,0.,0.));
#9450=IFCAXIS2PLACEMENT3D(#9449,$,$);
#9451=IFCDIRECTION((0.,0.,1.));
#9452=IFCEXTRUDEDAREASOLID(#9448,#9450,#9451,0.5);
#9453=IFCSHAPEREPRESENTATION(#14,'Body','SweptSolid',(#9452));
#9454=IFCPRODUCTDEFINITIONSHAPE($,$,(#9453));
#9455=IFCBEAM('0O4Rhh4dT7cQgmKEFI4IhQ',#5,'VB_P06_2_03',$,$,#9445,#9454,$,$);
#9456=IFCRELCONTAINEDINSPATIALSTRUCTURE('36af$SxeD3NgXQjMTf8TxB',#5,$,$,(#9455),#65);
#9457=IFCCARTESIANPOINT((2.5,36.5,-0.5));
#9458=IFCAXIS2PLACEMENT3D(#9457,$,$);
#9459=IFCLOCALPLACEMENT(#64,#9458);
#9460=IFCCARTESIANPOINT((0.,0.));
#9461=IFCAXIS2PLACEMENT2D(#9460,$);
#9462=IFCRECTANGLEPROFILEDEF(.AREA.,$,#9461,0.25,7.);
#9463=IFCCARTESIANPOINT((0.,0.,0.));
#9464=IFCAXIS2PLACEMENT3D(#9463,$,$);
#9465=IFCDIRECTION((0.,0.,1.));
#9466=IFCEXTRUDEDAREASOLID(#9462,#9464,#9465,0.5);
#9467=IFCSHAPEREPRESENTATION(#14,'Body','SweptSolid',(#9466));
#9468=IFCPRODUCTDEFINITIONSHAPE($,$,(#9467));
#9469=IFCBEAM('1v4064Mnn8bA8OahMWtyim',#5,'VB_P06_2_04',$,$,#9459,#9468,$,$);
#9470=IFCRELCONTAINEDINSPATIALSTRUCTURE('3_fMjWWEb1bgsBnIzgC9kR',#5,$,$,(#9469),#65);
#9471=IFCCARTESIANPOINT((87.5,6.5,-0.5));
#9472=IFCAXIS2PLACEMENT3D(#9471,$,$);
#9473=IFCLOCALPLACEMENT(#64,#9472);
#9474=IFCCARTESIANPOINT((0.,0.));
#9475=IFCAXIS2PLACEMENT2D(#9474,$);
#9476=IFCRECTANGLEPROFILEDEF(.AREA.,$,#9475,0.25,7.);
#9477=IFCCARTESIANPOINT((0.,0.,0.));
#9478=IFCAXIS2PLACEMENT3D(#9477,$,$);
#9479=IFCDIRECTION((0.,0.,1.));
#9480=IFCEXTRUDEDAREASOLID(#9476,#9478,#9479,0.5);
#9481=IFCSHAPEREPRESENTATION(#14,'Body','SweptSolid',(#9480));
#9482=IFCPRODUCTDEFINITIONSHAPE($,$,(#9481));
#9483=IFCBEAM('0p27pDAUj2CfLMVLSDnqHX',#5,'VB_P06_88_00',$,$,#9473,#9482,$,$);
#9484=IFCRELCONTAINEDINSPATIALSTRUCTURE('2XqswPif5AC9rXYmpbn0Cq',#5,$,$,(#9483),#65);
#9485=IFCCARTESIANPOINT((87.5,13.5,-0.5));
#9486=IFCAXIS2PLACEMENT3D(#9485,$,$);
#9487=IFCLOCALPLACEMENT(#64,#9486);
#9488=IFCCARTESIANPOINT((0.,0.));
#9489=IFCAXIS2PLACEMENT2D(#9488,$);
#9490=IFCRECTANGLEPROFILEDEF(.AREA.,$,#9489,0.25,7.);
#9491=IFCCARTESIANPOINT((0.,0.,0.));
#9492=IFCAXIS2PLACEMENT3D(#9491,$,$);
#9493=IFCDIRECTION((0.,0.,1.));
#9494=IFCEXTRUDEDAREASOLID(#9490,#9492,#9493,0.5);
#9495=IFCSHAPEREPRESENTATION(#14,'Body','SweptSolid',(#9494));
#9496=IFCPRODUCTDEFINITIONSHAPE($,$,(#9495));
#9497=IFCBEAM('08Dm$HvE16wRcV90RPKz2y',#5,'VB_P06_88_01',$,$,#9487,#9496,$,$);
#9498=IFCRELCONTAINEDINSPATIALSTRUCTURE('0nSlxdTPj9lvU176Sfi3Kd',#5,$,$,(#9497),#65);
#9499=IFCCARTESIANPOINT((87.5,21.5,-0.5));
#9500=IFCAXIS2PLACEMENT3D(#9499,$,$);
#9501=IFCLOCALPLACEMENT(#64,#9500);
#9502=IFCCARTESIANPOINT((0.,0.));
#9503=IFCAXIS2PLACEMENT2D(#9502,$);
#9504=IFCRECTANGLEPROFILEDEF(.AREA.,$,#9503,0.25,9.);
#9505=IFCCARTESIANPOINT((0.,0.,0.));
#9506=IFCAXIS2PLACEMENT3D(#9505,$,$);
#9507=IFCDIRECTION((0.,0.,1.));
#9508=IFCEXTRUDEDAREASOLID(#9504,#9506,#9507,0.5);
#9509=IFCSHAPEREPRESENTATION(#14,'Body','SweptSolid',(#9508));
#9510=IFCPRODUCTDEFINITIONSHAPE($,$,(#9509));
#9511=IFCBEAM('2xHGJMFhHEGejszH32Nelx',#5,'VB_P06_88_02',$,$,#9501,#9510,$,$);
#9512=IFCRELCONTAINEDINSPATIALSTRUCTURE('2thC5OEeT4r9jli_YhxldU',#5,$,$,(#9511),#65);
#9513=IFCCARTESIANPOINT((87.5,29.5,-0.5));
#9514=IFCAXIS2PLACEMENT3D(#9513,$,$);
#9515=IFCLOCALPLACEMENT(#64,#9514);
#9516=IFCCARTESIANPOINT((0.,0.));
#9517=IFCAXIS2PLACEMENT2D(#9516,$);
#9518=IFCRECTANGLEPROFILEDEF(.AREA.,$,#9517,0.25,7.);
#9519=IFCCARTESIANPOINT((0.,0.,0.));
#9520=IFCAXIS2PLACEMENT3D(#9519,$,$);
#9521=IFCDIRECTION((0.,0.,1.));
#9522=IFCEXTRUDEDAREASOLID(#9518,#9520,#9521,0.5);
#9523=IFCSHAPEREPRESENTATION(#14,'Body','SweptSolid',(#9522));
#9524=IFCPRODUCTDEFINITIONSHAPE($,$,(#9523));
#9525=IFCBEAM('1I7c$bt4z5NQJXZKVeASda',#5,'VB_P06_88_03',$,$,#9515,#9524,$,$);
#9526=IFCRELCONTAINEDINSPATIALSTRUCTURE('3hAAOTPXbFgB3XAfnccmDB',#5,$,$,(#9525),#65);
#9527=IFCCARTESIANPOINT((87.5,36.5,-0.5));
#9528=IFCAXIS2PLACEMENT3D(#9527,$,$);
#9529=IFCLOCALPLACEMENT(#64,#9528);
#9530=IFCCARTESIANPOINT((0.,0.));
#9531=IFCAXIS2PLACEMENT2D(#9530,$);
#9532=IFCRECTANGLEPROFILEDEF(.AREA.,$,#9531,0.25,7.);
#9533=IFCCARTESIANPOINT((0.,0.,0.));
#9534=IFCAXIS2PLACEMENT3D(#9533,$,$);
#9535=IFCDIRECTION((0.,0.,1.));
#9536=IFCEXTRUDEDAREASOLID(#9532,#9534,#9535,0.5);
#9537=IFCSHAPEREPRESENTATION(#14,'Body','SweptSolid',(#9536));
#9538=IFCPRODUCTDEFINITIONSHAPE($,$,(#9537));
#9539=IFCBEAM('32SbgeJnLEnv7Q$MAlehLr',#5,'VB_P06_88_04',$,$,#9529,#9538,$,$);
#9540=IFCRELCONTAINEDINSPATIALSTRUCTURE('1dHRdDl9T8LfRIU8QuQVKl',#5,$,$,(#9539),#65);
#9541=IFCCARTESIANPOINT((12.,18.,-0.5));
#9542=IFCAXIS2PLACEMENT3D(#9541,$,$);
#9543=IFCLOCALPLACEMENT(#64,#9542);
#9544=IFCCARTESIANPOINT((0.,0.));
#9545=IFCAXIS2PLACEMENT2D(#9544,$);
#9546=IFCRECTANGLEPROFILEDEF(.AREA.,$,#9545,14.,0.20000000000000284);
#9547=IFCCARTESIANPOINT((0.,0.,0.));
#9548=IFCAXIS2PLACEMENT3D(#9547,$,$);
#9549=IFCDIRECTION((0.,0.,1.));
#9550=IFCEXTRUDEDAREASOLID(#9546,#9548,#9549,0.5);
#9551=IFCSHAPEREPRESENTATION(#14,'Body','SweptSolid',(#9550));
#9552=IFCPRODUCTDEFINITIONSHAPE($,$,(#9551));
#9553=IFCBEAM('3dJzew711ErfZtTuv7kA4P',#5,'VP_P06_A_18',$,$,#9543,#9552,$,$);
#9554=IFCRELCONTAINEDINSPATIALSTRUCTURE('0bWHrRnr14lwkTxZWKsghY',#5,$,$,(#9553),#65);
#9555=IFCCARTESIANPOINT((12.,25.,-0.5));
#9556=IFCAXIS2PLACEMENT3D(#9555,$,$);
#9557=IFCLOCALPLACEMENT(#64,#9556);
#9558=IFCCARTESIANPOINT((0.,0.));
#9559=IFCAXIS2PLACEMENT2D(#9558,$);
#9560=IFCRECTANGLEPROFILEDEF(.AREA.,$,#9559,14.,0.20000000000000284);
#9561=IFCCARTESIANPOINT((0.,0.,0.));
#9562=IFCAXIS2PLACEMENT3D(#9561,$,$);
#9563=IFCDIRECTION((0.,0.,1.));
#9564=IFCEXTRUDEDAREASOLID(#9560,#9562,#9563,0.5);
#9565=IFCSHAPEREPRESENTATION(#14,'Body','SweptSolid',(#9564));
#9566=IFCPRODUCTDEFINITIONSHAPE($,$,(#9565));
#9567=IFCBEAM('2c9dphz5jDgxIukw3MQqRk',#5,'VP_P06_A_25',$,$,#9557,#9566,$,$);
#9568=IFCRELCONTAINEDINSPATIALSTRUCTURE('0lbzsytvr9NPbmXB_R8os8',#5,$,$,(#9567),#65);
#9569=IFCCARTESIANPOINT((5.,21.5,-0.5));
#9570=IFCAXIS2PLACEMENT3D(#9569,$,$);
#9571=IFCLOCALPLACEMENT(#64,#9570);
#9572=IFCCARTESIANPOINT((0.,0.));
#9573=IFCAXIS2PLACEMENT2D(#9572,$);
#9574=IFCRECTANGLEPROFILEDEF(.AREA.,$,#9573,0.19999999999999929,7.);
#9575=IFCCARTESIANPOINT((0.,0.,0.));
#9576=IFCAXIS2PLACEMENT3D(#9575,$,$);
#9577=IFCDIRECTION((0.,0.,1.));
#9578=IFCEXTRUDEDAREASOLID(#9574,#9576,#9577,0.5);
#9579=IFCSHAPEREPRESENTATION(#14,'Body','SweptSolid',(#9578));
#9580=IFCPRODUCTDEFINITIONSHAPE($,$,(#9579));
#9581=IFCBEAM('2yLg_Notb3uPp0c_amJfy8',#5,'VP_P06_A_5',$,$,#9571,#9580,$,$);
#9582=IFCRELCONTAINEDINSPATIALSTRUCTURE('3iChyADHL1nOnuXtjCUy0r',#5,$,$,(#9581),#65);
#9583=IFCCARTESIANPOINT((19.,21.5,-0.5));
#9584=IFCAXIS2PLACEMENT3D(#9583,$,$);
#9585=IFCLOCALPLACEMENT(#64,#9584);
#9586=IFCCARTESIANPOINT((0.,0.));
#9587=IFCAXIS2PLACEMENT2D(#9586,$);
#9588=IFCRECTANGLEPROFILEDEF(.AREA.,$,#9587,0.20000000000000284,7.);
#9589=IFCCARTESIANPOINT((0.,0.,0.));
#9590=IFCAXIS2PLACEMENT3D(#9589,$,$);
#9591=IFCDIRECTION((0.,0.,1.));
#9592=IFCEXTRUDEDAREASOLID(#9588,#9590,#9591,0.5);
#9593=IFCSHAPEREPRESENTATION(#14,'Body','SweptSolid',(#9592));
#9594=IFCPRODUCTDEFINITIONSHAPE($,$,(#9593));
#9595=IFCBEAM('04wLVT63D44RQMjRSgoyHY',#5,'VP_P06_A_19',$,$,#9585,#9594,$,$);
#9596=IFCRELCONTAINEDINSPATIALSTRUCTURE('3mBKuMvNr45AAqw39WBVr2',#5,$,$,(#9595),#65);
#9597=IFCCARTESIANPOINT((78.,18.,-0.5));
#9598=IFCAXIS2PLACEMENT3D(#9597,$,$);
#9599=IFCLOCALPLACEMENT(#64,#9598);
#9600=IFCCARTESIANPOINT((0.,0.));
#9601=IFCAXIS2PLACEMENT2D(#9600,$);
#9602=IFCRECTANGLEPROFILEDEF(.AREA.,$,#9601,14.,0.20000000000000284);
#9603=IFCCARTESIANPOINT((0.,0.,0.));
#9604=IFCAXIS2PLACEMENT3D(#9603,$,$);
#9605=IFCDIRECTION((0.,0.,1.));
#9606=IFCEXTRUDEDAREASOLID(#9602,#9604,#9605,0.5);
#9607=IFCSHAPEREPRESENTATION(#14,'Body','SweptSolid',(#9606));
#9608=IFCPRODUCTDEFINITIONSHAPE($,$,(#9607));
#9609=IFCBEAM('3xBmLzwkT7RgAUhCGicjAU',#5,'VP_P06_B_18',$,$,#9599,#9608,$,$);
#9610=IFCRELCONTAINEDINSPATIALSTRUCTURE('3h7mn9PYr6SRAhTL8tb1HY',#5,$,$,(#9609),#65);
#9611=IFCCARTESIANPOINT((78.,25.,-0.5));
#9612=IFCAXIS2PLACEMENT3D(#9611,$,$);
#9613=IFCLOCALPLACEMENT(#64,#9612);
#9614=IFCCARTESIANPOINT((0.,0.));
#9615=IFCAXIS2PLACEMENT2D(#9614,$);
#9616=IFCRECTANGLEPROFILEDEF(.AREA.,$,#9615,14.,0.20000000000000284);
#9617=IFCCARTESIANPOINT((0.,0.,0.));
#9618=IFCAXIS2PLACEMENT3D(#9617,$,$);
#9619=IFCDIRECTION((0.,0.,1.));
#9620=IFCEXTRUDEDAREASOLID(#9616,#9618,#9619,0.5);
#9621=IFCSHAPEREPRESENTATION(#14,'Body','SweptSolid',(#9620));
#9622=IFCPRODUCTDEFINITIONSHAPE($,$,(#9621));
#9623=IFCBEAM('3DODEyeKD3leXpLgPXrU8T',#5,'VP_P06_B_25',$,$,#9613,#9622,$,$);
#9624=IFCRELCONTAINEDINSPATIALSTRUCTURE('2AzakRSCz24AmEWTpJam7e',#5,$,$,(#9623),#65);
#9625=IFCCARTESIANPOINT((71.,21.5,-0.5));
#9626=IFCAXIS2PLACEMENT3D(#9625,$,$);
#9627=IFCLOCALPLACEMENT(#64,#9626);
#9628=IFCCARTESIANPOINT((0.,0.));
#9629=IFCAXIS2PLACEMENT2D(#9628,$);
#9630=IFCRECTANGLEPROFILEDEF(.AREA.,$,#9629,0.19999999999998863,7.);
#9631=IFCCARTESIANPOINT((0.,0.,0.));
#9632=IFCAXIS2PLACEMENT3D(#9631,$,$);
#9633=IFCDIRECTION((0.,0.,1.));
#9634=IFCEXTRUDEDAREASOLID(#9630,#9632,#9633,0.5);
#9635=IFCSHAPEREPRESENTATION(#14,'Body','SweptSolid',(#9634));
#9636=IFCPRODUCTDEFINITIONSHAPE($,$,(#9635));
#9637=IFCBEAM('2FSntQXEnFigP4rs1SsBoI',#5,'VP_P06_B_71',$,$,#9627,#9636,$,$);
#9638=IFCRELCONTAINEDINSPATIALSTRUCTURE('3h6BMIi_P2nfNFcz_lkFl1',#5,$,$,(#9637),#65);
#9639=IFCCARTESIANPOINT((85.,21.5,-0.5));
#9640=IFCAXIS2PLACEMENT3D(#9639,$,$);
#9641=IFCLOCALPLACEMENT(#64,#9640);
#9642=IFCCARTESIANPOINT((0.,0.));
#9643=IFCAXIS2PLACEMENT2D(#9642,$);
#9644=IFCRECTANGLEPROFILEDEF(.AREA.,$,#9643,0.19999999999998863,7.);
#9645=IFCCARTESIANPOINT((0.,0.,0.));
#9646=IFCAXIS2PLACEMENT3D(#9645,$,$);
#9647=IFCDIRECTION((0.,0.,1.));
#9648=IFCEXTRUDEDAREASOLID(#9644,#9646,#9647,0.5);
#9649=IFCSHAPEREPRESENTATION(#14,'Body','SweptSolid',(#9648));
#9650=IFCPRODUCTDEFINITIONSHAPE($,$,(#9649));
#9651=IFCBEAM('3YTICTStL0_OkTLwIkoKbZ',#5,'VP_P06_B_85',$,$,#9641,#9650,$,$);
#9652=IFCRELCONTAINEDINSPATIALSTRUCTURE('2uIk_nAHvEnB67PsvEvGac',#5,$,$,(#9651),#65);
#9653=IFCCARTESIANPOINT((6.4400000000000004,3.,-0.5));
#9654=IFCAXIS2PLACEMENT3D(#9653,$,$);
#9655=IFCLOCALPLACEMENT(#68,#9654);
#9656=IFCCARTESIANPOINT((0.,0.));
#9657=IFCAXIS2PLACEMENT2D(#9656,$);
#9658=IFCRECTANGLEPROFILEDEF(.AREA.,$,#9657,7.8800000000000008,0.25);
#9659=IFCCARTESIANPOINT((0.,0.,0.));
#9660=IFCAXIS2PLACEMENT3D(#9659,$,$);
#9661=IFCDIRECTION((0.,0.,1.));
#9662=IFCEXTRUDEDAREASOLID(#9658,#9660,#9661,0.5);
#9663=IFCSHAPEREPRESENTATION(#14,'Body','SweptSolid',(#9662));
#9664=IFCPRODUCTDEFINITIONSHAPE($,$,(#9663));
#9665=IFCBEAM('1czVwnZvr1Vwj0Lny4A_Wc',#5,'VB_P07_3_00',$,$,#9655,#9664,$,$);
#9666=IFCRELCONTAINEDINSPATIALSTRUCTURE('1sw9gvp3T2X9EndEg2vEP1',#5,$,$,(#9665),#69);
#9667=IFCCARTESIANPOINT((14.315000000000001,3.,-0.5));
#9668=IFCAXIS2PLACEMENT3D(#9667,$,$);
#9669=IFCLOCALPLACEMENT(#68,#9668);
#9670=IFCCARTESIANPOINT((0.,0.));
#9671=IFCAXIS2PLACEMENT2D(#9670,$);
#9672=IFCRECTANGLEPROFILEDEF(.AREA.,$,#9671,7.8699999999999992,0.25);
#9673=IFCCARTESIANPOINT((0.,0.,0.));
#9674=IFCAXIS2PLACEMENT3D(#9673,$,$);
#9675=IFCDIRECTION((0.,0.,1.));
#9676=IFCEXTRUDEDAREASOLID(#9672,#9674,#9675,0.5);
#9677=IFCSHAPEREPRESENTATION(#14,'Body','SweptSolid',(#9676));
#9678=IFCPRODUCTDEFINITIONSHAPE($,$,(#9677));
#9679=IFCBEAM('1KX3lLmHnDI9mDe8eF2hNT',#5,'VB_P07_3_01',$,$,#9669,#9678,$,$);
#9680=IFCRELCONTAINEDINSPATIALSTRUCTURE('2NcjB23Y537PjsUOGw8oIa',#5,$,$,(#9679),#69);
#9681=IFCCARTESIANPOINT((22.189999999999998,3.,-0.5));
#9682=IFCAXIS2PLACEMENT3D(#9681,$,$);
#9683=IFCLOCALPLACEMENT(#68,#9682);
#9684=IFCCARTESIANPOINT((0.,0.));
#9685=IFCAXIS2PLACEMENT2D(#9684,$);
#9686=IFCRECTANGLEPROFILEDEF(.AREA.,$,#9685,7.879999999999999,0.25);
#9687=IFCCARTESIANPOINT((0.,0.,0.));
#9688=IFCAXIS2PLACEMENT3D(#9687,$,$);
#9689=IFCDIRECTION((0.,0.,1.));
#9690=IFCEXTRUDEDAREASOLID(#9686,#9688,#9689,0.5);
#9691=IFCSHAPEREPRESENTATION(#14,'Body','SweptSolid',(#9690));
#9692=IFCPRODUCTDEFINITIONSHAPE($,$,(#9691));
#9693=IFCBEAM('1tJnfxPtjESQHE276iQnlC',#5,'VB_P07_3_02',$,$,#9683,#9692,$,$);
#9694=IFCRELCONTAINEDINSPATIALSTRUCTURE('0RRNfkUGP1RvzEUiQRuhEG',#5,$,$,(#9693),#69);
#9695=IFCCARTESIANPOINT((30.064999999999998,3.,-0.5));
#9696=IFCAXIS2PLACEMENT3D(#9695,$,$);
#9697=IFCLOCALPLACEMENT(#68,#9696);
#9698=IFCCARTESIANPOINT((0.,0.));
#9699=IFCAXIS2PLACEMENT2D(#9698,$);
#9700=IFCRECTANGLEPROFILEDEF(.AREA.,$,#9699,7.870000000000001,0.25);
#9701=IFCCARTESIANPOINT((0.,0.,0.));
#9702=IFCAXIS2PLACEMENT3D(#9701,$,$);
#9703=IFCDIRECTION((0.,0.,1.));
#9704=IFCEXTRUDEDAREASOLID(#9700,#9702,#9703,0.5);
#9705=IFCSHAPEREPRESENTATION(#14,'Body','SweptSolid',(#9704));
#9706=IFCPRODUCTDEFINITIONSHAPE($,$,(#9705));
#9707=IFCBEAM('2tm2df7lf6ABAnoyfOxHS6',#5,'VB_P07_3_03',$,$,#9697,#9706,$,$);
#9708=IFCRELCONTAINEDINSPATIALSTRUCTURE('2b8nUyHNHExO09my3CM5eC',#5,$,$,(#9707),#69);
#9709=IFCCARTESIANPOINT((37.5,3.,-0.5));
#9710=IFCAXIS2PLACEMENT3D(#9709,$,$);
#9711=IFCLOCALPLACEMENT(#68,#9710);
#9712=IFCCARTESIANPOINT((0.,0.));
#9713=IFCAXIS2PLACEMENT2D(#9712,$);
#9714=IFCRECTANGLEPROFILEDEF(.AREA.,$,#9713,7.,0.25);
#9715=IFCCARTESIANPOINT((0.,0.,0.));
#9716=IFCAXIS2PLACEMENT3D(#9715,$,$);
#9717=IFCDIRECTION((0.,0.,1.));
#9718=IFCEXTRUDEDAREASOLID(#9714,#9716,#9717,0.5);
#9719=IFCSHAPEREPRESENTATION(#14,'Body','SweptSolid',(#9718));
#9720=IFCPRODUCTDEFINITIONSHAPE($,$,(#9719));
#9721=IFCBEAM('1iEc5TS5P5cuKTU2Lj9$eF',#5,'VB_P07_3_04',$,$,#9711,#9720,$,$);
#9722=IFCRELCONTAINEDINSPATIALSTRUCTURE('0JUYszSq1C9P44W2Gj9t2T',#5,$,$,(#9721),#69);
#9723=IFCCARTESIANPOINT((45.,3.,-0.5));
#9724=IFCAXIS2PLACEMENT3D(#9723,$,$);
#9725=IFCLOCALPLACEMENT(#68,#9724);
#9726=IFCCARTESIANPOINT((0.,0.));
#9727=IFCAXIS2PLACEMENT2D(#9726,$);
#9728=IFCRECTANGLEPROFILEDEF(.AREA.,$,#9727,8.,0.25);
#9729=IFCCARTESIANPOINT((0.,0.,0.));
#9730=IFCAXIS2PLACEMENT3D(#9729,$,$);
#9731=IFCDIRECTION((0.,0.,1.));
#9732=IFCEXTRUDEDAREASOLID(#9728,#9730,#9731,0.5);
#9733=IFCSHAPEREPRESENTATION(#14,'Body','SweptSolid',(#9732));
#9734=IFCPRODUCTDEFINITIONSHAPE($,$,(#9733));
#9735=IFCBEAM('1krmcOe4r5ggArsgpV58go',#5,'VB_P07_3_05',$,$,#9725,#9734,$,$);
#9736=IFCRELCONTAINEDINSPATIALSTRUCTURE('0n_j5fqX9EKeBJi4qvNtCU',#5,$,$,(#9735),#69);
#9737=IFCCARTESIANPOINT((52.5,3.,-0.5));
#9738=IFCAXIS2PLACEMENT3D(#9737,$,$);
#9739=IFCLOCALPLACEMENT(#68,#9738);
#9740=IFCCARTESIANPOINT((0.,0.));
#9741=IFCAXIS2PLACEMENT2D(#9740,$);
#9742=IFCRECTANGLEPROFILEDEF(.AREA.,$,#9741,7.,0.25);
#9743=IFCCARTESIANPOINT((0.,0.,0.));
#9744=IFCAXIS2PLACEMENT3D(#9743,$,$);
#9745=IFCDIRECTION((0.,0.,1.));
#9746=IFCEXTRUDEDAREASOLID(#9742,#9744,#9745,0.5);
#9747=IFCSHAPEREPRESENTATION(#14,'Body','SweptSolid',(#9746));
#9748=IFCPRODUCTDEFINITIONSHAPE($,$,(#9747));
#9749=IFCBEAM('0IS9DcSlf5YfhD2ZNJU_5Y',#5,'VB_P07_3_06',$,$,#9739,#9748,$,$);
#9750=IFCRELCONTAINEDINSPATIALSTRUCTURE('36rn8JFRzBPfJAeRHLiLGk',#5,$,$,(#9749),#69);
#9751=IFCCARTESIANPOINT((59.939999999999998,3.,-0.5));
#9752=IFCAXIS2PLACEMENT3D(#9751,$,$);
#9753=IFCLOCALPLACEMENT(#68,#9752);
#9754=IFCCARTESIANPOINT((0.,0.));
#9755=IFCAXIS2PLACEMENT2D(#9754,$);
#9756=IFCRECTANGLEPROFILEDEF(.AREA.,$,#9755,7.8800000000000026,0.25);
#9757=IFCCARTESIANPOINT((0.,0.,0.));
#9758=IFCAXIS2PLACEMENT3D(#9757,$,$);
#9759=IFCDIRECTION((0.,0.,1.));
#9760=IFCEXTRUDEDAREASOLID(#9756,#9758,#9759,0.5);
#9761=IFCSHAPEREPRESENTATION(#14,'Body','SweptSolid',(#9760));
#9762=IFCPRODUCTDEFINITIONSHAPE($,$,(#9761));
#9763=IFCBEAM('1XHcdSYAn6NOJtwYV7$9l3',#5,'VB_P07_3_07',$,$,#9753,#9762,$,$);
#9764=IFCRELCONTAINEDINSPATIALSTRUCTURE('2nRX0dx3b05Av9Wp8OmWqd',#5,$,$,(#9763),#69);
#9765=IFCCARTESIANPOINT((67.814999999999998,3.,-0.5));
#9766=IFCAXIS2PLACEMENT3D(#9765,$,$);
#9767=IFCLOCALPLACEMENT(#68,#9766);
#9768=IFCCARTESIANPOINT((0.,0.));
#9769=IFCAXIS2PLACEMENT2D(#9768,$);
#9770=IFCRECTANGLEPROFILEDEF(.AREA.,$,#9769,7.8699999999999974,0.25);
#9771=IFCCARTESIANPOINT((0.,0.,0.));
#9772=IFCAXIS2PLACEMENT3D(#9771,$,$);
#9773=IFCDIRECTION((0.,0.,1.));
#9774=IFCEXTRUDEDAREASOLID(#9770,#9772,#9773,0.5);
#9775=IFCSHAPEREPRESENTATION(#14,'Body','SweptSolid',(#9774));
#9776=IFCPRODUCTDEFINITIONSHAPE($,$,(#9775));
#9777=IFCBEAM('1qWjmJnUXFch6ST4v$cEO1',#5,'VB_P07_3_08',$,$,#9767,#9776,$,$);
#9778=IFCRELCONTAINEDINSPATIALSTRUCTURE('3EpXO_pr1B1wDpjlKAiZCu',#5,$,$,(#9777),#69);
#9779=IFCCARTESIANPOINT((75.689999999999998,3.,-0.5));
#9780=IFCAXIS2PLACEMENT3D(#9779,$,$);
#9781=IFCLOCALPLACEMENT(#68,#9780);
#9782=IFCCARTESIANPOINT((0.,0.));
#9783=IFCAXIS2PLACEMENT2D(#9782,$);
#9784=IFCRECTANGLEPROFILEDEF(.AREA.,$,#9783,7.8799999999999955,0.25);
#9785=IFCCARTESIANPOINT((0.,0.,0.));
#9786=IFCAXIS2PLACEMENT3D(#9785,$,$);
#9787=IFCDIRECTION((0.,0.,1.));
#9788=IFCEXTRUDEDAREASOLID(#9784,#9786,#9787,0.5);
#9789=IFCSHAPEREPRESENTATION(#14,'Body','SweptSolid',(#9788));
#9790=IFCPRODUCTDEFINITIONSHAPE($,$,(#9789));
#9791=IFCBEAM('3GLhfgDqD2quBhosetvJz1',#5,'VB_P07_3_09',$,$,#9781,#9790,$,$);
#9792=IFCRELCONTAINEDINSPATIALSTRUCTURE('17QNO$T0P6kfRP$pGrjlCg',#5,$,$,(#9791),#69);
#9793=IFCCARTESIANPOINT((83.564999999999998,3.,-0.5));
#9794=IFCAXIS2PLACEMENT3D(#9793,$,$);
#9795=IFCLOCALPLACEMENT(#68,#9794);
#9796=IFCCARTESIANPOINT((0.,0.));
#9797=IFCAXIS2PLACEMENT2D(#9796,$);
#9798=IFCRECTANGLEPROFILEDEF(.AREA.,$,#9797,7.8700000000000045,0.25);
#9799=IFCCARTESIANPOINT((0.,0.,0.));
#9800=IFCAXIS2PLACEMENT3D(#9799,$,$);
#9801=IFCDIRECTION((0.,0.,1.));
#9802=IFCEXTRUDEDAREASOLID(#9798,#9800,#9801,0.5);
#9803=IFCSHAPEREPRESENTATION(#14,'Body','SweptSolid',(#9802));
#9804=IFCPRODUCTDEFINITIONSHAPE($,$,(#9803));
#9805=IFCBEAM('3oxKe7KhDArvL5aKMRYiZ_',#5,'VB_P07_3_10',$,$,#9795,#9804,$,$);
#9806=IFCRELCONTAINEDINSPATIALSTRUCTURE('1cc31IqBTDlR11Kmyk29gp',#5,$,$,(#9805),#69);
#9807=IFCCARTESIANPOINT((6.4400000000000004,40.,-0.5));
#9808=IFCAXIS2PLACEMENT3D(#9807,$,$);
#9809=IFCLOCALPLACEMENT(#68,#9808);
#9810=IFCCARTESIANPOINT((0.,0.));
#9811=IFCAXIS2PLACEMENT2D(#9810,$);
#9812=IFCRECTANGLEPROFILEDEF(.AREA.,$,#9811,7.8800000000000008,0.25);
#9813=IFCCARTESIANPOINT((0.,0.,0.));
#9814=IFCAXIS2PLACEMENT3D(#9813,$,$);
#9815=IFCDIRECTION((0.,0.,1.));
#9816=IFCEXTRUDEDAREASOLID(#9812,#9814,#9815,0.5);
#9817=IFCSHAPEREPRESENTATION(#14,'Body','SweptSolid',(#9816));
#9818=IFCPRODUCTDEFINITIONSHAPE($,$,(#9817));
#9819=IFCBEAM('0x0Qgzkfb3Mu1TBSUiNkaT',#5,'VB_P07_40_00',$,$,#9809,#9818,$,$);
#9820=IFCRELCONTAINEDINSPATIALSTRUCTURE('1pZSUOgV5258uAQSRyiCNF',#5,$,$,(#9819),#69);
#9821=IFCCARTESIANPOINT((14.315000000000001,40.,-0.5));
#9822=IFCAXIS2PLACEMENT3D(#9821,$,$);
#9823=IFCLOCALPLACEMENT(#68,#9822);
#9824=IFCCARTESIANPOINT((0.,0.));
#9825=IFCAXIS2PLACEMENT2D(#9824,$);
#9826=IFCRECTANGLEPROFILEDEF(.AREA.,$,#9825,7.8699999999999992,0.25);
#9827=IFCCARTESIANPOINT((0.,0.,0.));
#9828=IFCAXIS2PLACEMENT3D(#9827,$,$);
#9829=IFCDIRECTION((0.,0.,1.));
#9830=IFCEXTRUDEDAREASOLID(#9826,#9828,#9829,0.5);
#9831=IFCSHAPEREPRESENTATION(#14,'Body','SweptSolid',(#9830));
#9832=IFCPRODUCTDEFINITIONSHAPE($,$,(#9831));
#9833=IFCBEAM('1kjYRYaoL1MhAfz$kJ62Fo',#5,'VB_P07_40_01',$,$,#9823,#9832,$,$);
#9834=IFCRELCONTAINEDINSPATIALSTRUCTURE('2GYVtlzQ90w8LKsr8b9_gt',#5,$,$,(#9833),#69);
#9835=IFCCARTESIANPOINT((22.189999999999998,40.,-0.5));
#9836=IFCAXIS2PLACEMENT3D(#9835,$,$);
#9837=IFCLOCALPLACEMENT(#68,#9836);
#9838=IFCCARTESIANPOINT((0.,0.));
#9839=IFCAXIS2PLACEMENT2D(#9838,$);
#9840=IFCRECTANGLEPROFILEDEF(.AREA.,$,#9839,7.879999999999999,0.25);
#9841=IFCCARTESIANPOINT((0.,0.,0.));
#9842=IFCAXIS2PLACEMENT3D(#9841,$,$);
#9843=IFCDIRECTION((0.,0.,1.));
#9844=IFCEXTRUDEDAREASOLID(#9840,#9842,#9843,0.5);
#9845=IFCSHAPEREPRESENTATION(#14,'Body','SweptSolid',(#9844));
#9846=IFCPRODUCTDEFINITIONSHAPE($,$,(#9845));
#9847=IFCBEAM('3zOyJ3Axr7GRf_iXP$tjyV',#5,'VB_P07_40_02',$,$,#9837,#9846,$,$);
#9848=IFCRELCONTAINEDINSPATIALSTRUCTURE('3l7HIC8mHCgvl2eAMZhkPJ',#5,$,$,(#9847),#69);
#9849=IFCCARTESIANPOINT((30.064999999999998,40.,-0.5));
#9850=IFCAXIS2PLACEMENT3D(#9849,$,$);
#9851=IFCLOCALPLACEMENT(#68,#9850);
#9852=IFCCARTESIANPOINT((0.,0.));
#9853=IFCAXIS2PLACEMENT2D(#9852,$);
#9854=IFCRECTANGLEPROFILEDEF(.AREA.,$,#9853,7.870000000000001,0.25);
#9855=IFCCARTESIANPOINT((0.,0.,0.));
#9856=IFCAXIS2PLACEMENT3D(#9855,$,$);
#9857=IFCDIRECTION((0.,0.,1.));
#9858=IFCEXTRUDEDAREASOLID(#9854,#9856,#9857,0.5);
#9859=IFCSHAPEREPRESENTATION(#14,'Body','SweptSolid',(#9858));
#9860=IFCPRODUCTDEFINITIONSHAPE($,$,(#9859));
#9861=IFCBEAM('3g97Fn9cb8lhLfxlVBvhAu',#5,'VB_P07_40_03',$,$,#9851,#9860,$,$);
#9862=IFCRELCONTAINEDINSPATIALSTRUCTURE('2VwEbi2t15G9sMsPLmenVA',#5,$,$,(#9861),#69);
#9863=IFCCARTESIANPOINT((37.5,40.,-0.5));
#9864=IFCAXIS2PLACEMENT3D(#9863,$,$);
#9865=IFCLOCALPLACEMENT(#68,#9864);
#9866=IFCCARTESIANPOINT((0.,0.));
#9867=IFCAXIS2PLACEMENT2D(#9866,$);
#9868=IFCRECTANGLEPROFILEDEF(.AREA.,$,#9867,7.,0.25);
#9869=IFCCARTESIANPOINT((0.,0.,0.));
#9870=IFCAXIS2PLACEMENT3D(#9869,$,$);
#9871=IFCDIRECTION((0.,0.,1.));
#9872=IFCEXTRUDEDAREASOLID(#9868,#9870,#9871,0.5);
#9873=IFCSHAPEREPRESENTATION(#14,'Body','SweptSolid',(#9872));
#9874=IFCPRODUCTDEFINITIONSHAPE($,$,(#9873));
#9875=IFCBEAM('3sdfCsEiXFa8WtUNEddfIv',#5,'VB_P07_40_04',$,$,#9865,#9874,$,$);
#9876=IFCRELCONTAINEDINSPATIALSTRUCTURE('0ZjKBJVk93KOPNJJcAcJ$r',#5,$,$,(#9875),#69);
#9877=IFCCARTESIANPOINT((45.,40.,-0.5));
#9878=IFCAXIS2PLACEMENT3D(#9877,$,$);
#9879=IFCLOCALPLACEMENT(#68,#9878);
#9880=IFCCARTESIANPOINT((0.,0.));
#9881=IFCAXIS2PLACEMENT2D(#9880,$);
#9882=IFCRECTANGLEPROFILEDEF(.AREA.,$,#9881,8.,0.25);
#9883=IFCCARTESIANPOINT((0.,0.,0.));
#9884=IFCAXIS2PLACEMENT3D(#9883,$,$);
#9885=IFCDIRECTION((0.,0.,1.));
#9886=IFCEXTRUDEDAREASOLID(#9882,#9884,#9885,0.5);
#9887=IFCSHAPEREPRESENTATION(#14,'Body','SweptSolid',(#9886));
#9888=IFCPRODUCTDEFINITIONSHAPE($,$,(#9887));
#9889=IFCBEAM('3LKWdMnNzDoBrEY3tWRxTo',#5,'VB_P07_40_05',$,$,#9879,#9888,$,$);
#9890=IFCRELCONTAINEDINSPATIALSTRUCTURE('2iendXv5fDQgGwSzcNW0IU',#5,$,$,(#9889),#69);
#9891=IFCCARTESIANPOINT((52.5,40.,-0.5));
#9892=IFCAXIS2PLACEMENT3D(#9891,$,$);
#9893=IFCLOCALPLACEMENT(#68,#9892);
#9894=IFCCARTESIANPOINT((0.,0.));
#9895=IFCAXIS2PLACEMENT2D(#9894,$);
#9896=IFCRECTANGLEPROFILEDEF(.AREA.,$,#9895,7.,0.25);
#9897=IFCCARTESIANPOINT((0.,0.,0.));
#9898=IFCAXIS2PLACEMENT3D(#9897,$,$);
#9899=IFCDIRECTION((0.,0.,1.));
#9900=IFCEXTRUDEDAREASOLID(#9896,#9898,#9899,0.5);
#9901=IFCSHAPEREPRESENTATION(#14,'Body','SweptSolid',(#9900));
#9902=IFCPRODUCTDEFINITIONSHAPE($,$,(#9901));
#9903=IFCBEAM('23ykVrnqrDVPO_aLzH6SuR',#5,'VB_P07_40_06',$,$,#9893,#9902,$,$);
#9904=IFCRELCONTAINEDINSPATIALSTRUCTURE('2159r34QXAxxBgnCFmT7PN',#5,$,$,(#9903),#69);
#9905=IFCCARTESIANPOINT((59.939999999999998,40.,-0.5));
#9906=IFCAXIS2PLACEMENT3D(#9905,$,$);
#9907=IFCLOCALPLACEMENT(#68,#9906);
#9908=IFCCARTESIANPOINT((0.,0.));
#9909=IFCAXIS2PLACEMENT2D(#9908,$);
#9910=IFCRECTANGLEPROFILEDEF(.AREA.,$,#9909,7.8800000000000026,0.25);
#9911=IFCCARTESIANPOINT((0.,0.,0.));
#9912=IFCAXIS2PLACEMENT3D(#9911,$,$);
#9913=IFCDIRECTION((0.,0.,1.));
#9914=IFCEXTRUDEDAREASOLID(#9910,#9912,#9913,0.5);
#9915=IFCSHAPEREPRESENTATION(#14,'Body','SweptSolid',(#9914));
#9916=IFCPRODUCTDEFINITIONSHAPE($,$,(#9915));
#9917=IFCBEAM('0brG5VC7f1BRr6qjE4Ayhu',#5,'VB_P07_40_07',$,$,#9907,#9916,$,$);
#9918=IFCRELCONTAINEDINSPATIALSTRUCTURE('0Wx4NE_xPDwRLiZusbebxS',#5,$,$,(#9917),#69);
#9919=IFCCARTESIANPOINT((67.814999999999998,40.,-0.5));
#9920=IFCAXIS2PLACEMENT3D(#9919,$,$);
#9921=IFCLOCALPLACEMENT(#68,#9920);
#9922=IFCCARTESIANPOINT((0.,0.));
#9923=IFCAXIS2PLACEMENT2D(#9922,$);
#9924=IFCRECTANGLEPROFILEDEF(.AREA.,$,#9923,7.8699999999999974,0.25);
#9925=IFCCARTESIANPOINT((0.,0.,0.));
#9926=IFCAXIS2PLACEMENT3D(#9925,$,$);
#9927=IFCDIRECTION((0.,0.,1.));
#9928=IFCEXTRUDEDAREASOLID(#9924,#9926,#9927,0.5);
#9929=IFCSHAPEREPRESENTATION(#14,'Body','SweptSolid',(#9928));
#9930=IFCPRODUCTDEFINITIONSHAPE($,$,(#9929));
#9931=IFCBEAM('2WU$SpYhvALPrpf5OrgC9v',#5,'VB_P07_40_08',$,$,#9921,#9930,$,$);
#9932=IFCRELCONTAINEDINSPATIALSTRUCTURE('2KArNIg$1BTRH3WmmMbpQR',#5,$,$,(#9931),#69);
#9933=IFCCARTESIANPOINT((75.689999999999998,40.,-0.5));
#9934=IFCAXIS2PLACEMENT3D(#9933,$,$);
#9935=IFCLOCALPLACEMENT(#68,#9934);
#9936=IFCCARTESIANPOINT((0.,0.));
#9937=IFCAXIS2PLACEMENT2D(#9936,$);
#9938=IFCRECTANGLEPROFILEDEF(.AREA.,$,#9937,7.8799999999999955,0.25);
#9939=IFCCARTESIANPOINT((0.,0.,0.));
#9940=IFCAXIS2PLACEMENT3D(#9939,$,$);
#9941=IFCDIRECTION((0.,0.,1.));
#9942=IFCEXTRUDEDAREASOLID(#9938,#9940,#9941,0.5);
#9943=IFCSHAPEREPRESENTATION(#14,'Body','SweptSolid',(#9942));
#9944=IFCPRODUCTDEFINITIONSHAPE($,$,(#9943));
#9945=IFCBEAM('2X62yU4kDBE92WlvdH3ONG',#5,'VB_P07_40_09',$,$,#9935,#9944,$,$);
#9946=IFCRELCONTAINEDINSPATIALSTRUCTURE('3Tbxorlpf2_hIHK$4gwRGB',#5,$,$,(#9945),#69);
#9947=IFCCARTESIANPOINT((83.564999999999998,40.,-0.5));
#9948=IFCAXIS2PLACEMENT3D(#9947,$,$);
#9949=IFCLOCALPLACEMENT(#68,#9948);
#9950=IFCCARTESIANPOINT((0.,0.));
#9951=IFCAXIS2PLACEMENT2D(#9950,$);
#9952=IFCRECTANGLEPROFILEDEF(.AREA.,$,#9951,7.8700000000000045,0.25);
#9953=IFCCARTESIANPOINT((0.,0.,0.));
#9954=IFCAXIS2PLACEMENT3D(#9953,$,$);
#9955=IFCDIRECTION((0.,0.,1.));
#9956=IFCEXTRUDEDAREASOLID(#9952,#9954,#9955,0.5);
#9957=IFCSHAPEREPRESENTATION(#14,'Body','SweptSolid',(#9956));
#9958=IFCPRODUCTDEFINITIONSHAPE($,$,(#9957));
#9959=IFCBEAM('2W5ITs6xrEj96f4zChPvxb',#5,'VB_P07_40_10',$,$,#9949,#9958,$,$);
#9960=IFCRELCONTAINEDINSPATIALSTRUCTURE('25ve_vwNP2tPIIoHMm$X18',#5,$,$,(#9959),#69);
#9961=IFCCARTESIANPOINT((2.5,6.5,-0.5));
#9962=IFCAXIS2PLACEMENT3D(#9961,$,$);
#9963=IFCLOCALPLACEMENT(#68,#9962);
#9964=IFCCARTESIANPOINT((0.,0.));
#9965=IFCAXIS2PLACEMENT2D(#9964,$);
#9966=IFCRECTANGLEPROFILEDEF(.AREA.,$,#9965,0.25,7.);
#9967=IFCCARTESIANPOINT((0.,0.,0.));
#9968=IFCAXIS2PLACEMENT3D(#9967,$,$);
#9969=IFCDIRECTION((0.,0.,1.));
#9970=IFCEXTRUDEDAREASOLID(#9966,#9968,#9969,0.5);
#9971=IFCSHAPEREPRESENTATION(#14,'Body','SweptSolid',(#9970));
#9972=IFCPRODUCTDEFINITIONSHAPE($,$,(#9971));
#9973=IFCBEAM('2p2JFNguX1rg81snLVLeCx',#5,'VB_P07_2_00',$,$,#9963,#9972,$,$);
#9974=IFCRELCONTAINEDINSPATIALSTRUCTURE('1KlbVA1ET78hPAVPnIy4AD',#5,$,$,(#9973),#69);
#9975=IFCCARTESIANPOINT((2.5,13.5,-0.5));
#9976=IFCAXIS2PLACEMENT3D(#9975,$,$);
#9977=IFCLOCALPLACEMENT(#68,#9976);
#9978=IFCCARTESIANPOINT((0.,0.));
#9979=IFCAXIS2PLACEMENT2D(#9978,$);
#9980=IFCRECTANGLEPROFILEDEF(.AREA.,$,#9979,0.25,7.);
#9981=IFCCARTESIANPOINT((0.,0.,0.));
#9982=IFCAXIS2PLACEMENT3D(#9981,$,$);
#9983=IFCDIRECTION((0.,0.,1.));
#9984=IFCEXTRUDEDAREASOLID(#9980,#9982,#9983,0.5);
#9985=IFCSHAPEREPRESENTATION(#14,'Body','SweptSolid',(#9984));
#9986=IFCPRODUCTDEFINITIONSHAPE($,$,(#9985));
#9987=IFCBEAM('2HBnbTwj92jAWy1slO3BbP',#5,'VB_P07_2_01',$,$,#9977,#9986,$,$);
#9988=IFCRELCONTAINEDINSPATIALSTRUCTURE('3DN1qT5gjB_8eu7xDYCgFG',#5,$,$,(#9987),#69);
#9989=IFCCARTESIANPOINT((2.5,21.5,-0.5));
#9990=IFCAXIS2PLACEMENT3D(#9989,$,$);
#9991=IFCLOCALPLACEMENT(#68,#9990);
#9992=IFCCARTESIANPOINT((0.,0.));
#9993=IFCAXIS2PLACEMENT2D(#9992,$);
#9994=IFCRECTANGLEPROFILEDEF(.AREA.,$,#9993,0.25,9.);
#9995=IFCCARTESIANPOINT((0.,0.,0.));
#9996=IFCAXIS2PLACEMENT3D(#9995,$,$);
#9997=IFCDIRECTION((0.,0.,1.));
#9998=IFCEXTRUDEDAREASOLID(#9994,#9996,#9997,0.5);
#9999=IFCSHAPEREPRESENTATION(#14,'Body','SweptSolid',(#9998));
#10000=IFCPRODUCTDEFINITIONSHAPE($,$,(#9999));
#10001=IFCBEAM('3i5XM0XAfBrgwMlb9$8cFn',#5,'VB_P07_2_02',$,$,#9991,#10000,$,$);
#10002=IFCRELCONTAINEDINSPATIALSTRUCTURE('3miL1Dj_PB$gX7ZSt_zheE',#5,$,$,(#10001),#69);
#10003=IFCCARTESIANPOINT((2.5,29.5,-0.5));
#10004=IFCAXIS2PLACEMENT3D(#10003,$,$);
#10005=IFCLOCALPLACEMENT(#68,#10004);
#10006=IFCCARTESIANPOINT((0.,0.));
#10007=IFCAXIS2PLACEMENT2D(#10006,$);
#10008=IFCRECTANGLEPROFILEDEF(.AREA.,$,#10007,0.25,7.);
#10009=IFCCARTESIANPOINT((0.,0.,0.));
#10010=IFCAXIS2PLACEMENT3D(#10009,$,$);
#10011=IFCDIRECTION((0.,0.,1.));
#10012=IFCEXTRUDEDAREASOLID(#10008,#10010,#10011,0.5);
#10013=IFCSHAPEREPRESENTATION(#14,'Body','SweptSolid',(#10012));
#10014=IFCPRODUCTDEFINITIONSHAPE($,$,(#10013));
#10015=IFCBEAM('0XckLs3B5BgeO6CRyI646H',#5,'VB_P07_2_03',$,$,#10005,#10014,$,$);
#10016=IFCRELCONTAINEDINSPATIALSTRUCTURE('2mzpvHVgz2IuFf4RjRBy8h',#5,$,$,(#10015),#69);
#10017=IFCCARTESIANPOINT((2.5,36.5,-0.5));
#10018=IFCAXIS2PLACEMENT3D(#10017,$,$);
#10019=IFCLOCALPLACEMENT(#68,#10018);
#10020=IFCCARTESIANPOINT((0.,0.));
#10021=IFCAXIS2PLACEMENT2D(#10020,$);
#10022=IFCRECTANGLEPROFILEDEF(.AREA.,$,#10021,0.25,7.);
#10023=IFCCARTESIANPOINT((0.,0.,0.));
#10024=IFCAXIS2PLACEMENT3D(#10023,$,$);
#10025=IFCDIRECTION((0.,0.,1.));
#10026=IFCEXTRUDEDAREASOLID(#10022,#10024,#10025,0.5);
#10027=IFCSHAPEREPRESENTATION(#14,'Body','SweptSolid',(#10026));
#10028=IFCPRODUCTDEFINITIONSHAPE($,$,(#10027));
#10029=IFCBEAM('13sK9mJhbDAO4jbida1Z8D',#5,'VB_P07_2_04',$,$,#10019,#10028,$,$);
#10030=IFCRELCONTAINEDINSPATIALSTRUCTURE('2ktqe7m416N83_vtQMjyy6',#5,$,$,(#10029),#69);
#10031=IFCCARTESIANPOINT((87.5,6.5,-0.5));
#10032=IFCAXIS2PLACEMENT3D(#10031,$,$);
#10033=IFCLOCALPLACEMENT(#68,#10032);
#10034=IFCCARTESIANPOINT((0.,0.));
#10035=IFCAXIS2PLACEMENT2D(#10034,$);
#10036=IFCRECTANGLEPROFILEDEF(.AREA.,$,#10035,0.25,7.);
#10037=IFCCARTESIANPOINT((0.,0.,0.));
#10038=IFCAXIS2PLACEMENT3D(#10037,$,$);
#10039=IFCDIRECTION((0.,0.,1.));
#10040=IFCEXTRUDEDAREASOLID(#10036,#10038,#10039,0.5);
#10041=IFCSHAPEREPRESENTATION(#14,'Body','SweptSolid',(#10040));
#10042=IFCPRODUCTDEFINITIONSHAPE($,$,(#10041));
#10043=IFCBEAM('0v4ItZ6cbC1P78REvqpH2s',#5,'VB_P07_88_00',$,$,#10033,#10042,$,$);
#10044=IFCRELCONTAINEDINSPATIALSTRUCTURE('0SpgKKxxz3p9qI_bBt5NJq',#5,$,$,(#10043),#69);
#10045=IFCCARTESIANPOINT((87.5,13.5,-0.5));
#10046=IFCAXIS2PLACEMENT3D(#10045,$,$);
#10047=IFCLOCALPLACEMENT(#68,#10046);
#10048=IFCCARTESIANPOINT((0.,0.));
#10049=IFCAXIS2PLACEMENT2D(#10048,$);
#10050=IFCRECTANGLEPROFILEDEF(.AREA.,$,#10049,0.25,7.);
#10051=IFCCARTESIANPOINT((0.,0.,0.));
#10052=IFCAXIS2PLACEMENT3D(#10051,$,$);
#10053=IFCDIRECTION((0.,0.,1.));
#10054=IFCEXTRUDEDAREASOLID(#10050,#10052,#10053,0.5);
#10055=IFCSHAPEREPRESENTATION(#14,'Body','SweptSolid',(#10054));
#10056=IFCPRODUCTDEFINITIONSHAPE($,$,(#10055));
#10057=IFCBEAM('2tlGKpxbP17OTU2cAHEyfF',#5,'VB_P07_88_01',$,$,#10047,#10056,$,$);
#10058=IFCRELCONTAINEDINSPATIALSTRUCTURE('2u3my$7X53NfCDXlOoTndC',#5,$,$,(#10057),#69);
#10059=IFCCARTESIANPOINT((87.5,21.5,-0.5));
#10060=IFCAXIS2PLACEMENT3D(#10059,$,$);
#10061=IFCLOCALPLACEMENT(#68,#10060);
#10062=IFCCARTESIANPOINT((0.,0.));
#10063=IFCAXIS2PLACEMENT2D(#10062,$);
#10064=IFCRECTANGLEPROFILEDEF(.AREA.,$,#10063,0.25,9.);
#10065=IFCCARTESIANPOINT((0.,0.,0.));
#10066=IFCAXIS2PLACEMENT3D(#10065,$,$);
#10067=IFCDIRECTION((0.,0.,1.));
#10068=IFCEXTRUDEDAREASOLID(#10064,#10066,#10067,0.5);
#10069=IFCSHAPEREPRESENTATION(#14,'Body','SweptSolid',(#10068));
#10070=IFCPRODUCTDEFINITIONSHAPE($,$,(#10069));
#10071=IFCBEAM('1LrwW3_q1FUeHtUzgf8wtn',#5,'VB_P07_88_02',$,$,#10061,#10070,$,$);
#10072=IFCRELCONTAINEDINSPATIALSTRUCTURE('3jsdYuzfXAoxkEp$8DUgun',#5,$,$,(#10071),#69);
#10073=IFCCARTESIANPOINT((87.5,29.5,-0.5));
#10074=IFCAXIS2PLACEMENT3D(#10073,$,$);
#10075=IFCLOCALPLACEMENT(#68,#10074);
#10076=IFCCARTESIANPOINT((0.,0.));
#10077=IFCAXIS2PLACEMENT2D(#10076,$);
#10078=IFCRECTANGLEPROFILEDEF(.AREA.,$,#10077,0.25,7.);
#10079=IFCCARTESIANPOINT((0.,0.,0.));
#10080=IFCAXIS2PLACEMENT3D(#10079,$,$);
#10081=IFCDIRECTION((0.,0.,1.));
#10082=IFCEXTRUDEDAREASOLID(#10078,#10080,#10081,0.5);
#10083=IFCSHAPEREPRESENTATION(#14,'Body','SweptSolid',(#10082));
#10084=IFCPRODUCTDEFINITIONSHAPE($,$,(#10083));
#10085=IFCBEAM('3apX0FDfT0zvXiOXPe6pBG',#5,'VB_P07_88_03',$,$,#10075,#10084,$,$);
#10086=IFCRELCONTAINEDINSPATIALSTRUCTURE('2o9b0SHk12LAmSM1vEIhio',#5,$,$,(#10085),#69);
#10087=IFCCARTESIANPOINT((87.5,36.5,-0.5));
#10088=IFCAXIS2PLACEMENT3D(#10087,$,$);
#10089=IFCLOCALPLACEMENT(#68,#10088);
#10090=IFCCARTESIANPOINT((0.,0.));
#10091=IFCAXIS2PLACEMENT2D(#10090,$);
#10092=IFCRECTANGLEPROFILEDEF(.AREA.,$,#10091,0.25,7.);
#10093=IFCCARTESIANPOINT((0.,0.,0.));
#10094=IFCAXIS2PLACEMENT3D(#10093,$,$);
#10095=IFCDIRECTION((0.,0.,1.));
#10096=IFCEXTRUDEDAREASOLID(#10092,#10094,#10095,0.5);
#10097=IFCSHAPEREPRESENTATION(#14,'Body','SweptSolid',(#10096));
#10098=IFCPRODUCTDEFINITIONSHAPE($,$,(#10097));
#10099=IFCBEAM('2gFlz1B8jAShKuhPnvjuh6',#5,'VB_P07_88_04',$,$,#10089,#10098,$,$);
#10100=IFCRELCONTAINEDINSPATIALSTRUCTURE('2QrCdZvLz7pu801gSztBjT',#5,$,$,(#10099),#69);
#10101=IFCCARTESIANPOINT((12.,18.,-0.5));
#10102=IFCAXIS2PLACEMENT3D(#10101,$,$);
#10103=IFCLOCALPLACEMENT(#68,#10102);
#10104=IFCCARTESIANPOINT((0.,0.));
#10105=IFCAXIS2PLACEMENT2D(#10104,$);
#10106=IFCRECTANGLEPROFILEDEF(.AREA.,$,#10105,14.,0.20000000000000284);
#10107=IFCCARTESIANPOINT((0.,0.,0.));
#10108=IFCAXIS2PLACEMENT3D(#10107,$,$);
#10109=IFCDIRECTION((0.,0.,1.));
#10110=IFCEXTRUDEDAREASOLID(#10106,#10108,#10109,0.5);
#10111=IFCSHAPEREPRESENTATION(#14,'Body','SweptSolid',(#10110));
#10112=IFCPRODUCTDEFINITIONSHAPE($,$,(#10111));
#10113=IFCBEAM('0hs1YbSUz14ekmFrYX0v7D',#5,'VP_P07_A_18',$,$,#10103,#10112,$,$);
#10114=IFCRELCONTAINEDINSPATIALSTRUCTURE('3LBUaJXHr6o88tk4A9lyDl',#5,$,$,(#10113),#69);
#10115=IFCCARTESIANPOINT((12.,25.,-0.5));
#10116=IFCAXIS2PLACEMENT3D(#10115,$,$);
#10117=IFCLOCALPLACEMENT(#68,#10116);
#10118=IFCCARTESIANPOINT((0.,0.));
#10119=IFCAXIS2PLACEMENT2D(#10118,$);
#10120=IFCRECTANGLEPROFILEDEF(.AREA.,$,#10119,14.,0.20000000000000284);
#10121=IFCCARTESIANPOINT((0.,0.,0.));
#10122=IFCAXIS2PLACEMENT3D(#10121,$,$);
#10123=IFCDIRECTION((0.,0.,1.));
#10124=IFCEXTRUDEDAREASOLID(#10120,#10122,#10123,0.5);
#10125=IFCSHAPEREPRESENTATION(#14,'Body','SweptSolid',(#10124));
#10126=IFCPRODUCTDEFINITIONSHAPE($,$,(#10125));
#10127=IFCBEAM('1Tuh9g$lv6Ee26wA$rHtn4',#5,'VP_P07_A_25',$,$,#10117,#10126,$,$);
#10128=IFCRELCONTAINEDINSPATIALSTRUCTURE('0o82Vsqjn1jPMBg9JFvAdi',#5,$,$,(#10127),#69);
#10129=IFCCARTESIANPOINT((5.,21.5,-0.5));
#10130=IFCAXIS2PLACEMENT3D(#10129,$,$);
#10131=IFCLOCALPLACEMENT(#68,#10130);
#10132=IFCCARTESIANPOINT((0.,0.));
#10133=IFCAXIS2PLACEMENT2D(#10132,$);
#10134=IFCRECTANGLEPROFILEDEF(.AREA.,$,#10133,0.19999999999999929,7.);
#10135=IFCCARTESIANPOINT((0.,0.,0.));
#10136=IFCAXIS2PLACEMENT3D(#10135,$,$);
#10137=IFCDIRECTION((0.,0.,1.));
#10138=IFCEXTRUDEDAREASOLID(#10134,#10136,#10137,0.5);
#10139=IFCSHAPEREPRESENTATION(#14,'Body','SweptSolid',(#10138));
#10140=IFCPRODUCTDEFINITIONSHAPE($,$,(#10139));
#10141=IFCBEAM('2s73MEZm58bRILbDm81jF6',#5,'VP_P07_A_5',$,$,#10131,#10140,$,$);
#10142=IFCRELCONTAINEDINSPATIALSTRUCTURE('3WxydGxb583O5pStW1if3x',#5,$,$,(#10141),#69);
#10143=IFCCARTESIANPOINT((19.,21.5,-0.5));
#10144=IFCAXIS2PLACEMENT3D(#10143,$,$);
#10145=IFCLOCALPLACEMENT(#68,#10144);
#10146=IFCCARTESIANPOINT((0.,0.));
#10147=IFCAXIS2PLACEMENT2D(#10146,$);
#10148=IFCRECTANGLEPROFILEDEF(.AREA.,$,#10147,0.20000000000000284,7.);
#10149=IFCCARTESIANPOINT((0.,0.,0.));
#10150=IFCAXIS2PLACEMENT3D(#10149,$,$);
#10151=IFCDIRECTION((0.,0.,1.));
#10152=IFCEXTRUDEDAREASOLID(#10148,#10150,#10151,0.5);
#10153=IFCSHAPEREPRESENTATION(#14,'Body','SweptSolid',(#10152));
#10154=IFCPRODUCTDEFINITIONSHAPE($,$,(#10153));
#10155=IFCBEAM('3MhPHBnXf5O9Xl16FzQMZS',#5,'VP_P07_A_19',$,$,#10145,#10154,$,$);
#10156=IFCRELCONTAINEDINSPATIALSTRUCTURE('36LHN4tfn3rgaS0ZRPdo92',#5,$,$,(#10155),#69);
#10157=IFCCARTESIANPOINT((78.,18.,-0.5));
#10158=IFCAXIS2PLACEMENT3D(#10157,$,$);
#10159=IFCLOCALPLACEMENT(#68,#10158);
#10160=IFCCARTESIANPOINT((0.,0.));
#10161=IFCAXIS2PLACEMENT2D(#10160,$);
#10162=IFCRECTANGLEPROFILEDEF(.AREA.,$,#10161,14.,0.20000000000000284);
#10163=IFCCARTESIANPOINT((0.,0.,0.));
#10164=IFCAXIS2PLACEMENT3D(#10163,$,$);
#10165=IFCDIRECTION((0.,0.,1.));
#10166=IFCEXTRUDEDAREASOLID(#10162,#10164,#10165,0.5);
#10167=IFCSHAPEREPRESENTATION(#14,'Body','SweptSolid',(#10166));
#10168=IFCPRODUCTDEFINITIONSHAPE($,$,(#10167));
#10169=IFCBEAM('2DdHhAZAjFi90aLx5zMXMS',#5,'VP_P07_B_18',$,$,#10159,#10168,$,$);
#10170=IFCRELCONTAINEDINSPATIALSTRUCTURE('3tfaCj13z3vxRii2Zf3Vzz',#5,$,$,(#10169),#69);
#10171=IFCCARTESIANPOINT((78.,25.,-0.5));
#10172=IFCAXIS2PLACEMENT3D(#10171,$,$);
#10173=IFCLOCALPLACEMENT(#68,#10172);
#10174=IFCCARTESIANPOINT((0.,0.));
#10175=IFCAXIS2PLACEMENT2D(#10174,$);
#10176=IFCRECTANGLEPROFILEDEF(.AREA.,$,#10175,14.,0.20000000000000284);
#10177=IFCCARTESIANPOINT((0.,0.,0.));
#10178=IFCAXIS2PLACEMENT3D(#10177,$,$);
#10179=IFCDIRECTION((0.,0.,1.));
#10180=IFCEXTRUDEDAREASOLID(#10176,#10178,#10179,0.5);
#10181=IFCSHAPEREPRESENTATION(#14,'Body','SweptSolid',(#10180));
#10182=IFCPRODUCTDEFINITIONSHAPE($,$,(#10181));
#10183=IFCBEAM('3ducZgHhT5igHGzoEyiI_7',#5,'VP_P07_B_25',$,$,#10173,#10182,$,$);
#10184=IFCRELCONTAINEDINSPATIALSTRUCTURE('1UBXd5$1j2sw9GZamg$0RI',#5,$,$,(#10183),#69);
#10185=IFCCARTESIANPOINT((71.,21.5,-0.5));
#10186=IFCAXIS2PLACEMENT3D(#10185,$,$);
#10187=IFCLOCALPLACEMENT(#68,#10186);
#10188=IFCCARTESIANPOINT((0.,0.));
#10189=IFCAXIS2PLACEMENT2D(#10188,$);
#10190=IFCRECTANGLEPROFILEDEF(.AREA.,$,#10189,0.19999999999998863,7.);
#10191=IFCCARTESIANPOINT((0.,0.,0.));
#10192=IFCAXIS2PLACEMENT3D(#10191,$,$);
#10193=IFCDIRECTION((0.,0.,1.));
#10194=IFCEXTRUDEDAREASOLID(#10190,#10192,#10193,0.5);
#10195=IFCSHAPEREPRESENTATION(#14,'Body','SweptSolid',(#10194));
#10196=IFCPRODUCTDEFINITIONSHAPE($,$,(#10195));
#10197=IFCBEAM('01a3dE271Dse27G4arxRKP',#5,'VP_P07_B_71',$,$,#10187,#10196,$,$);
#10198=IFCRELCONTAINEDINSPATIALSTRUCTURE('01Ty9N1Gf82f1YCJc_y_LS',#5,$,$,(#10197),#69);
#10199=IFCCARTESIANPOINT((85.,21.5,-0.5));
#10200=IFCAXIS2PLACEMENT3D(#10199,$,$);
#10201=IFCLOCALPLACEMENT(#68,#10200);
#10202=IFCCARTESIANPOINT((0.,0.));
#10203=IFCAXIS2PLACEMENT2D(#10202,$);
#10204=IFCRECTANGLEPROFILEDEF(.AREA.,$,#10203,0.19999999999998863,7.);
#10205=IFCCARTESIANPOINT((0.,0.,0.));
#10206=IFCAXIS2PLACEMENT3D(#10205,$,$);
#10207=IFCDIRECTION((0.,0.,1.));
#10208=IFCEXTRUDEDAREASOLID(#10204,#10206,#10207,0.5);
#10209=IFCSHAPEREPRESENTATION(#14,'Body','SweptSolid',(#10208));
#10210=IFCPRODUCTDEFINITIONSHAPE($,$,(#10209));
#10211=IFCBEAM('2rFtNUVMH5D9Hed_xuATdc',#5,'VP_P07_B_85',$,$,#10201,#10210,$,$);
#10212=IFCRELCONTAINEDINSPATIALSTRUCTURE('3LRbFzYhLCiBvEY3lLOjM0',#5,$,$,(#10211),#69);
#10213=IFCCARTESIANPOINT((6.4400000000000004,3.,-0.5));
#10214=IFCAXIS2PLACEMENT3D(#10213,$,$);
#10215=IFCLOCALPLACEMENT(#72,#10214);
#10216=IFCCARTESIANPOINT((0.,0.));
#10217=IFCAXIS2PLACEMENT2D(#10216,$);
#10218=IFCRECTANGLEPROFILEDEF(.AREA.,$,#10217,7.8800000000000008,0.25);
#10219=IFCCARTESIANPOINT((0.,0.,0.));
#10220=IFCAXIS2PLACEMENT3D(#10219,$,$);
#10221=IFCDIRECTION((0.,0.,1.));
#10222=IFCEXTRUDEDAREASOLID(#10218,#10220,#10221,0.5);
#10223=IFCSHAPEREPRESENTATION(#14,'Body','SweptSolid',(#10222));
#10224=IFCPRODUCTDEFINITIONSHAPE($,$,(#10223));
#10225=IFCBEAM('130$1VeQnDGPo59cEQ3fdP',#5,'VB_P08_3_00',$,$,#10215,#10224,$,$);
#10226=IFCRELCONTAINEDINSPATIALSTRUCTURE('3Z_4jcOIL43gTW6yqAqXhw',#5,$,$,(#10225),#73);
#10227=IFCCARTESIANPOINT((14.315000000000001,3.,-0.5));
#10228=IFCAXIS2PLACEMENT3D(#10227,$,$);
#10229=IFCLOCALPLACEMENT(#72,#10228);
#10230=IFCCARTESIANPOINT((0.,0.));
#10231=IFCAXIS2PLACEMENT2D(#10230,$);
#10232=IFCRECTANGLEPROFILEDEF(.AREA.,$,#10231,7.8699999999999992,0.25);
#10233=IFCCARTESIANPOINT((0.,0.,0.));
#10234=IFCAXIS2PLACEMENT3D(#10233,$,$);
#10235=IFCDIRECTION((0.,0.,1.));
#10236=IFCEXTRUDEDAREASOLID(#10232,#10234,#10235,0.5);
#10237=IFCSHAPEREPRESENTATION(#14,'Body','SweptSolid',(#10236));
#10238=IFCPRODUCTDEFINITIONSHAPE($,$,(#10237));
#10239=IFCBEAM('0gRsqIK0vC2e2vrfTTHZBa',#5,'VB_P08_3_01',$,$,#10229,#10238,$,$);
#10240=IFCRELCONTAINEDINSPATIALSTRUCTURE('0rVRMG_DvFOO1hQvhd53OC',#5,$,$,(#10239),#73);
#10241=IFCCARTESIANPOINT((22.189999999999998,3.,-0.5));
#10242=IFCAXIS2PLACEMENT3D(#10241,$,$);
#10243=IFCLOCALPLACEMENT(#72,#10242);
#10244=IFCCARTESIANPOINT((0.,0.));
#10245=IFCAXIS2PLACEMENT2D(#10244,$);
#10246=IFCRECTANGLEPROFILEDEF(.AREA.,$,#10245,7.879999999999999,0.25);
#10247=IFCCARTESIANPOINT((0.,0.,0.));
#10248=IFCAXIS2PLACEMENT3D(#10247,$,$);
#10249=IFCDIRECTION((0.,0.,1.));
#10250=IFCEXTRUDEDAREASOLID(#10246,#10248,#10249,0.5);
#10251=IFCSHAPEREPRESENTATION(#14,'Body','SweptSolid',(#10250));
#10252=IFCPRODUCTDEFINITIONSHAPE($,$,(#10251));
#10253=IFCBEAM('1wcLctp3rFExjPX6s2nuMU',#5,'VB_P08_3_02',$,$,#10243,#10252,$,$);
#10254=IFCRELCONTAINEDINSPATIALSTRUCTURE('17Dd9tezD6awDEfZhnBNNn',#5,$,$,(#10253),#73);
#10255=IFCCARTESIANPOINT((30.064999999999998,3.,-0.5));
#10256=IFCAXIS2PLACEMENT3D(#10255,$,$);
#10257=IFCLOCALPLACEMENT(#72,#10256);
#10258=IFCCARTESIANPOINT((0.,0.));
#10259=IFCAXIS2PLACEMENT2D(#10258,$);
#10260=IFCRECTANGLEPROFILEDEF(.AREA.,$,#10259,7.870000000000001,0.25);
#10261=IFCCARTESIANPOINT((0.,0.,0.));
#10262=IFCAXIS2PLACEMENT3D(#10261,$,$);
#10263=IFCDIRECTION((0.,0.,1.));
#10264=IFCEXTRUDEDAREASOLID(#10260,#10262,#10263,0.5);
#10265=IFCSHAPEREPRESENTATION(#14,'Body','SweptSolid',(#10264));
#10266=IFCPRODUCTDEFINITIONSHAPE($,$,(#10265));
#10267=IFCBEAM('16qbTSf1z5$A3Ow05NtUw8',#5,'VB_P08_3_03',$,$,#10257,#10266,$,$);
#10268=IFCRELCONTAINEDINSPATIALSTRUCTURE('1kIJh5GPX938K8GOt4Wl7L',#5,$,$,(#10267),#73);
#10269=IFCCARTESIANPOINT((37.5,3.,-0.5));
#10270=IFCAXIS2PLACEMENT3D(#10269,$,$);
#10271=IFCLOCALPLACEMENT(#72,#10270);
#10272=IFCCARTESIANPOINT((0.,0.));
#10273=IFCAXIS2PLACEMENT2D(#10272,$);
#10274=IFCRECTANGLEPROFILEDEF(.AREA.,$,#10273,7.,0.25);
#10275=IFCCARTESIANPOINT((0.,0.,0.));
#10276=IFCAXIS2PLACEMENT3D(#10275,$,$);
#10277=IFCDIRECTION((0.,0.,1.));
#10278=IFCEXTRUDEDAREASOLID(#10274,#10276,#10277,0.5);
#10279=IFCSHAPEREPRESENTATION(#14,'Body','SweptSolid',(#10278));
#10280=IFCPRODUCTDEFINITIONSHAPE($,$,(#10279));
#10281=IFCBEAM('37FRA5fv9ELAkf65av49R2',#5,'VB_P08_3_04',$,$,#10271,#10280,$,$);
#10282=IFCRELCONTAINEDINSPATIALSTRUCTURE('3ILvTm8Y9CKx6b4ePdf0T2',#5,$,$,(#10281),#73);
#10283=IFCCARTESIANPOINT((45.,3.,-0.5));
#10284=IFCAXIS2PLACEMENT3D(#10283,$,$);
#10285=IFCLOCALPLACEMENT(#72,#10284);
#10286=IFCCARTESIANPOINT((0.,0.));
#10287=IFCAXIS2PLACEMENT2D(#10286,$);
#10288=IFCRECTANGLEPROFILEDEF(.AREA.,$,#10287,8.,0.25);
#10289=IFCCARTESIANPOINT((0.,0.,0.));
#10290=IFCAXIS2PLACEMENT3D(#10289,$,$);
#10291=IFCDIRECTION((0.,0.,1.));
#10292=IFCEXTRUDEDAREASOLID(#10288,#10290,#10291,0.5);
#10293=IFCSHAPEREPRESENTATION(#14,'Body','SweptSolid',(#10292));
#10294=IFCPRODUCTDEFINITIONSHAPE($,$,(#10293));
#10295=IFCBEAM('009dqo7iT2FBBTPHfryhOH',#5,'VB_P08_3_05',$,$,#10285,#10294,$,$);
#10296=IFCRELCONTAINEDINSPATIALSTRUCTURE('2HIfsTFdTDnuIwxdUn3mG1',#5,$,$,(#10295),#73);
#10297=IFCCARTESIANPOINT((52.5,3.,-0.5));
#10298=IFCAXIS2PLACEMENT3D(#10297,$,$);
#10299=IFCLOCALPLACEMENT(#72,#10298);
#10300=IFCCARTESIANPOINT((0.,0.));
#10301=IFCAXIS2PLACEMENT2D(#10300,$);
#10302=IFCRECTANGLEPROFILEDEF(.AREA.,$,#10301,7.,0.25);
#10303=IFCCARTESIANPOINT((0.,0.,0.));
#10304=IFCAXIS2PLACEMENT3D(#10303,$,$);
#10305=IFCDIRECTION((0.,0.,1.));
#10306=IFCEXTRUDEDAREASOLID(#10302,#10304,#10305,0.5);
#10307=IFCSHAPEREPRESENTATION(#14,'Body','SweptSolid',(#10306));
#10308=IFCPRODUCTDEFINITIONSHAPE($,$,(#10307));
#10309=IFCBEAM('2jmhcCSBn9DxM0slrivinG',#5,'VB_P08_3_06',$,$,#10299,#10308,$,$);
#10310=IFCRELCONTAINEDINSPATIALSTRUCTURE('191BVoSPPFfwKZbxajSikv',#5,$,$,(#10309),#73);
#10311=IFCCARTESIANPOINT((59.939999999999998,3.,-0.5));
#10312=IFCAXIS2PLACEMENT3D(#10311,$,$);
#10313=IFCLOCALPLACEMENT(#72,#10312);
#10314=IFCCARTESIANPOINT((0.,0.));
#10315=IFCAXIS2PLACEMENT2D(#10314,$);
#10316=IFCRECTANGLEPROFILEDEF(.AREA.,$,#10315,7.8800000000000026,0.25);
#10317=IFCCARTESIANPOINT((0.,0.,0.));
#10318=IFCAXIS2PLACEMENT3D(#10317,$,$);
#10319=IFCDIRECTION((0.,0.,1.));
#10320=IFCEXTRUDEDAREASOLID(#10316,#10318,#10319,0.5);
#10321=IFCSHAPEREPRESENTATION(#14,'Body','SweptSolid',(#10320));
#10322=IFCPRODUCTDEFINITIONSHAPE($,$,(#10321));
#10323=IFCBEAM('26h5aMHJX4WBN4D6oB$tXv',#5,'VB_P08_3_07',$,$,#10313,#10322,$,$);
#10324=IFCRELCONTAINEDINSPATIALSTRUCTURE('0qa85JNYf8uQDHUxLkWBMJ',#5,$,$,(#10323),#73);
#10325=IFCCARTESIANPOINT((67.814999999999998,3.,-0.5));
#10326=IFCAXIS2PLACEMENT3D(#10325,$,$);
#10327=IFCLOCALPLACEMENT(#72,#10326);
#10328=IFCCARTESIANPOINT((0.,0.));
#10329=IFCAXIS2PLACEMENT2D(#10328,$);
#10330=IFCRECTANGLEPROFILEDEF(.AREA.,$,#10329,7.8699999999999974,0.25);
#10331=IFCCARTESIANPOINT((0.,0.,0.));
#10332=IFCAXIS2PLACEMENT3D(#10331,$,$);
#10333=IFCDIRECTION((0.,0.,1.));
#10334=IFCEXTRUDEDAREASOLID(#10330,#10332,#10333,0.5);
#10335=IFCSHAPEREPRESENTATION(#14,'Body','SweptSolid',(#10334));
#10336=IFCPRODUCTDEFINITIONSHAPE($,$,(#10335));
#10337=IFCBEAM('1qTANmxWb2N9$aYXhSlgLp',#5,'VB_P08_3_08',$,$,#10327,#10336,$,$);
#10338=IFCRELCONTAINEDINSPATIALSTRUCTURE('23IQhVqMvBDPrTUHs$VIpu',#5,$,$,(#10337),#73);
#10339=IFCCARTESIANPOINT((75.689999999999998,3.,-0.5));
#10340=IFCAXIS2PLACEMENT3D(#10339,$,$);
#10341=IFCLOCALPLACEMENT(#72,#10340);
#10342=IFCCARTESIANPOINT((0.,0.));
#10343=IFCAXIS2PLACEMENT2D(#10342,$);
#10344=IFCRECTANGLEPROFILEDEF(.AREA.,$,#10343,7.8799999999999955,0.25);
#10345=IFCCARTESIANPOINT((0.,0.,0.));
#10346=IFCAXIS2PLACEMENT3D(#10345,$,$);
#10347=IFCDIRECTION((0.,0.,1.));
#10348=IFCEXTRUDEDAREASOLID(#10344,#10346,#10347,0.5);
#10349=IFCSHAPEREPRESENTATION(#14,'Body','SweptSolid',(#10348));
#10350=IFCPRODUCTDEFINITIONSHAPE($,$,(#10349));
#10351=IFCBEAM('2rAc8iQ4vCAuG1r$BEDNqb',#5,'VB_P08_3_09',$,$,#10341,#10350,$,$);
#10352=IFCRELCONTAINEDINSPATIALSTRUCTURE('1OAukwGRD73P5A_AyzTVpg',#5,$,$,(#10351),#73);
#10353=IFCCARTESIANPOINT((83.564999999999998,3.,-0.5));
#10354=IFCAXIS2PLACEMENT3D(#10353,$,$);
#10355=IFCLOCALPLACEMENT(#72,#10354);
#10356=IFCCARTESIANPOINT((0.,0.));
#10357=IFCAXIS2PLACEMENT2D(#10356,$);
#10358=IFCRECTANGLEPROFILEDEF(.AREA.,$,#10357,7.8700000000000045,0.25);
#10359=IFCCARTESIANPOINT((0.,0.,0.));
#10360=IFCAXIS2PLACEMENT3D(#10359,$,$);
#10361=IFCDIRECTION((0.,0.,1.));
#10362=IFCEXTRUDEDAREASOLID(#10358,#10360,#10361,0.5);
#10363=IFCSHAPEREPRESENTATION(#14,'Body','SweptSolid',(#10362));
#10364=IFCPRODUCTDEFINITIONSHAPE($,$,(#10363));
#10365=IFCBEAM('03bTLWqXD2HwbTCnD1eTjM',#5,'VB_P08_3_10',$,$,#10355,#10364,$,$);
#10366=IFCRELCONTAINEDINSPATIALSTRUCTURE('36hxuhOnDDTh40LylbrlHO',#5,$,$,(#10365),#73);
#10367=IFCCARTESIANPOINT((6.4400000000000004,40.,-0.5));
#10368=IFCAXIS2PLACEMENT3D(#10367,$,$);
#10369=IFCLOCALPLACEMENT(#72,#10368);
#10370=IFCCARTESIANPOINT((0.,0.));
#10371=IFCAXIS2PLACEMENT2D(#10370,$);
#10372=IFCRECTANGLEPROFILEDEF(.AREA.,$,#10371,7.8800000000000008,0.25);
#10373=IFCCARTESIANPOINT((0.,0.,0.));
#10374=IFCAXIS2PLACEMENT3D(#10373,$,$);
#10375=IFCDIRECTION((0.,0.,1.));
#10376=IFCEXTRUDEDAREASOLID(#10372,#10374,#10375,0.5);
#10377=IFCSHAPEREPRESENTATION(#14,'Body','SweptSolid',(#10376));
#10378=IFCPRODUCTDEFINITIONSHAPE($,$,(#10377));
#10379=IFCBEAM('36tuyYuELAfQomMZu3IQRl',#5,'VB_P08_40_00',$,$,#10369,#10378,$,$);
#10380=IFCRELCONTAINEDINSPATIALSTRUCTURE('2k$QkFCGfF4fCaXClIdjRu',#5,$,$,(#10379),#73);
#10381=IFCCARTESIANPOINT((14.315000000000001,40.,-0.5));
#10382=IFCAXIS2PLACEMENT3D(#10381,$,$);
#10383=IFCLOCALPLACEMENT(#72,#10382);
#10384=IFCCARTESIANPOINT((0.,0.));
#10385=IFCAXIS2PLACEMENT2D(#10384,$);
#10386=IFCRECTANGLEPROFILEDEF(.AREA.,$,#10385,7.8699999999999992,0.25);
#10387=IFCCARTESIANPOINT((0.,0.,0.));
#10388=IFCAXIS2PLACEMENT3D(#10387,$,$);
#10389=IFCDIRECTION((0.,0.,1.));
#10390=IFCEXTRUDEDAREASOLID(#10386,#10388,#10389,0.5);
#10391=IFCSHAPEREPRESENTATION(#14,'Body','SweptSolid',(#10390));
#10392=IFCPRODUCTDEFINITIONSHAPE($,$,(#10391));
#10393=IFCBEAM('2p9N1EW8HFEOhNpCcuPbxt',#5,'VB_P08_40_01',$,$,#10383,#10392,$,$);
#10394=IFCRELCONTAINEDINSPATIALSTRUCTURE('1dMFb3Pb94ZP9E_vmFb4kV',#5,$,$,(#10393),#73);
#10395=IFCCARTESIANPOINT((22.189999999999998,40.,-0.5));
#10396=IFCAXIS2PLACEMENT3D(#10395,$,$);
#10397=IFCLOCALPLACEMENT(#72,#10396);
#10398=IFCCARTESIANPOINT((0.,0.));
#10399=IFCAXIS2PLACEMENT2D(#10398,$);
#10400=IFCRECTANGLEPROFILEDEF(.AREA.,$,#10399,7.879999999999999,0.25);
#10401=IFCCARTESIANPOINT((0.,0.,0.));
#10402=IFCAXIS2PLACEMENT3D(#10401,$,$);
#10403=IFCDIRECTION((0.,0.,1.));
#10404=IFCEXTRUDEDAREASOLID(#10400,#10402,#10403,0.5);
#10405=IFCSHAPEREPRESENTATION(#14,'Body','SweptSolid',(#10404));
#10406=IFCPRODUCTDEFINITIONSHAPE($,$,(#10405));
#10407=IFCBEAM('3sE35GpU52b8so_KFx8g5V',#5,'VB_P08_40_02',$,$,#10397,#10406,$,$);
#10408=IFCRELCONTAINEDINSPATIALSTRUCTURE('0bOwbxmBTAkQ4bP8cbGxwW',#5,$,$,(#10407),#73);
#10409=IFCCARTESIANPOINT((30.064999999999998,40.,-0.5));
#10410=IFCAXIS2PLACEMENT3D(#10409,$,$);
#10411=IFCLOCALPLACEMENT(#72,#10410);
#10412=IFCCARTESIANPOINT((0.,0.));
#10413=IFCAXIS2PLACEMENT2D(#10412,$);
#10414=IFCRECTANGLEPROFILEDEF(.AREA.,$,#10413,7.870000000000001,0.25);
#10415=IFCCARTESIANPOINT((0.,0.,0.));
#10416=IFCAXIS2PLACEMENT3D(#10415,$,$);
#10417=IFCDIRECTION((0.,0.,1.));
#10418=IFCEXTRUDEDAREASOLID(#10414,#10416,#10417,0.5);
#10419=IFCSHAPEREPRESENTATION(#14,'Body','SweptSolid',(#10418));
#10420=IFCPRODUCTDEFINITIONSHAPE($,$,(#10419));
#10421=IFCBEAM('0HvnnsSZL6pfWH9P9hHdte',#5,'VB_P08_40_03',$,$,#10411,#10420,$,$);
#10422=IFCRELCONTAINEDINSPATIALSTRUCTURE('2Iw83xGVLFdfFLiV1D$6Bp',#5,$,$,(#10421),#73);
#10423=IFCCARTESIANPOINT((37.5,40.,-0.5));
#10424=IFCAXIS2PLACEMENT3D(#10423,$,$);
#10425=IFCLOCALPLACEMENT(#72,#10424);
#10426=IFCCARTESIANPOINT((0.,0.));
#10427=IFCAXIS2PLACEMENT2D(#10426,$);
#10428=IFCRECTANGLEPROFILEDEF(.AREA.,$,#10427,7.,0.25);
#10429=IFCCARTESIANPOINT((0.,0.,0.));
#10430=IFCAXIS2PLACEMENT3D(#10429,$,$);
#10431=IFCDIRECTION((0.,0.,1.));
#10432=IFCEXTRUDEDAREASOLID(#10428,#10430,#10431,0.5);
#10433=IFCSHAPEREPRESENTATION(#14,'Body','SweptSolid',(#10432));
#10434=IFCPRODUCTDEFINITIONSHAPE($,$,(#10433));
#10435=IFCBEAM('02I29WeYf2svghGDzcpQtn',#5,'VB_P08_40_04',$,$,#10425,#10434,$,$);
#10436=IFCRELCONTAINEDINSPATIALSTRUCTURE('3OpcaDiGXA28TOnZRn8W0_',#5,$,$,(#10435),#73);
#10437=IFCCARTESIANPOINT((45.,40.,-0.5));
#10438=IFCAXIS2PLACEMENT3D(#10437,$,$);
#10439=IFCLOCALPLACEMENT(#72,#10438);
#10440=IFCCARTESIANPOINT((0.,0.));
#10441=IFCAXIS2PLACEMENT2D(#10440,$);
#10442=IFCRECTANGLEPROFILEDEF(.AREA.,$,#10441,8.,0.25);
#10443=IFCCARTESIANPOINT((0.,0.,0.));
#10444=IFCAXIS2PLACEMENT3D(#10443,$,$);
#10445=IFCDIRECTION((0.,0.,1.));
#10446=IFCEXTRUDEDAREASOLID(#10442,#10444,#10445,0.5);
#10447=IFCSHAPEREPRESENTATION(#14,'Body','SweptSolid',(#10446));
#10448=IFCPRODUCTDEFINITIONSHAPE($,$,(#10447));
#10449=IFCBEAM('1G$cJ7hnjDZxTF5KdVw2rz',#5,'VB_P08_40_05',$,$,#10439,#10448,$,$);
#10450=IFCRELCONTAINEDINSPATIALSTRUCTURE('2Se4YyaAn4VP4D_etvL7eN',#5,$,$,(#10449),#73);
#10451=IFCCARTESIANPOINT((52.5,40.,-0.5));
#10452=IFCAXIS2PLACEMENT3D(#10451,$,$);
#10453=IFCLOCALPLACEMENT(#72,#10452);
#10454=IFCCARTESIANPOINT((0.,0.));
#10455=IFCAXIS2PLACEMENT2D(#10454,$);
#10456=IFCRECTANGLEPROFILEDEF(.AREA.,$,#10455,7.,0.25);
#10457=IFCCARTESIANPOINT((0.,0.,0.));
#10458=IFCAXIS2PLACEMENT3D(#10457,$,$);
#10459=IFCDIRECTION((0.,0.,1.));
#10460=IFCEXTRUDEDAREASOLID(#10456,#10458,#10459,0.5);
#10461=IFCSHAPEREPRESENTATION(#14,'Body','SweptSolid',(#10460));
#10462=IFCPRODUCTDEFINITIONSHAPE($,$,(#10461));
#10463=IFCBEAM('12sv2ie8XDCPonjrhTUMeN',#5,'VB_P08_40_06',$,$,#10453,#10462,$,$);
#10464=IFCRELCONTAINEDINSPATIALSTRUCTURE('1bevph0uDDORED7nDR4jn5',#5,$,$,(#10463),#73);
#10465=IFCCARTESIANPOINT((59.939999999999998,40.,-0.5));
#10466=IFCAXIS2PLACEMENT3D(#10465,$,$);
#10467=IFCLOCALPLACEMENT(#72,#10466);
#10468=IFCCARTESIANPOINT((0.,0.));
#10469=IFCAXIS2PLACEMENT2D(#10468,$);
#10470=IFCRECTANGLEPROFILEDEF(.AREA.,$,#10469,7.8800000000000026,0.25);
#10471=IFCCARTESIANPOINT((0.,0.,0.));
#10472=IFCAXIS2PLACEMENT3D(#10471,$,$);
#10473=IFCDIRECTION((0.,0.,1.));
#10474=IFCEXTRUDEDAREASOLID(#10470,#10472,#10473,0.5);
#10475=IFCSHAPEREPRESENTATION(#14,'Body','SweptSolid',(#10474));
#10476=IFCPRODUCTDEFINITIONSHAPE($,$,(#10475));
#10477=IFCBEAM('3mSemztFb2mh$obTgLqy4U',#5,'VB_P08_40_07',$,$,#10467,#10476,$,$);
#10478=IFCRELCONTAINEDINSPATIALSTRUCTURE('3AkxBVBjP8WP1ZS2WuFqH1',#5,$,$,(#10477),#73);
#10479=IFCCARTESIANPOINT((67.814999999999998,40.,-0.5));
#10480=IFCAXIS2PLACEMENT3D(#10479,$,$);
#10481=IFCLOCALPLACEMENT(#72,#10480);
#10482=IFCCARTESIANPOINT((0.,0.));
#10483=IFCAXIS2PLACEMENT2D(#10482,$);
#10484=IFCRECTANGLEPROFILEDEF(.AREA.,$,#10483,7.8699999999999974,0.25);
#10485=IFCCARTESIANPOINT((0.,0.,0.));
#10486=IFCAXIS2PLACEMENT3D(#10485,$,$);
#10487=IFCDIRECTION((0.,0.,1.));
#10488=IFCEXTRUDEDAREASOLID(#10484,#10486,#10487,0.5);
#10489=IFCSHAPEREPRESENTATION(#14,'Body','SweptSolid',(#10488));
#10490=IFCPRODUCTDEFINITIONSHAPE($,$,(#10489));
#10491=IFCBEAM('1c2RmK0yXBb8D0eV6UynjJ',#5,'VB_P08_40_08',$,$,#10481,#10490,$,$);
#10492=IFCRELCONTAINEDINSPATIALSTRUCTURE('39R9XdcgvFzw9JW9NPdydS',#5,$,$,(#10491),#73);
#10493=IFCCARTESIANPOINT((75.689999999999998,40.,-0.5));
#10494=IFCAXIS2PLACEMENT3D(#10493,$,$);
#10495=IFCLOCALPLACEMENT(#72,#10494);
#10496=IFCCARTESIANPOINT((0.,0.));
#10497=IFCAXIS2PLACEMENT2D(#10496,$);
#10498=IFCRECTANGLEPROFILEDEF(.AREA.,$,#10497,7.8799999999999955,0.25);
#10499=IFCCARTESIANPOINT((0.,0.,0.));
#10500=IFCAXIS2PLACEMENT3D(#10499,$,$);
#10501=IFCDIRECTION((0.,0.,1.));
#10502=IFCEXTRUDEDAREASOLID(#10498,#10500,#10501,0.5);
#10503=IFCSHAPEREPRESENTATION(#14,'Body','SweptSolid',(#10502));
#10504=IFCPRODUCTDEFINITIONSHAPE($,$,(#10503));
#10505=IFCBEAM('1PLvQk6CX658YLSceh6kcu',#5,'VB_P08_40_09',$,$,#10495,#10504,$,$);
#10506=IFCRELCONTAINEDINSPATIALSTRUCTURE('2JlF$79ib8$vzs9uaKooQw',#5,$,$,(#10505),#73);
#10507=IFCCARTESIANPOINT((83.564999999999998,40.,-0.5));
#10508=IFCAXIS2PLACEMENT3D(#10507,$,$);
#10509=IFCLOCALPLACEMENT(#72,#10508);
#10510=IFCCARTESIANPOINT((0.,0.));
#10511=IFCAXIS2PLACEMENT2D(#10510,$);
#10512=IFCRECTANGLEPROFILEDEF(.AREA.,$,#10511,7.8700000000000045,0.25);
#10513=IFCCARTESIANPOINT((0.,0.,0.));
#10514=IFCAXIS2PLACEMENT3D(#10513,$,$);
#10515=IFCDIRECTION((0.,0.,1.));
#10516=IFCEXTRUDEDAREASOLID(#10512,#10514,#10515,0.5);
#10517=IFCSHAPEREPRESENTATION(#14,'Body','SweptSolid',(#10516));
#10518=IFCPRODUCTDEFINITIONSHAPE($,$,(#10517));
#10519=IFCBEAM('2uXF0WaGf9wuyYH2hLuJW3',#5,'VB_P08_40_10',$,$,#10509,#10518,$,$);
#10520=IFCRELCONTAINEDINSPATIALSTRUCTURE('0BAgw9W$19UBMosZYUEmgF',#5,$,$,(#10519),#73);
#10521=IFCCARTESIANPOINT((2.5,6.5,-0.5));
#10522=IFCAXIS2PLACEMENT3D(#10521,$,$);
#10523=IFCLOCALPLACEMENT(#72,#10522);
#10524=IFCCARTESIANPOINT((0.,0.));
#10525=IFCAXIS2PLACEMENT2D(#10524,$);
#10526=IFCRECTANGLEPROFILEDEF(.AREA.,$,#10525,0.25,7.);
#10527=IFCCARTESIANPOINT((0.,0.,0.));
#10528=IFCAXIS2PLACEMENT3D(#10527,$,$);
#10529=IFCDIRECTION((0.,0.,1.));
#10530=IFCEXTRUDEDAREASOLID(#10526,#10528,#10529,0.5);
#10531=IFCSHAPEREPRESENTATION(#14,'Body','SweptSolid',(#10530));
#10532=IFCPRODUCTDEFINITIONSHAPE($,$,(#10531));
#10533=IFCBEAM('1LnQFKoGj4FfVLbv572RAm',#5,'VB_P08_2_00',$,$,#10523,#10532,$,$);
#10534=IFCRELCONTAINEDINSPATIALSTRUCTURE('3kKa8H39D3wu7nkaFAObaM',#5,$,$,(#10533),#73);
#10535=IFCCARTESIANPOINT((2.5,13.5,-0.5));
#10536=IFCAXIS2PLACEMENT3D(#10535,$,$);
#10537=IFCLOCALPLACEMENT(#72,#10536);
#10538=IFCCARTESIANPOINT((0.,0.));
#10539=IFCAXIS2PLACEMENT2D(#10538,$);
#10540=IFCRECTANGLEPROFILEDEF(.AREA.,$,#10539,0.25,7.);
#10541=IFCCARTESIANPOINT((0.,0.,0.));
#10542=IFCAXIS2PLACEMENT3D(#10541,$,$);
#10543=IFCDIRECTION((0.,0.,1.));
#10544=IFCEXTRUDEDAREASOLID(#10540,#10542,#10543,0.5);
#10545=IFCSHAPEREPRESENTATION(#14,'Body','SweptSolid',(#10544));
#10546=IFCPRODUCTDEFINITIONSHAPE($,$,(#10545));
#10547=IFCBEAM('3Ag8CsqlD7vOAVxtV5k4Fg',#5,'VB_P08_2_01',$,$,#10537,#10546,$,$);
#10548=IFCRELCONTAINEDINSPATIALSTRUCTURE('0p2keyj$X97x6g1k$dzgu3',#5,$,$,(#10547),#73);
#10549=IFCCARTESIANPOINT((2.5,21.5,-0.5));
#10550=IFCAXIS2PLACEMENT3D(#10549,$,$);
#10551=IFCLOCALPLACEMENT(#72,#10550);
#10552=IFCCARTESIANPOINT((0.,0.));
#10553=IFCAXIS2PLACEMENT2D(#10552,$);
#10554=IFCRECTANGLEPROFILEDEF(.AREA.,$,#10553,0.25,9.);
#10555=IFCCARTESIANPOINT((0.,0.,0.));
#10556=IFCAXIS2PLACEMENT3D(#10555,$,$);
#10557=IFCDIRECTION((0.,0.,1.));
#10558=IFCEXTRUDEDAREASOLID(#10554,#10556,#10557,0.5);
#10559=IFCSHAPEREPRESENTATION(#14,'Body','SweptSolid',(#10558));
#10560=IFCPRODUCTDEFINITIONSHAPE($,$,(#10559));
#10561=IFCBEAM('0mlISeEjb6iO5InbnXqigX',#5,'VB_P08_2_02',$,$,#10551,#10560,$,$);
#10562=IFCRELCONTAINEDINSPATIALSTRUCTURE('3vZkU1JyzFQRCRByzE8MZl',#5,$,$,(#10561),#73);
#10563=IFCCARTESIANPOINT((2.5,29.5,-0.5));
#10564=IFCAXIS2PLACEMENT3D(#10563,$,$);
#10565=IFCLOCALPLACEMENT(#72,#10564);
#10566=IFCCARTESIANPOINT((0.,0.));
#10567=IFCAXIS2PLACEMENT2D(#10566,$);
#10568=IFCRECTANGLEPROFILEDEF(.AREA.,$,#10567,0.25,7.);
#10569=IFCCARTESIANPOINT((0.,0.,0.));
#10570=IFCAXIS2PLACEMENT3D(#10569,$,$);
#10571=IFCDIRECTION((0.,0.,1.));
#10572=IFCEXTRUDEDAREASOLID(#10568,#10570,#10571,0.5);
#10573=IFCSHAPEREPRESENTATION(#14,'Body','SweptSolid',(#10572));
#10574=IFCPRODUCTDEFINITIONSHAPE($,$,(#10573));
#10575=IFCBEAM('28Xicejs59qhMjQMrFURGS',#5,'VB_P08_2_03',$,$,#10565,#10574,$,$);
#10576=IFCRELCONTAINEDINSPATIALSTRUCTURE('3PqZGa$tn5V9rbWKc3YJ8B',#5,$,$,(#10575),#73);
#10577=IFCCARTESIANPOINT((2.5,36.5,-0.5));
#10578=IFCAXIS2PLACEMENT3D(#10577,$,$);
#10579=IFCLOCALPLACEMENT(#72,#10578);
#10580=IFCCARTESIANPOINT((0.,0.));
#10581=IFCAXIS2PLACEMENT2D(#10580,$);
#10582=IFCRECTANGLEPROFILEDEF(.AREA.,$,#10581,0.25,7.);
#10583=IFCCARTESIANPOINT((0.,0.,0.));
#10584=IFCAXIS2PLACEMENT3D(#10583,$,$);
#10585=IFCDIRECTION((0.,0.,1.));
#10586=IFCEXTRUDEDAREASOLID(#10582,#10584,#10585,0.5);
#10587=IFCSHAPEREPRESENTATION(#14,'Body','SweptSolid',(#10586));
#10588=IFCPRODUCTDEFINITIONSHAPE($,$,(#10587));
#10589=IFCBEAM('0_OAMMV45BefbWj_LHVjO5',#5,'VB_P08_2_04',$,$,#10579,#10588,$,$);
#10590=IFCRELCONTAINEDINSPATIALSTRUCTURE('0l7MYYDbbALBiCkC0E3U3N',#5,$,$,(#10589),#73);
#10591=IFCCARTESIANPOINT((87.5,6.5,-0.5));
#10592=IFCAXIS2PLACEMENT3D(#10591,$,$);
#10593=IFCLOCALPLACEMENT(#72,#10592);
#10594=IFCCARTESIANPOINT((0.,0.));
#10595=IFCAXIS2PLACEMENT2D(#10594,$);
#10596=IFCRECTANGLEPROFILEDEF(.AREA.,$,#10595,0.25,7.);
#10597=IFCCARTESIANPOINT((0.,0.,0.));
#10598=IFCAXIS2PLACEMENT3D(#10597,$,$);
#10599=IFCDIRECTION((0.,0.,1.));
#10600=IFCEXTRUDEDAREASOLID(#10596,#10598,#10599,0.5);
#10601=IFCSHAPEREPRESENTATION(#14,'Body','SweptSolid',(#10600));
#10602=IFCPRODUCTDEFINITIONSHAPE($,$,(#10601));
#10603=IFCBEAM('2jyoGrz6j0Nu62NuAhL8EK',#5,'VB_P08_88_00',$,$,#10593,#10602,$,$);
#10604=IFCRELCONTAINEDINSPATIALSTRUCTURE('0c4IMBRL535uzDpw_mfbQ7',#5,$,$,(#10603),#73);
#10605=IFCCARTESIANPOINT((87.5,13.5,-0.5));
#10606=IFCAXIS2PLACEMENT3D(#10605,$,$);
#10607=IFCLOCALPLACEMENT(#72,#10606);
#10608=IFCCARTESIANPOINT((0.,0.));
#10609=IFCAXIS2PLACEMENT2D(#10608,$);
#10610=IFCRECTANGLEPROFILEDEF(.AREA.,$,#10609,0.25,7.);
#10611=IFCCARTESIANPOINT((0.,0.,0.));
#10612=IFCAXIS2PLACEMENT3D(#10611,$,$);
#10613=IFCDIRECTION((0.,0.,1.));
#10614=IFCEXTRUDEDAREASOLID(#10610,#10612,#10613,0.5);
#10615=IFCSHAPEREPRESENTATION(#14,'Body','SweptSolid',(#10614));
#10616=IFCPRODUCTDEFINITIONSHAPE($,$,(#10615));
#10617=IFCBEAM('2mEwlq$CnEqx3Dw1lvdcf0',#5,'VB_P08_88_01',$,$,#10607,#10616,$,$);
#10618=IFCRELCONTAINEDINSPATIALSTRUCTURE('0c02Za_QDBiRheDmLl28_a',#5,$,$,(#10617),#73);
#10619=IFCCARTESIANPOINT((87.5,21.5,-0.5));
#10620=IFCAXIS2PLACEMENT3D(#10619,$,$);
#10621=IFCLOCALPLACEMENT(#72,#10620);
#10622=IFCCARTESIANPOINT((0.,0.));
#10623=IFCAXIS2PLACEMENT2D(#10622,$);
#10624=IFCRECTANGLEPROFILEDEF(.AREA.,$,#10623,0.25,9.);
#10625=IFCCARTESIANPOINT((0.,0.,0.));
#10626=IFCAXIS2PLACEMENT3D(#10625,$,$);
#10627=IFCDIRECTION((0.,0.,1.));
#10628=IFCEXTRUDEDAREASOLID(#10624,#10626,#10627,0.5);
#10629=IFCSHAPEREPRESENTATION(#14,'Body','SweptSolid',(#10628));
#10630=IFCPRODUCTDEFINITIONSHAPE($,$,(#10629));
#10631=IFCBEAM('0TO9hHzFzDHuYbSGUm_iYN',#5,'VB_P08_88_02',$,$,#10621,#10630,$,$);
#10632=IFCRELCONTAINEDINSPATIALSTRUCTURE('2ZhZ8Jzpb1JxuDIURCmjIw',#5,$,$,(#10631),#73);
#10633=IFCCARTESIANPOINT((87.5,29.5,-0.5));
#10634=IFCAXIS2PLACEMENT3D(#10633,$,$);
#10635=IFCLOCALPLACEMENT(#72,#10634);
#10636=IFCCARTESIANPOINT((0.,0.));
#10637=IFCAXIS2PLACEMENT2D(#10636,$);
#10638=IFCRECTANGLEPROFILEDEF(.AREA.,$,#10637,0.25,7.);
#10639=IFCCARTESIANPOINT((0.,0.,0.));
#10640=IFCAXIS2PLACEMENT3D(#10639,$,$);
#10641=IFCDIRECTION((0.,0.,1.));
#10642=IFCEXTRUDEDAREASOLID(#10638,#10640,#10641,0.5);
#10643=IFCSHAPEREPRESENTATION(#14,'Body','SweptSolid',(#10642));
#10644=IFCPRODUCTDEFINITIONSHAPE($,$,(#10643));
#10645=IFCBEAM('0Sr93ebXr4SQer8KPofWKZ',#5,'VB_P08_88_03',$,$,#10635,#10644,$,$);
#10646=IFCRELCONTAINEDINSPATIALSTRUCTURE('0ON2NqkQf1BR4O4cN$QPs1',#5,$,$,(#10645),#73);
#10647=IFCCARTESIANPOINT((87.5,36.5,-0.5));
#10648=IFCAXIS2PLACEMENT3D(#10647,$,$);
#10649=IFCLOCALPLACEMENT(#72,#10648);
#10650=IFCCARTESIANPOINT((0.,0.));
#10651=IFCAXIS2PLACEMENT2D(#10650,$);
#10652=IFCRECTANGLEPROFILEDEF(.AREA.,$,#10651,0.25,7.);
#10653=IFCCARTESIANPOINT((0.,0.,0.));
#10654=IFCAXIS2PLACEMENT3D(#10653,$,$);
#10655=IFCDIRECTION((0.,0.,1.));
#10656=IFCEXTRUDEDAREASOLID(#10652,#10654,#10655,0.5);
#10657=IFCSHAPEREPRESENTATION(#14,'Body','SweptSolid',(#10656));
#10658=IFCPRODUCTDEFINITIONSHAPE($,$,(#10657));
#10659=IFCBEAM('0SlHRy0Ob8YuxWpD1haFME',#5,'VB_P08_88_04',$,$,#10649,#10658,$,$);
#10660=IFCRELCONTAINEDINSPATIALSTRUCTURE('1GglwxbYbFuQRY968ijUTB',#5,$,$,(#10659),#73);
#10661=IFCCARTESIANPOINT((12.,18.,-0.5));
#10662=IFCAXIS2PLACEMENT3D(#10661,$,$);
#10663=IFCLOCALPLACEMENT(#72,#10662);
#10664=IFCCARTESIANPOINT((0.,0.));
#10665=IFCAXIS2PLACEMENT2D(#10664,$);
#10666=IFCRECTANGLEPROFILEDEF(.AREA.,$,#10665,14.,0.20000000000000284);
#10667=IFCCARTESIANPOINT((0.,0.,0.));
#10668=IFCAXIS2PLACEMENT3D(#10667,$,$);
#10669=IFCDIRECTION((0.,0.,1.));
#10670=IFCEXTRUDEDAREASOLID(#10666,#10668,#10669,0.5);
#10671=IFCSHAPEREPRESENTATION(#14,'Body','SweptSolid',(#10670));
#10672=IFCPRODUCTDEFINITIONSHAPE($,$,(#10671));
#10673=IFCBEAM('3YlXrGDkD18xEvP_mccajU',#5,'VP_P08_A_18',$,$,#10663,#10672,$,$);
#10674=IFCRELCONTAINEDINSPATIALSTRUCTURE('25vaavAoP5_gU6Ys1eRHqt',#5,$,$,(#10673),#73);
#10675=IFCCARTESIANPOINT((12.,25.,-0.5));
#10676=IFCAXIS2PLACEMENT3D(#10675,$,$);
#10677=IFCLOCALPLACEMENT(#72,#10676);
#10678=IFCCARTESIANPOINT((0.,0.));
#10679=IFCAXIS2PLACEMENT2D(#10678,$);
#10680=IFCRECTANGLEPROFILEDEF(.AREA.,$,#10679,14.,0.20000000000000284);
#10681=IFCCARTESIANPOINT((0.,0.,0.));
#10682=IFCAXIS2PLACEMENT3D(#10681,$,$);
#10683=IFCDIRECTION((0.,0.,1.));
#10684=IFCEXTRUDEDAREASOLID(#10680,#10682,#10683,0.5);
#10685=IFCSHAPEREPRESENTATION(#14,'Body','SweptSolid',(#10684));
#10686=IFCPRODUCTDEFINITIONSHAPE($,$,(#10685));
#10687=IFCBEAM('2fn9Sa$qH4IvOnfnAjQYXv',#5,'VP_P08_A_25',$,$,#10677,#10686,$,$);
#10688=IFCRELCONTAINEDINSPATIALSTRUCTURE('1_EMMu$uDExOP1UBnPfx68',#5,$,$,(#10687),#73);
#10689=IFCCARTESIANPOINT((5.,21.5,-0.5));
#10690=IFCAXIS2PLACEMENT3D(#10689,$,$);
#10691=IFCLOCALPLACEMENT(#72,#10690);
#10692=IFCCARTESIANPOINT((0.,0.));
#10693=IFCAXIS2PLACEMENT2D(#10692,$);
#10694=IFCRECTANGLEPROFILEDEF(.AREA.,$,#10693,0.19999999999999929,7.);
#10695=IFCCARTESIANPOINT((0.,0.,0.));
#10696=IFCAXIS2PLACEMENT3D(#10695,$,$);
#10697=IFCDIRECTION((0.,0.,1.));
#10698=IFCEXTRUDEDAREASOLID(#10694,#10696,#10697,0.5);
#10699=IFCSHAPEREPRESENTATION(#14,'Body','SweptSolid',(#10698));
#10700=IFCPRODUCTDEFINITIONSHAPE($,$,(#10699));
#10701=IFCBEAM('3hfrc8Td124QV7y6BxlLkI',#5,'VP_P08_A_5',$,$,#10691,#10700,$,$);
#10702=IFCRELCONTAINEDINSPATIALSTRUCTURE('0q1zz1W0D0fxjLMCnoUhx6',#5,$,$,(#10701),#73);
#10703=IFCCARTESIANPOINT((19.,21.5,-0.5));
#10704=IFCAXIS2PLACEMENT3D(#10703,$,$);
#10705=IFCLOCALPLACEMENT(#72,#10704);
#10706=IFCCARTESIANPOINT((0.,0.));
#10707=IFCAXIS2PLACEMENT2D(#10706,$);
#10708=IFCRECTANGLEPROFILEDEF(.AREA.,$,#10707,0.20000000000000284,7.);
#10709=IFCCARTESIANPOINT((0.,0.,0.));
#10710=IFCAXIS2PLACEMENT3D(#10709,$,$);
#10711=IFCDIRECTION((0.,0.,1.));
#10712=IFCEXTRUDEDAREASOLID(#10708,#10710,#10711,0.5);
#10713=IFCSHAPEREPRESENTATION(#14,'Body','SweptSolid',(#10712));
#10714=IFCPRODUCTDEFINITIONSHAPE($,$,(#10713));
#10715=IFCBEAM('0CqhzzWrD1BxRzQKgLtPDY',#5,'VP_P08_A_19',$,$,#10705,#10714,$,$);
#10716=IFCRELCONTAINEDINSPATIALSTRUCTURE('23I0aH0jX58gjaF$aALSpz',#5,$,$,(#10715),#73);
#10717=IFCCARTESIANPOINT((78.,18.,-0.5));
#10718=IFCAXIS2PLACEMENT3D(#10717,$,$);
#10719=IFCLOCALPLACEMENT(#72,#10718);
#10720=IFCCARTESIANPOINT((0.,0.));
#10721=IFCAXIS2PLACEMENT2D(#10720,$);
#10722=IFCRECTANGLEPROFILEDEF(.AREA.,$,#10721,14.,0.20000000000000284);
#10723=IFCCARTESIANPOINT((0.,0.,0.));
#10724=IFCAXIS2PLACEMENT3D(#10723,$,$);
#10725=IFCDIRECTION((0.,0.,1.));
#10726=IFCEXTRUDEDAREASOLID(#10722,#10724,#10725,0.5);
#10727=IFCSHAPEREPRESENTATION(#14,'Body','SweptSolid',(#10726));
#10728=IFCPRODUCTDEFINITIONSHAPE($,$,(#10727));
#10729=IFCBEAM('1SD8aMoxL3auEXv_jD8NwL',#5,'VP_P08_B_18',$,$,#10719,#10728,$,$);
#10730=IFCRELCONTAINEDINSPATIALSTRUCTURE('1XmzFLS_L5HRqrNn1YIMW1',#5,$,$,(#10729),#73);
#10731=IFCCARTESIANPOINT((78.,25.,-0.5));
#10732=IFCAXIS2PLACEMENT3D(#10731,$,$);
#10733=IFCLOCALPLACEMENT(#72,#10732);
#10734=IFCCARTESIANPOINT((0.,0.));
#10735=IFCAXIS2PLACEMENT2D(#10734,$);
#10736=IFCRECTANGLEPROFILEDEF(.AREA.,$,#10735,14.,0.20000000000000284);
#10737=IFCCARTESIANPOINT((0.,0.,0.));
#10738=IFCAXIS2PLACEMENT3D(#10737,$,$);
#10739=IFCDIRECTION((0.,0.,1.));
#10740=IFCEXTRUDEDAREASOLID(#10736,#10738,#10739,0.5);
#10741=IFCSHAPEREPRESENTATION(#14,'Body','SweptSolid',(#10740));
#10742=IFCPRODUCTDEFINITIONSHAPE($,$,(#10741));
#10743=IFCBEAM('1WRmFeLX15NwSgtFrWaZPZ',#5,'VP_P08_B_25',$,$,#10733,#10742,$,$);
#10744=IFCRELCONTAINEDINSPATIALSTRUCTURE('03vTmtOSX4mfGTmgJwUMhB',#5,$,$,(#10743),#73);
#10745=IFCCARTESIANPOINT((71.,21.5,-0.5));
#10746=IFCAXIS2PLACEMENT3D(#10745,$,$);
#10747=IFCLOCALPLACEMENT(#72,#10746);
#10748=IFCCARTESIANPOINT((0.,0.));
#10749=IFCAXIS2PLACEMENT2D(#10748,$);
#10750=IFCRECTANGLEPROFILEDEF(.AREA.,$,#10749,0.19999999999998863,7.);
#10751=IFCCARTESIANPOINT((0.,0.,0.));
#10752=IFCAXIS2PLACEMENT3D(#10751,$,$);
#10753=IFCDIRECTION((0.,0.,1.));
#10754=IFCEXTRUDEDAREASOLID(#10750,#10752,#10753,0.5);
#10755=IFCSHAPEREPRESENTATION(#14,'Body','SweptSolid',(#10754));
#10756=IFCPRODUCTDEFINITIONSHAPE($,$,(#10755));
#10757=IFCBEAM('3WlV3TGcLCyvQqc6sKIBXw',#5,'VP_P08_B_71',$,$,#10747,#10756,$,$);
#10758=IFCRELCONTAINEDINSPATIALSTRUCTURE('3WjeauDKjBF874Fv1YcdmW',#5,$,$,(#10757),#73);
#10759=IFCCARTESIANPOINT((85.,21.5,-0.5));
#10760=IFCAXIS2PLACEMENT3D(#10759,$,$);
#10761=IFCLOCALPLACEMENT(#72,#10760);
#10762=IFCCARTESIANPOINT((0.,0.));
#10763=IFCAXIS2PLACEMENT2D(#10762,$);
#10764=IFCRECTANGLEPROFILEDEF(.AREA.,$,#10763,0.19999999999998863,7.);
#10765=IFCCARTESIANPOINT((0.,0.,0.));
#10766=IFCAXIS2PLACEMENT3D(#10765,$,$);
#10767=IFCDIRECTION((0.,0.,1.));
#10768=IFCEXTRUDEDAREASOLID(#10764,#10766,#10767,0.5);
#10769=IFCSHAPEREPRESENTATION(#14,'Body','SweptSolid',(#10768));
#10770=IFCPRODUCTDEFINITIONSHAPE($,$,(#10769));
#10771=IFCBEAM('0NDMWs3afFQRq5TCD52fVu',#5,'VP_P08_B_85',$,$,#10761,#10770,$,$);
#10772=IFCRELCONTAINEDINSPATIALSTRUCTURE('3ferB8csX1ZAfk1li4AkCZ',#5,$,$,(#10771),#73);
#10773=IFCCARTESIANPOINT((6.4400000000000004,3.,-0.5));
#10774=IFCAXIS2PLACEMENT3D(#10773,$,$);
#10775=IFCLOCALPLACEMENT(#76,#10774);
#10776=IFCCARTESIANPOINT((0.,0.));
#10777=IFCAXIS2PLACEMENT2D(#10776,$);
#10778=IFCRECTANGLEPROFILEDEF(.AREA.,$,#10777,7.8800000000000008,0.25);
#10779=IFCCARTESIANPOINT((0.,0.,0.));
#10780=IFCAXIS2PLACEMENT3D(#10779,$,$);
#10781=IFCDIRECTION((0.,0.,1.));
#10782=IFCEXTRUDEDAREASOLID(#10778,#10780,#10781,0.5);
#10783=IFCSHAPEREPRESENTATION(#14,'Body','SweptSolid',(#10782));
#10784=IFCPRODUCTDEFINITIONSHAPE($,$,(#10783));
#10785=IFCBEAM('1$cNNTn$9EyxxW$mVMb3sb',#5,'VB_P09_3_00',$,$,#10775,#10784,$,$);
#10786=IFCRELCONTAINEDINSPATIALSTRUCTURE('3uBbfijyXBkOcjZsXM_5qe',#5,$,$,(#10785),#77);
#10787=IFCCARTESIANPOINT((14.315000000000001,3.,-0.5));
#10788=IFCAXIS2PLACEMENT3D(#10787,$,$);
#10789=IFCLOCALPLACEMENT(#76,#10788);
#10790=IFCCARTESIANPOINT((0.,0.));
#10791=IFCAXIS2PLACEMENT2D(#10790,$);
#10792=IFCRECTANGLEPROFILEDEF(.AREA.,$,#10791,7.8699999999999992,0.25);
#10793=IFCCARTESIANPOINT((0.,0.,0.));
#10794=IFCAXIS2PLACEMENT3D(#10793,$,$);
#10795=IFCDIRECTION((0.,0.,1.));
#10796=IFCEXTRUDEDAREASOLID(#10792,#10794,#10795,0.5);
#10797=IFCSHAPEREPRESENTATION(#14,'Body','SweptSolid',(#10796));
#10798=IFCPRODUCTDEFINITIONSHAPE($,$,(#10797));
#10799=IFCBEAM('2NDMluQKf3uvE05opbnlop',#5,'VB_P09_3_01',$,$,#10789,#10798,$,$);
#10800=IFCRELCONTAINEDINSPATIALSTRUCTURE('15mJ6YUGX87vXj1Df_bOIQ',#5,$,$,(#10799),#77);
#10801=IFCCARTESIANPOINT((22.189999999999998,3.,-0.5));
#10802=IFCAXIS2PLACEMENT3D(#10801,$,$);
#10803=IFCLOCALPLACEMENT(#76,#10802);
#10804=IFCCARTESIANPOINT((0.,0.));
#10805=IFCAXIS2PLACEMENT2D(#10804,$);
#10806=IFCRECTANGLEPROFILEDEF(.AREA.,$,#10805,7.879999999999999,0.25);
#10807=IFCCARTESIANPOINT((0.,0.,0.));
#10808=IFCAXIS2PLACEMENT3D(#10807,$,$);
#10809=IFCDIRECTION((0.,0.,1.));
#10810=IFCEXTRUDEDAREASOLID(#10806,#10808,#10809,0.5);
#10811=IFCSHAPEREPRESENTATION(#14,'Body','SweptSolid',(#10810));
#10812=IFCPRODUCTDEFINITIONSHAPE($,$,(#10811));
#10813=IFCBEAM('0NhCI7AL57Pu4Mf2xZCas6',#5,'VB_P09_3_02',$,$,#10803,#10812,$,$);
#10814=IFCRELCONTAINEDINSPATIALSTRUCTURE('25LcPZ38P1lekH9wOxRvxb',#5,$,$,(#10813),#77);
#10815=IFCCARTESIANPOINT((30.064999999999998,3.,-0.5));
#10816=IFCAXIS2PLACEMENT3D(#10815,$,$);
#10817=IFCLOCALPLACEMENT(#76,#10816);
#10818=IFCCARTESIANPOINT((0.,0.));
#10819=IFCAXIS2PLACEMENT2D(#10818,$);
#10820=IFCRECTANGLEPROFILEDEF(.AREA.,$,#10819,7.870000000000001,0.25);
#10821=IFCCARTESIANPOINT((0.,0.,0.));
#10822=IFCAXIS2PLACEMENT3D(#10821,$,$);
#10823=IFCDIRECTION((0.,0.,1.));
#10824=IFCEXTRUDEDAREASOLID(#10820,#10822,#10823,0.5);
#10825=IFCSHAPEREPRESENTATION(#14,'Body','SweptSolid',(#10824));
#10826=IFCPRODUCTDEFINITIONSHAPE($,$,(#10825));
#10827=IFCBEAM('0XhkTf$KH0efKt1D2T2VUM',#5,'VB_P09_3_03',$,$,#10817,#10826,$,$);
#10828=IFCRELCONTAINEDINSPATIALSTRUCTURE('2dcR9v61r8_OQJca5dpI_f',#5,$,$,(#10827),#77);
#10829=IFCCARTESIANPOINT((37.5,3.,-0.5));
#10830=IFCAXIS2PLACEMENT3D(#10829,$,$);
#10831=IFCLOCALPLACEMENT(#76,#10830);
#10832=IFCCARTESIANPOINT((0.,0.));
#10833=IFCAXIS2PLACEMENT2D(#10832,$);
#10834=IFCRECTANGLEPROFILEDEF(.AREA.,$,#10833,7.,0.25);
#10835=IFCCARTESIANPOINT((0.,0.,0.));
#10836=IFCAXIS2PLACEMENT3D(#10835,$,$);
#10837=IFCDIRECTION((0.,0.,1.));
#10838=IFCEXTRUDEDAREASOLID(#10834,#10836,#10837,0.5);
#10839=IFCSHAPEREPRESENTATION(#14,'Body','SweptSolid',(#10838));
#10840=IFCPRODUCTDEFINITIONSHAPE($,$,(#10839));
#10841=IFCBEAM('1VTOU2H6jCz8WMOFr1rD30',#5,'VB_P09_3_04',$,$,#10831,#10840,$,$);
#10842=IFCRELCONTAINEDINSPATIALSTRUCTURE('13GNtTEOH9q9K9M7QZxotQ',#5,$,$,(#10841),#77);
#10843=IFCCARTESIANPOINT((45.,3.,-0.5));
#10844=IFCAXIS2PLACEMENT3D(#10843,$,$);
#10845=IFCLOCALPLACEMENT(#76,#10844);
#10846=IFCCARTESIANPOINT((0.,0.));
#10847=IFCAXIS2PLACEMENT2D(#10846,$);
#10848=IFCRECTANGLEPROFILEDEF(.AREA.,$,#10847,8.,0.25);
#10849=IFCCARTESIANPOINT((0.,0.,0.));
#10850=IFCAXIS2PLACEMENT3D(#10849,$,$);
#10851=IFCDIRECTION((0.,0.,1.));
#10852=IFCEXTRUDEDAREASOLID(#10848,#10850,#10851,0.5);
#10853=IFCSHAPEREPRESENTATION(#14,'Body','SweptSolid',(#10852));
#10854=IFCPRODUCTDEFINITIONSHAPE($,$,(#10853));
#10855=IFCBEAM('3Jtt0WHxX8MxU0W2L1Ffhr',#5,'VB_P09_3_05',$,$,#10845,#10854,$,$);
#10856=IFCRELCONTAINEDINSPATIALSTRUCTURE('2mYrEMiyf2VOhEaZ$FRfBF',#5,$,$,(#10855),#77);
#10857=IFCCARTESIANPOINT((52.5,3.,-0.5));
#10858=IFCAXIS2PLACEMENT3D(#10857,$,$);
#10859=IFCLOCALPLACEMENT(#76,#10858);
#10860=IFCCARTESIANPOINT((0.,0.));
#10861=IFCAXIS2PLACEMENT2D(#10860,$);
#10862=IFCRECTANGLEPROFILEDEF(.AREA.,$,#10861,7.,0.25);
#10863=IFCCARTESIANPOINT((0.,0.,0.));
#10864=IFCAXIS2PLACEMENT3D(#10863,$,$);
#10865=IFCDIRECTION((0.,0.,1.));
#10866=IFCEXTRUDEDAREASOLID(#10862,#10864,#10865,0.5);
#10867=IFCSHAPEREPRESENTATION(#14,'Body','SweptSolid',(#10866));
#10868=IFCPRODUCTDEFINITIONSHAPE($,$,(#10867));
#10869=IFCBEAM('0VTSNRpFH9uB7G5FFJZtIY',#5,'VB_P09_3_06',$,$,#10859,#10868,$,$);
#10870=IFCRELCONTAINEDINSPATIALSTRUCTURE('2Gamvnyh1Fdf0DmMJ_QP7V',#5,$,$,(#10869),#77);
#10871=IFCCARTESIANPOINT((59.939999999999998,3.,-0.5));
#10872=IFCAXIS2PLACEMENT3D(#10871,$,$);
#10873=IFCLOCALPLACEMENT(#76,#10872);
#10874=IFCCARTESIANPOINT((0.,0.));
#10875=IFCAXIS2PLACEMENT2D(#10874,$);
#10876=IFCRECTANGLEPROFILEDEF(.AREA.,$,#10875,7.8800000000000026,0.25);
#10877=IFCCARTESIANPOINT((0.,0.,0.));
#10878=IFCAXIS2PLACEMENT3D(#10877,$,$);
#10879=IFCDIRECTION((0.,0.,1.));
#10880=IFCEXTRUDEDAREASOLID(#10876,#10878,#10879,0.5);
#10881=IFCSHAPEREPRESENTATION(#14,'Body','SweptSolid',(#10880));
#10882=IFCPRODUCTDEFINITIONSHAPE($,$,(#10881));
#10883=IFCBEAM('0bFur5ZhnFWOT2e7QPlKoP',#5,'VB_P09_3_07',$,$,#10873,#10882,$,$);
#10884=IFCRELCONTAINEDINSPATIALSTRUCTURE('2WlKM9S6TDZfpxDEq__iAF',#5,$,$,(#10883),#77);
#10885=IFCCARTESIANPOINT((67.814999999999998,3.,-0.5));
#10886=IFCAXIS2PLACEMENT3D(#10885,$,$);
#10887=IFCLOCALPLACEMENT(#76,#10886);
#10888=IFCCARTESIANPOINT((0.,0.));
#10889=IFCAXIS2PLACEMENT2D(#10888,$);
#10890=IFCRECTANGLEPROFILEDEF(.AREA.,$,#10889,7.8699999999999974,0.25);
#10891=IFCCARTESIANPOINT((0.,0.,0.));
#10892=IFCAXIS2PLACEMENT3D(#10891,$,$);
#10893=IFCDIRECTION((0.,0.,1.));
#10894=IFCEXTRUDEDAREASOLID(#10890,#10892,#10893,0.5);
#10895=IFCSHAPEREPRESENTATION(#14,'Body','SweptSolid',(#10894));
#10896=IFCPRODUCTDEFINITIONSHAPE($,$,(#10895));
#10897=IFCBEAM('2WwFX1fkj3Wxg68U$OJRL7',#5,'VB_P09_3_08',$,$,#10887,#10896,$,$);
#10898=IFCRELCONTAINEDINSPATIALSTRUCTURE('0uSxUpWYH5kQS8cE_vbvYt',#5,$,$,(#10897),#77);
#10899=IFCCARTESIANPOINT((75.689999999999998,3.,-0.5));
#10900=IFCAXIS2PLACEMENT3D(#10899,$,$);
#10901=IFCLOCALPLACEMENT(#76,#10900);
#10902=IFCCARTESIANPOINT((0.,0.));
#10903=IFCAXIS2PLACEMENT2D(#10902,$);
#10904=IFCRECTANGLEPROFILEDEF(.AREA.,$,#10903,7.8799999999999955,0.25);
#10905=IFCCARTESIANPOINT((0.,0.,0.));
#10906=IFCAXIS2PLACEMENT3D(#10905,$,$);
#10907=IFCDIRECTION((0.,0.,1.));
#10908=IFCEXTRUDEDAREASOLID(#10904,#10906,#10907,0.5);
#10909=IFCSHAPEREPRESENTATION(#14,'Body','SweptSolid',(#10908));
#10910=IFCPRODUCTDEFINITIONSHAPE($,$,(#10909));
#10911=IFCBEAM('2W5jpcJhv0GvUwXtZUuofw',#5,'VB_P09_3_09',$,$,#10901,#10910,$,$);
#10912=IFCRELCONTAINEDINSPATIALSTRUCTURE('0CqBSqYib8RPkOskf3xs87',#5,$,$,(#10911),#77);
#10913=IFCCARTESIANPOINT((83.564999999999998,3.,-0.5));
#10914=IFCAXIS2PLACEMENT3D(#10913,$,$);
#10915=IFCLOCALPLACEMENT(#76,#10914);
#10916=IFCCARTESIANPOINT((0.,0.));
#10917=IFCAXIS2PLACEMENT2D(#10916,$);
#10918=IFCRECTANGLEPROFILEDEF(.AREA.,$,#10917,7.8700000000000045,0.25);
#10919=IFCCARTESIANPOINT((0.,0.,0.));
#10920=IFCAXIS2PLACEMENT3D(#10919,$,$);
#10921=IFCDIRECTION((0.,0.,1.));
#10922=IFCEXTRUDEDAREASOLID(#10918,#10920,#10921,0.5);
#10923=IFCSHAPEREPRESENTATION(#14,'Body','SweptSolid',(#10922));
#10924=IFCPRODUCTDEFINITIONSHAPE($,$,(#10923));
#10925=IFCBEAM('22QrEHSL992vpU$mi0Kw29',#5,'VB_P09_3_10',$,$,#10915,#10924,$,$);
#10926=IFCRELCONTAINEDINSPATIALSTRUCTURE('0Ig$gimNr5Ohwvvtbi565b',#5,$,$,(#10925),#77);
#10927=IFCCARTESIANPOINT((6.4400000000000004,40.,-0.5));
#10928=IFCAXIS2PLACEMENT3D(#10927,$,$);
#10929=IFCLOCALPLACEMENT(#76,#10928);
#10930=IFCCARTESIANPOINT((0.,0.));
#10931=IFCAXIS2PLACEMENT2D(#10930,$);
#10932=IFCRECTANGLEPROFILEDEF(.AREA.,$,#10931,7.8800000000000008,0.25);
#10933=IFCCARTESIANPOINT((0.,0.,0.));
#10934=IFCAXIS2PLACEMENT3D(#10933,$,$);
#10935=IFCDIRECTION((0.,0.,1.));
#10936=IFCEXTRUDEDAREASOLID(#10932,#10934,#10935,0.5);
#10937=IFCSHAPEREPRESENTATION(#14,'Body','SweptSolid',(#10936));
#10938=IFCPRODUCTDEFINITIONSHAPE($,$,(#10937));
#10939=IFCBEAM('2o7k0hgY51TPD87JuT$cAA',#5,'VB_P09_40_00',$,$,#10929,#10938,$,$);
#10940=IFCRELCONTAINEDINSPATIALSTRUCTURE('1G5F7sUBT2zeMvOhKVgXd0',#5,$,$,(#10939),#77);
#10941=IFCCARTESIANPOINT((14.315000000000001,40.,-0.5));
#10942=IFCAXIS2PLACEMENT3D(#10941,$,$);
#10943=IFCLOCALPLACEMENT(#76,#10942);
#10944=IFCCARTESIANPOINT((0.,0.));
#10945=IFCAXIS2PLACEMENT2D(#10944,$);
#10946=IFCRECTANGLEPROFILEDEF(.AREA.,$,#10945,7.8699999999999992,0.25);
#10947=IFCCARTESIANPOINT((0.,0.,0.));
#10948=IFCAXIS2PLACEMENT3D(#10947,$,$);
#10949=IFCDIRECTION((0.,0.,1.));
#10950=IFCEXTRUDEDAREASOLID(#10946,#10948,#10949,0.5);
#10951=IFCSHAPEREPRESENTATION(#14,'Body','SweptSolid',(#10950));
#10952=IFCPRODUCTDEFINITIONSHAPE($,$,(#10951));
#10953=IFCBEAM('272PuWsJn4Ve4opWuwQbGp',#5,'VB_P09_40_01',$,$,#10943,#10952,$,$);
#10954=IFCRELCONTAINEDINSPATIALSTRUCTURE('2jl5HEz9z7Qu$l0ACZR_Kq',#5,$,$,(#10953),#77);
#10955=IFCCARTESIANPOINT((22.189999999999998,40.,-0.5));
#10956=IFCAXIS2PLACEMENT3D(#10955,$,$);
#10957=IFCLOCALPLACEMENT(#76,#10956);
#10958=IFCCARTESIANPOINT((0.,0.));
#10959=IFCAXIS2PLACEMENT2D(#10958,$);
#10960=IFCRECTANGLEPROFILEDEF(.AREA.,$,#10959,7.879999999999999,0.25);
#10961=IFCCARTESIANPOINT((0.,0.,0.));
#10962=IFCAXIS2PLACEMENT3D(#10961,$,$);
#10963=IFCDIRECTION((0.,0.,1.));
#10964=IFCEXTRUDEDAREASOLID(#10960,#10962,#10963,0.5);
#10965=IFCSHAPEREPRESENTATION(#14,'Body','SweptSolid',(#10964));
#10966=IFCPRODUCTDEFINITIONSHAPE($,$,(#10965));
#10967=IFCBEAM('2KUk8kmhH2_gAVQwxnlpvo',#5,'VB_P09_40_02',$,$,#10957,#10966,$,$);
#10968=IFCRELCONTAINEDINSPATIALSTRUCTURE('1$RVcHjwj4qwa7tKLooBwV',#5,$,$,(#10967),#77);
#10969=IFCCARTESIANPOINT((30.064999999999998,40.,-0.5));
#10970=IFCAXIS2PLACEMENT3D(#10969,$,$);
#10971=IFCLOCALPLACEMENT(#76,#10970);
#10972=IFCCARTESIANPOINT((0.,0.));
#10973=IFCAXIS2PLACEMENT2D(#10972,$);
#10974=IFCRECTANGLEPROFILEDEF(.AREA.,$,#10973,7.870000000000001,0.25);
#10975=IFCCARTESIANPOINT((0.,0.,0.));
#10976=IFCAXIS2PLACEMENT3D(#10975,$,$);
#10977=IFCDIRECTION((0.,0.,1.));
#10978=IFCEXTRUDEDAREASOLID(#10974,#10976,#10977,0.5);
#10979=IFCSHAPEREPRESENTATION(#14,'Body','SweptSolid',(#10978));
#10980=IFCPRODUCTDEFINITIONSHAPE($,$,(#10979));
#10981=IFCBEAM('1nvGMDer95xfdT0OcBp1w3',#5,'VB_P09_40_03',$,$,#10971,#10980,$,$);
#10982=IFCRELCONTAINEDINSPATIALSTRUCTURE('166mZonAD6Jxyn5ogtvS$$',#5,$,$,(#10981),#77);
#10983=IFCCARTESIANPOINT((37.5,40.,-0.5));
#10984=IFCAXIS2PLACEMENT3D(#10983,$,$);
#10985=IFCLOCALPLACEMENT(#76,#10984);
#10986=IFCCARTESIANPOINT((0.,0.));
#10987=IFCAXIS2PLACEMENT2D(#10986,$);
#10988=IFCRECTANGLEPROFILEDEF(.AREA.,$,#10987,7.,0.25);
#10989=IFCCARTESIANPOINT((0.,0.,0.));
#10990=IFCAXIS2PLACEMENT3D(#10989,$,$);
#10991=IFCDIRECTION((0.,0.,1.));
#10992=IFCEXTRUDEDAREASOLID(#10988,#10990,#10991,0.5);
#10993=IFCSHAPEREPRESENTATION(#14,'Body','SweptSolid',(#10992));
#10994=IFCPRODUCTDEFINITIONSHAPE($,$,(#10993));
#10995=IFCBEAM('2ye7blvwf30wGtNzpoJTx2',#5,'VB_P09_40_04',$,$,#10985,#10994,$,$);
#10996=IFCRELCONTAINEDINSPATIALSTRUCTURE('2yuIWbZOzAtw7fCL4gxKXV',#5,$,$,(#10995),#77);
#10997=IFCCARTESIANPOINT((45.,40.,-0.5));
#10998=IFCAXIS2PLACEMENT3D(#10997,$,$);
#10999=IFCLOCALPLACEMENT(#76,#10998);
#11000=IFCCARTESIANPOINT((0.,0.));
#11001=IFCAXIS2PLACEMENT2D(#11000,$);
#11002=IFCRECTANGLEPROFILEDEF(.AREA.,$,#11001,8.,0.25);
#11003=IFCCARTESIANPOINT((0.,0.,0.));
#11004=IFCAXIS2PLACEMENT3D(#11003,$,$);
#11005=IFCDIRECTION((0.,0.,1.));
#11006=IFCEXTRUDEDAREASOLID(#11002,#11004,#11005,0.5);
#11007=IFCSHAPEREPRESENTATION(#14,'Body','SweptSolid',(#11006));
#11008=IFCPRODUCTDEFINITIONSHAPE($,$,(#11007));
#11009=IFCBEAM('20oVTbgcn5w8NkHghXQyd7',#5,'VB_P09_40_05',$,$,#10999,#11008,$,$);
#11010=IFCRELCONTAINEDINSPATIALSTRUCTURE('1nh2x_Mgz5u8ByQrUKTnYQ',#5,$,$,(#11009),#77);
#11011=IFCCARTESIANPOINT((52.5,40.,-0.5));
#11012=IFCAXIS2PLACEMENT3D(#11011,$,$);
#11013=IFCLOCALPLACEMENT(#76,#11012);
#11014=IFCCARTESIANPOINT((0.,0.));
#11015=IFCAXIS2PLACEMENT2D(#11014,$);
#11016=IFCRECTANGLEPROFILEDEF(.AREA.,$,#11015,7.,0.25);
#11017=IFCCARTESIANPOINT((0.,0.,0.));
#11018=IFCAXIS2PLACEMENT3D(#11017,$,$);
#11019=IFCDIRECTION((0.,0.,1.));
#11020=IFCEXTRUDEDAREASOLID(#11016,#11018,#11019,0.5);
#11021=IFCSHAPEREPRESENTATION(#14,'Body','SweptSolid',(#11020));
#11022=IFCPRODUCTDEFINITIONSHAPE($,$,(#11021));
#11023=IFCBEAM('17xTZTPjHAih4xQwmkNWGe',#5,'VB_P09_40_06',$,$,#11013,#11022,$,$);
#11024=IFCRELCONTAINEDINSPATIALSTRUCTURE('0RKgjXItL7_OFRh59Uq9dW',#5,$,$,(#11023),#77);
#11025=IFCCARTESIANPOINT((59.939999999999998,40.,-0.5));
#11026=IFCAXIS2PLACEMENT3D(#11025,$,$);
#11027=IFCLOCALPLACEMENT(#76,#11026);
#11028=IFCCARTESIANPOINT((0.,0.));
#11029=IFCAXIS2PLACEMENT2D(#11028,$);
#11030=IFCRECTANGLEPROFILEDEF(.AREA.,$,#11029,7.8800000000000026,0.25);
#11031=IFCCARTESIANPOINT((0.,0.,0.));
#11032=IFCAXIS2PLACEMENT3D(#11031,$,$);
#11033=IFCDIRECTION((0.,0.,1.));
#11034=IFCEXTRUDEDAREASOLID(#11030,#11032,#11033,0.5);
#11035=IFCSHAPEREPRESENTATION(#14,'Body','SweptSolid',(#11034));
#11036=IFCPRODUCTDEFINITIONSHAPE($,$,(#11035));
#11037=IFCBEAM('0NoS6fhO50bBRm8aINY5Yb',#5,'VB_P09_40_07',$,$,#11027,#11036,$,$);
#11038=IFCRELCONTAINEDINSPATIALSTRUCTURE('2ClPRoOtv9KwwxsNSepre5',#5,$,$,(#11037),#77);
#11039=IFCCARTESIANPOINT((67.814999999999998,40.,-0.5));
#11040=IFCAXIS2PLACEMENT3D(#11039,$,$);
#11041=IFCLOCALPLACEMENT(#76,#11040);
#11042=IFCCARTESIANPOINT((0.,0.));
#11043=IFCAXIS2PLACEMENT2D(#11042,$);
#11044=IFCRECTANGLEPROFILEDEF(.AREA.,$,#11043,7.8699999999999974,0.25);
#11045=IFCCARTESIANPOINT((0.,0.,0.));
#11046=IFCAXIS2PLACEMENT3D(#11045,$,$);
#11047=IFCDIRECTION((0.,0.,1.));
#11048=IFCEXTRUDEDAREASOLID(#11044,#11046,#11047,0.5);
#11049=IFCSHAPEREPRESENTATION(#14,'Body','SweptSolid',(#11048));
#11050=IFCPRODUCTDEFINITIONSHAPE($,$,(#11049));
#11051=IFCBEAM('0WnVSK$In8CfKOHlN7jJpS',#5,'VB_P09_40_08',$,$,#11041,#11050,$,$);
#11052=IFCRELCONTAINEDINSPATIALSTRUCTURE('2OOZD8ZPvFFxzW2n8WuExp',#5,$,$,(#11051),#77);
#11053=IFCCARTESIANPOINT((75.689999999999998,40.,-0.5));
#11054=IFCAXIS2PLACEMENT3D(#11053,$,$);
#11055=IFCLOCALPLACEMENT(#76,#11054);
#11056=IFCCARTESIANPOINT((0.,0.));
#11057=IFCAXIS2PLACEMENT2D(#11056,$);
#11058=IFCRECTANGLEPROFILEDEF(.AREA.,$,#11057,7.8799999999999955,0.25);
#11059=IFCCARTESIANPOINT((0.,0.,0.));
#11060=IFCAXIS2PLACEMENT3D(#11059,$,$);
#11061=IFCDIRECTION((0.,0.,1.));
#11062=IFCEXTRUDEDAREASOLID(#11058,#11060,#11061,0.5);
#11063=IFCSHAPEREPRESENTATION(#14,'Body','SweptSolid',(#11062));
#11064=IFCPRODUCTDEFINITIONSHAPE($,$,(#11063));
#11065=IFCBEAM('0OgIZejL973PNBo0Grx3mA',#5,'VB_P09_40_09',$,$,#11055,#11064,$,$);
#11066=IFCRELCONTAINEDINSPATIALSTRUCTURE('11cl3oJZzFGuOm8az_NsK3',#5,$,$,(#11065),#77);
#11067=IFCCARTESIANPOINT((83.564999999999998,40.,-0.5));
#11068=IFCAXIS2PLACEMENT3D(#11067,$,$);
#11069=IFCLOCALPLACEMENT(#76,#11068);
#11070=IFCCARTESIANPOINT((0.,0.));
#11071=IFCAXIS2PLACEMENT2D(#11070,$);
#11072=IFCRECTANGLEPROFILEDEF(.AREA.,$,#11071,7.8700000000000045,0.25);
#11073=IFCCARTESIANPOINT((0.,0.,0.));
#11074=IFCAXIS2PLACEMENT3D(#11073,$,$);
#11075=IFCDIRECTION((0.,0.,1.));
#11076=IFCEXTRUDEDAREASOLID(#11072,#11074,#11075,0.5);
#11077=IFCSHAPEREPRESENTATION(#14,'Body','SweptSolid',(#11076));
#11078=IFCPRODUCTDEFINITIONSHAPE($,$,(#11077));
#11079=IFCBEAM('29Oit1EbLBDhAa2XuUIDbE',#5,'VB_P09_40_10',$,$,#11069,#11078,$,$);
#11080=IFCRELCONTAINEDINSPATIALSTRUCTURE('3b5vTFR7v9gRZnT5ksooWL',#5,$,$,(#11079),#77);
#11081=IFCCARTESIANPOINT((2.5,6.5,-0.5));
#11082=IFCAXIS2PLACEMENT3D(#11081,$,$);
#11083=IFCLOCALPLACEMENT(#76,#11082);
#11084=IFCCARTESIANPOINT((0.,0.));
#11085=IFCAXIS2PLACEMENT2D(#11084,$);
#11086=IFCRECTANGLEPROFILEDEF(.AREA.,$,#11085,0.25,7.);
#11087=IFCCARTESIANPOINT((0.,0.,0.));
#11088=IFCAXIS2PLACEMENT3D(#11087,$,$);
#11089=IFCDIRECTION((0.,0.,1.));
#11090=IFCEXTRUDEDAREASOLID(#11086,#11088,#11089,0.5);
#11091=IFCSHAPEREPRESENTATION(#14,'Body','SweptSolid',(#11090));
#11092=IFCPRODUCTDEFINITIONSHAPE($,$,(#11091));
#11093=IFCBEAM('024aDf9MbAthdp9sb0jr8G',#5,'VB_P09_2_00',$,$,#11083,#11092,$,$);
#11094=IFCRELCONTAINEDINSPATIALSTRUCTURE('0oN49x8sv5C8yFzP7eSp5A',#5,$,$,(#11093),#77);
#11095=IFCCARTESIANPOINT((2.5,13.5,-0.5));
#11096=IFCAXIS2PLACEMENT3D(#11095,$,$);
#11097=IFCLOCALPLACEMENT(#76,#11096);
#11098=IFCCARTESIANPOINT((0.,0.));
#11099=IFCAXIS2PLACEMENT2D(#11098,$);
#11100=IFCRECTANGLEPROFILEDEF(.AREA.,$,#11099,0.25,7.);
#11101=IFCCARTESIANPOINT((0.,0.,0.));
#11102=IFCAXIS2PLACEMENT3D(#11101,$,$);
#11103=IFCDIRECTION((0.,0.,1.));
#11104=IFCEXTRUDEDAREASOLID(#11100,#11102,#11103,0.5);
#11105=IFCSHAPEREPRESENTATION(#14,'Body','SweptSolid',(#11104));
#11106=IFCPRODUCTDEFINITIONSHAPE($,$,(#11105));
#11107=IFCBEAM('2tnmRNZkbBxvu76ulPm2ac',#5,'VB_P09_2_01',$,$,#11097,#11106,$,$);
#11108=IFCRELCONTAINEDINSPATIALSTRUCTURE('0zGJVBcAn3gRFZYfRZTYfF',#5,$,$,(#11107),#77);
#11109=IFCCARTESIANPOINT((2.5,21.5,-0.5));
#11110=IFCAXIS2PLACEMENT3D(#11109,$,$);
#11111=IFCLOCALPLACEMENT(#76,#11110);
#11112=IFCCARTESIANPOINT((0.,0.));
#11113=IFCAXIS2PLACEMENT2D(#11112,$);
#11114=IFCRECTANGLEPROFILEDEF(.AREA.,$,#11113,0.25,9.);
#11115=IFCCARTESIANPOINT((0.,0.,0.));
#11116=IFCAXIS2PLACEMENT3D(#11115,$,$);
#11117=IFCDIRECTION((0.,0.,1.));
#11118=IFCEXTRUDEDAREASOLID(#11114,#11116,#11117,0.5);
#11119=IFCSHAPEREPRESENTATION(#14,'Body','SweptSolid',(#11118));
#11120=IFCPRODUCTDEFINITIONSHAPE($,$,(#11119));
#11121=IFCBEAM('0Tyog_s5v1Bx7pYjcYA3hR',#5,'VB_P09_2_02',$,$,#11111,#11120,$,$);
#11122=IFCRELCONTAINEDINSPATIALSTRUCTURE('3mM3_GlTHDUvC_D9OtzOM7',#5,$,$,(#11121),#77);
#11123=IFCCARTESIANPOINT((2.5,29.5,-0.5));
#11124=IFCAXIS2PLACEMENT3D(#11123,$,$);
#11125=IFCLOCALPLACEMENT(#76,#11124);
#11126=IFCCARTESIANPOINT((0.,0.));
#11127=IFCAXIS2PLACEMENT2D(#11126,$);
#11128=IFCRECTANGLEPROFILEDEF(.AREA.,$,#11127,0.25,7.);
#11129=IFCCARTESIANPOINT((0.,0.,0.));
#11130=IFCAXIS2PLACEMENT3D(#11129,$,$);
#11131=IFCDIRECTION((0.,0.,1.));
#11132=IFCEXTRUDEDAREASOLID(#11128,#11130,#11131,0.5);
#11133=IFCSHAPEREPRESENTATION(#14,'Body','SweptSolid',(#11132));
#11134=IFCPRODUCTDEFINITIONSHAPE($,$,(#11133));
#11135=IFCBEAM('1M2FpgHMvE3Rpa$nYdHbq_',#5,'VB_P09_2_03',$,$,#11125,#11134,$,$);
#11136=IFCRELCONTAINEDINSPATIALSTRUCTURE('2MjCpKpxn6tfuSz5HdEUGW',#5,$,$,(#11135),#77);
#11137=IFCCARTESIANPOINT((2.5,36.5,-0.5));
#11138=IFCAXIS2PLACEMENT3D(#11137,$,$);
#11139=IFCLOCALPLACEMENT(#76,#11138);
#11140=IFCCARTESIANPOINT((0.,0.));
#11141=IFCAXIS2PLACEMENT2D(#11140,$);
#11142=IFCRECTANGLEPROFILEDEF(.AREA.,$,#11141,0.25,7.);
#11143=IFCCARTESIANPOINT((0.,0.,0.));
#11144=IFCAXIS2PLACEMENT3D(#11143,$,$);
#11145=IFCDIRECTION((0.,0.,1.));
#11146=IFCEXTRUDEDAREASOLID(#11142,#11144,#11145,0.5);
#11147=IFCSHAPEREPRESENTATION(#14,'Body','SweptSolid',(#11146));
#11148=IFCPRODUCTDEFINITIONSHAPE($,$,(#11147));
#11149=IFCBEAM('3TmEx8ggn0gOtdsrxEnqZ2',#5,'VB_P09_2_04',$,$,#11139,#11148,$,$);
#11150=IFCRELCONTAINEDINSPATIALSTRUCTURE('043153Tez0twNq2ZcJiApQ',#5,$,$,(#11149),#77);
#11151=IFCCARTESIANPOINT((87.5,6.5,-0.5));
#11152=IFCAXIS2PLACEMENT3D(#11151,$,$);
#11153=IFCLOCALPLACEMENT(#76,#11152);
#11154=IFCCARTESIANPOINT((0.,0.));
#11155=IFCAXIS2PLACEMENT2D(#11154,$);
#11156=IFCRECTANGLEPROFILEDEF(.AREA.,$,#11155,0.25,7.);
#11157=IFCCARTESIANPOINT((0.,0.,0.));
#11158=IFCAXIS2PLACEMENT3D(#11157,$,$);
#11159=IFCDIRECTION((0.,0.,1.));
#11160=IFCEXTRUDEDAREASOLID(#11156,#11158,#11159,0.5);
#11161=IFCSHAPEREPRESENTATION(#14,'Body','SweptSolid',(#11160));
#11162=IFCPRODUCTDEFINITIONSHAPE($,$,(#11161));
#11163=IFCBEAM('3V5xpMT1v7AgtoaKdnuJjd',#5,'VB_P09_88_00',$,$,#11153,#11162,$,$);
#11164=IFCRELCONTAINEDINSPATIALSTRUCTURE('2EnlDC4ZrFpgoSX4smXwdD',#5,$,$,(#11163),#77);
#11165=IFCCARTESIANPOINT((87.5,13.5,-0.5));
#11166=IFCAXIS2PLACEMENT3D(#11165,$,$);
#11167=IFCLOCALPLACEMENT(#76,#11166);
#11168=IFCCARTESIANPOINT((0.,0.));
#11169=IFCAXIS2PLACEMENT2D(#11168,$);
#11170=IFCRECTANGLEPROFILEDEF(.AREA.,$,#11169,0.25,7.);
#11171=IFCCARTESIANPOINT((0.,0.,0.));
#11172=IFCAXIS2PLACEMENT3D(#11171,$,$);
#11173=IFCDIRECTION((0.,0.,1.));
#11174=IFCEXTRUDEDAREASOLID(#11170,#11172,#11173,0.5);
#11175=IFCSHAPEREPRESENTATION(#14,'Body','SweptSolid',(#11174));
#11176=IFCPRODUCTDEFINITIONSHAPE($,$,(#11175));
#11177=IFCBEAM('2PyfQNcRb3ihS3kIPhJ_$f',#5,'VB_P09_88_01',$,$,#11167,#11176,$,$);
#11178=IFCRELCONTAINEDINSPATIALSTRUCTURE('1X8in3Dv9DDAKkuXTsj$bf',#5,$,$,(#11177),#77);
#11179=IFCCARTESIANPOINT((87.5,21.5,-0.5));
#11180=IFCAXIS2PLACEMENT3D(#11179,$,$);
#11181=IFCLOCALPLACEMENT(#76,#11180);
#11182=IFCCARTESIANPOINT((0.,0.));
#11183=IFCAXIS2PLACEMENT2D(#11182,$);
#11184=IFCRECTANGLEPROFILEDEF(.AREA.,$,#11183,0.25,9.);
#11185=IFCCARTESIANPOINT((0.,0.,0.));
#11186=IFCAXIS2PLACEMENT3D(#11185,$,$);
#11187=IFCDIRECTION((0.,0.,1.));
#11188=IFCEXTRUDEDAREASOLID(#11184,#11186,#11187,0.5);
#11189=IFCSHAPEREPRESENTATION(#14,'Body','SweptSolid',(#11188));
#11190=IFCPRODUCTDEFINITIONSHAPE($,$,(#11189));
#11191=IFCBEAM('2e6dEq3jT85Ai6ttNqF767',#5,'VB_P09_88_02',$,$,#11181,#11190,$,$);
#11192=IFCRELCONTAINEDINSPATIALSTRUCTURE('04HwTrCwr7sRmb$BQWHrvA',#5,$,$,(#11191),#77);
#11193=IFCCARTESIANPOINT((87.5,29.5,-0.5));
#11194=IFCAXIS2PLACEMENT3D(#11193,$,$);
#11195=IFCLOCALPLACEMENT(#76,#11194);
#11196=IFCCARTESIANPOINT((0.,0.));
#11197=IFCAXIS2PLACEMENT2D(#11196,$);
#11198=IFCRECTANGLEPROFILEDEF(.AREA.,$,#11197,0.25,7.);
#11199=IFCCARTESIANPOINT((0.,0.,0.));
#11200=IFCAXIS2PLACEMENT3D(#11199,$,$);
#11201=IFCDIRECTION((0.,0.,1.));
#11202=IFCEXTRUDEDAREASOLID(#11198,#11200,#11201,0.5);
#11203=IFCSHAPEREPRESENTATION(#14,'Body','SweptSolid',(#11202));
#11204=IFCPRODUCTDEFINITIONSHAPE($,$,(#11203));
#11205=IFCBEAM('2D3y6mqaX0R9NhkaGFWXEH',#5,'VB_P09_88_03',$,$,#11195,#11204,$,$);
#11206=IFCRELCONTAINEDINSPATIALSTRUCTURE('1g6qww$wv1L9LU92v2y7cU',#5,$,$,(#11205),#77);
#11207=IFCCARTESIANPOINT((87.5,36.5,-0.5));
#11208=IFCAXIS2PLACEMENT3D(#11207,$,$);
#11209=IFCLOCALPLACEMENT(#76,#11208);
#11210=IFCCARTESIANPOINT((0.,0.));
#11211=IFCAXIS2PLACEMENT2D(#11210,$);
#11212=IFCRECTANGLEPROFILEDEF(.AREA.,$,#11211,0.25,7.);
#11213=IFCCARTESIANPOINT((0.,0.,0.));
#11214=IFCAXIS2PLACEMENT3D(#11213,$,$);
#11215=IFCDIRECTION((0.,0.,1.));
#11216=IFCEXTRUDEDAREASOLID(#11212,#11214,#11215,0.5);
#11217=IFCSHAPEREPRESENTATION(#14,'Body','SweptSolid',(#11216));
#11218=IFCPRODUCTDEFINITIONSHAPE($,$,(#11217));
#11219=IFCBEAM('2zrTltI$H3MPQMqzpjyFjs',#5,'VB_P09_88_04',$,$,#11209,#11218,$,$);
#11220=IFCRELCONTAINEDINSPATIALSTRUCTURE('2DEeK$7lnCBvCLBoIj54qI',#5,$,$,(#11219),#77);
#11221=IFCCARTESIANPOINT((12.,18.,-0.5));
#11222=IFCAXIS2PLACEMENT3D(#11221,$,$);
#11223=IFCLOCALPLACEMENT(#76,#11222);
#11224=IFCCARTESIANPOINT((0.,0.));
#11225=IFCAXIS2PLACEMENT2D(#11224,$);
#11226=IFCRECTANGLEPROFILEDEF(.AREA.,$,#11225,14.,0.20000000000000284);
#11227=IFCCARTESIANPOINT((0.,0.,0.));
#11228=IFCAXIS2PLACEMENT3D(#11227,$,$);
#11229=IFCDIRECTION((0.,0.,1.));
#11230=IFCEXTRUDEDAREASOLID(#11226,#11228,#11229,0.5);
#11231=IFCSHAPEREPRESENTATION(#14,'Body','SweptSolid',(#11230));
#11232=IFCPRODUCTDEFINITIONSHAPE($,$,(#11231));
#11233=IFCBEAM('1hE_7hFxj2IxvNsaJZ0FS8',#5,'VP_P09_A_18',$,$,#11223,#11232,$,$);
#11234=IFCRELCONTAINEDINSPATIALSTRUCTURE('0wh6bfAfD90wSPH1pz5KHG',#5,$,$,(#11233),#77);
#11235=IFCCARTESIANPOINT((12.,25.,-0.5));
#11236=IFCAXIS2PLACEMENT3D(#11235,$,$);
#11237=IFCLOCALPLACEMENT(#76,#11236);
#11238=IFCCARTESIANPOINT((0.,0.));
#11239=IFCAXIS2PLACEMENT2D(#11238,$);
#11240=IFCRECTANGLEPROFILEDEF(.AREA.,$,#11239,14.,0.20000000000000284);
#11241=IFCCARTESIANPOINT((0.,0.,0.));
#11242=IFCAXIS2PLACEMENT3D(#11241,$,$);
#11243=IFCDIRECTION((0.,0.,1.));
#11244=IFCEXTRUDEDAREASOLID(#11240,#11242,#11243,0.5);
#11245=IFCSHAPEREPRESENTATION(#14,'Body','SweptSolid',(#11244));
#11246=IFCPRODUCTDEFINITIONSHAPE($,$,(#11245));
#11247=IFCBEAM('0Vr4mRIC1EWhbncSxDSLjj',#5,'VP_P09_A_25',$,$,#11237,#11246,$,$);
#11248=IFCRELCONTAINEDINSPATIALSTRUCTURE('3hOc8FHWf96BTn_pLhHeE3',#5,$,$,(#11247),#77);
#11249=IFCCARTESIANPOINT((5.,21.5,-0.5));
#11250=IFCAXIS2PLACEMENT3D(#11249,$,$);
#11251=IFCLOCALPLACEMENT(#76,#11250);
#11252=IFCCARTESIANPOINT((0.,0.));
#11253=IFCAXIS2PLACEMENT2D(#11252,$);
#11254=IFCRECTANGLEPROFILEDEF(.AREA.,$,#11253,0.19999999999999929,7.);
#11255=IFCCARTESIANPOINT((0.,0.,0.));
#11256=IFCAXIS2PLACEMENT3D(#11255,$,$);
#11257=IFCDIRECTION((0.,0.,1.));
#11258=IFCEXTRUDEDAREASOLID(#11254,#11256,#11257,0.5);
#11259=IFCSHAPEREPRESENTATION(#14,'Body','SweptSolid',(#11258));
#11260=IFCPRODUCTDEFINITIONSHAPE($,$,(#11259));
#11261=IFCBEAM('0qeUCZfi13LPYjZONWRCxB',#5,'VP_P09_A_5',$,$,#11251,#11260,$,$);
#11262=IFCRELCONTAINEDINSPATIALSTRUCTURE('2hzVGjfu90tuDDzLCpBbiZ',#5,$,$,(#11261),#77);
#11263=IFCCARTESIANPOINT((19.,21.5,-0.5));
#11264=IFCAXIS2PLACEMENT3D(#11263,$,$);
#11265=IFCLOCALPLACEMENT(#76,#11264);
#11266=IFCCARTESIANPOINT((0.,0.));
#11267=IFCAXIS2PLACEMENT2D(#11266,$);
#11268=IFCRECTANGLEPROFILEDEF(.AREA.,$,#11267,0.20000000000000284,7.);
#11269=IFCCARTESIANPOINT((0.,0.,0.));
#11270=IFCAXIS2PLACEMENT3D(#11269,$,$);
#11271=IFCDIRECTION((0.,0.,1.));
#11272=IFCEXTRUDEDAREASOLID(#11268,#11270,#11271,0.5);
#11273=IFCSHAPEREPRESENTATION(#14,'Body','SweptSolid',(#11272));
#11274=IFCPRODUCTDEFINITIONSHAPE($,$,(#11273));
#11275=IFCBEAM('1lFALHhpT2qxcujc3JIarq',#5,'VP_P09_A_19',$,$,#11265,#11274,$,$);
#11276=IFCRELCONTAINEDINSPATIALSTRUCTURE('2mb1O0atnAnvZYfF5zOcUe',#5,$,$,(#11275),#77);
#11277=IFCCARTESIANPOINT((78.,18.,-0.5));
#11278=IFCAXIS2PLACEMENT3D(#11277,$,$);
#11279=IFCLOCALPLACEMENT(#76,#11278);
#11280=IFCCARTESIANPOINT((0.,0.));
#11281=IFCAXIS2PLACEMENT2D(#11280,$);
#11282=IFCRECTANGLEPROFILEDEF(.AREA.,$,#11281,14.,0.20000000000000284);
#11283=IFCCARTESIANPOINT((0.,0.,0.));
#11284=IFCAXIS2PLACEMENT3D(#11283,$,$);
#11285=IFCDIRECTION((0.,0.,1.));
#11286=IFCEXTRUDEDAREASOLID(#11282,#11284,#11285,0.5);
#11287=IFCSHAPEREPRESENTATION(#14,'Body','SweptSolid',(#11286));
#11288=IFCPRODUCTDEFINITIONSHAPE($,$,(#11287));
#11289=IFCBEAM('2ToASUz21EpxDcK6C1ithI',#5,'VP_P09_B_18',$,$,#11279,#11288,$,$);
#11290=IFCRELCONTAINEDINSPATIALSTRUCTURE('3G8tfBh_b3s9epuGuuyHHh',#5,$,$,(#11289),#77);
#11291=IFCCARTESIANPOINT((78.,25.,-0.5));
#11292=IFCAXIS2PLACEMENT3D(#11291,$,$);
#11293=IFCLOCALPLACEMENT(#76,#11292);
#11294=IFCCARTESIANPOINT((0.,0.));
#11295=IFCAXIS2PLACEMENT2D(#11294,$);
#11296=IFCRECTANGLEPROFILEDEF(.AREA.,$,#11295,14.,0.20000000000000284);
#11297=IFCCARTESIANPOINT((0.,0.,0.));
#11298=IFCAXIS2PLACEMENT3D(#11297,$,$);
#11299=IFCDIRECTION((0.,0.,1.));
#11300=IFCEXTRUDEDAREASOLID(#11296,#11298,#11299,0.5);
#11301=IFCSHAPEREPRESENTATION(#14,'Body','SweptSolid',(#11300));
#11302=IFCPRODUCTDEFINITIONSHAPE($,$,(#11301));
#11303=IFCBEAM('3oUFfwsqH0GBf5HUDkGsLu',#5,'VP_P09_B_25',$,$,#11293,#11302,$,$);
#11304=IFCRELCONTAINEDINSPATIALSTRUCTURE('1EtLMOoxH4yODPzBijlgbF',#5,$,$,(#11303),#77);
#11305=IFCCARTESIANPOINT((71.,21.5,-0.5));
#11306=IFCAXIS2PLACEMENT3D(#11305,$,$);
#11307=IFCLOCALPLACEMENT(#76,#11306);
#11308=IFCCARTESIANPOINT((0.,0.));
#11309=IFCAXIS2PLACEMENT2D(#11308,$);
#11310=IFCRECTANGLEPROFILEDEF(.AREA.,$,#11309,0.19999999999998863,7.);
#11311=IFCCARTESIANPOINT((0.,0.,0.));
#11312=IFCAXIS2PLACEMENT3D(#11311,$,$);
#11313=IFCDIRECTION((0.,0.,1.));
#11314=IFCEXTRUDEDAREASOLID(#11310,#11312,#11313,0.5);
#11315=IFCSHAPEREPRESENTATION(#14,'Body','SweptSolid',(#11314));
#11316=IFCPRODUCTDEFINITIONSHAPE($,$,(#11315));
#11317=IFCBEAM('2cz7WweKL6BPaLsSBU_1xy',#5,'VP_P09_B_71',$,$,#11307,#11316,$,$);
#11318=IFCRELCONTAINEDINSPATIALSTRUCTURE('3T4Fd2Jpj8_hQy7pWNED1p',#5,$,$,(#11317),#77);
#11319=IFCCARTESIANPOINT((85.,21.5,-0.5));
#11320=IFCAXIS2PLACEMENT3D(#11319,$,$);
#11321=IFCLOCALPLACEMENT(#76,#11320);
#11322=IFCCARTESIANPOINT((0.,0.));
#11323=IFCAXIS2PLACEMENT2D(#11322,$);
#11324=IFCRECTANGLEPROFILEDEF(.AREA.,$,#11323,0.19999999999998863,7.);
#11325=IFCCARTESIANPOINT((0.,0.,0.));
#11326=IFCAXIS2PLACEMENT3D(#11325,$,$);
#11327=IFCDIRECTION((0.,0.,1.));
#11328=IFCEXTRUDEDAREASOLID(#11324,#11326,#11327,0.5);
#11329=IFCSHAPEREPRESENTATION(#14,'Body','SweptSolid',(#11328));
#11330=IFCPRODUCTDEFINITIONSHAPE($,$,(#11329));
#11331=IFCBEAM('02zWPvo9b4vODMtztImxQf',#5,'VP_P09_B_85',$,$,#11321,#11330,$,$);
#11332=IFCRELCONTAINEDINSPATIALSTRUCTURE('0aD5kRnBz9_v3PuvLnSkLk',#5,$,$,(#11331),#77);
#11333=IFCCARTESIANPOINT((6.4400000000000004,3.,-0.5));
#11334=IFCAXIS2PLACEMENT3D(#11333,$,$);
#11335=IFCLOCALPLACEMENT(#80,#11334);
#11336=IFCCARTESIANPOINT((0.,0.));
#11337=IFCAXIS2PLACEMENT2D(#11336,$);
#11338=IFCRECTANGLEPROFILEDEF(.AREA.,$,#11337,7.8800000000000008,0.25);
#11339=IFCCARTESIANPOINT((0.,0.,0.));
#11340=IFCAXIS2PLACEMENT3D(#11339,$,$);
#11341=IFCDIRECTION((0.,0.,1.));
#11342=IFCEXTRUDEDAREASOLID(#11338,#11340,#11341,0.5);
#11343=IFCSHAPEREPRESENTATION(#14,'Body','SweptSolid',(#11342));
#11344=IFCPRODUCTDEFINITIONSHAPE($,$,(#11343));
#11345=IFCBEAM('1GXc$0kaz3QA4CZ4rABXNL',#5,'VB_P10_3_00',$,$,#11335,#11344,$,$);
#11346=IFCRELCONTAINEDINSPATIALSTRUCTURE('2l$K4SJxnF7w5QLppdzh9z',#5,$,$,(#11345),#81);
#11347=IFCCARTESIANPOINT((14.315000000000001,3.,-0.5));
#11348=IFCAXIS2PLACEMENT3D(#11347,$,$);
#11349=IFCLOCALPLACEMENT(#80,#11348);
#11350=IFCCARTESIANPOINT((0.,0.));
#11351=IFCAXIS2PLACEMENT2D(#11350,$);
#11352=IFCRECTANGLEPROFILEDEF(.AREA.,$,#11351,7.8699999999999992,0.25);
#11353=IFCCARTESIANPOINT((0.,0.,0.));
#11354=IFCAXIS2PLACEMENT3D(#11353,$,$);
#11355=IFCDIRECTION((0.,0.,1.));
#11356=IFCEXTRUDEDAREASOLID(#11352,#11354,#11355,0.5);
#11357=IFCSHAPEREPRESENTATION(#14,'Body','SweptSolid',(#11356));
#11358=IFCPRODUCTDEFINITIONSHAPE($,$,(#11357));
#11359=IFCBEAM('0bcevg5sH4ye_mNofR2hnF',#5,'VB_P10_3_01',$,$,#11349,#11358,$,$);
#11360=IFCRELCONTAINEDINSPATIALSTRUCTURE('1S7LJKHvPChQ6P9sJi90gv',#5,$,$,(#11359),#81);
#11361=IFCCARTESIANPOINT((22.189999999999998,3.,-0.5));
#11362=IFCAXIS2PLACEMENT3D(#11361,$,$);
#11363=IFCLOCALPLACEMENT(#80,#11362);
#11364=IFCCARTESIANPOINT((0.,0.));
#11365=IFCAXIS2PLACEMENT2D(#11364,$);
#11366=IFCRECTANGLEPROFILEDEF(.AREA.,$,#11365,7.879999999999999,0.25);
#11367=IFCCARTESIANPOINT((0.,0.,0.));
#11368=IFCAXIS2PLACEMENT3D(#11367,$,$);
#11369=IFCDIRECTION((0.,0.,1.));
#11370=IFCEXTRUDEDAREASOLID(#11366,#11368,#11369,0.5);
#11371=IFCSHAPEREPRESENTATION(#14,'Body','SweptSolid',(#11370));
#11372=IFCPRODUCTDEFINITIONSHAPE($,$,(#11371));
#11373=IFCBEAM('0ic_TERBr7KOjj1iECs$M2',#5,'VB_P10_3_02',$,$,#11363,#11372,$,$);
#11374=IFCRELCONTAINEDINSPATIALSTRUCTURE('2JkHHoCej7zOX8TWC3hwXW',#5,$,$,(#11373),#81);
#11375=IFCCARTESIANPOINT((30.064999999999998,3.,-0.5));
#11376=IFCAXIS2PLACEMENT3D(#11375,$,$);
#11377=IFCLOCALPLACEMENT(#80,#11376);
#11378=IFCCARTESIANPOINT((0.,0.));
#11379=IFCAXIS2PLACEMENT2D(#11378,$);
#11380=IFCRECTANGLEPROFILEDEF(.AREA.,$,#11379,7.870000000000001,0.25);
#11381=IFCCARTESIANPOINT((0.,0.,0.));
#11382=IFCAXIS2PLACEMENT3D(#11381,$,$);
#11383=IFCDIRECTION((0.,0.,1.));
#11384=IFCEXTRUDEDAREASOLID(#11380,#11382,#11383,0.5);
#11385=IFCSHAPEREPRESENTATION(#14,'Body','SweptSolid',(#11384));
#11386=IFCPRODUCTDEFINITIONSHAPE($,$,(#11385));
#11387=IFCBEAM('1c1WwEfTz8SBOrXwhYb_s3',#5,'VB_P10_3_03',$,$,#11377,#11386,$,$);
#11388=IFCRELCONTAINEDINSPATIALSTRUCTURE('1MWckCIlL5sPWzaBRUagla',#5,$,$,(#11387),#81);
#11389=IFCCARTESIANPOINT((37.5,3.,-0.5));
#11390=IFCAXIS2PLACEMENT3D(#11389,$,$);
#11391=IFCLOCALPLACEMENT(#80,#11390);
#11392=IFCCARTESIANPOINT((0.,0.));
#11393=IFCAXIS2PLACEMENT2D(#11392,$);
#11394=IFCRECTANGLEPROFILEDEF(.AREA.,$,#11393,7.,0.25);
#11395=IFCCARTESIANPOINT((0.,0.,0.));
#11396=IFCAXIS2PLACEMENT3D(#11395,$,$);
#11397=IFCDIRECTION((0.,0.,1.));
#11398=IFCEXTRUDEDAREASOLID(#11394,#11396,#11397,0.5);
#11399=IFCSHAPEREPRESENTATION(#14,'Body','SweptSolid',(#11398));
#11400=IFCPRODUCTDEFINITIONSHAPE($,$,(#11399));
#11401=IFCBEAM('3siGIdWvv0mA$c$kGL_y3X',#5,'VB_P10_3_04',$,$,#11391,#11400,$,$);
#11402=IFCRELCONTAINEDINSPATIALSTRUCTURE('2bc7zubH16TxMWRinxKEpn',#5,$,$,(#11401),#81);
#11403=IFCCARTESIANPOINT((45.,3.,-0.5));
#11404=IFCAXIS2PLACEMENT3D(#11403,$,$);
#11405=IFCLOCALPLACEMENT(#80,#11404);
#11406=IFCCARTESIANPOINT((0.,0.));
#11407=IFCAXIS2PLACEMENT2D(#11406,$);
#11408=IFCRECTANGLEPROFILEDEF(.AREA.,$,#11407,8.,0.25);
#11409=IFCCARTESIANPOINT((0.,0.,0.));
#11410=IFCAXIS2PLACEMENT3D(#11409,$,$);
#11411=IFCDIRECTION((0.,0.,1.));
#11412=IFCEXTRUDEDAREASOLID(#11408,#11410,#11411,0.5);
#11413=IFCSHAPEREPRESENTATION(#14,'Body','SweptSolid',(#11412));
#11414=IFCPRODUCTDEFINITIONSHAPE($,$,(#11413));
#11415=IFCBEAM('17UG7HrkjCexzKkFRypRY6',#5,'VB_P10_3_05',$,$,#11405,#11414,$,$);
#11416=IFCRELCONTAINEDINSPATIALSTRUCTURE('2omIyMrPP9M8nkcDirRcm9',#5,$,$,(#11415),#81);
#11417=IFCCARTESIANPOINT((52.5,3.,-0.5));
#11418=IFCAXIS2PLACEMENT3D(#11417,$,$);
#11419=IFCLOCALPLACEMENT(#80,#11418);
#11420=IFCCARTESIANPOINT((0.,0.));
#11421=IFCAXIS2PLACEMENT2D(#11420,$);
#11422=IFCRECTANGLEPROFILEDEF(.AREA.,$,#11421,7.,0.25);
#11423=IFCCARTESIANPOINT((0.,0.,0.));
#11424=IFCAXIS2PLACEMENT3D(#11423,$,$);
#11425=IFCDIRECTION((0.,0.,1.));
#11426=IFCEXTRUDEDAREASOLID(#11422,#11424,#11425,0.5);
#11427=IFCSHAPEREPRESENTATION(#14,'Body','SweptSolid',(#11426));
#11428=IFCPRODUCTDEFINITIONSHAPE($,$,(#11427));
#11429=IFCBEAM('2kYXKQVrz96v0oxH084sim',#5,'VB_P10_3_06',$,$,#11419,#11428,$,$);
#11430=IFCRELCONTAINEDINSPATIALSTRUCTURE('0R4GsootL5SQHyNrDbX79E',#5,$,$,(#11429),#81);
#11431=IFCCARTESIANPOINT((59.939999999999998,3.,-0.5));
#11432=IFCAXIS2PLACEMENT3D(#11431,$,$);
#11433=IFCLOCALPLACEMENT(#80,#11432);
#11434=IFCCARTESIANPOINT((0.,0.));
#11435=IFCAXIS2PLACEMENT2D(#11434,$);
#11436=IFCRECTANGLEPROFILEDEF(.AREA.,$,#11435,7.8800000000000026,0.25);
#11437=IFCCARTESIANPOINT((0.,0.,0.));
#11438=IFCAXIS2PLACEMENT3D(#11437,$,$);
#11439=IFCDIRECTION((0.,0.,1.));
#11440=IFCEXTRUDEDAREASOLID(#11436,#11438,#11439,0.5);
#11441=IFCSHAPEREPRESENTATION(#14,'Body','SweptSolid',(#11440));
#11442=IFCPRODUCTDEFINITIONSHAPE($,$,(#11441));
#11443=IFCBEAM('28oYVuD9fBqu4_twQfjtbI',#5,'VB_P10_3_07',$,$,#11433,#11442,$,$);
#11444=IFCRELCONTAINEDINSPATIALSTRUCTURE('3TTN77Sb1CkwvZ9nMMO3Bn',#5,$,$,(#11443),#81);
#11445=IFCCARTESIANPOINT((67.814999999999998,3.,-0.5));
#11446=IFCAXIS2PLACEMENT3D(#11445,$,$);
#11447=IFCLOCALPLACEMENT(#80,#11446);
#11448=IFCCARTESIANPOINT((0.,0.));
#11449=IFCAXIS2PLACEMENT2D(#11448,$);
#11450=IFCRECTANGLEPROFILEDEF(.AREA.,$,#11449,7.8699999999999974,0.25);
#11451=IFCCARTESIANPOINT((0.,0.,0.));
#11452=IFCAXIS2PLACEMENT3D(#11451,$,$);
#11453=IFCDIRECTION((0.,0.,1.));
#11454=IFCEXTRUDEDAREASOLID(#11450,#11452,#11453,0.5);
#11455=IFCSHAPEREPRESENTATION(#14,'Body','SweptSolid',(#11454));
#11456=IFCPRODUCTDEFINITIONSHAPE($,$,(#11455));
#11457=IFCBEAM('0JqBnLws99EBeb208V75pQ',#5,'VB_P10_3_08',$,$,#11447,#11456,$,$);
#11458=IFCRELCONTAINEDINSPATIALSTRUCTURE('2x05QiFDL9yg5ms0lGA90g',#5,$,$,(#11457),#81);
#11459=IFCCARTESIANPOINT((75.689999999999998,3.,-0.5));
#11460=IFCAXIS2PLACEMENT3D(#11459,$,$);
#11461=IFCLOCALPLACEMENT(#80,#11460);
#11462=IFCCARTESIANPOINT((0.,0.));
#11463=IFCAXIS2PLACEMENT2D(#11462,$);
#11464=IFCRECTANGLEPROFILEDEF(.AREA.,$,#11463,7.8799999999999955,0.25);
#11465=IFCCARTESIANPOINT((0.,0.,0.));
#11466=IFCAXIS2PLACEMENT3D(#11465,$,$);
#11467=IFCDIRECTION((0.,0.,1.));
#11468=IFCEXTRUDEDAREASOLID(#11464,#11466,#11467,0.5);
#11469=IFCSHAPEREPRESENTATION(#14,'Body','SweptSolid',(#11468));
#11470=IFCPRODUCTDEFINITIONSHAPE($,$,(#11469));
#11471=IFCBEAM('09Y9SuMWr6COpdznMlVvuK',#5,'VB_P10_3_09',$,$,#11461,#11470,$,$);
#11472=IFCRELCONTAINEDINSPATIALSTRUCTURE('294yDdFqP1seR5K0CZFRsr',#5,$,$,(#11471),#81);
#11473=IFCCARTESIANPOINT((83.564999999999998,3.,-0.5));
#11474=IFCAXIS2PLACEMENT3D(#11473,$,$);
#11475=IFCLOCALPLACEMENT(#80,#11474);
#11476=IFCCARTESIANPOINT((0.,0.));
#11477=IFCAXIS2PLACEMENT2D(#11476,$);
#11478=IFCRECTANGLEPROFILEDEF(.AREA.,$,#11477,7.8700000000000045,0.25);
#11479=IFCCARTESIANPOINT((0.,0.,0.));
#11480=IFCAXIS2PLACEMENT3D(#11479,$,$);
#11481=IFCDIRECTION((0.,0.,1.));
#11482=IFCEXTRUDEDAREASOLID(#11478,#11480,#11481,0.5);
#11483=IFCSHAPEREPRESENTATION(#14,'Body','SweptSolid',(#11482));
#11484=IFCPRODUCTDEFINITIONSHAPE($,$,(#11483));
#11485=IFCBEAM('2_vPdwZU1FUuF4xJdcM3iL',#5,'VB_P10_3_10',$,$,#11475,#11484,$,$);
#11486=IFCRELCONTAINEDINSPATIALSTRUCTURE('2Me6pujF94w9$gEGF_IPOQ',#5,$,$,(#11485),#81);
#11487=IFCCARTESIANPOINT((6.4400000000000004,40.,-0.5));
#11488=IFCAXIS2PLACEMENT3D(#11487,$,$);
#11489=IFCLOCALPLACEMENT(#80,#11488);
#11490=IFCCARTESIANPOINT((0.,0.));
#11491=IFCAXIS2PLACEMENT2D(#11490,$);
#11492=IFCRECTANGLEPROFILEDEF(.AREA.,$,#11491,7.8800000000000008,0.25);
#11493=IFCCARTESIANPOINT((0.,0.,0.));
#11494=IFCAXIS2PLACEMENT3D(#11493,$,$);
#11495=IFCDIRECTION((0.,0.,1.));
#11496=IFCEXTRUDEDAREASOLID(#11492,#11494,#11495,0.5);
#11497=IFCSHAPEREPRESENTATION(#14,'Body','SweptSolid',(#11496));
#11498=IFCPRODUCTDEFINITIONSHAPE($,$,(#11497));
#11499=IFCBEAM('2kll53NSb7luLgR5wAbJ8C',#5,'VB_P10_40_00',$,$,#11489,#11498,$,$);
#11500=IFCRELCONTAINEDINSPATIALSTRUCTURE('0qQOdTPVH47BrChMGMtrT5',#5,$,$,(#11499),#81);
#11501=IFCCARTESIANPOINT((14.315000000000001,40.,-0.5));
#11502=IFCAXIS2PLACEMENT3D(#11501,$,$);
#11503=IFCLOCALPLACEMENT(#80,#11502);
#11504=IFCCARTESIANPOINT((0.,0.));
#11505=IFCAXIS2PLACEMENT2D(#11504,$);
#11506=IFCRECTANGLEPROFILEDEF(.AREA.,$,#11505,7.8699999999999992,0.25);
#11507=IFCCARTESIANPOINT((0.,0.,0.));
#11508=IFCAXIS2PLACEMENT3D(#11507,$,$);
#11509=IFCDIRECTION((0.,0.,1.));
#11510=IFCEXTRUDEDAREASOLID(#11506,#11508,#11509,0.5);
#11511=IFCSHAPEREPRESENTATION(#14,'Body','SweptSolid',(#11510));
#11512=IFCPRODUCTDEFINITIONSHAPE($,$,(#11511));
#11513=IFCBEAM('1pZPYZ5MX31RlHYl7$_HbU',#5,'VB_P10_40_01',$,$,#11503,#11512,$,$);
#11514=IFCRELCONTAINEDINSPATIALSTRUCTURE('388rdtBfv4pR$qqhKdkOu5',#5,$,$,(#11513),#81);
#11515=IFCCARTESIANPOINT((22.189999999999998,40.,-0.5));
#11516=IFCAXIS2PLACEMENT3D(#11515,$,$);
#11517=IFCLOCALPLACEMENT(#80,#11516);
#11518=IFCCARTESIANPOINT((0.,0.));
#11519=IFCAXIS2PLACEMENT2D(#11518,$);
#11520=IFCRECTANGLEPROFILEDEF(.AREA.,$,#11519,7.879999999999999,0.25);
#11521=IFCCARTESIANPOINT((0.,0.,0.));
#11522=IFCAXIS2PLACEMENT3D(#11521,$,$);
#11523=IFCDIRECTION((0.,0.,1.));
#11524=IFCEXTRUDEDAREASOLID(#11520,#11522,#11523,0.5);
#11525=IFCSHAPEREPRESENTATION(#14,'Body','SweptSolid',(#11524));
#11526=IFCPRODUCTDEFINITIONSHAPE($,$,(#11525));
#11527=IFCBEAM('03yuMOOyP40BleFhnZZl4N',#5,'VB_P10_40_02',$,$,#11517,#11526,$,$);
#11528=IFCRELCONTAINEDINSPATIALSTRUCTURE('069YOjmlfBkOeuwdmRU3hc',#5,$,$,(#11527),#81);
#11529=IFCCARTESIANPOINT((30.064999999999998,40.,-0.5));
#11530=IFCAXIS2PLACEMENT3D(#11529,$,$);
#11531=IFCLOCALPLACEMENT(#80,#11530);
#11532=IFCCARTESIANPOINT((0.,0.));
#11533=IFCAXIS2PLACEMENT2D(#11532,$);
#11534=IFCRECTANGLEPROFILEDEF(.AREA.,$,#11533,7.870000000000001,0.25);
#11535=IFCCARTESIANPOINT((0.,0.,0.));
#11536=IFCAXIS2PLACEMENT3D(#11535,$,$);
#11537=IFCDIRECTION((0.,0.,1.));
#11538=IFCEXTRUDEDAREASOLID(#11534,#11536,#11537,0.5);
#11539=IFCSHAPEREPRESENTATION(#14,'Body','SweptSolid',(#11538));
#11540=IFCPRODUCTDEFINITIONSHAPE($,$,(#11539));
#11541=IFCBEAM('3fVU3MDJT3HhxB9ZXb3dSX',#5,'VB_P10_40_03',$,$,#11531,#11540,$,$);
#11542=IFCRELCONTAINEDINSPATIALSTRUCTURE('0IZa3jNyf46BE1R2SW5TgL',#5,$,$,(#11541),#81);
#11543=IFCCARTESIANPOINT((37.5,40.,-0.5));
#11544=IFCAXIS2PLACEMENT3D(#11543,$,$);
#11545=IFCLOCALPLACEMENT(#80,#11544);
#11546=IFCCARTESIANPOINT((0.,0.));
#11547=IFCAXIS2PLACEMENT2D(#11546,$);
#11548=IFCRECTANGLEPROFILEDEF(.AREA.,$,#11547,7.,0.25);
#11549=IFCCARTESIANPOINT((0.,0.,0.));
#11550=IFCAXIS2PLACEMENT3D(#11549,$,$);
#11551=IFCDIRECTION((0.,0.,1.));
#11552=IFCEXTRUDEDAREASOLID(#11548,#11550,#11551,0.5);
#11553=IFCSHAPEREPRESENTATION(#14,'Body','SweptSolid',(#11552));
#11554=IFCPRODUCTDEFINITIONSHAPE($,$,(#11553));
#11555=IFCBEAM('3piL3DSjL8C9Q5EaJrk57q',#5,'VB_P10_40_04',$,$,#11545,#11554,$,$);
#11556=IFCRELCONTAINEDINSPATIALSTRUCTURE('1RhXfU9srD0xfd1i5d2Ml5',#5,$,$,(#11555),#81);
#11557=IFCCARTESIANPOINT((45.,40.,-0.5));
#11558=IFCAXIS2PLACEMENT3D(#11557,$,$);
#11559=IFCLOCALPLACEMENT(#80,#11558);
#11560=IFCCARTESIANPOINT((0.,0.));
#11561=IFCAXIS2PLACEMENT2D(#11560,$);
#11562=IFCRECTANGLEPROFILEDEF(.AREA.,$,#11561,8.,0.25);
#11563=IFCCARTESIANPOINT((0.,0.,0.));
#11564=IFCAXIS2PLACEMENT3D(#11563,$,$);
#11565=IFCDIRECTION((0.,0.,1.));
#11566=IFCEXTRUDEDAREASOLID(#11562,#11564,#11565,0.5);
#11567=IFCSHAPEREPRESENTATION(#14,'Body','SweptSolid',(#11566));
#11568=IFCPRODUCTDEFINITIONSHAPE($,$,(#11567));
#11569=IFCBEAM('1z5Bkn7Pn6nBeYzplmfh5j',#5,'VB_P10_40_05',$,$,#11559,#11568,$,$);
#11570=IFCRELCONTAINEDINSPATIALSTRUCTURE('3rB3HUn4v75O6VRzLM0nWC',#5,$,$,(#11569),#81);
#11571=IFCCARTESIANPOINT((52.5,40.,-0.5));
#11572=IFCAXIS2PLACEMENT3D(#11571,$,$);
#11573=IFCLOCALPLACEMENT(#80,#11572);
#11574=IFCCARTESIANPOINT((0.,0.));
#11575=IFCAXIS2PLACEMENT2D(#11574,$);
#11576=IFCRECTANGLEPROFILEDEF(.AREA.,$,#11575,7.,0.25);
#11577=IFCCARTESIANPOINT((0.,0.,0.));
#11578=IFCAXIS2PLACEMENT3D(#11577,$,$);
#11579=IFCDIRECTION((0.,0.,1.));
#11580=IFCEXTRUDEDAREASOLID(#11576,#11578,#11579,0.5);
#11581=IFCSHAPEREPRESENTATION(#14,'Body','SweptSolid',(#11580));
#11582=IFCPRODUCTDEFINITIONSHAPE($,$,(#11581));
#11583=IFCBEAM('3e4W$Ohav3u8ykm2zEHlRT',#5,'VB_P10_40_06',$,$,#11573,#11582,$,$);
#11584=IFCRELCONTAINEDINSPATIALSTRUCTURE('0EbL6AYsbDbffgPZRlUV4q',#5,$,$,(#11583),#81);
#11585=IFCCARTESIANPOINT((59.939999999999998,40.,-0.5));
#11586=IFCAXIS2PLACEMENT3D(#11585,$,$);
#11587=IFCLOCALPLACEMENT(#80,#11586);
#11588=IFCCARTESIANPOINT((0.,0.));
#11589=IFCAXIS2PLACEMENT2D(#11588,$);
#11590=IFCRECTANGLEPROFILEDEF(.AREA.,$,#11589,7.8800000000000026,0.25);
#11591=IFCCARTESIANPOINT((0.,0.,0.));
#11592=IFCAXIS2PLACEMENT3D(#11591,$,$);
#11593=IFCDIRECTION((0.,0.,1.));
#11594=IFCEXTRUDEDAREASOLID(#11590,#11592,#11593,0.5);
#11595=IFCSHAPEREPRESENTATION(#14,'Body','SweptSolid',(#11594));
#11596=IFCPRODUCTDEFINITIONSHAPE($,$,(#11595));
#11597=IFCBEAM('2wvCk8gNL7DQWEtVKDbHlR',#5,'VB_P10_40_07',$,$,#11587,#11596,$,$);
#11598=IFCRELCONTAINEDINSPATIALSTRUCTURE('2BFnz2Zln5S9uIhwQZ1lRo',#5,$,$,(#11597),#81);
#11599=IFCCARTESIANPOINT((67.814999999999998,40.,-0.5));
#11600=IFCAXIS2PLACEMENT3D(#11599,$,$);
#11601=IFCLOCALPLACEMENT(#80,#11600);
#11602=IFCCARTESIANPOINT((0.,0.));
#11603=IFCAXIS2PLACEMENT2D(#11602,$);
#11604=IFCRECTANGLEPROFILEDEF(.AREA.,$,#11603,7.8699999999999974,0.25);
#11605=IFCCARTESIANPOINT((0.,0.,0.));
#11606=IFCAXIS2PLACEMENT3D(#11605,$,$);
#11607=IFCDIRECTION((0.,0.,1.));
#11608=IFCEXTRUDEDAREASOLID(#11604,#11606,#11607,0.5);
#11609=IFCSHAPEREPRESENTATION(#14,'Body','SweptSolid',(#11608));
#11610=IFCPRODUCTDEFINITIONSHAPE($,$,(#11609));
#11611=IFCBEAM('2CMuR3FkDD7e7HJ2sAOTFk',#5,'VB_P10_40_08',$,$,#11601,#11610,$,$);
#11612=IFCRELCONTAINEDINSPATIALSTRUCTURE('02UNRQZGnA891ogtR3nCKq',#5,$,$,(#11611),#81);
#11613=IFCCARTESIANPOINT((75.689999999999998,40.,-0.5));
#11614=IFCAXIS2PLACEMENT3D(#11613,$,$);
#11615=IFCLOCALPLACEMENT(#80,#11614);
#11616=IFCCARTESIANPOINT((0.,0.));
#11617=IFCAXIS2PLACEMENT2D(#11616,$);
#11618=IFCRECTANGLEPROFILEDEF(.AREA.,$,#11617,7.8799999999999955,0.25);
#11619=IFCCARTESIANPOINT((0.,0.,0.));
#11620=IFCAXIS2PLACEMENT3D(#11619,$,$);
#11621=IFCDIRECTION((0.,0.,1.));
#11622=IFCEXTRUDEDAREASOLID(#11618,#11620,#11621,0.5);
#11623=IFCSHAPEREPRESENTATION(#14,'Body','SweptSolid',(#11622));
#11624=IFCPRODUCTDEFINITIONSHAPE($,$,(#11623));
#11625=IFCBEAM('1hSClF0nnEORqREL2wEFB4',#5,'VB_P10_40_09',$,$,#11615,#11624,$,$);
#11626=IFCRELCONTAINEDINSPATIALSTRUCTURE('3vtAdpkkb2ehomwaSDwWUQ',#5,$,$,(#11625),#81);
#11627=IFCCARTESIANPOINT((83.564999999999998,40.,-0.5));
#11628=IFCAXIS2PLACEMENT3D(#11627,$,$);
#11629=IFCLOCALPLACEMENT(#80,#11628);
#11630=IFCCARTESIANPOINT((0.,0.));
#11631=IFCAXIS2PLACEMENT2D(#11630,$);
#11632=IFCRECTANGLEPROFILEDEF(.AREA.,$,#11631,7.8700000000000045,0.25);
#11633=IFCCARTESIANPOINT((0.,0.,0.));
#11634=IFCAXIS2PLACEMENT3D(#11633,$,$);
#11635=IFCDIRECTION((0.,0.,1.));
#11636=IFCEXTRUDEDAREASOLID(#11632,#11634,#11635,0.5);
#11637=IFCSHAPEREPRESENTATION(#14,'Body','SweptSolid',(#11636));
#11638=IFCPRODUCTDEFINITIONSHAPE($,$,(#11637));
#11639=IFCBEAM('0xkGMvgnr86RpB65_rGkTX',#5,'VB_P10_40_10',$,$,#11629,#11638,$,$);
#11640=IFCRELCONTAINEDINSPATIALSTRUCTURE('0P3u3BrDf1EQufC8FQwKgc',#5,$,$,(#11639),#81);
#11641=IFCCARTESIANPOINT((2.5,6.5,-0.5));
#11642=IFCAXIS2PLACEMENT3D(#11641,$,$);
#11643=IFCLOCALPLACEMENT(#80,#11642);
#11644=IFCCARTESIANPOINT((0.,0.));
#11645=IFCAXIS2PLACEMENT2D(#11644,$);
#11646=IFCRECTANGLEPROFILEDEF(.AREA.,$,#11645,0.25,7.);
#11647=IFCCARTESIANPOINT((0.,0.,0.));
#11648=IFCAXIS2PLACEMENT3D(#11647,$,$);
#11649=IFCDIRECTION((0.,0.,1.));
#11650=IFCEXTRUDEDAREASOLID(#11646,#11648,#11649,0.5);
#11651=IFCSHAPEREPRESENTATION(#14,'Body','SweptSolid',(#11650));
#11652=IFCPRODUCTDEFINITIONSHAPE($,$,(#11651));
#11653=IFCBEAM('3GBtNFwuX2$wDbtUpW8bmp',#5,'VB_P10_2_00',$,$,#11643,#11652,$,$);
#11654=IFCRELCONTAINEDINSPATIALSTRUCTURE('1J7kco7NLBpRXetrN1PuY_',#5,$,$,(#11653),#81);
#11655=IFCCARTESIANPOINT((2.5,13.5,-0.5));
#11656=IFCAXIS2PLACEMENT3D(#11655,$,$);
#11657=IFCLOCALPLACEMENT(#80,#11656);
#11658=IFCCARTESIANPOINT((0.,0.));
#11659=IFCAXIS2PLACEMENT2D(#11658,$);
#11660=IFCRECTANGLEPROFILEDEF(.AREA.,$,#11659,0.25,7.);
#11661=IFCCARTESIANPOINT((0.,0.,0.));
#11662=IFCAXIS2PLACEMENT3D(#11661,$,$);
#11663=IFCDIRECTION((0.,0.,1.));
#11664=IFCEXTRUDEDAREASOLID(#11660,#11662,#11663,0.5);
#11665=IFCSHAPEREPRESENTATION(#14,'Body','SweptSolid',(#11664));
#11666=IFCPRODUCTDEFINITIONSHAPE($,$,(#11665));
#11667=IFCBEAM('2V0ejtphHAuvg1O3qEpjtT',#5,'VB_P10_2_01',$,$,#11657,#11666,$,$);
#11668=IFCRELCONTAINEDINSPATIALSTRUCTURE('1WV0tVwkHEugt3PeMVDI6v',#5,$,$,(#11667),#81);
#11669=IFCCARTESIANPOINT((2.5,21.5,-0.5));
#11670=IFCAXIS2PLACEMENT3D(#11669,$,$);
#11671=IFCLOCALPLACEMENT(#80,#11670);
#11672=IFCCARTESIANPOINT((0.,0.));
#11673=IFCAXIS2PLACEMENT2D(#11672,$);
#11674=IFCRECTANGLEPROFILEDEF(.AREA.,$,#11673,0.25,9.);
#11675=IFCCARTESIANPOINT((0.,0.,0.));
#11676=IFCAXIS2PLACEMENT3D(#11675,$,$);
#11677=IFCDIRECTION((0.,0.,1.));
#11678=IFCEXTRUDEDAREASOLID(#11674,#11676,#11677,0.5);
#11679=IFCSHAPEREPRESENTATION(#14,'Body','SweptSolid',(#11678));
#11680=IFCPRODUCTDEFINITIONSHAPE($,$,(#11679));
#11681=IFCBEAM('0$TNzC9rn6Cw7ORaVvNtna',#5,'VB_P10_2_02',$,$,#11671,#11680,$,$);
#11682=IFCRELCONTAINEDINSPATIALSTRUCTURE('34_$$$$zv579EkpjGHRzuL',#5,$,$,(#11681),#81);
#11683=IFCCARTESIANPOINT((2.5,29.5,-0.5));
#11684=IFCAXIS2PLACEMENT3D(#11683,$,$);
#11685=IFCLOCALPLACEMENT(#80,#11684);
#11686=IFCCARTESIANPOINT((0.,0.));
#11687=IFCAXIS2PLACEMENT2D(#11686,$);
#11688=IFCRECTANGLEPROFILEDEF(.AREA.,$,#11687,0.25,7.);
#11689=IFCCARTESIANPOINT((0.,0.,0.));
#11690=IFCAXIS2PLACEMENT3D(#11689,$,$);
#11691=IFCDIRECTION((0.,0.,1.));
#11692=IFCEXTRUDEDAREASOLID(#11688,#11690,#11691,0.5);
#11693=IFCSHAPEREPRESENTATION(#14,'Body','SweptSolid',(#11692));
#11694=IFCPRODUCTDEFINITIONSHAPE($,$,(#11693));
#11695=IFCBEAM('0_vlg7s5HD7RJdG1ZD2UCt',#5,'VB_P10_2_03',$,$,#11685,#11694,$,$);
#11696=IFCRELCONTAINEDINSPATIALSTRUCTURE('2B1BcusCj87guPtJ6k9w4l',#5,$,$,(#11695),#81);
#11697=IFCCARTESIANPOINT((2.5,36.5,-0.5));
#11698=IFCAXIS2PLACEMENT3D(#11697,$,$);
#11699=IFCLOCALPLACEMENT(#80,#11698);
#11700=IFCCARTESIANPOINT((0.,0.));
#11701=IFCAXIS2PLACEMENT2D(#11700,$);
#11702=IFCRECTANGLEPROFILEDEF(.AREA.,$,#11701,0.25,7.);
#11703=IFCCARTESIANPOINT((0.,0.,0.));
#11704=IFCAXIS2PLACEMENT3D(#11703,$,$);
#11705=IFCDIRECTION((0.,0.,1.));
#11706=IFCEXTRUDEDAREASOLID(#11702,#11704,#11705,0.5);
#11707=IFCSHAPEREPRESENTATION(#14,'Body','SweptSolid',(#11706));
#11708=IFCPRODUCTDEFINITIONSHAPE($,$,(#11707));
#11709=IFCBEAM('23nIKhQA15$vo99_Xo4FAR',#5,'VB_P10_2_04',$,$,#11699,#11708,$,$);
#11710=IFCRELCONTAINEDINSPATIALSTRUCTURE('2a4FcJVBP078LT0Z5mWpTo',#5,$,$,(#11709),#81);
#11711=IFCCARTESIANPOINT((87.5,6.5,-0.5));
#11712=IFCAXIS2PLACEMENT3D(#11711,$,$);
#11713=IFCLOCALPLACEMENT(#80,#11712);
#11714=IFCCARTESIANPOINT((0.,0.));
#11715=IFCAXIS2PLACEMENT2D(#11714,$);
#11716=IFCRECTANGLEPROFILEDEF(.AREA.,$,#11715,0.25,7.);
#11717=IFCCARTESIANPOINT((0.,0.,0.));
#11718=IFCAXIS2PLACEMENT3D(#11717,$,$);
#11719=IFCDIRECTION((0.,0.,1.));
#11720=IFCEXTRUDEDAREASOLID(#11716,#11718,#11719,0.5);
#11721=IFCSHAPEREPRESENTATION(#14,'Body','SweptSolid',(#11720));
#11722=IFCPRODUCTDEFINITIONSHAPE($,$,(#11721));
#11723=IFCBEAM('0k_ka6gcvEm9z5Wti7dRmV',#5,'VB_P10_88_00',$,$,#11713,#11722,$,$);
#11724=IFCRELCONTAINEDINSPATIALSTRUCTURE('2YTXoaIqf93R3DBDhHWx$M',#5,$,$,(#11723),#81);
#11725=IFCCARTESIANPOINT((87.5,13.5,-0.5));
#11726=IFCAXIS2PLACEMENT3D(#11725,$,$);
#11727=IFCLOCALPLACEMENT(#80,#11726);
#11728=IFCCARTESIANPOINT((0.,0.));
#11729=IFCAXIS2PLACEMENT2D(#11728,$);
#11730=IFCRECTANGLEPROFILEDEF(.AREA.,$,#11729,0.25,7.);
#11731=IFCCARTESIANPOINT((0.,0.,0.));
#11732=IFCAXIS2PLACEMENT3D(#11731,$,$);
#11733=IFCDIRECTION((0.,0.,1.));
#11734=IFCEXTRUDEDAREASOLID(#11730,#11732,#11733,0.5);
#11735=IFCSHAPEREPRESENTATION(#14,'Body','SweptSolid',(#11734));
#11736=IFCPRODUCTDEFINITIONSHAPE($,$,(#11735));
#11737=IFCBEAM('1_I4Mp_Jj3Q9YX0JwiObps',#5,'VB_P10_88_01',$,$,#11727,#11736,$,$);
#11738=IFCRELCONTAINEDINSPATIALSTRUCTURE('1OFSpvWmb2Uh4PwpRrzyyJ',#5,$,$,(#11737),#81);
#11739=IFCCARTESIANPOINT((87.5,21.5,-0.5));
#11740=IFCAXIS2PLACEMENT3D(#11739,$,$);
#11741=IFCLOCALPLACEMENT(#80,#11740);
#11742=IFCCARTESIANPOINT((0.,0.));
#11743=IFCAXIS2PLACEMENT2D(#11742,$);
#11744=IFCRECTANGLEPROFILEDEF(.AREA.,$,#11743,0.25,9.);
#11745=IFCCARTESIANPOINT((0.,0.,0.));
#11746=IFCAXIS2PLACEMENT3D(#11745,$,$);
#11747=IFCDIRECTION((0.,0.,1.));
#11748=IFCEXTRUDEDAREASOLID(#11744,#11746,#11747,0.5);
#11749=IFCSHAPEREPRESENTATION(#14,'Body','SweptSolid',(#11748));
#11750=IFCPRODUCTDEFINITIONSHAPE($,$,(#11749));
#11751=IFCBEAM('1A86G4To9DbOJ$wZzFnXRv',#5,'VB_P10_88_02',$,$,#11741,#11750,$,$);
#11752=IFCRELCONTAINEDINSPATIALSTRUCTURE('1TwJyLoFn9yeYjp5rX1iKN',#5,$,$,(#11751),#81);
#11753=IFCCARTESIANPOINT((87.5,29.5,-0.5));
#11754=IFCAXIS2PLACEMENT3D(#11753,$,$);
#11755=IFCLOCALPLACEMENT(#80,#11754);
#11756=IFCCARTESIANPOINT((0.,0.));
#11757=IFCAXIS2PLACEMENT2D(#11756,$);
#11758=IFCRECTANGLEPROFILEDEF(.AREA.,$,#11757,0.25,7.);
#11759=IFCCARTESIANPOINT((0.,0.,0.));
#11760=IFCAXIS2PLACEMENT3D(#11759,$,$);
#11761=IFCDIRECTION((0.,0.,1.));
#11762=IFCEXTRUDEDAREASOLID(#11758,#11760,#11761,0.5);
#11763=IFCSHAPEREPRESENTATION(#14,'Body','SweptSolid',(#11762));
#11764=IFCPRODUCTDEFINITIONSHAPE($,$,(#11763));
#11765=IFCBEAM('3mz9KEa3v1del0qE_YuFqy',#5,'VB_P10_88_03',$,$,#11755,#11764,$,$);
#11766=IFCRELCONTAINEDINSPATIALSTRUCTURE('3r08N5web1qxRpbuqUO8Rm',#5,$,$,(#11765),#81);
#11767=IFCCARTESIANPOINT((87.5,36.5,-0.5));
#11768=IFCAXIS2PLACEMENT3D(#11767,$,$);
#11769=IFCLOCALPLACEMENT(#80,#11768);
#11770=IFCCARTESIANPOINT((0.,0.));
#11771=IFCAXIS2PLACEMENT2D(#11770,$);
#11772=IFCRECTANGLEPROFILEDEF(.AREA.,$,#11771,0.25,7.);
#11773=IFCCARTESIANPOINT((0.,0.,0.));
#11774=IFCAXIS2PLACEMENT3D(#11773,$,$);
#11775=IFCDIRECTION((0.,0.,1.));
#11776=IFCEXTRUDEDAREASOLID(#11772,#11774,#11775,0.5);
#11777=IFCSHAPEREPRESENTATION(#14,'Body','SweptSolid',(#11776));
#11778=IFCPRODUCTDEFINITIONSHAPE($,$,(#11777));
#11779=IFCBEAM('2iszCtolr6rwk96la7Xi8b',#5,'VB_P10_88_04',$,$,#11769,#11778,$,$);
#11780=IFCRELCONTAINEDINSPATIALSTRUCTURE('2ziKnjTnb2EeAnth7raRcZ',#5,$,$,(#11779),#81);
#11781=IFCCARTESIANPOINT((12.,18.,-0.5));
#11782=IFCAXIS2PLACEMENT3D(#11781,$,$);
#11783=IFCLOCALPLACEMENT(#80,#11782);
#11784=IFCCARTESIANPOINT((0.,0.));
#11785=IFCAXIS2PLACEMENT2D(#11784,$);
#11786=IFCRECTANGLEPROFILEDEF(.AREA.,$,#11785,14.,0.20000000000000284);
#11787=IFCCARTESIANPOINT((0.,0.,0.));
#11788=IFCAXIS2PLACEMENT3D(#11787,$,$);
#11789=IFCDIRECTION((0.,0.,1.));
#11790=IFCEXTRUDEDAREASOLID(#11786,#11788,#11789,0.5);
#11791=IFCSHAPEREPRESENTATION(#14,'Body','SweptSolid',(#11790));
#11792=IFCPRODUCTDEFINITIONSHAPE($,$,(#11791));
#11793=IFCBEAM('10sWy4F4n1lfa8C7q_PxQA',#5,'VP_P10_A_18',$,$,#11783,#11792,$,$);
#11794=IFCRELCONTAINEDINSPATIALSTRUCTURE('2bSL8EbQr7MvQ78LFUBlkB',#5,$,$,(#11793),#81);
#11795=IFCCARTESIANPOINT((12.,25.,-0.5));
#11796=IFCAXIS2PLACEMENT3D(#11795,$,$);
#11797=IFCLOCALPLACEMENT(#80,#11796);
#11798=IFCCARTESIANPOINT((0.,0.));
#11799=IFCAXIS2PLACEMENT2D(#11798,$);
#11800=IFCRECTANGLEPROFILEDEF(.AREA.,$,#11799,14.,0.20000000000000284);
#11801=IFCCARTESIANPOINT((0.,0.,0.));
#11802=IFCAXIS2PLACEMENT3D(#11801,$,$);
#11803=IFCDIRECTION((0.,0.,1.));
#11804=IFCEXTRUDEDAREASOLID(#11800,#11802,#11803,0.5);
#11805=IFCSHAPEREPRESENTATION(#14,'Body','SweptSolid',(#11804));
#11806=IFCPRODUCTDEFINITIONSHAPE($,$,(#11805));
#11807=IFCBEAM('162kxx6ZPBjhBZDBctfkVu',#5,'VP_P10_A_25',$,$,#11797,#11806,$,$);
#11808=IFCRELCONTAINEDINSPATIALSTRUCTURE('0WbUlD6Y544gtrMclpqWCj',#5,$,$,(#11807),#81);
#11809=IFCCARTESIANPOINT((5.,21.5,-0.5));
#11810=IFCAXIS2PLACEMENT3D(#11809,$,$);
#11811=IFCLOCALPLACEMENT(#80,#11810);
#11812=IFCCARTESIANPOINT((0.,0.));
#11813=IFCAXIS2PLACEMENT2D(#11812,$);
#11814=IFCRECTANGLEPROFILEDEF(.AREA.,$,#11813,0.19999999999999929,7.);
#11815=IFCCARTESIANPOINT((0.,0.,0.));
#11816=IFCAXIS2PLACEMENT3D(#11815,$,$);
#11817=IFCDIRECTION((0.,0.,1.));
#11818=IFCEXTRUDEDAREASOLID(#11814,#11816,#11817,0.5);
#11819=IFCSHAPEREPRESENTATION(#14,'Body','SweptSolid',(#11818));
#11820=IFCPRODUCTDEFINITIONSHAPE($,$,(#11819));
#11821=IFCBEAM('2u7rT0bfL2MRqjYmNyW6aC',#5,'VP_P10_A_5',$,$,#11811,#11820,$,$);
#11822=IFCRELCONTAINEDINSPATIALSTRUCTURE('1kQcSgYt1898ddNY9WCn4N',#5,$,$,(#11821),#81);
#11823=IFCCARTESIANPOINT((19.,21.5,-0.5));
#11824=IFCAXIS2PLACEMENT3D(#11823,$,$);
#11825=IFCLOCALPLACEMENT(#80,#11824);
#11826=IFCCARTESIANPOINT((0.,0.));
#11827=IFCAXIS2PLACEMENT2D(#11826,$);
#11828=IFCRECTANGLEPROFILEDEF(.AREA.,$,#11827,0.20000000000000284,7.);
#11829=IFCCARTESIANPOINT((0.,0.,0.));
#11830=IFCAXIS2PLACEMENT3D(#11829,$,$);
#11831=IFCDIRECTION((0.,0.,1.));
#11832=IFCEXTRUDEDAREASOLID(#11828,#11830,#11831,0.5);
#11833=IFCSHAPEREPRESENTATION(#14,'Body','SweptSolid',(#11832));
#11834=IFCPRODUCTDEFINITIONSHAPE($,$,(#11833));
#11835=IFCBEAM('2Sv$Psvi90Ve5oNMsjKHGC',#5,'VP_P10_A_19',$,$,#11825,#11834,$,$);
#11836=IFCRELCONTAINEDINSPATIALSTRUCTURE('3DyrDIz_1FiQHhArO9uLc5',#5,$,$,(#11835),#81);
#11837=IFCCARTESIANPOINT((78.,18.,-0.5));
#11838=IFCAXIS2PLACEMENT3D(#11837,$,$);
#11839=IFCLOCALPLACEMENT(#80,#11838);
#11840=IFCCARTESIANPOINT((0.,0.));
#11841=IFCAXIS2PLACEMENT2D(#11840,$);
#11842=IFCRECTANGLEPROFILEDEF(.AREA.,$,#11841,14.,0.20000000000000284);
#11843=IFCCARTESIANPOINT((0.,0.,0.));
#11844=IFCAXIS2PLACEMENT3D(#11843,$,$);
#11845=IFCDIRECTION((0.,0.,1.));
#11846=IFCEXTRUDEDAREASOLID(#11842,#11844,#11845,0.5);
#11847=IFCSHAPEREPRESENTATION(#14,'Body','SweptSolid',(#11846));
#11848=IFCPRODUCTDEFINITIONSHAPE($,$,(#11847));
#11849=IFCBEAM('0ZJvFGFC9FehS2z_pz78Fz',#5,'VP_P10_B_18',$,$,#11839,#11848,$,$);
#11850=IFCRELCONTAINEDINSPATIALSTRUCTURE('0e4qRIdDj6iRQ_h9Z5Utjw',#5,$,$,(#11849),#81);
#11851=IFCCARTESIANPOINT((78.,25.,-0.5));
#11852=IFCAXIS2PLACEMENT3D(#11851,$,$);
#11853=IFCLOCALPLACEMENT(#80,#11852);
#11854=IFCCARTESIANPOINT((0.,0.));
#11855=IFCAXIS2PLACEMENT2D(#11854,$);
#11856=IFCRECTANGLEPROFILEDEF(.AREA.,$,#11855,14.,0.20000000000000284);
#11857=IFCCARTESIANPOINT((0.,0.,0.));
#11858=IFCAXIS2PLACEMENT3D(#11857,$,$);
#11859=IFCDIRECTION((0.,0.,1.));
#11860=IFCEXTRUDEDAREASOLID(#11856,#11858,#11859,0.5);
#11861=IFCSHAPEREPRESENTATION(#14,'Body','SweptSolid',(#11860));
#11862=IFCPRODUCTDEFINITIONSHAPE($,$,(#11861));
#11863=IFCBEAM('30yprOtkn2yQ0tnA1INzWK',#5,'VP_P10_B_25',$,$,#11853,#11862,$,$);
#11864=IFCRELCONTAINEDINSPATIALSTRUCTURE('1$KoDvD_rAOfu5aPzFcR52',#5,$,$,(#11863),#81);
#11865=IFCCARTESIANPOINT((71.,21.5,-0.5));
#11866=IFCAXIS2PLACEMENT3D(#11865,$,$);
#11867=IFCLOCALPLACEMENT(#80,#11866);
#11868=IFCCARTESIANPOINT((0.,0.));
#11869=IFCAXIS2PLACEMENT2D(#11868,$);
#11870=IFCRECTANGLEPROFILEDEF(.AREA.,$,#11869,0.19999999999998863,7.);
#11871=IFCCARTESIANPOINT((0.,0.,0.));
#11872=IFCAXIS2PLACEMENT3D(#11871,$,$);
#11873=IFCDIRECTION((0.,0.,1.));
#11874=IFCEXTRUDEDAREASOLID(#11870,#11872,#11873,0.5);
#11875=IFCSHAPEREPRESENTATION(#14,'Body','SweptSolid',(#11874));
#11876=IFCPRODUCTDEFINITIONSHAPE($,$,(#11875));
#11877=IFCBEAM('2kzFdvE7T10Al_CNGRCW_6',#5,'VP_P10_B_71',$,$,#11867,#11876,$,$);
#11878=IFCRELCONTAINEDINSPATIALSTRUCTURE('146ob76i1DvO_elXYJ4id2',#5,$,$,(#11877),#81);
#11879=IFCCARTESIANPOINT((85.,21.5,-0.5));
#11880=IFCAXIS2PLACEMENT3D(#11879,$,$);
#11881=IFCLOCALPLACEMENT(#80,#11880);
#11882=IFCCARTESIANPOINT((0.,0.));
#11883=IFCAXIS2PLACEMENT2D(#11882,$);
#11884=IFCRECTANGLEPROFILEDEF(.AREA.,$,#11883,0.19999999999998863,7.);
#11885=IFCCARTESIANPOINT((0.,0.,0.));
#11886=IFCAXIS2PLACEMENT3D(#11885,$,$);
#11887=IFCDIRECTION((0.,0.,1.));
#11888=IFCEXTRUDEDAREASOLID(#11884,#11886,#11887,0.5);
#11889=IFCSHAPEREPRESENTATION(#14,'Body','SweptSolid',(#11888));
#11890=IFCPRODUCTDEFINITIONSHAPE($,$,(#11889));
#11891=IFCBEAM('2wXJKE8ZL8DvcdhrXVY3sZ',#5,'VP_P10_B_85',$,$,#11881,#11890,$,$);
#11892=IFCRELCONTAINEDINSPATIALSTRUCTURE('3a4xddtS979Obf3wS64NAx',#5,$,$,(#11891),#81);
#11893=IFCCARTESIANPOINT((6.4400000000000004,3.,-0.5));
#11894=IFCAXIS2PLACEMENT3D(#11893,$,$);
#11895=IFCLOCALPLACEMENT(#84,#11894);
#11896=IFCCARTESIANPOINT((0.,0.));
#11897=IFCAXIS2PLACEMENT2D(#11896,$);
#11898=IFCRECTANGLEPROFILEDEF(.AREA.,$,#11897,7.8800000000000008,0.25);
#11899=IFCCARTESIANPOINT((0.,0.,0.));
#11900=IFCAXIS2PLACEMENT3D(#11899,$,$);
#11901=IFCDIRECTION((0.,0.,1.));
#11902=IFCEXTRUDEDAREASOLID(#11898,#11900,#11901,0.5);
#11903=IFCSHAPEREPRESENTATION(#14,'Body','SweptSolid',(#11902));
#11904=IFCPRODUCTDEFINITIONSHAPE($,$,(#11903));
#11905=IFCBEAM('0GvqxRn5b2JeyOKxTuOU0I',#5,'VB_P11_3_00',$,$,#11895,#11904,$,$);
#11906=IFCRELCONTAINEDINSPATIALSTRUCTURE('2D11wY$TTEqevhFdRE_QUj',#5,$,$,(#11905),#85);
#11907=IFCCARTESIANPOINT((14.315000000000001,3.,-0.5));
#11908=IFCAXIS2PLACEMENT3D(#11907,$,$);
#11909=IFCLOCALPLACEMENT(#84,#11908);
#11910=IFCCARTESIANPOINT((0.,0.));
#11911=IFCAXIS2PLACEMENT2D(#11910,$);
#11912=IFCRECTANGLEPROFILEDEF(.AREA.,$,#11911,7.8699999999999992,0.25);
#11913=IFCCARTESIANPOINT((0.,0.,0.));
#11914=IFCAXIS2PLACEMENT3D(#11913,$,$);
#11915=IFCDIRECTION((0.,0.,1.));
#11916=IFCEXTRUDEDAREASOLID(#11912,#11914,#11915,0.5);
#11917=IFCSHAPEREPRESENTATION(#14,'Body','SweptSolid',(#11916));
#11918=IFCPRODUCTDEFINITIONSHAPE($,$,(#11917));
#11919=IFCBEAM('15ZsiQfUnE5hTxmZ$Nc4L9',#5,'VB_P11_3_01',$,$,#11909,#11918,$,$);
#11920=IFCRELCONTAINEDINSPATIALSTRUCTURE('2TKaQ$rBr3wADaaj2XYZLY',#5,$,$,(#11919),#85);
#11921=IFCCARTESIANPOINT((22.189999999999998,3.,-0.5));
#11922=IFCAXIS2PLACEMENT3D(#11921,$,$);
#11923=IFCLOCALPLACEMENT(#84,#11922);
#11924=IFCCARTESIANPOINT((0.,0.));
#11925=IFCAXIS2PLACEMENT2D(#11924,$);
#11926=IFCRECTANGLEPROFILEDEF(.AREA.,$,#11925,7.879999999999999,0.25);
#11927=IFCCARTESIANPOINT((0.,0.,0.));
#11928=IFCAXIS2PLACEMENT3D(#11927,$,$);
#11929=IFCDIRECTION((0.,0.,1.));
#11930=IFCEXTRUDEDAREASOLID(#11926,#11928,#11929,0.5);
#11931=IFCSHAPEREPRESENTATION(#14,'Body','SweptSolid',(#11930));
#11932=IFCPRODUCTDEFINITIONSHAPE($,$,(#11931));
#11933=IFCBEAM('0qmSjm7qv2iwlq02aYv$6$',#5,'VB_P11_3_02',$,$,#11923,#11932,$,$);
#11934=IFCRELCONTAINEDINSPATIALSTRUCTURE('2T9QRlw8D6TOT3umLIHSdf',#5,$,$,(#11933),#85);
#11935=IFCCARTESIANPOINT((30.064999999999998,3.,-0.5));
#11936=IFCAXIS2PLACEMENT3D(#11935,$,$);
#11937=IFCLOCALPLACEMENT(#84,#11936);
#11938=IFCCARTESIANPOINT((0.,0.));
#11939=IFCAXIS2PLACEMENT2D(#11938,$);
#11940=IFCRECTANGLEPROFILEDEF(.AREA.,$,#11939,7.870000000000001,0.25);
#11941=IFCCARTESIANPOINT((0.,0.,0.));
#11942=IFCAXIS2PLACEMENT3D(#11941,$,$);
#11943=IFCDIRECTION((0.,0.,1.));
#11944=IFCEXTRUDEDAREASOLID(#11940,#11942,#11943,0.5);
#11945=IFCSHAPEREPRESENTATION(#14,'Body','SweptSolid',(#11944));
#11946=IFCPRODUCTDEFINITIONSHAPE($,$,(#11945));
#11947=IFCBEAM('3GlXr92Er9vhYRBB7jMYpw',#5,'VB_P11_3_03',$,$,#11937,#11946,$,$);
#11948=IFCRELCONTAINEDINSPATIALSTRUCTURE('3scd$D8FfEIPrYftk0MRRW',#5,$,$,(#11947),#85);
#11949=IFCCARTESIANPOINT((37.5,3.,-0.5));
#11950=IFCAXIS2PLACEMENT3D(#11949,$,$);
#11951=IFCLOCALPLACEMENT(#84,#11950);
#11952=IFCCARTESIANPOINT((0.,0.));
#11953=IFCAXIS2PLACEMENT2D(#11952,$);
#11954=IFCRECTANGLEPROFILEDEF(.AREA.,$,#11953,7.,0.25);
#11955=IFCCARTESIANPOINT((0.,0.,0.));
#11956=IFCAXIS2PLACEMENT3D(#11955,$,$);
#11957=IFCDIRECTION((0.,0.,1.));
#11958=IFCEXTRUDEDAREASOLID(#11954,#11956,#11957,0.5);
#11959=IFCSHAPEREPRESENTATION(#14,'Body','SweptSolid',(#11958));
#11960=IFCPRODUCTDEFINITIONSHAPE($,$,(#11959));
#11961=IFCBEAM('0lXwoTIGv4fg_fJkqqfoZ$',#5,'VB_P11_3_04',$,$,#11951,#11960,$,$);
#11962=IFCRELCONTAINEDINSPATIALSTRUCTURE('1vfqZk7WnA9eisw2zposh0',#5,$,$,(#11961),#85);
#11963=IFCCARTESIANPOINT((45.,3.,-0.5));
#11964=IFCAXIS2PLACEMENT3D(#11963,$,$);
#11965=IFCLOCALPLACEMENT(#84,#11964);
#11966=IFCCARTESIANPOINT((0.,0.));
#11967=IFCAXIS2PLACEMENT2D(#11966,$);
#11968=IFCRECTANGLEPROFILEDEF(.AREA.,$,#11967,8.,0.25);
#11969=IFCCARTESIANPOINT((0.,0.,0.));
#11970=IFCAXIS2PLACEMENT3D(#11969,$,$);
#11971=IFCDIRECTION((0.,0.,1.));
#11972=IFCEXTRUDEDAREASOLID(#11968,#11970,#11971,0.5);
#11973=IFCSHAPEREPRESENTATION(#14,'Body','SweptSolid',(#11972));
#11974=IFCPRODUCTDEFINITIONSHAPE($,$,(#11973));
#11975=IFCBEAM('1tXKrcKUX4yhSZNAroaZ4l',#5,'VB_P11_3_05',$,$,#11965,#11974,$,$);
#11976=IFCRELCONTAINEDINSPATIALSTRUCTURE('3wcpPJsP54tQqwfAjws9yg',#5,$,$,(#11975),#85);
#11977=IFCCARTESIANPOINT((52.5,3.,-0.5));
#11978=IFCAXIS2PLACEMENT3D(#11977,$,$);
#11979=IFCLOCALPLACEMENT(#84,#11978);
#11980=IFCCARTESIANPOINT((0.,0.));
#11981=IFCAXIS2PLACEMENT2D(#11980,$);
#11982=IFCRECTANGLEPROFILEDEF(.AREA.,$,#11981,7.,0.25);
#11983=IFCCARTESIANPOINT((0.,0.,0.));
#11984=IFCAXIS2PLACEMENT3D(#11983,$,$);
#11985=IFCDIRECTION((0.,0.,1.));
#11986=IFCEXTRUDEDAREASOLID(#11982,#11984,#11985,0.5);
#11987=IFCSHAPEREPRESENTATION(#14,'Body','SweptSolid',(#11986));
#11988=IFCPRODUCTDEFINITIONSHAPE($,$,(#11987));
#11989=IFCBEAM('0Q$QIvGQXCHO5rC7D1fW1T',#5,'VB_P11_3_06',$,$,#11979,#11988,$,$);
#11990=IFCRELCONTAINEDINSPATIALSTRUCTURE('0watqQUEXEZhA$NGPLuO5V',#5,$,$,(#11989),#85);
#11991=IFCCARTESIANPOINT((59.939999999999998,3.,-0.5));
#11992=IFCAXIS2PLACEMENT3D(#11991,$,$);
#11993=IFCLOCALPLACEMENT(#84,#11992);
#11994=IFCCARTESIANPOINT((0.,0.));
#11995=IFCAXIS2PLACEMENT2D(#11994,$);
#11996=IFCRECTANGLEPROFILEDEF(.AREA.,$,#11995,7.8800000000000026,0.25);
#11997=IFCCARTESIANPOINT((0.,0.,0.));
#11998=IFCAXIS2PLACEMENT3D(#11997,$,$);
#11999=IFCDIRECTION((0.,0.,1.));
#12000=IFCEXTRUDEDAREASOLID(#11996,#11998,#11999,0.5);
#12001=IFCSHAPEREPRESENTATION(#14,'Body','SweptSolid',(#12000));
#12002=IFCPRODUCTDEFINITIONSHAPE($,$,(#12001));
#12003=IFCBEAM('2rPkKSdG52QRq1MNtrXRCU',#5,'VB_P11_3_07',$,$,#11993,#12002,$,$);
#12004=IFCRELCONTAINEDINSPATIALSTRUCTURE('2laiA8div7IgbX6Tb8HetO',#5,$,$,(#12003),#85);
#12005=IFCCARTESIANPOINT((67.814999999999998,3.,-0.5));
#12006=IFCAXIS2PLACEMENT3D(#12005,$,$);
#12007=IFCLOCALPLACEMENT(#84,#12006);
#12008=IFCCARTESIANPOINT((0.,0.));
#12009=IFCAXIS2PLACEMENT2D(#12008,$);
#12010=IFCRECTANGLEPROFILEDEF(.AREA.,$,#12009,7.8699999999999974,0.25);
#12011=IFCCARTESIANPOINT((0.,0.,0.));
#12012=IFCAXIS2PLACEMENT3D(#12011,$,$);
#12013=IFCDIRECTION((0.,0.,1.));
#12014=IFCEXTRUDEDAREASOLID(#12010,#12012,#12013,0.5);
#12015=IFCSHAPEREPRESENTATION(#14,'Body','SweptSolid',(#12014));
#12016=IFCPRODUCTDEFINITIONSHAPE($,$,(#12015));
#12017=IFCBEAM('3LeDMxOfHDixxeJLTLO2kF',#5,'VB_P11_3_08',$,$,#12007,#12016,$,$);
#12018=IFCRELCONTAINEDINSPATIALSTRUCTURE('2FH6wLheb6CenW4UEAnIp$',#5,$,$,(#12017),#85);
#12019=IFCCARTESIANPOINT((75.689999999999998,3.,-0.5));
#12020=IFCAXIS2PLACEMENT3D(#12019,$,$);
#12021=IFCLOCALPLACEMENT(#84,#12020);
#12022=IFCCARTESIANPOINT((0.,0.));
#12023=IFCAXIS2PLACEMENT2D(#12022,$);
#12024=IFCRECTANGLEPROFILEDEF(.AREA.,$,#12023,7.8799999999999955,0.25);
#12025=IFCCARTESIANPOINT((0.,0.,0.));
#12026=IFCAXIS2PLACEMENT3D(#12025,$,$);
#12027=IFCDIRECTION((0.,0.,1.));
#12028=IFCEXTRUDEDAREASOLID(#12024,#12026,#12027,0.5);
#12029=IFCSHAPEREPRESENTATION(#14,'Body','SweptSolid',(#12028));
#12030=IFCPRODUCTDEFINITIONSHAPE($,$,(#12029));
#12031=IFCBEAM('3wWvAgtM1EBxmTLfiijzOg',#5,'VB_P11_3_09',$,$,#12021,#12030,$,$);
#12032=IFCRELCONTAINEDINSPATIALSTRUCTURE('07iGHRFrjDGxO0X15Dlq8Q',#5,$,$,(#12031),#85);
#12033=IFCCARTESIANPOINT((83.564999999999998,3.,-0.5));
#12034=IFCAXIS2PLACEMENT3D(#12033,$,$);
#12035=IFCLOCALPLACEMENT(#84,#12034);
#12036=IFCCARTESIANPOINT((0.,0.));
#12037=IFCAXIS2PLACEMENT2D(#12036,$);
#12038=IFCRECTANGLEPROFILEDEF(.AREA.,$,#12037,7.8700000000000045,0.25);
#12039=IFCCARTESIANPOINT((0.,0.,0.));
#12040=IFCAXIS2PLACEMENT3D(#12039,$,$);
#12041=IFCDIRECTION((0.,0.,1.));
#12042=IFCEXTRUDEDAREASOLID(#12038,#12040,#12041,0.5);
#12043=IFCSHAPEREPRESENTATION(#14,'Body','SweptSolid',(#12042));
#12044=IFCPRODUCTDEFINITIONSHAPE($,$,(#12043));
#12045=IFCBEAM('3tqIPi_Fb10OUdP$KQurDt',#5,'VB_P11_3_10',$,$,#12035,#12044,$,$);
#12046=IFCRELCONTAINEDINSPATIALSTRUCTURE('17rNZPh8z90vQiN8_IwvN_',#5,$,$,(#12045),#85);
#12047=IFCCARTESIANPOINT((6.4400000000000004,40.,-0.5));
#12048=IFCAXIS2PLACEMENT3D(#12047,$,$);
#12049=IFCLOCALPLACEMENT(#84,#12048);
#12050=IFCCARTESIANPOINT((0.,0.));
#12051=IFCAXIS2PLACEMENT2D(#12050,$);
#12052=IFCRECTANGLEPROFILEDEF(.AREA.,$,#12051,7.8800000000000008,0.25);
#12053=IFCCARTESIANPOINT((0.,0.,0.));
#12054=IFCAXIS2PLACEMENT3D(#12053,$,$);
#12055=IFCDIRECTION((0.,0.,1.));
#12056=IFCEXTRUDEDAREASOLID(#12052,#12054,#12055,0.5);
#12057=IFCSHAPEREPRESENTATION(#14,'Body','SweptSolid',(#12056));
#12058=IFCPRODUCTDEFINITIONSHAPE($,$,(#12057));
#12059=IFCBEAM('39oJ2gqNTE0fa6IQr4Tmrz',#5,'VB_P11_40_00',$,$,#12049,#12058,$,$);
#12060=IFCRELCONTAINEDINSPATIALSTRUCTURE('0J7f__xxz6VRBohS7s3nZw',#5,$,$,(#12059),#85);
#12061=IFCCARTESIANPOINT((14.315000000000001,40.,-0.5));
#12062=IFCAXIS2PLACEMENT3D(#12061,$,$);
#12063=IFCLOCALPLACEMENT(#84,#12062);
#12064=IFCCARTESIANPOINT((0.,0.));
#12065=IFCAXIS2PLACEMENT2D(#12064,$);
#12066=IFCRECTANGLEPROFILEDEF(.AREA.,$,#12065,7.8699999999999992,0.25);
#12067=IFCCARTESIANPOINT((0.,0.,0.));
#12068=IFCAXIS2PLACEMENT3D(#12067,$,$);
#12069=IFCDIRECTION((0.,0.,1.));
#12070=IFCEXTRUDEDAREASOLID(#12066,#12068,#12069,0.5);
#12071=IFCSHAPEREPRESENTATION(#14,'Body','SweptSolid',(#12070));
#12072=IFCPRODUCTDEFINITIONSHAPE($,$,(#12071));
#12073=IFCBEAM('1LinXc8Aj99uppizJYeIEZ',#5,'VB_P11_40_01',$,$,#12063,#12072,$,$);
#12074=IFCRELCONTAINEDINSPATIALSTRUCTURE('0sRa7txJn6QxYXJEoBWZYJ',#5,$,$,(#12073),#85);
#12075=IFCCARTESIANPOINT((22.189999999999998,40.,-0.5));
#12076=IFCAXIS2PLACEMENT3D(#12075,$,$);
#12077=IFCLOCALPLACEMENT(#84,#12076);
#12078=IFCCARTESIANPOINT((0.,0.));
#12079=IFCAXIS2PLACEMENT2D(#12078,$);
#12080=IFCRECTANGLEPROFILEDEF(.AREA.,$,#12079,7.879999999999999,0.25);
#12081=IFCCARTESIANPOINT((0.,0.,0.));
#12082=IFCAXIS2PLACEMENT3D(#12081,$,$);
#12083=IFCDIRECTION((0.,0.,1.));
#12084=IFCEXTRUDEDAREASOLID(#12080,#12082,#12083,0.5);
#12085=IFCSHAPEREPRESENTATION(#14,'Body','SweptSolid',(#12084));
#12086=IFCPRODUCTDEFINITIONSHAPE($,$,(#12085));
#12087=IFCBEAM('3w1lpIeuT2$wMZgOzN5PDM',#5,'VB_P11_40_02',$,$,#12077,#12086,$,$);
#12088=IFCRELCONTAINEDINSPATIALSTRUCTURE('0KB2Mqyyb8b89uy5JCvYS7',#5,$,$,(#12087),#85);
#12089=IFCCARTESIANPOINT((30.064999999999998,40.,-0.5));
#12090=IFCAXIS2PLACEMENT3D(#12089,$,$);
#12091=IFCLOCALPLACEMENT(#84,#12090);
#12092=IFCCARTESIANPOINT((0.,0.));
#12093=IFCAXIS2PLACEMENT2D(#12092,$);
#12094=IFCRECTANGLEPROFILEDEF(.AREA.,$,#12093,7.870000000000001,0.25);
#12095=IFCCARTESIANPOINT((0.,0.,0.));
#12096=IFCAXIS2PLACEMENT3D(#12095,$,$);
#12097=IFCDIRECTION((0.,0.,1.));
#12098=IFCEXTRUDEDAREASOLID(#12094,#12096,#12097,0.5);
#12099=IFCSHAPEREPRESENTATION(#14,'Body','SweptSolid',(#12098));
#12100=IFCPRODUCTDEFINITIONSHAPE($,$,(#12099));
#12101=IFCBEAM('1jz3zZGSb2BuaM6fYO2GlV',#5,'VB_P11_40_03',$,$,#12091,#12100,$,$);
#12102=IFCRELCONTAINEDINSPATIALSTRUCTURE('36qE82JSX3$fKAWsf6gwm$',#5,$,$,(#12101),#85);
#12103=IFCCARTESIANPOINT((37.5,40.,-0.5));
#12104=IFCAXIS2PLACEMENT3D(#12103,$,$);
#12105=IFCLOCALPLACEMENT(#84,#12104);
#12106=IFCCARTESIANPOINT((0.,0.));
#12107=IFCAXIS2PLACEMENT2D(#12106,$);
#12108=IFCRECTANGLEPROFILEDEF(.AREA.,$,#12107,7.,0.25);
#12109=IFCCARTESIANPOINT((0.,0.,0.));
#12110=IFCAXIS2PLACEMENT3D(#12109,$,$);
#12111=IFCDIRECTION((0.,0.,1.));
#12112=IFCEXTRUDEDAREASOLID(#12108,#12110,#12111,0.5);
#12113=IFCSHAPEREPRESENTATION(#14,'Body','SweptSolid',(#12112));
#12114=IFCPRODUCTDEFINITIONSHAPE($,$,(#12113));
#12115=IFCBEAM('1OkORkDXz71A4cT3Yz9bPw',#5,'VB_P11_40_04',$,$,#12105,#12114,$,$);
#12116=IFCRELCONTAINEDINSPATIALSTRUCTURE('3fkOIoK2vE1gWHRKVwttxr',#5,$,$,(#12115),#85);
#12117=IFCCARTESIANPOINT((45.,40.,-0.5));
#12118=IFCAXIS2PLACEMENT3D(#12117,$,$);
#12119=IFCLOCALPLACEMENT(#84,#12118);
#12120=IFCCARTESIANPOINT((0.,0.));
#12121=IFCAXIS2PLACEMENT2D(#12120,$);
#12122=IFCRECTANGLEPROFILEDEF(.AREA.,$,#12121,8.,0.25);
#12123=IFCCARTESIANPOINT((0.,0.,0.));
#12124=IFCAXIS2PLACEMENT3D(#12123,$,$);
#12125=IFCDIRECTION((0.,0.,1.));
#12126=IFCEXTRUDEDAREASOLID(#12122,#12124,#12125,0.5);
#12127=IFCSHAPEREPRESENTATION(#14,'Body','SweptSolid',(#12126));
#12128=IFCPRODUCTDEFINITIONSHAPE($,$,(#12127));
#12129=IFCBEAM('2KoBbGzJzEuhzfMDzEtrb3',#5,'VB_P11_40_05',$,$,#12119,#12128,$,$);
#12130=IFCRELCONTAINEDINSPATIALSTRUCTURE('0lm7XCyo940vg2hwVsTVKk',#5,$,$,(#12129),#85);
#12131=IFCCARTESIANPOINT((52.5,40.,-0.5));
#12132=IFCAXIS2PLACEMENT3D(#12131,$,$);
#12133=IFCLOCALPLACEMENT(#84,#12132);
#12134=IFCCARTESIANPOINT((0.,0.));
#12135=IFCAXIS2PLACEMENT2D(#12134,$);
#12136=IFCRECTANGLEPROFILEDEF(.AREA.,$,#12135,7.,0.25);
#12137=IFCCARTESIANPOINT((0.,0.,0.));
#12138=IFCAXIS2PLACEMENT3D(#12137,$,$);
#12139=IFCDIRECTION((0.,0.,1.));
#12140=IFCEXTRUDEDAREASOLID(#12136,#12138,#12139,0.5);
#12141=IFCSHAPEREPRESENTATION(#14,'Body','SweptSolid',(#12140));
#12142=IFCPRODUCTDEFINITIONSHAPE($,$,(#12141));
#12143=IFCBEAM('3_bhQrFLD0PQ6Yt3SJuf$D',#5,'VB_P11_40_06',$,$,#12133,#12142,$,$);
#12144=IFCRELCONTAINEDINSPATIALSTRUCTURE('17a91cUKfFguT8z_N0TPv7',#5,$,$,(#12143),#85);
#12145=IFCCARTESIANPOINT((59.939999999999998,40.,-0.5));
#12146=IFCAXIS2PLACEMENT3D(#12145,$,$);
#12147=IFCLOCALPLACEMENT(#84,#12146);
#12148=IFCCARTESIANPOINT((0.,0.));
#12149=IFCAXIS2PLACEMENT2D(#12148,$);
#12150=IFCRECTANGLEPROFILEDEF(.AREA.,$,#12149,7.8800000000000026,0.25);
#12151=IFCCARTESIANPOINT((0.,0.,0.));
#12152=IFCAXIS2PLACEMENT3D(#12151,$,$);
#12153=IFCDIRECTION((0.,0.,1.));
#12154=IFCEXTRUDEDAREASOLID(#12150,#12152,#12153,0.5);
#12155=IFCSHAPEREPRESENTATION(#14,'Body','SweptSolid',(#12154));
#12156=IFCPRODUCTDEFINITIONSHAPE($,$,(#12155));
#12157=IFCBEAM('3K19iR7ez5_wbH89$naqLJ',#5,'VB_P11_40_07',$,$,#12147,#12156,$,$);
#12158=IFCRELCONTAINEDINSPATIALSTRUCTURE('3Nyhvoo8b1Ww8TSlOILHQO',#5,$,$,(#12157),#85);
#12159=IFCCARTESIANPOINT((67.814999999999998,40.,-0.5));
#12160=IFCAXIS2PLACEMENT3D(#12159,$,$);
#12161=IFCLOCALPLACEMENT(#84,#12160);
#12162=IFCCARTESIANPOINT((0.,0.));
#12163=IFCAXIS2PLACEMENT2D(#12162,$);
#12164=IFCRECTANGLEPROFILEDEF(.AREA.,$,#12163,7.8699999999999974,0.25);
#12165=IFCCARTESIANPOINT((0.,0.,0.));
#12166=IFCAXIS2PLACEMENT3D(#12165,$,$);
#12167=IFCDIRECTION((0.,0.,1.));
#12168=IFCEXTRUDEDAREASOLID(#12164,#12166,#12167,0.5);
#12169=IFCSHAPEREPRESENTATION(#14,'Body','SweptSolid',(#12168));
#12170=IFCPRODUCTDEFINITIONSHAPE($,$,(#12169));
#12171=IFCBEAM('0hn5vUZnDFzxWhpm9E5v9J',#5,'VB_P11_40_08',$,$,#12161,#12170,$,$);
#12172=IFCRELCONTAINEDINSPATIALSTRUCTURE('0vKlNB6H107RJG7OrP5LgO',#5,$,$,(#12171),#85);
#12173=IFCCARTESIANPOINT((75.689999999999998,40.,-0.5));
#12174=IFCAXIS2PLACEMENT3D(#12173,$,$);
#12175=IFCLOCALPLACEMENT(#84,#12174);
#12176=IFCCARTESIANPOINT((0.,0.));
#12177=IFCAXIS2PLACEMENT2D(#12176,$);
#12178=IFCRECTANGLEPROFILEDEF(.AREA.,$,#12177,7.8799999999999955,0.25);
#12179=IFCCARTESIANPOINT((0.,0.,0.));
#12180=IFCAXIS2PLACEMENT3D(#12179,$,$);
#12181=IFCDIRECTION((0.,0.,1.));
#12182=IFCEXTRUDEDAREASOLID(#12178,#12180,#12181,0.5);
#12183=IFCSHAPEREPRESENTATION(#14,'Body','SweptSolid',(#12182));
#12184=IFCPRODUCTDEFINITIONSHAPE($,$,(#12183));
#12185=IFCBEAM('2Xalh2eRr4_Oq548Je5lOB',#5,'VB_P11_40_09',$,$,#12175,#12184,$,$);
#12186=IFCRELCONTAINEDINSPATIALSTRUCTURE('0tEvWlPqL5IOGG5C_rUPXE',#5,$,$,(#12185),#85);
#12187=IFCCARTESIANPOINT((83.564999999999998,40.,-0.5));
#12188=IFCAXIS2PLACEMENT3D(#12187,$,$);
#12189=IFCLOCALPLACEMENT(#84,#12188);
#12190=IFCCARTESIANPOINT((0.,0.));
#12191=IFCAXIS2PLACEMENT2D(#12190,$);
#12192=IFCRECTANGLEPROFILEDEF(.AREA.,$,#12191,7.8700000000000045,0.25);
#12193=IFCCARTESIANPOINT((0.,0.,0.));
#12194=IFCAXIS2PLACEMENT3D(#12193,$,$);
#12195=IFCDIRECTION((0.,0.,1.));
#12196=IFCEXTRUDEDAREASOLID(#12192,#12194,#12195,0.5);
#12197=IFCSHAPEREPRESENTATION(#14,'Body','SweptSolid',(#12196));
#12198=IFCPRODUCTDEFINITIONSHAPE($,$,(#12197));
#12199=IFCBEAM('1YXxK72enFSPJ5sFv$v7sM',#5,'VB_P11_40_10',$,$,#12189,#12198,$,$);
#12200=IFCRELCONTAINEDINSPATIALSTRUCTURE('2VssuWNiL7n8ohK6he7OPR',#5,$,$,(#12199),#85);
#12201=IFCCARTESIANPOINT((2.5,6.5,-0.5));
#12202=IFCAXIS2PLACEMENT3D(#12201,$,$);
#12203=IFCLOCALPLACEMENT(#84,#12202);
#12204=IFCCARTESIANPOINT((0.,0.));
#12205=IFCAXIS2PLACEMENT2D(#12204,$);
#12206=IFCRECTANGLEPROFILEDEF(.AREA.,$,#12205,0.25,7.);
#12207=IFCCARTESIANPOINT((0.,0.,0.));
#12208=IFCAXIS2PLACEMENT3D(#12207,$,$);
#12209=IFCDIRECTION((0.,0.,1.));
#12210=IFCEXTRUDEDAREASOLID(#12206,#12208,#12209,0.5);
#12211=IFCSHAPEREPRESENTATION(#14,'Body','SweptSolid',(#12210));
#12212=IFCPRODUCTDEFINITIONSHAPE($,$,(#12211));
#12213=IFCBEAM('2Ww1KDcuz2sPD$k7okc6Rr',#5,'VB_P11_2_00',$,$,#12203,#12212,$,$);
#12214=IFCRELCONTAINEDINSPATIALSTRUCTURE('32jLYIZ_jDAPK7cBUZ7ftE',#5,$,$,(#12213),#85);
#12215=IFCCARTESIANPOINT((2.5,13.5,-0.5));
#12216=IFCAXIS2PLACEMENT3D(#12215,$,$);
#12217=IFCLOCALPLACEMENT(#84,#12216);
#12218=IFCCARTESIANPOINT((0.,0.));
#12219=IFCAXIS2PLACEMENT2D(#12218,$);
#12220=IFCRECTANGLEPROFILEDEF(.AREA.,$,#12219,0.25,7.);
#12221=IFCCARTESIANPOINT((0.,0.,0.));
#12222=IFCAXIS2PLACEMENT3D(#12221,$,$);
#12223=IFCDIRECTION((0.,0.,1.));
#12224=IFCEXTRUDEDAREASOLID(#12220,#12222,#12223,0.5);
#12225=IFCSHAPEREPRESENTATION(#14,'Body','SweptSolid',(#12224));
#12226=IFCPRODUCTDEFINITIONSHAPE($,$,(#12225));
#12227=IFCBEAM('1gwpwsqs1BngpBC56ZNSDD',#5,'VB_P11_2_01',$,$,#12217,#12226,$,$);
#12228=IFCRELCONTAINEDINSPATIALSTRUCTURE('3Bqb98oaLDZggjrOtnTp1v',#5,$,$,(#12227),#85);
#12229=IFCCARTESIANPOINT((2.5,21.5,-0.5));
#12230=IFCAXIS2PLACEMENT3D(#12229,$,$);
#12231=IFCLOCALPLACEMENT(#84,#12230);
#12232=IFCCARTESIANPOINT((0.,0.));
#12233=IFCAXIS2PLACEMENT2D(#12232,$);
#12234=IFCRECTANGLEPROFILEDEF(.AREA.,$,#12233,0.25,9.);
#12235=IFCCARTESIANPOINT((0.,0.,0.));
#12236=IFCAXIS2PLACEMENT3D(#12235,$,$);
#12237=IFCDIRECTION((0.,0.,1.));
#12238=IFCEXTRUDEDAREASOLID(#12234,#12236,#12237,0.5);
#12239=IFCSHAPEREPRESENTATION(#14,'Body','SweptSolid',(#12238));
#12240=IFCPRODUCTDEFINITIONSHAPE($,$,(#12239));
#12241=IFCBEAM('0xr26JZavCp85R6AkFpfvv',#5,'VB_P11_2_02',$,$,#12231,#12240,$,$);
#12242=IFCRELCONTAINEDINSPATIALSTRUCTURE('1bgWAFHHbBcOwQb9MmceIa',#5,$,$,(#12241),#85);
#12243=IFCCARTESIANPOINT((2.5,29.5,-0.5));
#12244=IFCAXIS2PLACEMENT3D(#12243,$,$);
#12245=IFCLOCALPLACEMENT(#84,#12244);
#12246=IFCCARTESIANPOINT((0.,0.));
#12247=IFCAXIS2PLACEMENT2D(#12246,$);
#12248=IFCRECTANGLEPROFILEDEF(.AREA.,$,#12247,0.25,7.);
#12249=IFCCARTESIANPOINT((0.,0.,0.));
#12250=IFCAXIS2PLACEMENT3D(#12249,$,$);
#12251=IFCDIRECTION((0.,0.,1.));
#12252=IFCEXTRUDEDAREASOLID(#12248,#12250,#12251,0.5);
#12253=IFCSHAPEREPRESENTATION(#14,'Body','SweptSolid',(#12252));
#12254=IFCPRODUCTDEFINITIONSHAPE($,$,(#12253));
#12255=IFCBEAM('2RSMBxE1D8D9O$FWv97U7Z',#5,'VB_P11_2_03',$,$,#12245,#12254,$,$);
#12256=IFCRELCONTAINEDINSPATIALSTRUCTURE('0xE0uYWpH4SPmFLAwWtxF$',#5,$,$,(#12255),#85);
#12257=IFCCARTESIANPOINT((2.5,36.5,-0.5));
#12258=IFCAXIS2PLACEMENT3D(#12257,$,$);
#12259=IFCLOCALPLACEMENT(#84,#12258);
#12260=IFCCARTESIANPOINT((0.,0.));
#12261=IFCAXIS2PLACEMENT2D(#12260,$);
#12262=IFCRECTANGLEPROFILEDEF(.AREA.,$,#12261,0.25,7.);
#12263=IFCCARTESIANPOINT((0.,0.,0.));
#12264=IFCAXIS2PLACEMENT3D(#12263,$,$);
#12265=IFCDIRECTION((0.,0.,1.));
#12266=IFCEXTRUDEDAREASOLID(#12262,#12264,#12265,0.5);
#12267=IFCSHAPEREPRESENTATION(#14,'Body','SweptSolid',(#12266));
#12268=IFCPRODUCTDEFINITIONSHAPE($,$,(#12267));
#12269=IFCBEAM('10c7ZH9Zj8UPCu5omCskwc',#5,'VB_P11_2_04',$,$,#12259,#12268,$,$);
#12270=IFCRELCONTAINEDINSPATIALSTRUCTURE('1ZkI8HAqv4XuOZ3ATkECmV',#5,$,$,(#12269),#85);
#12271=IFCCARTESIANPOINT((87.5,6.5,-0.5));
#12272=IFCAXIS2PLACEMENT3D(#12271,$,$);
#12273=IFCLOCALPLACEMENT(#84,#12272);
#12274=IFCCARTESIANPOINT((0.,0.));
#12275=IFCAXIS2PLACEMENT2D(#12274,$);
#12276=IFCRECTANGLEPROFILEDEF(.AREA.,$,#12275,0.25,7.);
#12277=IFCCARTESIANPOINT((0.,0.,0.));
#12278=IFCAXIS2PLACEMENT3D(#12277,$,$);
#12279=IFCDIRECTION((0.,0.,1.));
#12280=IFCEXTRUDEDAREASOLID(#12276,#12278,#12279,0.5);
#12281=IFCSHAPEREPRESENTATION(#14,'Body','SweptSolid',(#12280));
#12282=IFCPRODUCTDEFINITIONSHAPE($,$,(#12281));
#12283=IFCBEAM('2LuX8SDUf8qOCk5yEg8Lyx',#5,'VB_P11_88_00',$,$,#12273,#12282,$,$);
#12284=IFCRELCONTAINEDINSPATIALSTRUCTURE('16ovtlK5fDpxbE_lbjIlNE',#5,$,$,(#12283),#85);
#12285=IFCCARTESIANPOINT((87.5,13.5,-0.5));
#12286=IFCAXIS2PLACEMENT3D(#12285,$,$);
#12287=IFCLOCALPLACEMENT(#84,#12286);
#12288=IFCCARTESIANPOINT((0.,0.));
#12289=IFCAXIS2PLACEMENT2D(#12288,$);
#12290=IFCRECTANGLEPROFILEDEF(.AREA.,$,#12289,0.25,7.);
#12291=IFCCARTESIANPOINT((0.,0.,0.));
#12292=IFCAXIS2PLACEMENT3D(#12291,$,$);
#12293=IFCDIRECTION((0.,0.,1.));
#12294=IFCEXTRUDEDAREASOLID(#12290,#12292,#12293,0.5);
#12295=IFCSHAPEREPRESENTATION(#14,'Body','SweptSolid',(#12294));
#12296=IFCPRODUCTDEFINITIONSHAPE($,$,(#12295));
#12297=IFCBEAM('2_TIliN_HFBwvpKs6yI2fQ',#5,'VB_P11_88_01',$,$,#12287,#12296,$,$);
#12298=IFCRELCONTAINEDINSPATIALSTRUCTURE('2Y0VjGLPzFDQxEVEgCvsvt',#5,$,$,(#12297),#85);
#12299=IFCCARTESIANPOINT((87.5,21.5,-0.5));
#12300=IFCAXIS2PLACEMENT3D(#12299,$,$);
#12301=IFCLOCALPLACEMENT(#84,#12300);
#12302=IFCCARTESIANPOINT((0.,0.));
#12303=IFCAXIS2PLACEMENT2D(#12302,$);
#12304=IFCRECTANGLEPROFILEDEF(.AREA.,$,#12303,0.25,9.);
#12305=IFCCARTESIANPOINT((0.,0.,0.));
#12306=IFCAXIS2PLACEMENT3D(#12305,$,$);
#12307=IFCDIRECTION((0.,0.,1.));
#12308=IFCEXTRUDEDAREASOLID(#12304,#12306,#12307,0.5);
#12309=IFCSHAPEREPRESENTATION(#14,'Body','SweptSolid',(#12308));
#12310=IFCPRODUCTDEFINITIONSHAPE($,$,(#12309));
#12311=IFCBEAM('0Vru5hAqv62vBXpJBbLDpZ',#5,'VB_P11_88_02',$,$,#12301,#12310,$,$);
#12312=IFCRELCONTAINEDINSPATIALSTRUCTURE('3I1wsJlBzFlwFWI9mn_bBD',#5,$,$,(#12311),#85);
#12313=IFCCARTESIANPOINT((87.5,29.5,-0.5));
#12314=IFCAXIS2PLACEMENT3D(#12313,$,$);
#12315=IFCLOCALPLACEMENT(#84,#12314);
#12316=IFCCARTESIANPOINT((0.,0.));
#12317=IFCAXIS2PLACEMENT2D(#12316,$);
#12318=IFCRECTANGLEPROFILEDEF(.AREA.,$,#12317,0.25,7.);
#12319=IFCCARTESIANPOINT((0.,0.,0.));
#12320=IFCAXIS2PLACEMENT3D(#12319,$,$);
#12321=IFCDIRECTION((0.,0.,1.));
#12322=IFCEXTRUDEDAREASOLID(#12318,#12320,#12321,0.5);
#12323=IFCSHAPEREPRESENTATION(#14,'Body','SweptSolid',(#12322));
#12324=IFCPRODUCTDEFINITIONSHAPE($,$,(#12323));
#12325=IFCBEAM('1Lm3_PvX15IQ_3kf0iGGrm',#5,'VB_P11_88_03',$,$,#12315,#12324,$,$);
#12326=IFCRELCONTAINEDINSPATIALSTRUCTURE('0uZ8Cl731708n1MtaWXb0C',#5,$,$,(#12325),#85);
#12327=IFCCARTESIANPOINT((87.5,36.5,-0.5));
#12328=IFCAXIS2PLACEMENT3D(#12327,$,$);
#12329=IFCLOCALPLACEMENT(#84,#12328);
#12330=IFCCARTESIANPOINT((0.,0.));
#12331=IFCAXIS2PLACEMENT2D(#12330,$);
#12332=IFCRECTANGLEPROFILEDEF(.AREA.,$,#12331,0.25,7.);
#12333=IFCCARTESIANPOINT((0.,0.,0.));
#12334=IFCAXIS2PLACEMENT3D(#12333,$,$);
#12335=IFCDIRECTION((0.,0.,1.));
#12336=IFCEXTRUDEDAREASOLID(#12332,#12334,#12335,0.5);
#12337=IFCSHAPEREPRESENTATION(#14,'Body','SweptSolid',(#12336));
#12338=IFCPRODUCTDEFINITIONSHAPE($,$,(#12337));
#12339=IFCBEAM('2feryfldz8Iwgak$2Oyy3O',#5,'VB_P11_88_04',$,$,#12329,#12338,$,$);
#12340=IFCRELCONTAINEDINSPATIALSTRUCTURE('01TNyYYlPDCAF8HK$BFjjQ',#5,$,$,(#12339),#85);
#12341=IFCCARTESIANPOINT((12.,18.,-0.5));
#12342=IFCAXIS2PLACEMENT3D(#12341,$,$);
#12343=IFCLOCALPLACEMENT(#84,#12342);
#12344=IFCCARTESIANPOINT((0.,0.));
#12345=IFCAXIS2PLACEMENT2D(#12344,$);
#12346=IFCRECTANGLEPROFILEDEF(.AREA.,$,#12345,14.,0.20000000000000284);
#12347=IFCCARTESIANPOINT((0.,0.,0.));
#12348=IFCAXIS2PLACEMENT3D(#12347,$,$);
#12349=IFCDIRECTION((0.,0.,1.));
#12350=IFCEXTRUDEDAREASOLID(#12346,#12348,#12349,0.5);
#12351=IFCSHAPEREPRESENTATION(#14,'Body','SweptSolid',(#12350));
#12352=IFCPRODUCTDEFINITIONSHAPE($,$,(#12351));
#12353=IFCBEAM('2urEU8uuvEEuO8z5FltLcO',#5,'VP_P11_A_18',$,$,#12343,#12352,$,$);
#12354=IFCRELCONTAINEDINSPATIALSTRUCTURE('1Mn86PTwz7EAP4Fo8NEomX',#5,$,$,(#12353),#85);
#12355=IFCCARTESIANPOINT((12.,25.,-0.5));
#12356=IFCAXIS2PLACEMENT3D(#12355,$,$);
#12357=IFCLOCALPLACEMENT(#84,#12356);
#12358=IFCCARTESIANPOINT((0.,0.));
#12359=IFCAXIS2PLACEMENT2D(#12358,$);
#12360=IFCRECTANGLEPROFILEDEF(.AREA.,$,#12359,14.,0.20000000000000284);
#12361=IFCCARTESIANPOINT((0.,0.,0.));
#12362=IFCAXIS2PLACEMENT3D(#12361,$,$);
#12363=IFCDIRECTION((0.,0.,1.));
#12364=IFCEXTRUDEDAREASOLID(#12360,#12362,#12363,0.5);
#12365=IFCSHAPEREPRESENTATION(#14,'Body','SweptSolid',(#12364));
#12366=IFCPRODUCTDEFINITIONSHAPE($,$,(#12365));
#12367=IFCBEAM('0WBoA2Y5fDf8LtLbIkQIJS',#5,'VP_P11_A_25',$,$,#12357,#12366,$,$);
#12368=IFCRELCONTAINEDINSPATIALSTRUCTURE('3_fnE0GUD6LPI_GLestuvx',#5,$,$,(#12367),#85);
#12369=IFCCARTESIANPOINT((5.,21.5,-0.5));
#12370=IFCAXIS2PLACEMENT3D(#12369,$,$);
#12371=IFCLOCALPLACEMENT(#84,#12370);
#12372=IFCCARTESIANPOINT((0.,0.));
#12373=IFCAXIS2PLACEMENT2D(#12372,$);
#12374=IFCRECTANGLEPROFILEDEF(.AREA.,$,#12373,0.19999999999999929,7.);
#12375=IFCCARTESIANPOINT((0.,0.,0.));
#12376=IFCAXIS2PLACEMENT3D(#12375,$,$);
#12377=IFCDIRECTION((0.,0.,1.));
#12378=IFCEXTRUDEDAREASOLID(#12374,#12376,#12377,0.5);
#12379=IFCSHAPEREPRESENTATION(#14,'Body','SweptSolid',(#12378));
#12380=IFCPRODUCTDEFINITIONSHAPE($,$,(#12379));
#12381=IFCBEAM('2Dfw6sue1CVxq8P9QdvAi0',#5,'VP_P11_A_5',$,$,#12371,#12380,$,$);
#12382=IFCRELCONTAINEDINSPATIALSTRUCTURE('1R7Vjz$GnAjwTGh2sDJCVy',#5,$,$,(#12381),#85);
#12383=IFCCARTESIANPOINT((19.,21.5,-0.5));
#12384=IFCAXIS2PLACEMENT3D(#12383,$,$);
#12385=IFCLOCALPLACEMENT(#84,#12384);
#12386=IFCCARTESIANPOINT((0.,0.));
#12387=IFCAXIS2PLACEMENT2D(#12386,$);
#12388=IFCRECTANGLEPROFILEDEF(.AREA.,$,#12387,0.20000000000000284,7.);
#12389=IFCCARTESIANPOINT((0.,0.,0.));
#12390=IFCAXIS2PLACEMENT3D(#12389,$,$);
#12391=IFCDIRECTION((0.,0.,1.));
#12392=IFCEXTRUDEDAREASOLID(#12388,#12390,#12391,0.5);
#12393=IFCSHAPEREPRESENTATION(#14,'Body','SweptSolid',(#12392));
#12394=IFCPRODUCTDEFINITIONSHAPE($,$,(#12393));
#12395=IFCBEAM('06_OQ2Vkr17RoEMQl9dq3h',#5,'VP_P11_A_19',$,$,#12385,#12394,$,$);
#12396=IFCRELCONTAINEDINSPATIALSTRUCTURE('3DSoLw3nXEV9QaRCwhXiJX',#5,$,$,(#12395),#85);
#12397=IFCCARTESIANPOINT((78.,18.,-0.5));
#12398=IFCAXIS2PLACEMENT3D(#12397,$,$);
#12399=IFCLOCALPLACEMENT(#84,#12398);
#12400=IFCCARTESIANPOINT((0.,0.));
#12401=IFCAXIS2PLACEMENT2D(#12400,$);
#12402=IFCRECTANGLEPROFILEDEF(.AREA.,$,#12401,14.,0.20000000000000284);
#12403=IFCCARTESIANPOINT((0.,0.,0.));
#12404=IFCAXIS2PLACEMENT3D(#12403,$,$);
#12405=IFCDIRECTION((0.,0.,1.));
#12406=IFCEXTRUDEDAREASOLID(#12402,#12404,#12405,0.5);
#12407=IFCSHAPEREPRESENTATION(#14,'Body','SweptSolid',(#12406));
#12408=IFCPRODUCTDEFINITIONSHAPE($,$,(#12407));
#12409=IFCBEAM('3WmgxosoH2gx1PeJHNfdo$',#5,'VP_P11_B_18',$,$,#12399,#12408,$,$);
#12410=IFCRELCONTAINEDINSPATIALSTRUCTURE('1BR_Av$wjBqPHVFTqN0n_h',#5,$,$,(#12409),#85);
#12411=IFCCARTESIANPOINT((78.,25.,-0.5));
#12412=IFCAXIS2PLACEMENT3D(#12411,$,$);
#12413=IFCLOCALPLACEMENT(#84,#12412);
#12414=IFCCARTESIANPOINT((0.,0.));
#12415=IFCAXIS2PLACEMENT2D(#12414,$);
#12416=IFCRECTANGLEPROFILEDEF(.AREA.,$,#12415,14.,0.20000000000000284);
#12417=IFCCARTESIANPOINT((0.,0.,0.));
#12418=IFCAXIS2PLACEMENT3D(#12417,$,$);
#12419=IFCDIRECTION((0.,0.,1.));
#12420=IFCEXTRUDEDAREASOLID(#12416,#12418,#12419,0.5);
#12421=IFCSHAPEREPRESENTATION(#14,'Body','SweptSolid',(#12420));
#12422=IFCPRODUCTDEFINITIONSHAPE($,$,(#12421));
#12423=IFCBEAM('09rOSSSJ5DmvpYHD57R3QL',#5,'VP_P11_B_25',$,$,#12413,#12422,$,$);
#12424=IFCRELCONTAINEDINSPATIALSTRUCTURE('1WPVxbq1zF3PCqABNFHddD',#5,$,$,(#12423),#85);
#12425=IFCCARTESIANPOINT((71.,21.5,-0.5));
#12426=IFCAXIS2PLACEMENT3D(#12425,$,$);
#12427=IFCLOCALPLACEMENT(#84,#12426);
#12428=IFCCARTESIANPOINT((0.,0.));
#12429=IFCAXIS2PLACEMENT2D(#12428,$);
#12430=IFCRECTANGLEPROFILEDEF(.AREA.,$,#12429,0.19999999999998863,7.);
#12431=IFCCARTESIANPOINT((0.,0.,0.));
#12432=IFCAXIS2PLACEMENT3D(#12431,$,$);
#12433=IFCDIRECTION((0.,0.,1.));
#12434=IFCEXTRUDEDAREASOLID(#12430,#12432,#12433,0.5);
#12435=IFCSHAPEREPRESENTATION(#14,'Body','SweptSolid',(#12434));
#12436=IFCPRODUCTDEFINITIONSHAPE($,$,(#12435));
#12437=IFCBEAM('3ho8bFmtfFth6XfBm$OoQg',#5,'VP_P11_B_71',$,$,#12427,#12436,$,$);
#12438=IFCRELCONTAINEDINSPATIALSTRUCTURE('1g1F4M17TCWPXB7M5WwRBc',#5,$,$,(#12437),#85);
#12439=IFCCARTESIANPOINT((85.,21.5,-0.5));
#12440=IFCAXIS2PLACEMENT3D(#12439,$,$);
#12441=IFCLOCALPLACEMENT(#84,#12440);
#12442=IFCCARTESIANPOINT((0.,0.));
#12443=IFCAXIS2PLACEMENT2D(#12442,$);
#12444=IFCRECTANGLEPROFILEDEF(.AREA.,$,#12443,0.19999999999998863,7.);
#12445=IFCCARTESIANPOINT((0.,0.,0.));
#12446=IFCAXIS2PLACEMENT3D(#12445,$,$);
#12447=IFCDIRECTION((0.,0.,1.));
#12448=IFCEXTRUDEDAREASOLID(#12444,#12446,#12447,0.5);
#12449=IFCSHAPEREPRESENTATION(#14,'Body','SweptSolid',(#12448));
#12450=IFCPRODUCTDEFINITIONSHAPE($,$,(#12449));
#12451=IFCBEAM('2h3jN$GzX9$uR7qgxPs14q',#5,'VP_P11_B_85',$,$,#12441,#12450,$,$);
#12452=IFCRELCONTAINEDINSPATIALSTRUCTURE('1iyQgWxa94q9CZb1FAIwNm',#5,$,$,(#12451),#85);
#12453=IFCCARTESIANPOINT((6.4400000000000004,3.,-0.5));
#12454=IFCAXIS2PLACEMENT3D(#12453,$,$);
#12455=IFCLOCALPLACEMENT(#88,#12454);
#12456=IFCCARTESIANPOINT((0.,0.));
#12457=IFCAXIS2PLACEMENT2D(#12456,$);
#12458=IFCRECTANGLEPROFILEDEF(.AREA.,$,#12457,7.8800000000000008,0.25);
#12459=IFCCARTESIANPOINT((0.,0.,0.));
#12460=IFCAXIS2PLACEMENT3D(#12459,$,$);
#12461=IFCDIRECTION((0.,0.,1.));
#12462=IFCEXTRUDEDAREASOLID(#12458,#12460,#12461,0.5);
#12463=IFCSHAPEREPRESENTATION(#14,'Body','SweptSolid',(#12462));
#12464=IFCPRODUCTDEFINITIONSHAPE($,$,(#12463));
#12465=IFCBEAM('2GYKn1$S5BGxu8HyHYnkJn',#5,'VB_P12_3_00',$,$,#12455,#12464,$,$);
#12466=IFCRELCONTAINEDINSPATIALSTRUCTURE('366DZUsB51cg4N3FeoRJ3t',#5,$,$,(#12465),#89);
#12467=IFCCARTESIANPOINT((14.315000000000001,3.,-0.5));
#12468=IFCAXIS2PLACEMENT3D(#12467,$,$);
#12469=IFCLOCALPLACEMENT(#88,#12468);
#12470=IFCCARTESIANPOINT((0.,0.));
#12471=IFCAXIS2PLACEMENT2D(#12470,$);
#12472=IFCRECTANGLEPROFILEDEF(.AREA.,$,#12471,7.8699999999999992,0.25);
#12473=IFCCARTESIANPOINT((0.,0.,0.));
#12474=IFCAXIS2PLACEMENT3D(#12473,$,$);
#12475=IFCDIRECTION((0.,0.,1.));
#12476=IFCEXTRUDEDAREASOLID(#12472,#12474,#12475,0.5);
#12477=IFCSHAPEREPRESENTATION(#14,'Body','SweptSolid',(#12476));
#12478=IFCPRODUCTDEFINITIONSHAPE($,$,(#12477));
#12479=IFCBEAM('0EfuIdF_v449rF6ouCEsQ6',#5,'VB_P12_3_01',$,$,#12469,#12478,$,$);
#12480=IFCRELCONTAINEDINSPATIALSTRUCTURE('1hUuKD6HTFnB9sQAZlq5fR',#5,$,$,(#12479),#89);
#12481=IFCCARTESIANPOINT((22.189999999999998,3.,-0.5));
#12482=IFCAXIS2PLACEMENT3D(#12481,$,$);
#12483=IFCLOCALPLACEMENT(#88,#12482);
#12484=IFCCARTESIANPOINT((0.,0.));
#12485=IFCAXIS2PLACEMENT2D(#12484,$);
#12486=IFCRECTANGLEPROFILEDEF(.AREA.,$,#12485,7.879999999999999,0.25);
#12487=IFCCARTESIANPOINT((0.,0.,0.));
#12488=IFCAXIS2PLACEMENT3D(#12487,$,$);
#12489=IFCDIRECTION((0.,0.,1.));
#12490=IFCEXTRUDEDAREASOLID(#12486,#12488,#12489,0.5);
#12491=IFCSHAPEREPRESENTATION(#14,'Body','SweptSolid',(#12490));
#12492=IFCPRODUCTDEFINITIONSHAPE($,$,(#12491));
#12493=IFCBEAM('0cYCcKkm56mQcCu394_MDC',#5,'VB_P12_3_02',$,$,#12483,#12492,$,$);
#12494=IFCRELCONTAINEDINSPATIALSTRUCTURE('1TyLee6zf3lQ23jpp7iFi6',#5,$,$,(#12493),#89);
#12495=IFCCARTESIANPOINT((30.064999999999998,3.,-0.5));
#12496=IFCAXIS2PLACEMENT3D(#12495,$,$);
#12497=IFCLOCALPLACEMENT(#88,#12496);
#12498=IFCCARTESIANPOINT((0.,0.));
#12499=IFCAXIS2PLACEMENT2D(#12498,$);
#12500=IFCRECTANGLEPROFILEDEF(.AREA.,$,#12499,7.870000000000001,0.25);
#12501=IFCCARTESIANPOINT((0.,0.,0.));
#12502=IFCAXIS2PLACEMENT3D(#12501,$,$);
#12503=IFCDIRECTION((0.,0.,1.));
#12504=IFCEXTRUDEDAREASOLID(#12500,#12502,#12503,0.5);
#12505=IFCSHAPEREPRESENTATION(#14,'Body','SweptSolid',(#12504));
#12506=IFCPRODUCTDEFINITIONSHAPE($,$,(#12505));
#12507=IFCBEAM('2b5hQPIUXCy9brhyJ_wqou',#5,'VB_P12_3_03',$,$,#12497,#12506,$,$);
#12508=IFCRELCONTAINEDINSPATIALSTRUCTURE('1Qw135W05C_xjK3W3oOV1x',#5,$,$,(#12507),#89);
#12509=IFCCARTESIANPOINT((37.5,3.,-0.5));
#12510=IFCAXIS2PLACEMENT3D(#12509,$,$);
#12511=IFCLOCALPLACEMENT(#88,#12510);
#12512=IFCCARTESIANPOINT((0.,0.));
#12513=IFCAXIS2PLACEMENT2D(#12512,$);
#12514=IFCRECTANGLEPROFILEDEF(.AREA.,$,#12513,7.,0.25);
#12515=IFCCARTESIANPOINT((0.,0.,0.));
#12516=IFCAXIS2PLACEMENT3D(#12515,$,$);
#12517=IFCDIRECTION((0.,0.,1.));
#12518=IFCEXTRUDEDAREASOLID(#12514,#12516,#12517,0.5);
#12519=IFCSHAPEREPRESENTATION(#14,'Body','SweptSolid',(#12518));
#12520=IFCPRODUCTDEFINITIONSHAPE($,$,(#12519));
#12521=IFCBEAM('03$GQmWiD6evOl8zakajVe',#5,'VB_P12_3_04',$,$,#12511,#12520,$,$);
#12522=IFCRELCONTAINEDINSPATIALSTRUCTURE('2ss5mgKkrDPQb4g69_AwnA',#5,$,$,(#12521),#89);
#12523=IFCCARTESIANPOINT((45.,3.,-0.5));
#12524=IFCAXIS2PLACEMENT3D(#12523,$,$);
#12525=IFCLOCALPLACEMENT(#88,#12524);
#12526=IFCCARTESIANPOINT((0.,0.));
#12527=IFCAXIS2PLACEMENT2D(#12526,$);
#12528=IFCRECTANGLEPROFILEDEF(.AREA.,$,#12527,8.,0.25);
#12529=IFCCARTESIANPOINT((0.,0.,0.));
#12530=IFCAXIS2PLACEMENT3D(#12529,$,$);
#12531=IFCDIRECTION((0.,0.,1.));
#12532=IFCEXTRUDEDAREASOLID(#12528,#12530,#12531,0.5);
#12533=IFCSHAPEREPRESENTATION(#14,'Body','SweptSolid',(#12532));
#12534=IFCPRODUCTDEFINITIONSHAPE($,$,(#12533));
#12535=IFCBEAM('0nexKLKID13vlg5sTRO$Oc',#5,'VB_P12_3_05',$,$,#12525,#12534,$,$);
#12536=IFCRELCONTAINEDINSPATIALSTRUCTURE('2JcaTLMP12BhRydy9o0Y_b',#5,$,$,(#12535),#89);
#12537=IFCCARTESIANPOINT((52.5,3.,-0.5));
#12538=IFCAXIS2PLACEMENT3D(#12537,$,$);
#12539=IFCLOCALPLACEMENT(#88,#12538);
#12540=IFCCARTESIANPOINT((0.,0.));
#12541=IFCAXIS2PLACEMENT2D(#12540,$);
#12542=IFCRECTANGLEPROFILEDEF(.AREA.,$,#12541,7.,0.25);
#12543=IFCCARTESIANPOINT((0.,0.,0.));
#12544=IFCAXIS2PLACEMENT3D(#12543,$,$);
#12545=IFCDIRECTION((0.,0.,1.));
#12546=IFCEXTRUDEDAREASOLID(#12542,#12544,#12545,0.5);
#12547=IFCSHAPEREPRESENTATION(#14,'Body','SweptSolid',(#12546));
#12548=IFCPRODUCTDEFINITIONSHAPE($,$,(#12547));
#12549=IFCBEAM('0UgV_08djAvB8sy41Nq_vI',#5,'VB_P12_3_06',$,$,#12539,#12548,$,$);
#12550=IFCRELCONTAINEDINSPATIALSTRUCTURE('1pEokJrN593f5J4qmBFwdm',#5,$,$,(#12549),#89);
#12551=IFCCARTESIANPOINT((59.939999999999998,3.,-0.5));
#12552=IFCAXIS2PLACEMENT3D(#12551,$,$);
#12553=IFCLOCALPLACEMENT(#88,#12552);
#12554=IFCCARTESIANPOINT((0.,0.));
#12555=IFCAXIS2PLACEMENT2D(#12554,$);
#12556=IFCRECTANGLEPROFILEDEF(.AREA.,$,#12555,7.8800000000000026,0.25);
#12557=IFCCARTESIANPOINT((0.,0.,0.));
#12558=IFCAXIS2PLACEMENT3D(#12557,$,$);
#12559=IFCDIRECTION((0.,0.,1.));
#12560=IFCEXTRUDEDAREASOLID(#12556,#12558,#12559,0.5);
#12561=IFCSHAPEREPRESENTATION(#14,'Body','SweptSolid',(#12560));
#12562=IFCPRODUCTDEFINITIONSHAPE($,$,(#12561));
#12563=IFCBEAM('1y50FBEyv0SQ3VNEWDcaFn',#5,'VB_P12_3_07',$,$,#12553,#12562,$,$);
#12564=IFCRELCONTAINEDINSPATIALSTRUCTURE('0tniQmd$D5VeWT9A1xB7dr',#5,$,$,(#12563),#89);
#12565=IFCCARTESIANPOINT((67.814999999999998,3.,-0.5));
#12566=IFCAXIS2PLACEMENT3D(#12565,$,$);
#12567=IFCLOCALPLACEMENT(#88,#12566);
#12568=IFCCARTESIANPOINT((0.,0.));
#12569=IFCAXIS2PLACEMENT2D(#12568,$);
#12570=IFCRECTANGLEPROFILEDEF(.AREA.,$,#12569,7.8699999999999974,0.25);
#12571=IFCCARTESIANPOINT((0.,0.,0.));
#12572=IFCAXIS2PLACEMENT3D(#12571,$,$);
#12573=IFCDIRECTION((0.,0.,1.));
#12574=IFCEXTRUDEDAREASOLID(#12570,#12572,#12573,0.5);
#12575=IFCSHAPEREPRESENTATION(#14,'Body','SweptSolid',(#12574));
#12576=IFCPRODUCTDEFINITIONSHAPE($,$,(#12575));
#12577=IFCBEAM('0h$WndbA13gesFn6nSyvWX',#5,'VB_P12_3_08',$,$,#12567,#12576,$,$);
#12578=IFCRELCONTAINEDINSPATIALSTRUCTURE('2mFQR0v$j4fQ$r_oUi1sLv',#5,$,$,(#12577),#89);
#12579=IFCCARTESIANPOINT((75.689999999999998,3.,-0.5));
#12580=IFCAXIS2PLACEMENT3D(#12579,$,$);
#12581=IFCLOCALPLACEMENT(#88,#12580);
#12582=IFCCARTESIANPOINT((0.,0.));
#12583=IFCAXIS2PLACEMENT2D(#12582,$);
#12584=IFCRECTANGLEPROFILEDEF(.AREA.,$,#12583,7.8799999999999955,0.25);
#12585=IFCCARTESIANPOINT((0.,0.,0.));
#12586=IFCAXIS2PLACEMENT3D(#12585,$,$);
#12587=IFCDIRECTION((0.,0.,1.));
#12588=IFCEXTRUDEDAREASOLID(#12584,#12586,#12587,0.5);
#12589=IFCSHAPEREPRESENTATION(#14,'Body','SweptSolid',(#12588));
#12590=IFCPRODUCTDEFINITIONSHAPE($,$,(#12589));
#12591=IFCBEAM('2bi4AtxiT2QR0vta499xTz',#5,'VB_P12_3_09',$,$,#12581,#12590,$,$);
#12592=IFCRELCONTAINEDINSPATIALSTRUCTURE('2HqUlpqCn4VgL9QJNXDMTV',#5,$,$,(#12591),#89);
#12593=IFCCARTESIANPOINT((83.564999999999998,3.,-0.5));
#12594=IFCAXIS2PLACEMENT3D(#12593,$,$);
#12595=IFCLOCALPLACEMENT(#88,#12594);
#12596=IFCCARTESIANPOINT((0.,0.));
#12597=IFCAXIS2PLACEMENT2D(#12596,$);
#12598=IFCRECTANGLEPROFILEDEF(.AREA.,$,#12597,7.8700000000000045,0.25);
#12599=IFCCARTESIANPOINT((0.,0.,0.));
#12600=IFCAXIS2PLACEMENT3D(#12599,$,$);
#12601=IFCDIRECTION((0.,0.,1.));
#12602=IFCEXTRUDEDAREASOLID(#12598,#12600,#12601,0.5);
#12603=IFCSHAPEREPRESENTATION(#14,'Body','SweptSolid',(#12602));
#12604=IFCPRODUCTDEFINITIONSHAPE($,$,(#12603));
#12605=IFCBEAM('2BMOU$IPrE69$tI$mVbdNA',#5,'VB_P12_3_10',$,$,#12595,#12604,$,$);
#12606=IFCRELCONTAINEDINSPATIALSTRUCTURE('31azlHUHb1OwI9iv5wrrYX',#5,$,$,(#12605),#89);
#12607=IFCCARTESIANPOINT((6.4400000000000004,40.,-0.5));
#12608=IFCAXIS2PLACEMENT3D(#12607,$,$);
#12609=IFCLOCALPLACEMENT(#88,#12608);
#12610=IFCCARTESIANPOINT((0.,0.));
#12611=IFCAXIS2PLACEMENT2D(#12610,$);
#12612=IFCRECTANGLEPROFILEDEF(.AREA.,$,#12611,7.8800000000000008,0.25);
#12613=IFCCARTESIANPOINT((0.,0.,0.));
#12614=IFCAXIS2PLACEMENT3D(#12613,$,$);
#12615=IFCDIRECTION((0.,0.,1.));
#12616=IFCEXTRUDEDAREASOLID(#12612,#12614,#12615,0.5);
#12617=IFCSHAPEREPRESENTATION(#14,'Body','SweptSolid',(#12616));
#12618=IFCPRODUCTDEFINITIONSHAPE($,$,(#12617));
#12619=IFCBEAM('2$rBSFaVrA3eXs4zIynbb0',#5,'VB_P12_40_00',$,$,#12609,#12618,$,$);
#12620=IFCRELCONTAINEDINSPATIALSTRUCTURE('07BKFkFwH6PAre3FqS2M6B',#5,$,$,(#12619),#89);
#12621=IFCCARTESIANPOINT((14.315000000000001,40.,-0.5));
#12622=IFCAXIS2PLACEMENT3D(#12621,$,$);
#12623=IFCLOCALPLACEMENT(#88,#12622);
#12624=IFCCARTESIANPOINT((0.,0.));
#12625=IFCAXIS2PLACEMENT2D(#12624,$);
#12626=IFCRECTANGLEPROFILEDEF(.AREA.,$,#12625,7.8699999999999992,0.25);
#12627=IFCCARTESIANPOINT((0.,0.,0.));
#12628=IFCAXIS2PLACEMENT3D(#12627,$,$);
#12629=IFCDIRECTION((0.,0.,1.));
#12630=IFCEXTRUDEDAREASOLID(#12626,#12628,#12629,0.5);
#12631=IFCSHAPEREPRESENTATION(#14,'Body','SweptSolid',(#12630));
#12632=IFCPRODUCTDEFINITIONSHAPE($,$,(#12631));
#12633=IFCBEAM('2bdIMDM$v9dPNtR2LnkGbd',#5,'VB_P12_40_01',$,$,#12623,#12632,$,$);
#12634=IFCRELCONTAINEDINSPATIALSTRUCTURE('0vyZrTTsj4lxXArbfzRG8Y',#5,$,$,(#12633),#89);
#12635=IFCCARTESIANPOINT((22.189999999999998,40.,-0.5));
#12636=IFCAXIS2PLACEMENT3D(#12635,$,$);
#12637=IFCLOCALPLACEMENT(#88,#12636);
#12638=IFCCARTESIANPOINT((0.,0.));
#12639=IFCAXIS2PLACEMENT2D(#12638,$);
#12640=IFCRECTANGLEPROFILEDEF(.AREA.,$,#12639,7.879999999999999,0.25);
#12641=IFCCARTESIANPOINT((0.,0.,0.));
#12642=IFCAXIS2PLACEMENT3D(#12641,$,$);
#12643=IFCDIRECTION((0.,0.,1.));
#12644=IFCEXTRUDEDAREASOLID(#12640,#12642,#12643,0.5);
#12645=IFCSHAPEREPRESENTATION(#14,'Body','SweptSolid',(#12644));
#12646=IFCPRODUCTDEFINITIONSHAPE($,$,(#12645));
#12647=IFCBEAM('2U4rbZmrn15v4zbZ0e1Ko5',#5,'VB_P12_40_02',$,$,#12637,#12646,$,$);
#12648=IFCRELCONTAINEDINSPATIALSTRUCTURE('1SM6Iow$50ogWX2pwJ6fbc',#5,$,$,(#12647),#89);
#12649=IFCCARTESIANPOINT((30.064999999999998,40.,-0.5));
#12650=IFCAXIS2PLACEMENT3D(#12649,$,$);
#12651=IFCLOCALPLACEMENT(#88,#12650);
#12652=IFCCARTESIANPOINT((0.,0.));
#12653=IFCAXIS2PLACEMENT2D(#12652,$);
#12654=IFCRECTANGLEPROFILEDEF(.AREA.,$,#12653,7.870000000000001,0.25);
#12655=IFCCARTESIANPOINT((0.,0.,0.));
#12656=IFCAXIS2PLACEMENT3D(#12655,$,$);
#12657=IFCDIRECTION((0.,0.,1.));
#12658=IFCEXTRUDEDAREASOLID(#12654,#12656,#12657,0.5);
#12659=IFCSHAPEREPRESENTATION(#14,'Body','SweptSolid',(#12658));
#12660=IFCPRODUCTDEFINITIONSHAPE($,$,(#12659));
#12661=IFCBEAM('12iw1viV56RR$Teqa4_eqn',#5,'VB_P12_40_03',$,$,#12651,#12660,$,$);
#12662=IFCRELCONTAINEDINSPATIALSTRUCTURE('3bmS4I2AL4RvS5sJ9yRKpE',#5,$,$,(#12661),#89);
#12663=IFCCARTESIANPOINT((37.5,40.,-0.5));
#12664=IFCAXIS2PLACEMENT3D(#12663,$,$);
#12665=IFCLOCALPLACEMENT(#88,#12664);
#12666=IFCCARTESIANPOINT((0.,0.));
#12667=IFCAXIS2PLACEMENT2D(#12666,$);
#12668=IFCRECTANGLEPROFILEDEF(.AREA.,$,#12667,7.,0.25);
#12669=IFCCARTESIANPOINT((0.,0.,0.));
#12670=IFCAXIS2PLACEMENT3D(#12669,$,$);
#12671=IFCDIRECTION((0.,0.,1.));
#12672=IFCEXTRUDEDAREASOLID(#12668,#12670,#12671,0.5);
#12673=IFCSHAPEREPRESENTATION(#14,'Body','SweptSolid',(#12672));
#12674=IFCPRODUCTDEFINITIONSHAPE($,$,(#12673));
#12675=IFCBEAM('2bzvffGID74RMrMIDTMCzU',#5,'VB_P12_40_04',$,$,#12665,#12674,$,$);
#12676=IFCRELCONTAINEDINSPATIALSTRUCTURE('2Tkb9Cboj5ThEAQEVeJCB8',#5,$,$,(#12675),#89);
#12677=IFCCARTESIANPOINT((45.,40.,-0.5));
#12678=IFCAXIS2PLACEMENT3D(#12677,$,$);
#12679=IFCLOCALPLACEMENT(#88,#12678);
#12680=IFCCARTESIANPOINT((0.,0.));
#12681=IFCAXIS2PLACEMENT2D(#12680,$);
#12682=IFCRECTANGLEPROFILEDEF(.AREA.,$,#12681,8.,0.25);
#12683=IFCCARTESIANPOINT((0.,0.,0.));
#12684=IFCAXIS2PLACEMENT3D(#12683,$,$);
#12685=IFCDIRECTION((0.,0.,1.));
#12686=IFCEXTRUDEDAREASOLID(#12682,#12684,#12685,0.5);
#12687=IFCSHAPEREPRESENTATION(#14,'Body','SweptSolid',(#12686));
#12688=IFCPRODUCTDEFINITIONSHAPE($,$,(#12687));
#12689=IFCBEAM('2oCyhmGHbD1BeaTyTHMQLU',#5,'VB_P12_40_05',$,$,#12679,#12688,$,$);
#12690=IFCRELCONTAINEDINSPATIALSTRUCTURE('2eClW_G_XCeOR_foECl7h_',#5,$,$,(#12689),#89);
#12691=IFCCARTESIANPOINT((52.5,40.,-0.5));
#12692=IFCAXIS2PLACEMENT3D(#12691,$,$);
#12693=IFCLOCALPLACEMENT(#88,#12692);
#12694=IFCCARTESIANPOINT((0.,0.));
#12695=IFCAXIS2PLACEMENT2D(#12694,$);
#12696=IFCRECTANGLEPROFILEDEF(.AREA.,$,#12695,7.,0.25);
#12697=IFCCARTESIANPOINT((0.,0.,0.));
#12698=IFCAXIS2PLACEMENT3D(#12697,$,$);
#12699=IFCDIRECTION((0.,0.,1.));
#12700=IFCEXTRUDEDAREASOLID(#12696,#12698,#12699,0.5);
#12701=IFCSHAPEREPRESENTATION(#14,'Body','SweptSolid',(#12700));
#12702=IFCPRODUCTDEFINITIONSHAPE($,$,(#12701));
#12703=IFCBEAM('1w78c8YW56zeKL9x_rKIY1',#5,'VB_P12_40_06',$,$,#12693,#12702,$,$);
#12704=IFCRELCONTAINEDINSPATIALSTRUCTURE('3MlUkgwMPEqewXTGaJmO08',#5,$,$,(#12703),#89);
#12705=IFCCARTESIANPOINT((59.939999999999998,40.,-0.5));
#12706=IFCAXIS2PLACEMENT3D(#12705,$,$);
#12707=IFCLOCALPLACEMENT(#88,#12706);
#12708=IFCCARTESIANPOINT((0.,0.));
#12709=IFCAXIS2PLACEMENT2D(#12708,$);
#12710=IFCRECTANGLEPROFILEDEF(.AREA.,$,#12709,7.8800000000000026,0.25);
#12711=IFCCARTESIANPOINT((0.,0.,0.));
#12712=IFCAXIS2PLACEMENT3D(#12711,$,$);
#12713=IFCDIRECTION((0.,0.,1.));
#12714=IFCEXTRUDEDAREASOLID(#12710,#12712,#12713,0.5);
#12715=IFCSHAPEREPRESENTATION(#14,'Body','SweptSolid',(#12714));
#12716=IFCPRODUCTDEFINITIONSHAPE($,$,(#12715));
#12717=IFCBEAM('1BOBvDYUnEghUY6ce7TWc8',#5,'VB_P12_40_07',$,$,#12707,#12716,$,$);
#12718=IFCRELCONTAINEDINSPATIALSTRUCTURE('3IBE5345D4QwItPldPg8Io',#5,$,$,(#12717),#89);
#12719=IFCCARTESIANPOINT((67.814999999999998,40.,-0.5));
#12720=IFCAXIS2PLACEMENT3D(#12719,$,$);
#12721=IFCLOCALPLACEMENT(#88,#12720);
#12722=IFCCARTESIANPOINT((0.,0.));
#12723=IFCAXIS2PLACEMENT2D(#12722,$);
#12724=IFCRECTANGLEPROFILEDEF(.AREA.,$,#12723,7.8699999999999974,0.25);
#12725=IFCCARTESIANPOINT((0.,0.,0.));
#12726=IFCAXIS2PLACEMENT3D(#12725,$,$);
#12727=IFCDIRECTION((0.,0.,1.));
#12728=IFCEXTRUDEDAREASOLID(#12724,#12726,#12727,0.5);
#12729=IFCSHAPEREPRESENTATION(#14,'Body','SweptSolid',(#12728));
#12730=IFCPRODUCTDEFINITIONSHAPE($,$,(#12729));
#12731=IFCBEAM('2dHOFCoyHEdfcsFKoNO2jB',#5,'VB_P12_40_08',$,$,#12721,#12730,$,$);
#12732=IFCRELCONTAINEDINSPATIALSTRUCTURE('2cZDzW5WDE$8xWYfYd5q0i',#5,$,$,(#12731),#89);
#12733=IFCCARTESIANPOINT((75.689999999999998,40.,-0.5));
#12734=IFCAXIS2PLACEMENT3D(#12733,$,$);
#12735=IFCLOCALPLACEMENT(#88,#12734);
#12736=IFCCARTESIANPOINT((0.,0.));
#12737=IFCAXIS2PLACEMENT2D(#12736,$);
#12738=IFCRECTANGLEPROFILEDEF(.AREA.,$,#12737,7.8799999999999955,0.25);
#12739=IFCCARTESIANPOINT((0.,0.,0.));
#12740=IFCAXIS2PLACEMENT3D(#12739,$,$);
#12741=IFCDIRECTION((0.,0.,1.));
#12742=IFCEXTRUDEDAREASOLID(#12738,#12740,#12741,0.5);
#12743=IFCSHAPEREPRESENTATION(#14,'Body','SweptSolid',(#12742));
#12744=IFCPRODUCTDEFINITIONSHAPE($,$,(#12743));
#12745=IFCBEAM('2EKBBwprbEgwTfiUgu$uxY',#5,'VB_P12_40_09',$,$,#12735,#12744,$,$);
#12746=IFCRELCONTAINEDINSPATIALSTRUCTURE('1UHZ6wuav149CGC6t$wgIF',#5,$,$,(#12745),#89);
#12747=IFCCARTESIANPOINT((83.564999999999998,40.,-0.5));
#12748=IFCAXIS2PLACEMENT3D(#12747,$,$);
#12749=IFCLOCALPLACEMENT(#88,#12748);
#12750=IFCCARTESIANPOINT((0.,0.));
#12751=IFCAXIS2PLACEMENT2D(#12750,$);
#12752=IFCRECTANGLEPROFILEDEF(.AREA.,$,#12751,7.8700000000000045,0.25);
#12753=IFCCARTESIANPOINT((0.,0.,0.));
#12754=IFCAXIS2PLACEMENT3D(#12753,$,$);
#12755=IFCDIRECTION((0.,0.,1.));
#12756=IFCEXTRUDEDAREASOLID(#12752,#12754,#12755,0.5);
#12757=IFCSHAPEREPRESENTATION(#14,'Body','SweptSolid',(#12756));
#12758=IFCPRODUCTDEFINITIONSHAPE($,$,(#12757));
#12759=IFCBEAM('1MIPleqLv8HPgtdcaqr2vy',#5,'VB_P12_40_10',$,$,#12749,#12758,$,$);
#12760=IFCRELCONTAINEDINSPATIALSTRUCTURE('3JCuFLsf5AWurVAMDuHb7B',#5,$,$,(#12759),#89);
#12761=IFCCARTESIANPOINT((2.5,6.5,-0.5));
#12762=IFCAXIS2PLACEMENT3D(#12761,$,$);
#12763=IFCLOCALPLACEMENT(#88,#12762);
#12764=IFCCARTESIANPOINT((0.,0.));
#12765=IFCAXIS2PLACEMENT2D(#12764,$);
#12766=IFCRECTANGLEPROFILEDEF(.AREA.,$,#12765,0.25,7.);
#12767=IFCCARTESIANPOINT((0.,0.,0.));
#12768=IFCAXIS2PLACEMENT3D(#12767,$,$);
#12769=IFCDIRECTION((0.,0.,1.));
#12770=IFCEXTRUDEDAREASOLID(#12766,#12768,#12769,0.5);
#12771=IFCSHAPEREPRESENTATION(#14,'Body','SweptSolid',(#12770));
#12772=IFCPRODUCTDEFINITIONSHAPE($,$,(#12771));
#12773=IFCBEAM('3lu6NONuP2kRVOvyLqiIxn',#5,'VB_P12_2_00',$,$,#12763,#12772,$,$);
#12774=IFCRELCONTAINEDINSPATIALSTRUCTURE('0TkXym_Gr2Uekme8sTz5VU',#5,$,$,(#12773),#89);
#12775=IFCCARTESIANPOINT((2.5,13.5,-0.5));
#12776=IFCAXIS2PLACEMENT3D(#12775,$,$);
#12777=IFCLOCALPLACEMENT(#88,#12776);
#12778=IFCCARTESIANPOINT((0.,0.));
#12779=IFCAXIS2PLACEMENT2D(#12778,$);
#12780=IFCRECTANGLEPROFILEDEF(.AREA.,$,#12779,0.25,7.);
#12781=IFCCARTESIANPOINT((0.,0.,0.));
#12782=IFCAXIS2PLACEMENT3D(#12781,$,$);
#12783=IFCDIRECTION((0.,0.,1.));
#12784=IFCEXTRUDEDAREASOLID(#12780,#12782,#12783,0.5);
#12785=IFCSHAPEREPRESENTATION(#14,'Body','SweptSolid',(#12784));
#12786=IFCPRODUCTDEFINITIONSHAPE($,$,(#12785));
#12787=IFCBEAM('2h5py29B57bhI_nm619$Kh',#5,'VB_P12_2_01',$,$,#12777,#12786,$,$);
#12788=IFCRELCONTAINEDINSPATIALSTRUCTURE('12tIt3efrDj9mK4bkyaaE_',#5,$,$,(#12787),#89);
#12789=IFCCARTESIANPOINT((2.5,21.5,-0.5));
#12790=IFCAXIS2PLACEMENT3D(#12789,$,$);
#12791=IFCLOCALPLACEMENT(#88,#12790);
#12792=IFCCARTESIANPOINT((0.,0.));
#12793=IFCAXIS2PLACEMENT2D(#12792,$);
#12794=IFCRECTANGLEPROFILEDEF(.AREA.,$,#12793,0.25,9.);
#12795=IFCCARTESIANPOINT((0.,0.,0.));
#12796=IFCAXIS2PLACEMENT3D(#12795,$,$);
#12797=IFCDIRECTION((0.,0.,1.));
#12798=IFCEXTRUDEDAREASOLID(#12794,#12796,#12797,0.5);
#12799=IFCSHAPEREPRESENTATION(#14,'Body','SweptSolid',(#12798));
#12800=IFCPRODUCTDEFINITIONSHAPE($,$,(#12799));
#12801=IFCBEAM('2qb3IZLKz2svOgkoa7_FmW',#5,'VB_P12_2_02',$,$,#12791,#12800,$,$);
#12802=IFCRELCONTAINEDINSPATIALSTRUCTURE('1Ks_DSeo54BQEWRYyVoEOv',#5,$,$,(#12801),#89);
#12803=IFCCARTESIANPOINT((2.5,29.5,-0.5));
#12804=IFCAXIS2PLACEMENT3D(#12803,$,$);
#12805=IFCLOCALPLACEMENT(#88,#12804);
#12806=IFCCARTESIANPOINT((0.,0.));
#12807=IFCAXIS2PLACEMENT2D(#12806,$);
#12808=IFCRECTANGLEPROFILEDEF(.AREA.,$,#12807,0.25,7.);
#12809=IFCCARTESIANPOINT((0.,0.,0.));
#12810=IFCAXIS2PLACEMENT3D(#12809,$,$);
#12811=IFCDIRECTION((0.,0.,1.));
#12812=IFCEXTRUDEDAREASOLID(#12808,#12810,#12811,0.5);
#12813=IFCSHAPEREPRESENTATION(#14,'Body','SweptSolid',(#12812));
#12814=IFCPRODUCTDEFINITIONSHAPE($,$,(#12813));
#12815=IFCBEAM('0i5t9htjnCOf1MNxFpf5BY',#5,'VB_P12_2_03',$,$,#12805,#12814,$,$);
#12816=IFCRELCONTAINEDINSPATIALSTRUCTURE('0trpq6DYn1xwjLToRluLtU',#5,$,$,(#12815),#89);
#12817=IFCCARTESIANPOINT((2.5,36.5,-0.5));
#12818=IFCAXIS2PLACEMENT3D(#12817,$,$);
#12819=IFCLOCALPLACEMENT(#88,#12818);
#12820=IFCCARTESIANPOINT((0.,0.));
#12821=IFCAXIS2PLACEMENT2D(#12820,$);
#12822=IFCRECTANGLEPROFILEDEF(.AREA.,$,#12821,0.25,7.);
#12823=IFCCARTESIANPOINT((0.,0.,0.));
#12824=IFCAXIS2PLACEMENT3D(#12823,$,$);
#12825=IFCDIRECTION((0.,0.,1.));
#12826=IFCEXTRUDEDAREASOLID(#12822,#12824,#12825,0.5);
#12827=IFCSHAPEREPRESENTATION(#14,'Body','SweptSolid',(#12826));
#12828=IFCPRODUCTDEFINITIONSHAPE($,$,(#12827));
#12829=IFCBEAM('2mtmC_YBj9rODfrI9gcXEp',#5,'VB_P12_2_04',$,$,#12819,#12828,$,$);
#12830=IFCRELCONTAINEDINSPATIALSTRUCTURE('17fKSjqIL0eQS_SC9ERQbV',#5,$,$,(#12829),#89);
#12831=IFCCARTESIANPOINT((87.5,6.5,-0.5));
#12832=IFCAXIS2PLACEMENT3D(#12831,$,$);
#12833=IFCLOCALPLACEMENT(#88,#12832);
#12834=IFCCARTESIANPOINT((0.,0.));
#12835=IFCAXIS2PLACEMENT2D(#12834,$);
#12836=IFCRECTANGLEPROFILEDEF(.AREA.,$,#12835,0.25,7.);
#12837=IFCCARTESIANPOINT((0.,0.,0.));
#12838=IFCAXIS2PLACEMENT3D(#12837,$,$);
#12839=IFCDIRECTION((0.,0.,1.));
#12840=IFCEXTRUDEDAREASOLID(#12836,#12838,#12839,0.5);
#12841=IFCSHAPEREPRESENTATION(#14,'Body','SweptSolid',(#12840));
#12842=IFCPRODUCTDEFINITIONSHAPE($,$,(#12841));
#12843=IFCBEAM('14QLZ3NCv3GPss1MCZD6Bn',#5,'VB_P12_88_00',$,$,#12833,#12842,$,$);
#12844=IFCRELCONTAINEDINSPATIALSTRUCTURE('3Ov5lEzkHD29owgCFzahBh',#5,$,$,(#12843),#89);
#12845=IFCCARTESIANPOINT((87.5,13.5,-0.5));
#12846=IFCAXIS2PLACEMENT3D(#12845,$,$);
#12847=IFCLOCALPLACEMENT(#88,#12846);
#12848=IFCCARTESIANPOINT((0.,0.));
#12849=IFCAXIS2PLACEMENT2D(#12848,$);
#12850=IFCRECTANGLEPROFILEDEF(.AREA.,$,#12849,0.25,7.);
#12851=IFCCARTESIANPOINT((0.,0.,0.));
#12852=IFCAXIS2PLACEMENT3D(#12851,$,$);
#12853=IFCDIRECTION((0.,0.,1.));
#12854=IFCEXTRUDEDAREASOLID(#12850,#12852,#12853,0.5);
#12855=IFCSHAPEREPRESENTATION(#14,'Body','SweptSolid',(#12854));
#12856=IFCPRODUCTDEFINITIONSHAPE($,$,(#12855));
#12857=IFCBEAM('2K6hp$An97LBdpAyww_gw6',#5,'VB_P12_88_01',$,$,#12847,#12856,$,$);
#12858=IFCRELCONTAINEDINSPATIALSTRUCTURE('1iZbx2rHzEoOYwEE5lNNWp',#5,$,$,(#12857),#89);
#12859=IFCCARTESIANPOINT((87.5,21.5,-0.5));
#12860=IFCAXIS2PLACEMENT3D(#12859,$,$);
#12861=IFCLOCALPLACEMENT(#88,#12860);
#12862=IFCCARTESIANPOINT((0.,0.));
#12863=IFCAXIS2PLACEMENT2D(#12862,$);
#12864=IFCRECTANGLEPROFILEDEF(.AREA.,$,#12863,0.25,9.);
#12865=IFCCARTESIANPOINT((0.,0.,0.));
#12866=IFCAXIS2PLACEMENT3D(#12865,$,$);
#12867=IFCDIRECTION((0.,0.,1.));
#12868=IFCEXTRUDEDAREASOLID(#12864,#12866,#12867,0.5);
#12869=IFCSHAPEREPRESENTATION(#14,'Body','SweptSolid',(#12868));
#12870=IFCPRODUCTDEFINITIONSHAPE($,$,(#12869));
#12871=IFCBEAM('10Q728xwX1o8xgjWAEnMvg',#5,'VB_P12_88_02',$,$,#12861,#12870,$,$);
#12872=IFCRELCONTAINEDINSPATIALSTRUCTURE('3WFlq8n15Brhc0Vbe4xR2X',#5,$,$,(#12871),#89);
#12873=IFCCARTESIANPOINT((87.5,29.5,-0.5));
#12874=IFCAXIS2PLACEMENT3D(#12873,$,$);
#12875=IFCLOCALPLACEMENT(#88,#12874);
#12876=IFCCARTESIANPOINT((0.,0.));
#12877=IFCAXIS2PLACEMENT2D(#12876,$);
#12878=IFCRECTANGLEPROFILEDEF(.AREA.,$,#12877,0.25,7.);
#12879=IFCCARTESIANPOINT((0.,0.,0.));
#12880=IFCAXIS2PLACEMENT3D(#12879,$,$);
#12881=IFCDIRECTION((0.,0.,1.));
#12882=IFCEXTRUDEDAREASOLID(#12878,#12880,#12881,0.5);
#12883=IFCSHAPEREPRESENTATION(#14,'Body','SweptSolid',(#12882));
#12884=IFCPRODUCTDEFINITIONSHAPE($,$,(#12883));
#12885=IFCBEAM('0DzYbEW4z8yuum5aHnizYn',#5,'VB_P12_88_03',$,$,#12875,#12884,$,$);
#12886=IFCRELCONTAINEDINSPATIALSTRUCTURE('2Tel28r293_x$kT2OncViu',#5,$,$,(#12885),#89);
#12887=IFCCARTESIANPOINT((87.5,36.5,-0.5));
#12888=IFCAXIS2PLACEMENT3D(#12887,$,$);
#12889=IFCLOCALPLACEMENT(#88,#12888);
#12890=IFCCARTESIANPOINT((0.,0.));
#12891=IFCAXIS2PLACEMENT2D(#12890,$);
#12892=IFCRECTANGLEPROFILEDEF(.AREA.,$,#12891,0.25,7.);
#12893=IFCCARTESIANPOINT((0.,0.,0.));
#12894=IFCAXIS2PLACEMENT3D(#12893,$,$);
#12895=IFCDIRECTION((0.,0.,1.));
#12896=IFCEXTRUDEDAREASOLID(#12892,#12894,#12895,0.5);
#12897=IFCSHAPEREPRESENTATION(#14,'Body','SweptSolid',(#12896));
#12898=IFCPRODUCTDEFINITIONSHAPE($,$,(#12897));
#12899=IFCBEAM('3GnW8d1VHCb8_L7FP3hQVY',#5,'VB_P12_88_04',$,$,#12889,#12898,$,$);
#12900=IFCRELCONTAINEDINSPATIALSTRUCTURE('3RMcAH7YjEAPsal8Czz3of',#5,$,$,(#12899),#89);
#12901=IFCCARTESIANPOINT((12.,18.,-0.5));
#12902=IFCAXIS2PLACEMENT3D(#12901,$,$);
#12903=IFCLOCALPLACEMENT(#88,#12902);
#12904=IFCCARTESIANPOINT((0.,0.));
#12905=IFCAXIS2PLACEMENT2D(#12904,$);
#12906=IFCRECTANGLEPROFILEDEF(.AREA.,$,#12905,14.,0.20000000000000284);
#12907=IFCCARTESIANPOINT((0.,0.,0.));
#12908=IFCAXIS2PLACEMENT3D(#12907,$,$);
#12909=IFCDIRECTION((0.,0.,1.));
#12910=IFCEXTRUDEDAREASOLID(#12906,#12908,#12909,0.5);
#12911=IFCSHAPEREPRESENTATION(#14,'Body','SweptSolid',(#12910));
#12912=IFCPRODUCTDEFINITIONSHAPE($,$,(#12911));
#12913=IFCBEAM('1oComPeXrCfB5DHn$7NKGD',#5,'VP_P12_A_18',$,$,#12903,#12912,$,$);
#12914=IFCRELCONTAINEDINSPATIALSTRUCTURE('2qDBrc4lHAlus7hm4y$Hs6',#5,$,$,(#12913),#89);
#12915=IFCCARTESIANPOINT((12.,25.,-0.5));
#12916=IFCAXIS2PLACEMENT3D(#12915,$,$);
#12917=IFCLOCALPLACEMENT(#88,#12916);
#12918=IFCCARTESIANPOINT((0.,0.));
#12919=IFCAXIS2PLACEMENT2D(#12918,$);
#12920=IFCRECTANGLEPROFILEDEF(.AREA.,$,#12919,14.,0.20000000000000284);
#12921=IFCCARTESIANPOINT((0.,0.,0.));
#12922=IFCAXIS2PLACEMENT3D(#12921,$,$);
#12923=IFCDIRECTION((0.,0.,1.));
#12924=IFCEXTRUDEDAREASOLID(#12920,#12922,#12923,0.5);
#12925=IFCSHAPEREPRESENTATION(#14,'Body','SweptSolid',(#12924));
#12926=IFCPRODUCTDEFINITIONSHAPE($,$,(#12925));
#12927=IFCBEAM('2zZUZDCLH4qBlUuhYeSOQa',#5,'VP_P12_A_25',$,$,#12917,#12926,$,$);
#12928=IFCRELCONTAINEDINSPATIALSTRUCTURE('2wZFcONTH6quVK4HAMuM7E',#5,$,$,(#12927),#89);
#12929=IFCCARTESIANPOINT((5.,21.5,-0.5));
#12930=IFCAXIS2PLACEMENT3D(#12929,$,$);
#12931=IFCLOCALPLACEMENT(#88,#12930);
#12932=IFCCARTESIANPOINT((0.,0.));
#12933=IFCAXIS2PLACEMENT2D(#12932,$);
#12934=IFCRECTANGLEPROFILEDEF(.AREA.,$,#12933,0.19999999999999929,7.);
#12935=IFCCARTESIANPOINT((0.,0.,0.));
#12936=IFCAXIS2PLACEMENT3D(#12935,$,$);
#12937=IFCDIRECTION((0.,0.,1.));
#12938=IFCEXTRUDEDAREASOLID(#12934,#12936,#12937,0.5);
#12939=IFCSHAPEREPRESENTATION(#14,'Body','SweptSolid',(#12938));
#12940=IFCPRODUCTDEFINITIONSHAPE($,$,(#12939));
#12941=IFCBEAM('1AGI4iCRX4dRl0xxdMCn7v',#5,'VP_P12_A_5',$,$,#12931,#12940,$,$);
#12942=IFCRELCONTAINEDINSPATIALSTRUCTURE('09CkWZBlPENQYyQd8qK4Y4',#5,$,$,(#12941),#89);
#12943=IFCCARTESIANPOINT((19.,21.5,-0.5));
#12944=IFCAXIS2PLACEMENT3D(#12943,$,$);
#12945=IFCLOCALPLACEMENT(#88,#12944);
#12946=IFCCARTESIANPOINT((0.,0.));
#12947=IFCAXIS2PLACEMENT2D(#12946,$);
#12948=IFCRECTANGLEPROFILEDEF(.AREA.,$,#12947,0.20000000000000284,7.);
#12949=IFCCARTESIANPOINT((0.,0.,0.));
#12950=IFCAXIS2PLACEMENT3D(#12949,$,$);
#12951=IFCDIRECTION((0.,0.,1.));
#12952=IFCEXTRUDEDAREASOLID(#12948,#12950,#12951,0.5);
#12953=IFCSHAPEREPRESENTATION(#14,'Body','SweptSolid',(#12952));
#12954=IFCPRODUCTDEFINITIONSHAPE($,$,(#12953));
#12955=IFCBEAM('1QSb1aWZr4ewazvEBEADXJ',#5,'VP_P12_A_19',$,$,#12945,#12954,$,$);
#12956=IFCRELCONTAINEDINSPATIALSTRUCTURE('1ikTNvDln3TeuuJZOvOWHZ',#5,$,$,(#12955),#89);
#12957=IFCCARTESIANPOINT((78.,18.,-0.5));
#12958=IFCAXIS2PLACEMENT3D(#12957,$,$);
#12959=IFCLOCALPLACEMENT(#88,#12958);
#12960=IFCCARTESIANPOINT((0.,0.));
#12961=IFCAXIS2PLACEMENT2D(#12960,$);
#12962=IFCRECTANGLEPROFILEDEF(.AREA.,$,#12961,14.,0.20000000000000284);
#12963=IFCCARTESIANPOINT((0.,0.,0.));
#12964=IFCAXIS2PLACEMENT3D(#12963,$,$);
#12965=IFCDIRECTION((0.,0.,1.));
#12966=IFCEXTRUDEDAREASOLID(#12962,#12964,#12965,0.5);
#12967=IFCSHAPEREPRESENTATION(#14,'Body','SweptSolid',(#12966));
#12968=IFCPRODUCTDEFINITIONSHAPE($,$,(#12967));
#12969=IFCBEAM('1NP2SA5sL5GxsbdgUFQYbQ',#5,'VP_P12_B_18',$,$,#12959,#12968,$,$);
#12970=IFCRELCONTAINEDINSPATIALSTRUCTURE('2tI7wtBxD9uQ7_JYySljd3',#5,$,$,(#12969),#89);
#12971=IFCCARTESIANPOINT((78.,25.,-0.5));
#12972=IFCAXIS2PLACEMENT3D(#12971,$,$);
#12973=IFCLOCALPLACEMENT(#88,#12972);
#12974=IFCCARTESIANPOINT((0.,0.));
#12975=IFCAXIS2PLACEMENT2D(#12974,$);
#12976=IFCRECTANGLEPROFILEDEF(.AREA.,$,#12975,14.,0.20000000000000284);
#12977=IFCCARTESIANPOINT((0.,0.,0.));
#12978=IFCAXIS2PLACEMENT3D(#12977,$,$);
#12979=IFCDIRECTION((0.,0.,1.));
#12980=IFCEXTRUDEDAREASOLID(#12976,#12978,#12979,0.5);
#12981=IFCSHAPEREPRESENTATION(#14,'Body','SweptSolid',(#12980));
#12982=IFCPRODUCTDEFINITIONSHAPE($,$,(#12981));
#12983=IFCBEAM('3mu5XDBen3XwipWjP6jk3S',#5,'VP_P12_B_25',$,$,#12973,#12982,$,$);
#12984=IFCRELCONTAINEDINSPATIALSTRUCTURE('1CWUXGwT5CdAhSu8n8mBr3',#5,$,$,(#12983),#89);
#12985=IFCCARTESIANPOINT((71.,21.5,-0.5));
#12986=IFCAXIS2PLACEMENT3D(#12985,$,$);
#12987=IFCLOCALPLACEMENT(#88,#12986);
#12988=IFCCARTESIANPOINT((0.,0.));
#12989=IFCAXIS2PLACEMENT2D(#12988,$);
#12990=IFCRECTANGLEPROFILEDEF(.AREA.,$,#12989,0.19999999999998863,7.);
#12991=IFCCARTESIANPOINT((0.,0.,0.));
#12992=IFCAXIS2PLACEMENT3D(#12991,$,$);
#12993=IFCDIRECTION((0.,0.,1.));
#12994=IFCEXTRUDEDAREASOLID(#12990,#12992,#12993,0.5);
#12995=IFCSHAPEREPRESENTATION(#14,'Body','SweptSolid',(#12994));
#12996=IFCPRODUCTDEFINITIONSHAPE($,$,(#12995));
#12997=IFCBEAM('3Wn0QGKQT1vu8cUiZSW8On',#5,'VP_P12_B_71',$,$,#12987,#12996,$,$);
#12998=IFCRELCONTAINEDINSPATIALSTRUCTURE('13LV2OH552$xX6E8U2vbE$',#5,$,$,(#12997),#89);
#12999=IFCCARTESIANPOINT((85.,21.5,-0.5));
#13000=IFCAXIS2PLACEMENT3D(#12999,$,$);
#13001=IFCLOCALPLACEMENT(#88,#13000);
#13002=IFCCARTESIANPOINT((0.,0.));
#13003=IFCAXIS2PLACEMENT2D(#13002,$);
#13004=IFCRECTANGLEPROFILEDEF(.AREA.,$,#13003,0.19999999999998863,7.);
#13005=IFCCARTESIANPOINT((0.,0.,0.));
#13006=IFCAXIS2PLACEMENT3D(#13005,$,$);
#13007=IFCDIRECTION((0.,0.,1.));
#13008=IFCEXTRUDEDAREASOLID(#13004,#13006,#13007,0.5);
#13009=IFCSHAPEREPRESENTATION(#14,'Body','SweptSolid',(#13008));
#13010=IFCPRODUCTDEFINITIONSHAPE($,$,(#13009));
#13011=IFCBEAM('1iCPncgNnDXumzjDJRVeGv',#5,'VP_P12_B_85',$,$,#13001,#13010,$,$);
#13012=IFCRELCONTAINEDINSPATIALSTRUCTURE('0sfXdchl55BuEGeWlAeYzO',#5,$,$,(#13011),#89);
#13013=IFCCARTESIANPOINT((6.4400000000000004,3.,-0.5));
#13014=IFCAXIS2PLACEMENT3D(#13013,$,$);
#13015=IFCLOCALPLACEMENT(#92,#13014);
#13016=IFCCARTESIANPOINT((0.,0.));
#13017=IFCAXIS2PLACEMENT2D(#13016,$);
#13018=IFCRECTANGLEPROFILEDEF(.AREA.,$,#13017,7.8800000000000008,0.25);
#13019=IFCCARTESIANPOINT((0.,0.,0.));
#13020=IFCAXIS2PLACEMENT3D(#13019,$,$);
#13021=IFCDIRECTION((0.,0.,1.));
#13022=IFCEXTRUDEDAREASOLID(#13018,#13020,#13021,0.5);
#13023=IFCSHAPEREPRESENTATION(#14,'Body','SweptSolid',(#13022));
#13024=IFCPRODUCTDEFINITIONSHAPE($,$,(#13023));
#13025=IFCBEAM('26BPDGGcLE1QGMLFv0VpqU',#5,'VB_P13_3_00',$,$,#13015,#13024,$,$);
#13026=IFCRELCONTAINEDINSPATIALSTRUCTURE('2INgkQ2FL3jerPbteSK3wM',#5,$,$,(#13025),#93);
#13027=IFCCARTESIANPOINT((14.315000000000001,3.,-0.5));
#13028=IFCAXIS2PLACEMENT3D(#13027,$,$);
#13029=IFCLOCALPLACEMENT(#92,#13028);
#13030=IFCCARTESIANPOINT((0.,0.));
#13031=IFCAXIS2PLACEMENT2D(#13030,$);
#13032=IFCRECTANGLEPROFILEDEF(.AREA.,$,#13031,7.8699999999999992,0.25);
#13033=IFCCARTESIANPOINT((0.,0.,0.));
#13034=IFCAXIS2PLACEMENT3D(#13033,$,$);
#13035=IFCDIRECTION((0.,0.,1.));
#13036=IFCEXTRUDEDAREASOLID(#13032,#13034,#13035,0.5);
#13037=IFCSHAPEREPRESENTATION(#14,'Body','SweptSolid',(#13036));
#13038=IFCPRODUCTDEFINITIONSHAPE($,$,(#13037));
#13039=IFCBEAM('3cHtR0PZnFoA2E8mH9iNa3',#5,'VB_P13_3_01',$,$,#13029,#13038,$,$);
#13040=IFCRELCONTAINEDINSPATIALSTRUCTURE('26uNnJDhDCwAC_SeN3W0W3',#5,$,$,(#13039),#93);
#13041=IFCCARTESIANPOINT((22.189999999999998,3.,-0.5));
#13042=IFCAXIS2PLACEMENT3D(#13041,$,$);
#13043=IFCLOCALPLACEMENT(#92,#13042);
#13044=IFCCARTESIANPOINT((0.,0.));
#13045=IFCAXIS2PLACEMENT2D(#13044,$);
#13046=IFCRECTANGLEPROFILEDEF(.AREA.,$,#13045,7.879999999999999,0.25);
#13047=IFCCARTESIANPOINT((0.,0.,0.));
#13048=IFCAXIS2PLACEMENT3D(#13047,$,$);
#13049=IFCDIRECTION((0.,0.,1.));
#13050=IFCEXTRUDEDAREASOLID(#13046,#13048,#13049,0.5);
#13051=IFCSHAPEREPRESENTATION(#14,'Body','SweptSolid',(#13050));
#13052=IFCPRODUCTDEFINITIONSHAPE($,$,(#13051));
#13053=IFCBEAM('3YSpwAHZf8vgGSOsCD8wYJ',#5,'VB_P13_3_02',$,$,#13043,#13052,$,$);
#13054=IFCRELCONTAINEDINSPATIALSTRUCTURE('13VDtbC25AH8YxoWEe6EIi',#5,$,$,(#13053),#93);
#13055=IFCCARTESIANPOINT((30.064999999999998,3.,-0.5));
#13056=IFCAXIS2PLACEMENT3D(#13055,$,$);
#13057=IFCLOCALPLACEMENT(#92,#13056);
#13058=IFCCARTESIANPOINT((0.,0.));
#13059=IFCAXIS2PLACEMENT2D(#13058,$);
#13060=IFCRECTANGLEPROFILEDEF(.AREA.,$,#13059,7.870000000000001,0.25);
#13061=IFCCARTESIANPOINT((0.,0.,0.));
#13062=IFCAXIS2PLACEMENT3D(#13061,$,$);
#13063=IFCDIRECTION((0.,0.,1.));
#13064=IFCEXTRUDEDAREASOLID(#13060,#13062,#13063,0.5);
#13065=IFCSHAPEREPRESENTATION(#14,'Body','SweptSolid',(#13064));
#13066=IFCPRODUCTDEFINITIONSHAPE($,$,(#13065));
#13067=IFCBEAM('39SFRejaH0lPQoh3sCxF$d',#5,'VB_P13_3_03',$,$,#13057,#13066,$,$);
#13068=IFCRELCONTAINEDINSPATIALSTRUCTURE('0ygYBFqVD0PfIbWMIRfKKA',#5,$,$,(#13067),#93);
#13069=IFCCARTESIANPOINT((37.5,3.,-0.5));
#13070=IFCAXIS2PLACEMENT3D(#13069,$,$);
#13071=IFCLOCALPLACEMENT(#92,#13070);
#13072=IFCCARTESIANPOINT((0.,0.));
#13073=IFCAXIS2PLACEMENT2D(#13072,$);
#13074=IFCRECTANGLEPROFILEDEF(.AREA.,$,#13073,7.,0.25);
#13075=IFCCARTESIANPOINT((0.,0.,0.));
#13076=IFCAXIS2PLACEMENT3D(#13075,$,$);
#13077=IFCDIRECTION((0.,0.,1.));
#13078=IFCEXTRUDEDAREASOLID(#13074,#13076,#13077,0.5);
#13079=IFCSHAPEREPRESENTATION(#14,'Body','SweptSolid',(#13078));
#13080=IFCPRODUCTDEFINITIONSHAPE($,$,(#13079));
#13081=IFCBEAM('0Lqw7nVVX9BefG9XjM0cID',#5,'VB_P13_3_04',$,$,#13071,#13080,$,$);
#13082=IFCRELCONTAINEDINSPATIALSTRUCTURE('3I5lX3O8X46eNDpJ5s6Wqv',#5,$,$,(#13081),#93);
#13083=IFCCARTESIANPOINT((45.,3.,-0.5));
#13084=IFCAXIS2PLACEMENT3D(#13083,$,$);
#13085=IFCLOCALPLACEMENT(#92,#13084);
#13086=IFCCARTESIANPOINT((0.,0.));
#13087=IFCAXIS2PLACEMENT2D(#13086,$);
#13088=IFCRECTANGLEPROFILEDEF(.AREA.,$,#13087,8.,0.25);
#13089=IFCCARTESIANPOINT((0.,0.,0.));
#13090=IFCAXIS2PLACEMENT3D(#13089,$,$);
#13091=IFCDIRECTION((0.,0.,1.));
#13092=IFCEXTRUDEDAREASOLID(#13088,#13090,#13091,0.5);
#13093=IFCSHAPEREPRESENTATION(#14,'Body','SweptSolid',(#13092));
#13094=IFCPRODUCTDEFINITIONSHAPE($,$,(#13093));
#13095=IFCBEAM('1Amu9iKwvF5Osw6hyq0vQO',#5,'VB_P13_3_05',$,$,#13085,#13094,$,$);
#13096=IFCRELCONTAINEDINSPATIALSTRUCTURE('30rTInG3j0kOLZZ$sSD4oZ',#5,$,$,(#13095),#93);
#13097=IFCCARTESIANPOINT((52.5,3.,-0.5));
#13098=IFCAXIS2PLACEMENT3D(#13097,$,$);
#13099=IFCLOCALPLACEMENT(#92,#13098);
#13100=IFCCARTESIANPOINT((0.,0.));
#13101=IFCAXIS2PLACEMENT2D(#13100,$);
#13102=IFCRECTANGLEPROFILEDEF(.AREA.,$,#13101,7.,0.25);
#13103=IFCCARTESIANPOINT((0.,0.,0.));
#13104=IFCAXIS2PLACEMENT3D(#13103,$,$);
#13105=IFCDIRECTION((0.,0.,1.));
#13106=IFCEXTRUDEDAREASOLID(#13102,#13104,#13105,0.5);
#13107=IFCSHAPEREPRESENTATION(#14,'Body','SweptSolid',(#13106));
#13108=IFCPRODUCTDEFINITIONSHAPE($,$,(#13107));
#13109=IFCBEAM('3tADjVYxH32QkqkGnGZVx6',#5,'VB_P13_3_06',$,$,#13099,#13108,$,$);
#13110=IFCRELCONTAINEDINSPATIALSTRUCTURE('3pmSoDn5fB4PIUa3PUndiN',#5,$,$,(#13109),#93);
#13111=IFCCARTESIANPOINT((59.939999999999998,3.,-0.5));
#13112=IFCAXIS2PLACEMENT3D(#13111,$,$);
#13113=IFCLOCALPLACEMENT(#92,#13112);
#13114=IFCCARTESIANPOINT((0.,0.));
#13115=IFCAXIS2PLACEMENT2D(#13114,$);
#13116=IFCRECTANGLEPROFILEDEF(.AREA.,$,#13115,7.8800000000000026,0.25);
#13117=IFCCARTESIANPOINT((0.,0.,0.));
#13118=IFCAXIS2PLACEMENT3D(#13117,$,$);
#13119=IFCDIRECTION((0.,0.,1.));
#13120=IFCEXTRUDEDAREASOLID(#13116,#13118,#13119,0.5);
#13121=IFCSHAPEREPRESENTATION(#14,'Body','SweptSolid',(#13120));
#13122=IFCPRODUCTDEFINITIONSHAPE($,$,(#13121));
#13123=IFCBEAM('02yEiCZgr8_QySKC7FxLT$',#5,'VB_P13_3_07',$,$,#13113,#13122,$,$);
#13124=IFCRELCONTAINEDINSPATIALSTRUCTURE('3YIUAVwBHBmRd65bctLyny',#5,$,$,(#13123),#93);
#13125=IFCCARTESIANPOINT((67.814999999999998,3.,-0.5));
#13126=IFCAXIS2PLACEMENT3D(#13125,$,$);
#13127=IFCLOCALPLACEMENT(#92,#13126);
#13128=IFCCARTESIANPOINT((0.,0.));
#13129=IFCAXIS2PLACEMENT2D(#13128,$);
#13130=IFCRECTANGLEPROFILEDEF(.AREA.,$,#13129,7.8699999999999974,0.25);
#13131=IFCCARTESIANPOINT((0.,0.,0.));
#13132=IFCAXIS2PLACEMENT3D(#13131,$,$);
#13133=IFCDIRECTION((0.,0.,1.));
#13134=IFCEXTRUDEDAREASOLID(#13130,#13132,#13133,0.5);
#13135=IFCSHAPEREPRESENTATION(#14,'Body','SweptSolid',(#13134));
#13136=IFCPRODUCTDEFINITIONSHAPE($,$,(#13135));
#13137=IFCBEAM('2ZgtRaUsj3rOKuAke2fQQw',#5,'VB_P13_3_08',$,$,#13127,#13136,$,$);
#13138=IFCRELCONTAINEDINSPATIALSTRUCTURE('0b_jNgDcL5igRxmiIIhag1',#5,$,$,(#13137),#93);
#13139=IFCCARTESIANPOINT((75.689999999999998,3.,-0.5));
#13140=IFCAXIS2PLACEMENT3D(#13139,$,$);
#13141=IFCLOCALPLACEMENT(#92,#13140);
#13142=IFCCARTESIANPOINT((0.,0.));
#13143=IFCAXIS2PLACEMENT2D(#13142,$);
#13144=IFCRECTANGLEPROFILEDEF(.AREA.,$,#13143,7.8799999999999955,0.25);
#13145=IFCCARTESIANPOINT((0.,0.,0.));
#13146=IFCAXIS2PLACEMENT3D(#13145,$,$);
#13147=IFCDIRECTION((0.,0.,1.));
#13148=IFCEXTRUDEDAREASOLID(#13144,#13146,#13147,0.5);
#13149=IFCSHAPEREPRESENTATION(#14,'Body','SweptSolid',(#13148));
#13150=IFCPRODUCTDEFINITIONSHAPE($,$,(#13149));
#13151=IFCBEAM('3kwL3OPkT5Q83b7RSbs85x',#5,'VB_P13_3_09',$,$,#13141,#13150,$,$);
#13152=IFCRELCONTAINEDINSPATIALSTRUCTURE('027OJiGtr2fuNQbdkDx81L',#5,$,$,(#13151),#93);
#13153=IFCCARTESIANPOINT((83.564999999999998,3.,-0.5));
#13154=IFCAXIS2PLACEMENT3D(#13153,$,$);
#13155=IFCLOCALPLACEMENT(#92,#13154);
#13156=IFCCARTESIANPOINT((0.,0.));
#13157=IFCAXIS2PLACEMENT2D(#13156,$);
#13158=IFCRECTANGLEPROFILEDEF(.AREA.,$,#13157,7.8700000000000045,0.25);
#13159=IFCCARTESIANPOINT((0.,0.,0.));
#13160=IFCAXIS2PLACEMENT3D(#13159,$,$);
#13161=IFCDIRECTION((0.,0.,1.));
#13162=IFCEXTRUDEDAREASOLID(#13158,#13160,#13161,0.5);
#13163=IFCSHAPEREPRESENTATION(#14,'Body','SweptSolid',(#13162));
#13164=IFCPRODUCTDEFINITIONSHAPE($,$,(#13163));
#13165=IFCBEAM('2Vi$I0L1fEHgkJUa_I8UyK',#5,'VB_P13_3_10',$,$,#13155,#13164,$,$);
#13166=IFCRELCONTAINEDINSPATIALSTRUCTURE('3KZ4gTeP94mfZPjJBir45A',#5,$,$,(#13165),#93);
#13167=IFCCARTESIANPOINT((6.4400000000000004,40.,-0.5));
#13168=IFCAXIS2PLACEMENT3D(#13167,$,$);
#13169=IFCLOCALPLACEMENT(#92,#13168);
#13170=IFCCARTESIANPOINT((0.,0.));
#13171=IFCAXIS2PLACEMENT2D(#13170,$);
#13172=IFCRECTANGLEPROFILEDEF(.AREA.,$,#13171,7.8800000000000008,0.25);
#13173=IFCCARTESIANPOINT((0.,0.,0.));
#13174=IFCAXIS2PLACEMENT3D(#13173,$,$);
#13175=IFCDIRECTION((0.,0.,1.));
#13176=IFCEXTRUDEDAREASOLID(#13172,#13174,#13175,0.5);
#13177=IFCSHAPEREPRESENTATION(#14,'Body','SweptSolid',(#13176));
#13178=IFCPRODUCTDEFINITIONSHAPE($,$,(#13177));
#13179=IFCBEAM('2HTGg4HlD2Thyw4b$WpfvD',#5,'VB_P13_40_00',$,$,#13169,#13178,$,$);
#13180=IFCRELCONTAINEDINSPATIALSTRUCTURE('2WPgc_KFX02go0hRXSA6Al',#5,$,$,(#13179),#93);
#13181=IFCCARTESIANPOINT((14.315000000000001,40.,-0.5));
#13182=IFCAXIS2PLACEMENT3D(#13181,$,$);
#13183=IFCLOCALPLACEMENT(#92,#13182);
#13184=IFCCARTESIANPOINT((0.,0.));
#13185=IFCAXIS2PLACEMENT2D(#13184,$);
#13186=IFCRECTANGLEPROFILEDEF(.AREA.,$,#13185,7.8699999999999992,0.25);
#13187=IFCCARTESIANPOINT((0.,0.,0.));
#13188=IFCAXIS2PLACEMENT3D(#13187,$,$);
#13189=IFCDIRECTION((0.,0.,1.));
#13190=IFCEXTRUDEDAREASOLID(#13186,#13188,#13189,0.5);
#13191=IFCSHAPEREPRESENTATION(#14,'Body','SweptSolid',(#13190));
#13192=IFCPRODUCTDEFINITIONSHAPE($,$,(#13191));
#13193=IFCBEAM('26cgZ5_tj0vRQttDtD$XA5',#5,'VB_P13_40_01',$,$,#13183,#13192,$,$);
#13194=IFCRELCONTAINEDINSPATIALSTRUCTURE('0N0DjolhnBDeQ50rLbiNUm',#5,$,$,(#13193),#93);
#13195=IFCCARTESIANPOINT((22.189999999999998,40.,-0.5));
#13196=IFCAXIS2PLACEMENT3D(#13195,$,$);
#13197=IFCLOCALPLACEMENT(#92,#13196);
#13198=IFCCARTESIANPOINT((0.,0.));
#13199=IFCAXIS2PLACEMENT2D(#13198,$);
#13200=IFCRECTANGLEPROFILEDEF(.AREA.,$,#13199,7.879999999999999,0.25);
#13201=IFCCARTESIANPOINT((0.,0.,0.));
#13202=IFCAXIS2PLACEMENT3D(#13201,$,$);
#13203=IFCDIRECTION((0.,0.,1.));
#13204=IFCEXTRUDEDAREASOLID(#13200,#13202,#13203,0.5);
#13205=IFCSHAPEREPRESENTATION(#14,'Body','SweptSolid',(#13204));
#13206=IFCPRODUCTDEFINITIONSHAPE($,$,(#13205));
#13207=IFCBEAM('2S5k$frkr048ZaVhKHxxaN',#5,'VB_P13_40_02',$,$,#13197,#13206,$,$);
#13208=IFCRELCONTAINEDINSPATIALSTRUCTURE('2iyYjK6H9FChUkgr0VHjKa',#5,$,$,(#13207),#93);
#13209=IFCCARTESIANPOINT((30.064999999999998,40.,-0.5));
#13210=IFCAXIS2PLACEMENT3D(#13209,$,$);
#13211=IFCLOCALPLACEMENT(#92,#13210);
#13212=IFCCARTESIANPOINT((0.,0.));
#13213=IFCAXIS2PLACEMENT2D(#13212,$);
#13214=IFCRECTANGLEPROFILEDEF(.AREA.,$,#13213,7.870000000000001,0.25);
#13215=IFCCARTESIANPOINT((0.,0.,0.));
#13216=IFCAXIS2PLACEMENT3D(#13215,$,$);
#13217=IFCDIRECTION((0.,0.,1.));
#13218=IFCEXTRUDEDAREASOLID(#13214,#13216,#13217,0.5);
#13219=IFCSHAPEREPRESENTATION(#14,'Body','SweptSolid',(#13218));
#13220=IFCPRODUCTDEFINITIONSHAPE($,$,(#13219));
#13221=IFCBEAM('1v9hspl4H6X96EdB5a_ftM',#5,'VB_P13_40_03',$,$,#13211,#13220,$,$);
#13222=IFCRELCONTAINEDINSPATIALSTRUCTURE('29KbNPKrf8teenXm87MPZX',#5,$,$,(#13221),#93);
#13223=IFCCARTESIANPOINT((37.5,40.,-0.5));
#13224=IFCAXIS2PLACEMENT3D(#13223,$,$);
#13225=IFCLOCALPLACEMENT(#92,#13224);
#13226=IFCCARTESIANPOINT((0.,0.));
#13227=IFCAXIS2PLACEMENT2D(#13226,$);
#13228=IFCRECTANGLEPROFILEDEF(.AREA.,$,#13227,7.,0.25);
#13229=IFCCARTESIANPOINT((0.,0.,0.));
#13230=IFCAXIS2PLACEMENT3D(#13229,$,$);
#13231=IFCDIRECTION((0.,0.,1.));
#13232=IFCEXTRUDEDAREASOLID(#13228,#13230,#13231,0.5);
#13233=IFCSHAPEREPRESENTATION(#14,'Body','SweptSolid',(#13232));
#13234=IFCPRODUCTDEFINITIONSHAPE($,$,(#13233));
#13235=IFCBEAM('32sjYO4$DFa8grWb$FuScR',#5,'VB_P13_40_04',$,$,#13225,#13234,$,$);
#13236=IFCRELCONTAINEDINSPATIALSTRUCTURE('2HojKLxpD699U9M3UpKm0C',#5,$,$,(#13235),#93);
#13237=IFCCARTESIANPOINT((45.,40.,-0.5));
#13238=IFCAXIS2PLACEMENT3D(#13237,$,$);
#13239=IFCLOCALPLACEMENT(#92,#13238);
#13240=IFCCARTESIANPOINT((0.,0.));
#13241=IFCAXIS2PLACEMENT2D(#13240,$);
#13242=IFCRECTANGLEPROFILEDEF(.AREA.,$,#13241,8.,0.25);
#13243=IFCCARTESIANPOINT((0.,0.,0.));
#13244=IFCAXIS2PLACEMENT3D(#13243,$,$);
#13245=IFCDIRECTION((0.,0.,1.));
#13246=IFCEXTRUDEDAREASOLID(#13242,#13244,#13245,0.5);
#13247=IFCSHAPEREPRESENTATION(#14,'Body','SweptSolid',(#13246));
#13248=IFCPRODUCTDEFINITIONSHAPE($,$,(#13247));
#13249=IFCBEAM('2UvALqk251UQalv8Ijb9Ep',#5,'VB_P13_40_05',$,$,#13239,#13248,$,$);
#13250=IFCRELCONTAINEDINSPATIALSTRUCTURE('1UWJTHLeX65vfBhMDjpuaj',#5,$,$,(#13249),#93);
#13251=IFCCARTESIANPOINT((52.5,40.,-0.5));
#13252=IFCAXIS2PLACEMENT3D(#13251,$,$);
#13253=IFCLOCALPLACEMENT(#92,#13252);
#13254=IFCCARTESIANPOINT((0.,0.));
#13255=IFCAXIS2PLACEMENT2D(#13254,$);
#13256=IFCRECTANGLEPROFILEDEF(.AREA.,$,#13255,7.,0.25);
#13257=IFCCARTESIANPOINT((0.,0.,0.));
#13258=IFCAXIS2PLACEMENT3D(#13257,$,$);
#13259=IFCDIRECTION((0.,0.,1.));
#13260=IFCEXTRUDEDAREASOLID(#13256,#13258,#13259,0.5);
#13261=IFCSHAPEREPRESENTATION(#14,'Body','SweptSolid',(#13260));
#13262=IFCPRODUCTDEFINITIONSHAPE($,$,(#13261));
#13263=IFCBEAM('2Qn9$OEx13tOSDrYaKxqZe',#5,'VB_P13_40_06',$,$,#13253,#13262,$,$);
#13264=IFCRELCONTAINEDINSPATIALSTRUCTURE('0ACZjc601BpgoEKtA$Sdez',#5,$,$,(#13263),#93);
#13265=IFCCARTESIANPOINT((59.939999999999998,40.,-0.5));
#13266=IFCAXIS2PLACEMENT3D(#13265,$,$);
#13267=IFCLOCALPLACEMENT(#92,#13266);
#13268=IFCCARTESIANPOINT((0.,0.));
#13269=IFCAXIS2PLACEMENT2D(#13268,$);
#13270=IFCRECTANGLEPROFILEDEF(.AREA.,$,#13269,7.8800000000000026,0.25);
#13271=IFCCARTESIANPOINT((0.,0.,0.));
#13272=IFCAXIS2PLACEMENT3D(#13271,$,$);
#13273=IFCDIRECTION((0.,0.,1.));
#13274=IFCEXTRUDEDAREASOLID(#13270,#13272,#13273,0.5);
#13275=IFCSHAPEREPRESENTATION(#14,'Body','SweptSolid',(#13274));
#13276=IFCPRODUCTDEFINITIONSHAPE($,$,(#13275));
#13277=IFCBEAM('0zvfXXowbE7fJ23h7fXXhM',#5,'VB_P13_40_07',$,$,#13267,#13276,$,$);
#13278=IFCRELCONTAINEDINSPATIALSTRUCTURE('3qFbfcW8n9_9lODMImLM9X',#5,$,$,(#13277),#93);
#13279=IFCCARTESIANPOINT((67.814999999999998,40.,-0.5));
#13280=IFCAXIS2PLACEMENT3D(#13279,$,$);
#13281=IFCLOCALPLACEMENT(#92,#13280);
#13282=IFCCARTESIANPOINT((0.,0.));
#13283=IFCAXIS2PLACEMENT2D(#13282,$);
#13284=IFCRECTANGLEPROFILEDEF(.AREA.,$,#13283,7.8699999999999974,0.25);
#13285=IFCCARTESIANPOINT((0.,0.,0.));
#13286=IFCAXIS2PLACEMENT3D(#13285,$,$);
#13287=IFCDIRECTION((0.,0.,1.));
#13288=IFCEXTRUDEDAREASOLID(#13284,#13286,#13287,0.5);
#13289=IFCSHAPEREPRESENTATION(#14,'Body','SweptSolid',(#13288));
#13290=IFCPRODUCTDEFINITIONSHAPE($,$,(#13289));
#13291=IFCBEAM('07SL1MWIT9gBCYpa_mMhQu',#5,'VB_P13_40_08',$,$,#13281,#13290,$,$);
#13292=IFCRELCONTAINEDINSPATIALSTRUCTURE('13iWWtQRbDugMcgogSVH03',#5,$,$,(#13291),#93);
#13293=IFCCARTESIANPOINT((75.689999999999998,40.,-0.5));
#13294=IFCAXIS2PLACEMENT3D(#13293,$,$);
#13295=IFCLOCALPLACEMENT(#92,#13294);
#13296=IFCCARTESIANPOINT((0.,0.));
#13297=IFCAXIS2PLACEMENT2D(#13296,$);
#13298=IFCRECTANGLEPROFILEDEF(.AREA.,$,#13297,7.8799999999999955,0.25);
#13299=IFCCARTESIANPOINT((0.,0.,0.));
#13300=IFCAXIS2PLACEMENT3D(#13299,$,$);
#13301=IFCDIRECTION((0.,0.,1.));
#13302=IFCEXTRUDEDAREASOLID(#13298,#13300,#13301,0.5);
#13303=IFCSHAPEREPRESENTATION(#14,'Body','SweptSolid',(#13302));
#13304=IFCPRODUCTDEFINITIONSHAPE($,$,(#13303));
#13305=IFCBEAM('1VAgskRdjEkAoLxtZZ9qWY',#5,'VB_P13_40_09',$,$,#13295,#13304,$,$);
#13306=IFCRELCONTAINEDINSPATIALSTRUCTURE('0NghzYN9L7o8EoJG6oSHYB',#5,$,$,(#13305),#93);
#13307=IFCCARTESIANPOINT((83.564999999999998,40.,-0.5));
#13308=IFCAXIS2PLACEMENT3D(#13307,$,$);
#13309=IFCLOCALPLACEMENT(#92,#13308);
#13310=IFCCARTESIANPOINT((0.,0.));
#13311=IFCAXIS2PLACEMENT2D(#13310,$);
#13312=IFCRECTANGLEPROFILEDEF(.AREA.,$,#13311,7.8700000000000045,0.25);
#13313=IFCCARTESIANPOINT((0.,0.,0.));
#13314=IFCAXIS2PLACEMENT3D(#13313,$,$);
#13315=IFCDIRECTION((0.,0.,1.));
#13316=IFCEXTRUDEDAREASOLID(#13312,#13314,#13315,0.5);
#13317=IFCSHAPEREPRESENTATION(#14,'Body','SweptSolid',(#13316));
#13318=IFCPRODUCTDEFINITIONSHAPE($,$,(#13317));
#13319=IFCBEAM('0wjdiD_TvF4u3oKNPNWfjy',#5,'VB_P13_40_10',$,$,#13309,#13318,$,$);
#13320=IFCRELCONTAINEDINSPATIALSTRUCTURE('1VCzsuSpTDDvibsvRQyFI8',#5,$,$,(#13319),#93);
#13321=IFCCARTESIANPOINT((2.5,6.5,-0.5));
#13322=IFCAXIS2PLACEMENT3D(#13321,$,$);
#13323=IFCLOCALPLACEMENT(#92,#13322);
#13324=IFCCARTESIANPOINT((0.,0.));
#13325=IFCAXIS2PLACEMENT2D(#13324,$);
#13326=IFCRECTANGLEPROFILEDEF(.AREA.,$,#13325,0.25,7.);
#13327=IFCCARTESIANPOINT((0.,0.,0.));
#13328=IFCAXIS2PLACEMENT3D(#13327,$,$);
#13329=IFCDIRECTION((0.,0.,1.));
#13330=IFCEXTRUDEDAREASOLID(#13326,#13328,#13329,0.5);
#13331=IFCSHAPEREPRESENTATION(#14,'Body','SweptSolid',(#13330));
#13332=IFCPRODUCTDEFINITIONSHAPE($,$,(#13331));
#13333=IFCBEAM('3T2aFVZfb3RhOSbiMilSNx',#5,'VB_P13_2_00',$,$,#13323,#13332,$,$);
#13334=IFCRELCONTAINEDINSPATIALSTRUCTURE('2FWGfa2oPFE8s0u4hzN69h',#5,$,$,(#13333),#93);
#13335=IFCCARTESIANPOINT((2.5,13.5,-0.5));
#13336=IFCAXIS2PLACEMENT3D(#13335,$,$);
#13337=IFCLOCALPLACEMENT(#92,#13336);
#13338=IFCCARTESIANPOINT((0.,0.));
#13339=IFCAXIS2PLACEMENT2D(#13338,$);
#13340=IFCRECTANGLEPROFILEDEF(.AREA.,$,#13339,0.25,7.);
#13341=IFCCARTESIANPOINT((0.,0.,0.));
#13342=IFCAXIS2PLACEMENT3D(#13341,$,$);
#13343=IFCDIRECTION((0.,0.,1.));
#13344=IFCEXTRUDEDAREASOLID(#13340,#13342,#13343,0.5);
#13345=IFCSHAPEREPRESENTATION(#14,'Body','SweptSolid',(#13344));
#13346=IFCPRODUCTDEFINITIONSHAPE($,$,(#13345));
#13347=IFCBEAM('27yevRI8XAtPN9v2hazBDQ',#5,'VB_P13_2_01',$,$,#13337,#13346,$,$);
#13348=IFCRELCONTAINEDINSPATIALSTRUCTURE('0sQTfwyab0zgWXgUU5Hxn4',#5,$,$,(#13347),#93);
#13349=IFCCARTESIANPOINT((2.5,21.5,-0.5));
#13350=IFCAXIS2PLACEMENT3D(#13349,$,$);
#13351=IFCLOCALPLACEMENT(#92,#13350);
#13352=IFCCARTESIANPOINT((0.,0.));
#13353=IFCAXIS2PLACEMENT2D(#13352,$);
#13354=IFCRECTANGLEPROFILEDEF(.AREA.,$,#13353,0.25,9.);
#13355=IFCCARTESIANPOINT((0.,0.,0.));
#13356=IFCAXIS2PLACEMENT3D(#13355,$,$);
#13357=IFCDIRECTION((0.,0.,1.));
#13358=IFCEXTRUDEDAREASOLID(#13354,#13356,#13357,0.5);
#13359=IFCSHAPEREPRESENTATION(#14,'Body','SweptSolid',(#13358));
#13360=IFCPRODUCTDEFINITIONSHAPE($,$,(#13359));
#13361=IFCBEAM('0dlYW5SNDAC9hqQmgflNlk',#5,'VB_P13_2_02',$,$,#13351,#13360,$,$);
#13362=IFCRELCONTAINEDINSPATIALSTRUCTURE('0FQa9L8bT66ON4wWnalFiV',#5,$,$,(#13361),#93);
#13363=IFCCARTESIANPOINT((2.5,29.5,-0.5));
#13364=IFCAXIS2PLACEMENT3D(#13363,$,$);
#13365=IFCLOCALPLACEMENT(#92,#13364);
#13366=IFCCARTESIANPOINT((0.,0.));
#13367=IFCAXIS2PLACEMENT2D(#13366,$);
#13368=IFCRECTANGLEPROFILEDEF(.AREA.,$,#13367,0.25,7.);
#13369=IFCCARTESIANPOINT((0.,0.,0.));
#13370=IFCAXIS2PLACEMENT3D(#13369,$,$);
#13371=IFCDIRECTION((0.,0.,1.));
#13372=IFCEXTRUDEDAREASOLID(#13368,#13370,#13371,0.5);
#13373=IFCSHAPEREPRESENTATION(#14,'Body','SweptSolid',(#13372));
#13374=IFCPRODUCTDEFINITIONSHAPE($,$,(#13373));
#13375=IFCBEAM('0G2mOAq7z0JxxJbD7Wbppn',#5,'VB_P13_2_03',$,$,#13365,#13374,$,$);
#13376=IFCRELCONTAINEDINSPATIALSTRUCTURE('0h1gXXcurDlR3xt1IZWJtw',#5,$,$,(#13375),#93);
#13377=IFCCARTESIANPOINT((2.5,36.5,-0.5));
#13378=IFCAXIS2PLACEMENT3D(#13377,$,$);
#13379=IFCLOCALPLACEMENT(#92,#13378);
#13380=IFCCARTESIANPOINT((0.,0.));
#13381=IFCAXIS2PLACEMENT2D(#13380,$);
#13382=IFCRECTANGLEPROFILEDEF(.AREA.,$,#13381,0.25,7.);
#13383=IFCCARTESIANPOINT((0.,0.,0.));
#13384=IFCAXIS2PLACEMENT3D(#13383,$,$);
#13385=IFCDIRECTION((0.,0.,1.));
#13386=IFCEXTRUDEDAREASOLID(#13382,#13384,#13385,0.5);
#13387=IFCSHAPEREPRESENTATION(#14,'Body','SweptSolid',(#13386));
#13388=IFCPRODUCTDEFINITIONSHAPE($,$,(#13387));
#13389=IFCBEAM('2NZ8jJBQPD$eM4BMf0td95',#5,'VB_P13_2_04',$,$,#13379,#13388,$,$);
#13390=IFCRELCONTAINEDINSPATIALSTRUCTURE('1h6439aev5_g$IWuUvTj2i',#5,$,$,(#13389),#93);
#13391=IFCCARTESIANPOINT((87.5,6.5,-0.5));
#13392=IFCAXIS2PLACEMENT3D(#13391,$,$);
#13393=IFCLOCALPLACEMENT(#92,#13392);
#13394=IFCCARTESIANPOINT((0.,0.));
#13395=IFCAXIS2PLACEMENT2D(#13394,$);
#13396=IFCRECTANGLEPROFILEDEF(.AREA.,$,#13395,0.25,7.);
#13397=IFCCARTESIANPOINT((0.,0.,0.));
#13398=IFCAXIS2PLACEMENT3D(#13397,$,$);
#13399=IFCDIRECTION((0.,0.,1.));
#13400=IFCEXTRUDEDAREASOLID(#13396,#13398,#13399,0.5);
#13401=IFCSHAPEREPRESENTATION(#14,'Body','SweptSolid',(#13400));
#13402=IFCPRODUCTDEFINITIONSHAPE($,$,(#13401));
#13403=IFCBEAM('0j3V5xFGvF6819m85j9TH_',#5,'VB_P13_88_00',$,$,#13393,#13402,$,$);
#13404=IFCRELCONTAINEDINSPATIALSTRUCTURE('0k9vOl7l1EVQHwJwoHgsw4',#5,$,$,(#13403),#93);
#13405=IFCCARTESIANPOINT((87.5,13.5,-0.5));
#13406=IFCAXIS2PLACEMENT3D(#13405,$,$);
#13407=IFCLOCALPLACEMENT(#92,#13406);
#13408=IFCCARTESIANPOINT((0.,0.));
#13409=IFCAXIS2PLACEMENT2D(#13408,$);
#13410=IFCRECTANGLEPROFILEDEF(.AREA.,$,#13409,0.25,7.);
#13411=IFCCARTESIANPOINT((0.,0.,0.));
#13412=IFCAXIS2PLACEMENT3D(#13411,$,$);
#13413=IFCDIRECTION((0.,0.,1.));
#13414=IFCEXTRUDEDAREASOLID(#13410,#13412,#13413,0.5);
#13415=IFCSHAPEREPRESENTATION(#14,'Body','SweptSolid',(#13414));
#13416=IFCPRODUCTDEFINITIONSHAPE($,$,(#13415));
#13417=IFCBEAM('2Egl_MHHnF$8Mn3Qmk4rSs',#5,'VB_P13_88_01',$,$,#13407,#13416,$,$);
#13418=IFCRELCONTAINEDINSPATIALSTRUCTURE('1aE1$1ENn0xeTiTELzcrya',#5,$,$,(#13417),#93);
#13419=IFCCARTESIANPOINT((87.5,21.5,-0.5));
#13420=IFCAXIS2PLACEMENT3D(#13419,$,$);
#13421=IFCLOCALPLACEMENT(#92,#13420);
#13422=IFCCARTESIANPOINT((0.,0.));
#13423=IFCAXIS2PLACEMENT2D(#13422,$);
#13424=IFCRECTANGLEPROFILEDEF(.AREA.,$,#13423,0.25,9.);
#13425=IFCCARTESIANPOINT((0.,0.,0.));
#13426=IFCAXIS2PLACEMENT3D(#13425,$,$);
#13427=IFCDIRECTION((0.,0.,1.));
#13428=IFCEXTRUDEDAREASOLID(#13424,#13426,#13427,0.5);
#13429=IFCSHAPEREPRESENTATION(#14,'Body','SweptSolid',(#13428));
#13430=IFCPRODUCTDEFINITIONSHAPE($,$,(#13429));
#13431=IFCBEAM('1hEJGo515FBAPTvYQYY74t',#5,'VB_P13_88_02',$,$,#13421,#13430,$,$);
#13432=IFCRELCONTAINEDINSPATIALSTRUCTURE('16T3aHC0zA1vHq62fz5yeK',#5,$,$,(#13431),#93);
#13433=IFCCARTESIANPOINT((87.5,29.5,-0.5));
#13434=IFCAXIS2PLACEMENT3D(#13433,$,$);
#13435=IFCLOCALPLACEMENT(#92,#13434);
#13436=IFCCARTESIANPOINT((0.,0.));
#13437=IFCAXIS2PLACEMENT2D(#13436,$);
#13438=IFCRECTANGLEPROFILEDEF(.AREA.,$,#13437,0.25,7.);
#13439=IFCCARTESIANPOINT((0.,0.,0.));
#13440=IFCAXIS2PLACEMENT3D(#13439,$,$);
#13441=IFCDIRECTION((0.,0.,1.));
#13442=IFCEXTRUDEDAREASOLID(#13438,#13440,#13441,0.5);
#13443=IFCSHAPEREPRESENTATION(#14,'Body','SweptSolid',(#13442));
#13444=IFCPRODUCTDEFINITIONSHAPE($,$,(#13443));
#13445=IFCBEAM('3gAlSUgs53nusc4d2kj91Z',#5,'VB_P13_88_03',$,$,#13435,#13444,$,$);
#13446=IFCRELCONTAINEDINSPATIALSTRUCTURE('0sKSBasmzC1vpftfF9vLxh',#5,$,$,(#13445),#93);
#13447=IFCCARTESIANPOINT((87.5,36.5,-0.5));
#13448=IFCAXIS2PLACEMENT3D(#13447,$,$);
#13449=IFCLOCALPLACEMENT(#92,#13448);
#13450=IFCCARTESIANPOINT((0.,0.));
#13451=IFCAXIS2PLACEMENT2D(#13450,$);
#13452=IFCRECTANGLEPROFILEDEF(.AREA.,$,#13451,0.25,7.);
#13453=IFCCARTESIANPOINT((0.,0.,0.));
#13454=IFCAXIS2PLACEMENT3D(#13453,$,$);
#13455=IFCDIRECTION((0.,0.,1.));
#13456=IFCEXTRUDEDAREASOLID(#13452,#13454,#13455,0.5);
#13457=IFCSHAPEREPRESENTATION(#14,'Body','SweptSolid',(#13456));
#13458=IFCPRODUCTDEFINITIONSHAPE($,$,(#13457));
#13459=IFCBEAM('1jFDncg3zFP8bEvyGj83j$',#5,'VB_P13_88_04',$,$,#13449,#13458,$,$);
#13460=IFCRELCONTAINEDINSPATIALSTRUCTURE('3IOMfomTT32BcNiTv$SKbr',#5,$,$,(#13459),#93);
#13461=IFCCARTESIANPOINT((12.,18.,-0.5));
#13462=IFCAXIS2PLACEMENT3D(#13461,$,$);
#13463=IFCLOCALPLACEMENT(#92,#13462);
#13464=IFCCARTESIANPOINT((0.,0.));
#13465=IFCAXIS2PLACEMENT2D(#13464,$);
#13466=IFCRECTANGLEPROFILEDEF(.AREA.,$,#13465,14.,0.20000000000000284);
#13467=IFCCARTESIANPOINT((0.,0.,0.));
#13468=IFCAXIS2PLACEMENT3D(#13467,$,$);
#13469=IFCDIRECTION((0.,0.,1.));
#13470=IFCEXTRUDEDAREASOLID(#13466,#13468,#13469,0.5);
#13471=IFCSHAPEREPRESENTATION(#14,'Body','SweptSolid',(#13470));
#13472=IFCPRODUCTDEFINITIONSHAPE($,$,(#13471));
#13473=IFCBEAM('1iuxMJc_1AIQ5KTM4hxd3K',#5,'VP_P13_A_18',$,$,#13463,#13472,$,$);
#13474=IFCRELCONTAINEDINSPATIALSTRUCTURE('1ycW3gtGT2OuEvcDcsQEV5',#5,$,$,(#13473),#93);
#13475=IFCCARTESIANPOINT((12.,25.,-0.5));
#13476=IFCAXIS2PLACEMENT3D(#13475,$,$);
#13477=IFCLOCALPLACEMENT(#92,#13476);
#13478=IFCCARTESIANPOINT((0.,0.));
#13479=IFCAXIS2PLACEMENT2D(#13478,$);
#13480=IFCRECTANGLEPROFILEDEF(.AREA.,$,#13479,14.,0.20000000000000284);
#13481=IFCCARTESIANPOINT((0.,0.,0.));
#13482=IFCAXIS2PLACEMENT3D(#13481,$,$);
#13483=IFCDIRECTION((0.,0.,1.));
#13484=IFCEXTRUDEDAREASOLID(#13480,#13482,#13483,0.5);
#13485=IFCSHAPEREPRESENTATION(#14,'Body','SweptSolid',(#13484));
#13486=IFCPRODUCTDEFINITIONSHAPE($,$,(#13485));
#13487=IFCBEAM('1xYE2A7aH4MwWqRTInzwC8',#5,'VP_P13_A_25',$,$,#13477,#13486,$,$);
#13488=IFCRELCONTAINEDINSPATIALSTRUCTURE('3q_8WQbyDDjgtVS$rEOULG',#5,$,$,(#13487),#93);
#13489=IFCCARTESIANPOINT((5.,21.5,-0.5));
#13490=IFCAXIS2PLACEMENT3D(#13489,$,$);
#13491=IFCLOCALPLACEMENT(#92,#13490);
#13492=IFCCARTESIANPOINT((0.,0.));
#13493=IFCAXIS2PLACEMENT2D(#13492,$);
#13494=IFCRECTANGLEPROFILEDEF(.AREA.,$,#13493,0.19999999999999929,7.);
#13495=IFCCARTESIANPOINT((0.,0.,0.));
#13496=IFCAXIS2PLACEMENT3D(#13495,$,$);
#13497=IFCDIRECTION((0.,0.,1.));
#13498=IFCEXTRUDEDAREASOLID(#13494,#13496,#13497,0.5);
#13499=IFCSHAPEREPRESENTATION(#14,'Body','SweptSolid',(#13498));
#13500=IFCPRODUCTDEFINITIONSHAPE($,$,(#13499));
#13501=IFCBEAM('0Sa7r$OozAMhbdnWSd_HR4',#5,'VP_P13_A_5',$,$,#13491,#13500,$,$);
#13502=IFCRELCONTAINEDINSPATIALSTRUCTURE('37lYaOa354MBgwUkodMbfw',#5,$,$,(#13501),#93);
#13503=IFCCARTESIANPOINT((19.,21.5,-0.5));
#13504=IFCAXIS2PLACEMENT3D(#13503,$,$);
#13505=IFCLOCALPLACEMENT(#92,#13504);
#13506=IFCCARTESIANPOINT((0.,0.));
#13507=IFCAXIS2PLACEMENT2D(#13506,$);
#13508=IFCRECTANGLEPROFILEDEF(.AREA.,$,#13507,0.20000000000000284,7.);
#13509=IFCCARTESIANPOINT((0.,0.,0.));
#13510=IFCAXIS2PLACEMENT3D(#13509,$,$);
#13511=IFCDIRECTION((0.,0.,1.));
#13512=IFCEXTRUDEDAREASOLID(#13508,#13510,#13511,0.5);
#13513=IFCSHAPEREPRESENTATION(#14,'Body','SweptSolid',(#13512));
#13514=IFCPRODUCTDEFINITIONSHAPE($,$,(#13513));
#13515=IFCBEAM('1nIPXDiAjDf9PVGT2olL3l',#5,'VP_P13_A_19',$,$,#13505,#13514,$,$);
#13516=IFCRELCONTAINEDINSPATIALSTRUCTURE('2qW0xJhrz5Zx1aO_us97Jz',#5,$,$,(#13515),#93);
#13517=IFCCARTESIANPOINT((78.,18.,-0.5));
#13518=IFCAXIS2PLACEMENT3D(#13517,$,$);
#13519=IFCLOCALPLACEMENT(#92,#13518);
#13520=IFCCARTESIANPOINT((0.,0.));
#13521=IFCAXIS2PLACEMENT2D(#13520,$);
#13522=IFCRECTANGLEPROFILEDEF(.AREA.,$,#13521,14.,0.20000000000000284);
#13523=IFCCARTESIANPOINT((0.,0.,0.));
#13524=IFCAXIS2PLACEMENT3D(#13523,$,$);
#13525=IFCDIRECTION((0.,0.,1.));
#13526=IFCEXTRUDEDAREASOLID(#13522,#13524,#13525,0.5);
#13527=IFCSHAPEREPRESENTATION(#14,'Body','SweptSolid',(#13526));
#13528=IFCPRODUCTDEFINITIONSHAPE($,$,(#13527));
#13529=IFCBEAM('25RT$rkIbFUweietvdvFX6',#5,'VP_P13_B_18',$,$,#13519,#13528,$,$);
#13530=IFCRELCONTAINEDINSPATIALSTRUCTURE('1ADFiLjYT0c9m4JtFG2yFx',#5,$,$,(#13529),#93);
#13531=IFCCARTESIANPOINT((78.,25.,-0.5));
#13532=IFCAXIS2PLACEMENT3D(#13531,$,$);
#13533=IFCLOCALPLACEMENT(#92,#13532);
#13534=IFCCARTESIANPOINT((0.,0.));
#13535=IFCAXIS2PLACEMENT2D(#13534,$);
#13536=IFCRECTANGLEPROFILEDEF(.AREA.,$,#13535,14.,0.20000000000000284);
#13537=IFCCARTESIANPOINT((0.,0.,0.));
#13538=IFCAXIS2PLACEMENT3D(#13537,$,$);
#13539=IFCDIRECTION((0.,0.,1.));
#13540=IFCEXTRUDEDAREASOLID(#13536,#13538,#13539,0.5);
#13541=IFCSHAPEREPRESENTATION(#14,'Body','SweptSolid',(#13540));
#13542=IFCPRODUCTDEFINITIONSHAPE($,$,(#13541));
#13543=IFCBEAM('06YbNqHm99b86waE74VVOM',#5,'VP_P13_B_25',$,$,#13533,#13542,$,$);
#13544=IFCRELCONTAINEDINSPATIALSTRUCTURE('1E8L$7EPb7qxgOYUB4nnsN',#5,$,$,(#13543),#93);
#13545=IFCCARTESIANPOINT((71.,21.5,-0.5));
#13546=IFCAXIS2PLACEMENT3D(#13545,$,$);
#13547=IFCLOCALPLACEMENT(#92,#13546);
#13548=IFCCARTESIANPOINT((0.,0.));
#13549=IFCAXIS2PLACEMENT2D(#13548,$);
#13550=IFCRECTANGLEPROFILEDEF(.AREA.,$,#13549,0.19999999999998863,7.);
#13551=IFCCARTESIANPOINT((0.,0.,0.));
#13552=IFCAXIS2PLACEMENT3D(#13551,$,$);
#13553=IFCDIRECTION((0.,0.,1.));
#13554=IFCEXTRUDEDAREASOLID(#13550,#13552,#13553,0.5);
#13555=IFCSHAPEREPRESENTATION(#14,'Body','SweptSolid',(#13554));
#13556=IFCPRODUCTDEFINITIONSHAPE($,$,(#13555));
#13557=IFCBEAM('0VRqaruAnAfPJDwGfwtw6z',#5,'VP_P13_B_71',$,$,#13547,#13556,$,$);
#13558=IFCRELCONTAINEDINSPATIALSTRUCTURE('1rw0la5_z3hOFKLxg3T9qF',#5,$,$,(#13557),#93);
#13559=IFCCARTESIANPOINT((85.,21.5,-0.5));
#13560=IFCAXIS2PLACEMENT3D(#13559,$,$);
#13561=IFCLOCALPLACEMENT(#92,#13560);
#13562=IFCCARTESIANPOINT((0.,0.));
#13563=IFCAXIS2PLACEMENT2D(#13562,$);
#13564=IFCRECTANGLEPROFILEDEF(.AREA.,$,#13563,0.19999999999998863,7.);
#13565=IFCCARTESIANPOINT((0.,0.,0.));
#13566=IFCAXIS2PLACEMENT3D(#13565,$,$);
#13567=IFCDIRECTION((0.,0.,1.));
#13568=IFCEXTRUDEDAREASOLID(#13564,#13566,#13567,0.5);
#13569=IFCSHAPEREPRESENTATION(#14,'Body','SweptSolid',(#13568));
#13570=IFCPRODUCTDEFINITIONSHAPE($,$,(#13569));
#13571=IFCBEAM('2btxGJ4mD55Ana3jpvDtdX',#5,'VP_P13_B_85',$,$,#13561,#13570,$,$);
#13572=IFCRELCONTAINEDINSPATIALSTRUCTURE('08bFEosNH8E9Zk4xJGB3mt',#5,$,$,(#13571),#93);
#13573=IFCCARTESIANPOINT((6.4400000000000004,3.,-0.5));
#13574=IFCAXIS2PLACEMENT3D(#13573,$,$);
#13575=IFCLOCALPLACEMENT(#96,#13574);
#13576=IFCCARTESIANPOINT((0.,0.));
#13577=IFCAXIS2PLACEMENT2D(#13576,$);
#13578=IFCRECTANGLEPROFILEDEF(.AREA.,$,#13577,7.8800000000000008,0.25);
#13579=IFCCARTESIANPOINT((0.,0.,0.));
#13580=IFCAXIS2PLACEMENT3D(#13579,$,$);
#13581=IFCDIRECTION((0.,0.,1.));
#13582=IFCEXTRUDEDAREASOLID(#13578,#13580,#13581,0.5);
#13583=IFCSHAPEREPRESENTATION(#14,'Body','SweptSolid',(#13582));
#13584=IFCPRODUCTDEFINITIONSHAPE($,$,(#13583));
#13585=IFCBEAM('1VNl9FQMHBHQWRw46OK_OP',#5,'VB_P14_3_00',$,$,#13575,#13584,$,$);
#13586=IFCRELCONTAINEDINSPATIALSTRUCTURE('0byxIPSKz8KQTxBTzf1Gkt',#5,$,$,(#13585),#97);
#13587=IFCCARTESIANPOINT((14.315000000000001,3.,-0.5));
#13588=IFCAXIS2PLACEMENT3D(#13587,$,$);
#13589=IFCLOCALPLACEMENT(#96,#13588);
#13590=IFCCARTESIANPOINT((0.,0.));
#13591=IFCAXIS2PLACEMENT2D(#13590,$);
#13592=IFCRECTANGLEPROFILEDEF(.AREA.,$,#13591,7.8699999999999992,0.25);
#13593=IFCCARTESIANPOINT((0.,0.,0.));
#13594=IFCAXIS2PLACEMENT3D(#13593,$,$);
#13595=IFCDIRECTION((0.,0.,1.));
#13596=IFCEXTRUDEDAREASOLID(#13592,#13594,#13595,0.5);
#13597=IFCSHAPEREPRESENTATION(#14,'Body','SweptSolid',(#13596));
#13598=IFCPRODUCTDEFINITIONSHAPE($,$,(#13597));
#13599=IFCBEAM('2ZeQHYq_rEJRGQKeptirec',#5,'VB_P14_3_01',$,$,#13589,#13598,$,$);
#13600=IFCRELCONTAINEDINSPATIALSTRUCTURE('0HfuLFeJD6vRc_uniCIBfi',#5,$,$,(#13599),#97);
#13601=IFCCARTESIANPOINT((22.189999999999998,3.,-0.5));
#13602=IFCAXIS2PLACEMENT3D(#13601,$,$);
#13603=IFCLOCALPLACEMENT(#96,#13602);
#13604=IFCCARTESIANPOINT((0.,0.));
#13605=IFCAXIS2PLACEMENT2D(#13604,$);
#13606=IFCRECTANGLEPROFILEDEF(.AREA.,$,#13605,7.879999999999999,0.25);
#13607=IFCCARTESIANPOINT((0.,0.,0.));
#13608=IFCAXIS2PLACEMENT3D(#13607,$,$);
#13609=IFCDIRECTION((0.,0.,1.));
#13610=IFCEXTRUDEDAREASOLID(#13606,#13608,#13609,0.5);
#13611=IFCSHAPEREPRESENTATION(#14,'Body','SweptSolid',(#13610));
#13612=IFCPRODUCTDEFINITIONSHAPE($,$,(#13611));
#13613=IFCBEAM('12CHeDqALFZPp4sIOIQn1m',#5,'VB_P14_3_02',$,$,#13603,#13612,$,$);
#13614=IFCRELCONTAINEDINSPATIALSTRUCTURE('19J2FGOh5BqeK$S3FAQJ2F',#5,$,$,(#13613),#97);
#13615=IFCCARTESIANPOINT((30.064999999999998,3.,-0.5));
#13616=IFCAXIS2PLACEMENT3D(#13615,$,$);
#13617=IFCLOCALPLACEMENT(#96,#13616);
#13618=IFCCARTESIANPOINT((0.,0.));
#13619=IFCAXIS2PLACEMENT2D(#13618,$);
#13620=IFCRECTANGLEPROFILEDEF(.AREA.,$,#13619,7.870000000000001,0.25);
#13621=IFCCARTESIANPOINT((0.,0.,0.));
#13622=IFCAXIS2PLACEMENT3D(#13621,$,$);
#13623=IFCDIRECTION((0.,0.,1.));
#13624=IFCEXTRUDEDAREASOLID(#13620,#13622,#13623,0.5);
#13625=IFCSHAPEREPRESENTATION(#14,'Body','SweptSolid',(#13624));
#13626=IFCPRODUCTDEFINITIONSHAPE($,$,(#13625));
#13627=IFCBEAM('2ixZ17gjP8aQF6vQ2$56Yc',#5,'VB_P14_3_03',$,$,#13617,#13626,$,$);
#13628=IFCRELCONTAINEDINSPATIALSTRUCTURE('3F2ecTbv982R16OACU7gUH',#5,$,$,(#13627),#97);
#13629=IFCCARTESIANPOINT((37.5,3.,-0.5));
#13630=IFCAXIS2PLACEMENT3D(#13629,$,$);
#13631=IFCLOCALPLACEMENT(#96,#13630);
#13632=IFCCARTESIANPOINT((0.,0.));
#13633=IFCAXIS2PLACEMENT2D(#13632,$);
#13634=IFCRECTANGLEPROFILEDEF(.AREA.,$,#13633,7.,0.25);
#13635=IFCCARTESIANPOINT((0.,0.,0.));
#13636=IFCAXIS2PLACEMENT3D(#13635,$,$);
#13637=IFCDIRECTION((0.,0.,1.));
#13638=IFCEXTRUDEDAREASOLID(#13634,#13636,#13637,0.5);
#13639=IFCSHAPEREPRESENTATION(#14,'Body','SweptSolid',(#13638));
#13640=IFCPRODUCTDEFINITIONSHAPE($,$,(#13639));
#13641=IFCBEAM('3hNtcVK0b5VB$l_4rmXCp0',#5,'VB_P14_3_04',$,$,#13631,#13640,$,$);
#13642=IFCRELCONTAINEDINSPATIALSTRUCTURE('0PDMq5YLvEYgBlKQmZugXP',#5,$,$,(#13641),#97);
#13643=IFCCARTESIANPOINT((45.,3.,-0.5));
#13644=IFCAXIS2PLACEMENT3D(#13643,$,$);
#13645=IFCLOCALPLACEMENT(#96,#13644);
#13646=IFCCARTESIANPOINT((0.,0.));
#13647=IFCAXIS2PLACEMENT2D(#13646,$);
#13648=IFCRECTANGLEPROFILEDEF(.AREA.,$,#13647,8.,0.25);
#13649=IFCCARTESIANPOINT((0.,0.,0.));
#13650=IFCAXIS2PLACEMENT3D(#13649,$,$);
#13651=IFCDIRECTION((0.,0.,1.));
#13652=IFCEXTRUDEDAREASOLID(#13648,#13650,#13651,0.5);
#13653=IFCSHAPEREPRESENTATION(#14,'Body','SweptSolid',(#13652));
#13654=IFCPRODUCTDEFINITIONSHAPE($,$,(#13653));
#13655=IFCBEAM('0Rv98pu_v0QALwpmgZNkj3',#5,'VB_P14_3_05',$,$,#13645,#13654,$,$);
#13656=IFCRELCONTAINEDINSPATIALSTRUCTURE('3RxZfYXTD0z8ZPN_Pc3PpS',#5,$,$,(#13655),#97);
#13657=IFCCARTESIANPOINT((52.5,3.,-0.5));
#13658=IFCAXIS2PLACEMENT3D(#13657,$,$);
#13659=IFCLOCALPLACEMENT(#96,#13658);
#13660=IFCCARTESIANPOINT((0.,0.));
#13661=IFCAXIS2PLACEMENT2D(#13660,$);
#13662=IFCRECTANGLEPROFILEDEF(.AREA.,$,#13661,7.,0.25);
#13663=IFCCARTESIANPOINT((0.,0.,0.));
#13664=IFCAXIS2PLACEMENT3D(#13663,$,$);
#13665=IFCDIRECTION((0.,0.,1.));
#13666=IFCEXTRUDEDAREASOLID(#13662,#13664,#13665,0.5);
#13667=IFCSHAPEREPRESENTATION(#14,'Body','SweptSolid',(#13666));
#13668=IFCPRODUCTDEFINITIONSHAPE($,$,(#13667));
#13669=IFCBEAM('3_VRjrLFf57OwD07vcqcbH',#5,'VB_P14_3_06',$,$,#13659,#13668,$,$);
#13670=IFCRELCONTAINEDINSPATIALSTRUCTURE('3FfyHdUKDFiBUdfEmW9U8m',#5,$,$,(#13669),#97);
#13671=IFCCARTESIANPOINT((59.939999999999998,3.,-0.5));
#13672=IFCAXIS2PLACEMENT3D(#13671,$,$);
#13673=IFCLOCALPLACEMENT(#96,#13672);
#13674=IFCCARTESIANPOINT((0.,0.));
#13675=IFCAXIS2PLACEMENT2D(#13674,$);
#13676=IFCRECTANGLEPROFILEDEF(.AREA.,$,#13675,7.8800000000000026,0.25);
#13677=IFCCARTESIANPOINT((0.,0.,0.));
#13678=IFCAXIS2PLACEMENT3D(#13677,$,$);
#13679=IFCDIRECTION((0.,0.,1.));
#13680=IFCEXTRUDEDAREASOLID(#13676,#13678,#13679,0.5);
#13681=IFCSHAPEREPRESENTATION(#14,'Body','SweptSolid',(#13680));
#13682=IFCPRODUCTDEFINITIONSHAPE($,$,(#13681));
#13683=IFCBEAM('0eySV4n3zD$AHlZnsfyIDF',#5,'VB_P14_3_07',$,$,#13673,#13682,$,$);
#13684=IFCRELCONTAINEDINSPATIALSTRUCTURE('2M0OlcCF5FVAr2I1IBrFjr',#5,$,$,(#13683),#97);
#13685=IFCCARTESIANPOINT((67.814999999999998,3.,-0.5));
#13686=IFCAXIS2PLACEMENT3D(#13685,$,$);
#13687=IFCLOCALPLACEMENT(#96,#13686);
#13688=IFCCARTESIANPOINT((0.,0.));
#13689=IFCAXIS2PLACEMENT2D(#13688,$);
#13690=IFCRECTANGLEPROFILEDEF(.AREA.,$,#13689,7.8699999999999974,0.25);
#13691=IFCCARTESIANPOINT((0.,0.,0.));
#13692=IFCAXIS2PLACEMENT3D(#13691,$,$);
#13693=IFCDIRECTION((0.,0.,1.));
#13694=IFCEXTRUDEDAREASOLID(#13690,#13692,#13693,0.5);
#13695=IFCSHAPEREPRESENTATION(#14,'Body','SweptSolid',(#13694));
#13696=IFCPRODUCTDEFINITIONSHAPE($,$,(#13695));
#13697=IFCBEAM('0UrKrCQKDAgB7KCCo65AAl',#5,'VB_P14_3_08',$,$,#13687,#13696,$,$);
#13698=IFCRELCONTAINEDINSPATIALSTRUCTURE('1Tg3BYUbz8eOEhtTcYhCf0',#5,$,$,(#13697),#97);
#13699=IFCCARTESIANPOINT((75.689999999999998,3.,-0.5));
#13700=IFCAXIS2PLACEMENT3D(#13699,$,$);
#13701=IFCLOCALPLACEMENT(#96,#13700);
#13702=IFCCARTESIANPOINT((0.,0.));
#13703=IFCAXIS2PLACEMENT2D(#13702,$);
#13704=IFCRECTANGLEPROFILEDEF(.AREA.,$,#13703,7.8799999999999955,0.25);
#13705=IFCCARTESIANPOINT((0.,0.,0.));
#13706=IFCAXIS2PLACEMENT3D(#13705,$,$);
#13707=IFCDIRECTION((0.,0.,1.));
#13708=IFCEXTRUDEDAREASOLID(#13704,#13706,#13707,0.5);
#13709=IFCSHAPEREPRESENTATION(#14,'Body','SweptSolid',(#13708));
#13710=IFCPRODUCTDEFINITIONSHAPE($,$,(#13709));
#13711=IFCBEAM('28N09bOdn97uxB_Iu4$Q3V',#5,'VB_P14_3_09',$,$,#13701,#13710,$,$);
#13712=IFCRELCONTAINEDINSPATIALSTRUCTURE('2grGou92n9xPS2kiBjWdy8',#5,$,$,(#13711),#97);
#13713=IFCCARTESIANPOINT((83.564999999999998,3.,-0.5));
#13714=IFCAXIS2PLACEMENT3D(#13713,$,$);
#13715=IFCLOCALPLACEMENT(#96,#13714);
#13716=IFCCARTESIANPOINT((0.,0.));
#13717=IFCAXIS2PLACEMENT2D(#13716,$);
#13718=IFCRECTANGLEPROFILEDEF(.AREA.,$,#13717,7.8700000000000045,0.25);
#13719=IFCCARTESIANPOINT((0.,0.,0.));
#13720=IFCAXIS2PLACEMENT3D(#13719,$,$);
#13721=IFCDIRECTION((0.,0.,1.));
#13722=IFCEXTRUDEDAREASOLID(#13718,#13720,#13721,0.5);
#13723=IFCSHAPEREPRESENTATION(#14,'Body','SweptSolid',(#13722));
#13724=IFCPRODUCTDEFINITIONSHAPE($,$,(#13723));
#13725=IFCBEAM('0w_MePBy95O8UOPaQtuqnH',#5,'VB_P14_3_10',$,$,#13715,#13724,$,$);
#13726=IFCRELCONTAINEDINSPATIALSTRUCTURE('3wrMB0xh55ofSxJgKyQTRy',#5,$,$,(#13725),#97);
#13727=IFCCARTESIANPOINT((6.4400000000000004,40.,-0.5));
#13728=IFCAXIS2PLACEMENT3D(#13727,$,$);
#13729=IFCLOCALPLACEMENT(#96,#13728);
#13730=IFCCARTESIANPOINT((0.,0.));
#13731=IFCAXIS2PLACEMENT2D(#13730,$);
#13732=IFCRECTANGLEPROFILEDEF(.AREA.,$,#13731,7.8800000000000008,0.25);
#13733=IFCCARTESIANPOINT((0.,0.,0.));
#13734=IFCAXIS2PLACEMENT3D(#13733,$,$);
#13735=IFCDIRECTION((0.,0.,1.));
#13736=IFCEXTRUDEDAREASOLID(#13732,#13734,#13735,0.5);
#13737=IFCSHAPEREPRESENTATION(#14,'Body','SweptSolid',(#13736));
#13738=IFCPRODUCTDEFINITIONSHAPE($,$,(#13737));
#13739=IFCBEAM('1m$_fpOen6bhIpoQFgwsOr',#5,'VB_P14_40_00',$,$,#13729,#13738,$,$);
#13740=IFCRELCONTAINEDINSPATIALSTRUCTURE('3CsgHNkPX0w83yaamNB2$b',#5,$,$,(#13739),#97);
#13741=IFCCARTESIANPOINT((14.315000000000001,40.,-0.5));
#13742=IFCAXIS2PLACEMENT3D(#13741,$,$);
#13743=IFCLOCALPLACEMENT(#96,#13742);
#13744=IFCCARTESIANPOINT((0.,0.));
#13745=IFCAXIS2PLACEMENT2D(#13744,$);
#13746=IFCRECTANGLEPROFILEDEF(.AREA.,$,#13745,7.8699999999999992,0.25);
#13747=IFCCARTESIANPOINT((0.,0.,0.));
#13748=IFCAXIS2PLACEMENT3D(#13747,$,$);
#13749=IFCDIRECTION((0.,0.,1.));
#13750=IFCEXTRUDEDAREASOLID(#13746,#13748,#13749,0.5);
#13751=IFCSHAPEREPRESENTATION(#14,'Body','SweptSolid',(#13750));
#13752=IFCPRODUCTDEFINITIONSHAPE($,$,(#13751));
#13753=IFCBEAM('2xbKiYAL5EE8CWtLTZLvuh',#5,'VB_P14_40_01',$,$,#13743,#13752,$,$);
#13754=IFCRELCONTAINEDINSPATIALSTRUCTURE('2L2gzNgUDDLx8GPBVbViar',#5,$,$,(#13753),#97);
#13755=IFCCARTESIANPOINT((22.189999999999998,40.,-0.5));
#13756=IFCAXIS2PLACEMENT3D(#13755,$,$);
#13757=IFCLOCALPLACEMENT(#96,#13756);
#13758=IFCCARTESIANPOINT((0.,0.));
#13759=IFCAXIS2PLACEMENT2D(#13758,$);
#13760=IFCRECTANGLEPROFILEDEF(.AREA.,$,#13759,7.879999999999999,0.25);
#13761=IFCCARTESIANPOINT((0.,0.,0.));
#13762=IFCAXIS2PLACEMENT3D(#13761,$,$);
#13763=IFCDIRECTION((0.,0.,1.));
#13764=IFCEXTRUDEDAREASOLID(#13760,#13762,#13763,0.5);
#13765=IFCSHAPEREPRESENTATION(#14,'Body','SweptSolid',(#13764));
#13766=IFCPRODUCTDEFINITIONSHAPE($,$,(#13765));
#13767=IFCBEAM('04gx3i7L96lwlekxSGQkY9',#5,'VB_P14_40_02',$,$,#13757,#13766,$,$);
#13768=IFCRELCONTAINEDINSPATIALSTRUCTURE('2E0nW4VtzEN9jKbzNN02e4',#5,$,$,(#13767),#97);
#13769=IFCCARTESIANPOINT((30.064999999999998,40.,-0.5));
#13770=IFCAXIS2PLACEMENT3D(#13769,$,$);
#13771=IFCLOCALPLACEMENT(#96,#13770);
#13772=IFCCARTESIANPOINT((0.,0.));
#13773=IFCAXIS2PLACEMENT2D(#13772,$);
#13774=IFCRECTANGLEPROFILEDEF(.AREA.,$,#13773,7.870000000000001,0.25);
#13775=IFCCARTESIANPOINT((0.,0.,0.));
#13776=IFCAXIS2PLACEMENT3D(#13775,$,$);
#13777=IFCDIRECTION((0.,0.,1.));
#13778=IFCEXTRUDEDAREASOLID(#13774,#13776,#13777,0.5);
#13779=IFCSHAPEREPRESENTATION(#14,'Body','SweptSolid',(#13778));
#13780=IFCPRODUCTDEFINITIONSHAPE($,$,(#13779));
#13781=IFCBEAM('0D$ppff7PBIw2IIqxWX23R',#5,'VB_P14_40_03',$,$,#13771,#13780,$,$);
#13782=IFCRELCONTAINEDINSPATIALSTRUCTURE('2An9G3bLf5iPvLCind4ZVj',#5,$,$,(#13781),#97);
#13783=IFCCARTESIANPOINT((37.5,40.,-0.5));
#13784=IFCAXIS2PLACEMENT3D(#13783,$,$);
#13785=IFCLOCALPLACEMENT(#96,#13784);
#13786=IFCCARTESIANPOINT((0.,0.));
#13787=IFCAXIS2PLACEMENT2D(#13786,$);
#13788=IFCRECTANGLEPROFILEDEF(.AREA.,$,#13787,7.,0.25);
#13789=IFCCARTESIANPOINT((0.,0.,0.));
#13790=IFCAXIS2PLACEMENT3D(#13789,$,$);
#13791=IFCDIRECTION((0.,0.,1.));
#13792=IFCEXTRUDEDAREASOLID(#13788,#13790,#13791,0.5);
#13793=IFCSHAPEREPRESENTATION(#14,'Body','SweptSolid',(#13792));
#13794=IFCPRODUCTDEFINITIONSHAPE($,$,(#13793));
#13795=IFCBEAM('0R6vnEmnX9sRwdFt43fyBH',#5,'VB_P14_40_04',$,$,#13785,#13794,$,$);
#13796=IFCRELCONTAINEDINSPATIALSTRUCTURE('1UmlMoAx5D$OGkhqLjjrsv',#5,$,$,(#13795),#97);
#13797=IFCCARTESIANPOINT((45.,40.,-0.5));
#13798=IFCAXIS2PLACEMENT3D(#13797,$,$);
#13799=IFCLOCALPLACEMENT(#96,#13798);
#13800=IFCCARTESIANPOINT((0.,0.));
#13801=IFCAXIS2PLACEMENT2D(#13800,$);
#13802=IFCRECTANGLEPROFILEDEF(.AREA.,$,#13801,8.,0.25);
#13803=IFCCARTESIANPOINT((0.,0.,0.));
#13804=IFCAXIS2PLACEMENT3D(#13803,$,$);
#13805=IFCDIRECTION((0.,0.,1.));
#13806=IFCEXTRUDEDAREASOLID(#13802,#13804,#13805,0.5);
#13807=IFCSHAPEREPRESENTATION(#14,'Body','SweptSolid',(#13806));
#13808=IFCPRODUCTDEFINITIONSHAPE($,$,(#13807));
#13809=IFCBEAM('2CD2jjxRnE2x1L3rQpy2vU',#5,'VB_P14_40_05',$,$,#13799,#13808,$,$);
#13810=IFCRELCONTAINEDINSPATIALSTRUCTURE('0uIXUxatfEz8rAgKy8GR8v',#5,$,$,(#13809),#97);
#13811=IFCCARTESIANPOINT((52.5,40.,-0.5));
#13812=IFCAXIS2PLACEMENT3D(#13811,$,$);
#13813=IFCLOCALPLACEMENT(#96,#13812);
#13814=IFCCARTESIANPOINT((0.,0.));
#13815=IFCAXIS2PLACEMENT2D(#13814,$);
#13816=IFCRECTANGLEPROFILEDEF(.AREA.,$,#13815,7.,0.25);
#13817=IFCCARTESIANPOINT((0.,0.,0.));
#13818=IFCAXIS2PLACEMENT3D(#13817,$,$);
#13819=IFCDIRECTION((0.,0.,1.));
#13820=IFCEXTRUDEDAREASOLID(#13816,#13818,#13819,0.5);
#13821=IFCSHAPEREPRESENTATION(#14,'Body','SweptSolid',(#13820));
#13822=IFCPRODUCTDEFINITIONSHAPE($,$,(#13821));
#13823=IFCBEAM('0jIBJBCbDD7Rg4$x0drWd_',#5,'VB_P14_40_06',$,$,#13813,#13822,$,$);
#13824=IFCRELCONTAINEDINSPATIALSTRUCTURE('1XwxadAhL1ofYjZU5nI4aA',#5,$,$,(#13823),#97);
#13825=IFCCARTESIANPOINT((59.939999999999998,40.,-0.5));
#13826=IFCAXIS2PLACEMENT3D(#13825,$,$);
#13827=IFCLOCALPLACEMENT(#96,#13826);
#13828=IFCCARTESIANPOINT((0.,0.));
#13829=IFCAXIS2PLACEMENT2D(#13828,$);
#13830=IFCRECTANGLEPROFILEDEF(.AREA.,$,#13829,7.8800000000000026,0.25);
#13831=IFCCARTESIANPOINT((0.,0.,0.));
#13832=IFCAXIS2PLACEMENT3D(#13831,$,$);
#13833=IFCDIRECTION((0.,0.,1.));
#13834=IFCEXTRUDEDAREASOLID(#13830,#13832,#13833,0.5);
#13835=IFCSHAPEREPRESENTATION(#14,'Body','SweptSolid',(#13834));
#13836=IFCPRODUCTDEFINITIONSHAPE($,$,(#13835));
#13837=IFCBEAM('1BkCtg$zn5vOEbzrPLPV31',#5,'VB_P14_40_07',$,$,#13827,#13836,$,$);
#13838=IFCRELCONTAINEDINSPATIALSTRUCTURE('1LB5AGA2j5BOKhwBj3Lt42',#5,$,$,(#13837),#97);
#13839=IFCCARTESIANPOINT((67.814999999999998,40.,-0.5));
#13840=IFCAXIS2PLACEMENT3D(#13839,$,$);
#13841=IFCLOCALPLACEMENT(#96,#13840);
#13842=IFCCARTESIANPOINT((0.,0.));
#13843=IFCAXIS2PLACEMENT2D(#13842,$);
#13844=IFCRECTANGLEPROFILEDEF(.AREA.,$,#13843,7.8699999999999974,0.25);
#13845=IFCCARTESIANPOINT((0.,0.,0.));
#13846=IFCAXIS2PLACEMENT3D(#13845,$,$);
#13847=IFCDIRECTION((0.,0.,1.));
#13848=IFCEXTRUDEDAREASOLID(#13844,#13846,#13847,0.5);
#13849=IFCSHAPEREPRESENTATION(#14,'Body','SweptSolid',(#13848));
#13850=IFCPRODUCTDEFINITIONSHAPE($,$,(#13849));
#13851=IFCBEAM('3iUVuZTu51sAviBD94ZlXX',#5,'VB_P14_40_08',$,$,#13841,#13850,$,$);
#13852=IFCRELCONTAINEDINSPATIALSTRUCTURE('2L7V1qgwb1tBIwYMqZWmRa',#5,$,$,(#13851),#97);
#13853=IFCCARTESIANPOINT((75.689999999999998,40.,-0.5));
#13854=IFCAXIS2PLACEMENT3D(#13853,$,$);
#13855=IFCLOCALPLACEMENT(#96,#13854);
#13856=IFCCARTESIANPOINT((0.,0.));
#13857=IFCAXIS2PLACEMENT2D(#13856,$);
#13858=IFCRECTANGLEPROFILEDEF(.AREA.,$,#13857,7.8799999999999955,0.25);
#13859=IFCCARTESIANPOINT((0.,0.,0.));
#13860=IFCAXIS2PLACEMENT3D(#13859,$,$);
#13861=IFCDIRECTION((0.,0.,1.));
#13862=IFCEXTRUDEDAREASOLID(#13858,#13860,#13861,0.5);
#13863=IFCSHAPEREPRESENTATION(#14,'Body','SweptSolid',(#13862));
#13864=IFCPRODUCTDEFINITIONSHAPE($,$,(#13863));
#13865=IFCBEAM('0AyEusBrr54w2qdnUnmAxG',#5,'VB_P14_40_09',$,$,#13855,#13864,$,$);
#13866=IFCRELCONTAINEDINSPATIALSTRUCTURE('3$74VOfE15$hoY4ZFBlDsy',#5,$,$,(#13865),#97);
#13867=IFCCARTESIANPOINT((83.564999999999998,40.,-0.5));
#13868=IFCAXIS2PLACEMENT3D(#13867,$,$);
#13869=IFCLOCALPLACEMENT(#96,#13868);
#13870=IFCCARTESIANPOINT((0.,0.));
#13871=IFCAXIS2PLACEMENT2D(#13870,$);
#13872=IFCRECTANGLEPROFILEDEF(.AREA.,$,#13871,7.8700000000000045,0.25);
#13873=IFCCARTESIANPOINT((0.,0.,0.));
#13874=IFCAXIS2PLACEMENT3D(#13873,$,$);
#13875=IFCDIRECTION((0.,0.,1.));
#13876=IFCEXTRUDEDAREASOLID(#13872,#13874,#13875,0.5);
#13877=IFCSHAPEREPRESENTATION(#14,'Body','SweptSolid',(#13876));
#13878=IFCPRODUCTDEFINITIONSHAPE($,$,(#13877));
#13879=IFCBEAM('1zgsB2ZGrCJPBlOkMWXdHy',#5,'VB_P14_40_10',$,$,#13869,#13878,$,$);
#13880=IFCRELCONTAINEDINSPATIALSTRUCTURE('3Od6K$9CD8FwPaoz2tvL7n',#5,$,$,(#13879),#97);
#13881=IFCCARTESIANPOINT((2.5,6.5,-0.5));
#13882=IFCAXIS2PLACEMENT3D(#13881,$,$);
#13883=IFCLOCALPLACEMENT(#96,#13882);
#13884=IFCCARTESIANPOINT((0.,0.));
#13885=IFCAXIS2PLACEMENT2D(#13884,$);
#13886=IFCRECTANGLEPROFILEDEF(.AREA.,$,#13885,0.25,7.);
#13887=IFCCARTESIANPOINT((0.,0.,0.));
#13888=IFCAXIS2PLACEMENT3D(#13887,$,$);
#13889=IFCDIRECTION((0.,0.,1.));
#13890=IFCEXTRUDEDAREASOLID(#13886,#13888,#13889,0.5);
#13891=IFCSHAPEREPRESENTATION(#14,'Body','SweptSolid',(#13890));
#13892=IFCPRODUCTDEFINITIONSHAPE($,$,(#13891));
#13893=IFCBEAM('1rZIASxQ16EgyG8pA0OmZO',#5,'VB_P14_2_00',$,$,#13883,#13892,$,$);
#13894=IFCRELCONTAINEDINSPATIALSTRUCTURE('1nOthDgvb1tRqeAmlpNs$k',#5,$,$,(#13893),#97);
#13895=IFCCARTESIANPOINT((2.5,13.5,-0.5));
#13896=IFCAXIS2PLACEMENT3D(#13895,$,$);
#13897=IFCLOCALPLACEMENT(#96,#13896);
#13898=IFCCARTESIANPOINT((0.,0.));
#13899=IFCAXIS2PLACEMENT2D(#13898,$);
#13900=IFCRECTANGLEPROFILEDEF(.AREA.,$,#13899,0.25,7.);
#13901=IFCCARTESIANPOINT((0.,0.,0.));
#13902=IFCAXIS2PLACEMENT3D(#13901,$,$);
#13903=IFCDIRECTION((0.,0.,1.));
#13904=IFCEXTRUDEDAREASOLID(#13900,#13902,#13903,0.5);
#13905=IFCSHAPEREPRESENTATION(#14,'Body','SweptSolid',(#13904));
#13906=IFCPRODUCTDEFINITIONSHAPE($,$,(#13905));
#13907=IFCBEAM('12aWp8nFjC_OOPeXxyBYM1',#5,'VB_P14_2_01',$,$,#13897,#13906,$,$);
#13908=IFCRELCONTAINEDINSPATIALSTRUCTURE('221vCJtZ5Ebw2qSv4XGg2c',#5,$,$,(#13907),#97);
#13909=IFCCARTESIANPOINT((2.5,21.5,-0.5));
#13910=IFCAXIS2PLACEMENT3D(#13909,$,$);
#13911=IFCLOCALPLACEMENT(#96,#13910);
#13912=IFCCARTESIANPOINT((0.,0.));
#13913=IFCAXIS2PLACEMENT2D(#13912,$);
#13914=IFCRECTANGLEPROFILEDEF(.AREA.,$,#13913,0.25,9.);
#13915=IFCCARTESIANPOINT((0.,0.,0.));
#13916=IFCAXIS2PLACEMENT3D(#13915,$,$);
#13917=IFCDIRECTION((0.,0.,1.));
#13918=IFCEXTRUDEDAREASOLID(#13914,#13916,#13917,0.5);
#13919=IFCSHAPEREPRESENTATION(#14,'Body','SweptSolid',(#13918));
#13920=IFCPRODUCTDEFINITIONSHAPE($,$,(#13919));
#13921=IFCBEAM('1EA8iURQr3yuinkrrT9lgc',#5,'VB_P14_2_02',$,$,#13911,#13920,$,$);
#13922=IFCRELCONTAINEDINSPATIALSTRUCTURE('0tOgYeqk9BSBf$$swunzf7',#5,$,$,(#13921),#97);
#13923=IFCCARTESIANPOINT((2.5,29.5,-0.5));
#13924=IFCAXIS2PLACEMENT3D(#13923,$,$);
#13925=IFCLOCALPLACEMENT(#96,#13924);
#13926=IFCCARTESIANPOINT((0.,0.));
#13927=IFCAXIS2PLACEMENT2D(#13926,$);
#13928=IFCRECTANGLEPROFILEDEF(.AREA.,$,#13927,0.25,7.);
#13929=IFCCARTESIANPOINT((0.,0.,0.));
#13930=IFCAXIS2PLACEMENT3D(#13929,$,$);
#13931=IFCDIRECTION((0.,0.,1.));
#13932=IFCEXTRUDEDAREASOLID(#13928,#13930,#13931,0.5);
#13933=IFCSHAPEREPRESENTATION(#14,'Body','SweptSolid',(#13932));
#13934=IFCPRODUCTDEFINITIONSHAPE($,$,(#13933));
#13935=IFCBEAM('1v4Yw6iT5C$e5qBgSqidpa',#5,'VB_P14_2_03',$,$,#13925,#13934,$,$);
#13936=IFCRELCONTAINEDINSPATIALSTRUCTURE('3vFP9KGxTFfAyT1_dSmyUa',#5,$,$,(#13935),#97);
#13937=IFCCARTESIANPOINT((2.5,36.5,-0.5));
#13938=IFCAXIS2PLACEMENT3D(#13937,$,$);
#13939=IFCLOCALPLACEMENT(#96,#13938);
#13940=IFCCARTESIANPOINT((0.,0.));
#13941=IFCAXIS2PLACEMENT2D(#13940,$);
#13942=IFCRECTANGLEPROFILEDEF(.AREA.,$,#13941,0.25,7.);
#13943=IFCCARTESIANPOINT((0.,0.,0.));
#13944=IFCAXIS2PLACEMENT3D(#13943,$,$);
#13945=IFCDIRECTION((0.,0.,1.));
#13946=IFCEXTRUDEDAREASOLID(#13942,#13944,#13945,0.5);
#13947=IFCSHAPEREPRESENTATION(#14,'Body','SweptSolid',(#13946));
#13948=IFCPRODUCTDEFINITIONSHAPE($,$,(#13947));
#13949=IFCBEAM('2wfCQtySTBYO9XS3LJIZAw',#5,'VB_P14_2_04',$,$,#13939,#13948,$,$);
#13950=IFCRELCONTAINEDINSPATIALSTRUCTURE('3u8ot$n_XEnAmlMTTyvpKM',#5,$,$,(#13949),#97);
#13951=IFCCARTESIANPOINT((87.5,6.5,-0.5));
#13952=IFCAXIS2PLACEMENT3D(#13951,$,$);
#13953=IFCLOCALPLACEMENT(#96,#13952);
#13954=IFCCARTESIANPOINT((0.,0.));
#13955=IFCAXIS2PLACEMENT2D(#13954,$);
#13956=IFCRECTANGLEPROFILEDEF(.AREA.,$,#13955,0.25,7.);
#13957=IFCCARTESIANPOINT((0.,0.,0.));
#13958=IFCAXIS2PLACEMENT3D(#13957,$,$);
#13959=IFCDIRECTION((0.,0.,1.));
#13960=IFCEXTRUDEDAREASOLID(#13956,#13958,#13959,0.5);
#13961=IFCSHAPEREPRESENTATION(#14,'Body','SweptSolid',(#13960));
#13962=IFCPRODUCTDEFINITIONSHAPE($,$,(#13961));
#13963=IFCBEAM('1ykvXQVtr0285dQ4OsOd5y',#5,'VB_P14_88_00',$,$,#13953,#13962,$,$);
#13964=IFCRELCONTAINEDINSPATIALSTRUCTURE('2kkhkTZgX8nee1tiCfygra',#5,$,$,(#13963),#97);
#13965=IFCCARTESIANPOINT((87.5,13.5,-0.5));
#13966=IFCAXIS2PLACEMENT3D(#13965,$,$);
#13967=IFCLOCALPLACEMENT(#96,#13966);
#13968=IFCCARTESIANPOINT((0.,0.));
#13969=IFCAXIS2PLACEMENT2D(#13968,$);
#13970=IFCRECTANGLEPROFILEDEF(.AREA.,$,#13969,0.25,7.);
#13971=IFCCARTESIANPOINT((0.,0.,0.));
#13972=IFCAXIS2PLACEMENT3D(#13971,$,$);
#13973=IFCDIRECTION((0.,0.,1.));
#13974=IFCEXTRUDEDAREASOLID(#13970,#13972,#13973,0.5);
#13975=IFCSHAPEREPRESENTATION(#14,'Body','SweptSolid',(#13974));
#13976=IFCPRODUCTDEFINITIONSHAPE($,$,(#13975));
#13977=IFCBEAM('0eWC6SaIL9Qx$rxm2PzmJK',#5,'VB_P14_88_01',$,$,#13967,#13976,$,$);
#13978=IFCRELCONTAINEDINSPATIALSTRUCTURE('3fpV94ExLBKx3I3JvWNh3v',#5,$,$,(#13977),#97);
#13979=IFCCARTESIANPOINT((87.5,21.5,-0.5));
#13980=IFCAXIS2PLACEMENT3D(#13979,$,$);
#13981=IFCLOCALPLACEMENT(#96,#13980);
#13982=IFCCARTESIANPOINT((0.,0.));
#13983=IFCAXIS2PLACEMENT2D(#13982,$);
#13984=IFCRECTANGLEPROFILEDEF(.AREA.,$,#13983,0.25,9.);
#13985=IFCCARTESIANPOINT((0.,0.,0.));
#13986=IFCAXIS2PLACEMENT3D(#13985,$,$);
#13987=IFCDIRECTION((0.,0.,1.));
#13988=IFCEXTRUDEDAREASOLID(#13984,#13986,#13987,0.5);
#13989=IFCSHAPEREPRESENTATION(#14,'Body','SweptSolid',(#13988));
#13990=IFCPRODUCTDEFINITIONSHAPE($,$,(#13989));
#13991=IFCBEAM('3TFJLWrDTE5vmMRKBALEeT',#5,'VB_P14_88_02',$,$,#13981,#13990,$,$);
#13992=IFCRELCONTAINEDINSPATIALSTRUCTURE('22juiUmRz2mhZUeFgFn7qT',#5,$,$,(#13991),#97);
#13993=IFCCARTESIANPOINT((87.5,29.5,-0.5));
#13994=IFCAXIS2PLACEMENT3D(#13993,$,$);
#13995=IFCLOCALPLACEMENT(#96,#13994);
#13996=IFCCARTESIANPOINT((0.,0.));
#13997=IFCAXIS2PLACEMENT2D(#13996,$);
#13998=IFCRECTANGLEPROFILEDEF(.AREA.,$,#13997,0.25,7.);
#13999=IFCCARTESIANPOINT((0.,0.,0.));
#14000=IFCAXIS2PLACEMENT3D(#13999,$,$);
#14001=IFCDIRECTION((0.,0.,1.));
#14002=IFCEXTRUDEDAREASOLID(#13998,#14000,#14001,0.5);
#14003=IFCSHAPEREPRESENTATION(#14,'Body','SweptSolid',(#14002));
#14004=IFCPRODUCTDEFINITIONSHAPE($,$,(#14003));
#14005=IFCBEAM('3z9Fm3W71Fue9ShvR1YKvU',#5,'VB_P14_88_03',$,$,#13995,#14004,$,$);
#14006=IFCRELCONTAINEDINSPATIALSTRUCTURE('2W0rtTRuD8FuiR4EMZIfYj',#5,$,$,(#14005),#97);
#14007=IFCCARTESIANPOINT((87.5,36.5,-0.5));
#14008=IFCAXIS2PLACEMENT3D(#14007,$,$);
#14009=IFCLOCALPLACEMENT(#96,#14008);
#14010=IFCCARTESIANPOINT((0.,0.));
#14011=IFCAXIS2PLACEMENT2D(#14010,$);
#14012=IFCRECTANGLEPROFILEDEF(.AREA.,$,#14011,0.25,7.);
#14013=IFCCARTESIANPOINT((0.,0.,0.));
#14014=IFCAXIS2PLACEMENT3D(#14013,$,$);
#14015=IFCDIRECTION((0.,0.,1.));
#14016=IFCEXTRUDEDAREASOLID(#14012,#14014,#14015,0.5);
#14017=IFCSHAPEREPRESENTATION(#14,'Body','SweptSolid',(#14016));
#14018=IFCPRODUCTDEFINITIONSHAPE($,$,(#14017));
#14019=IFCBEAM('1c2rtreDH1Y9o0HVM13$P$',#5,'VB_P14_88_04',$,$,#14009,#14018,$,$);
#14020=IFCRELCONTAINEDINSPATIALSTRUCTURE('3VtjzJGYTCW84qmJajos98',#5,$,$,(#14019),#97);
#14021=IFCCARTESIANPOINT((12.,18.,-0.5));
#14022=IFCAXIS2PLACEMENT3D(#14021,$,$);
#14023=IFCLOCALPLACEMENT(#96,#14022);
#14024=IFCCARTESIANPOINT((0.,0.));
#14025=IFCAXIS2PLACEMENT2D(#14024,$);
#14026=IFCRECTANGLEPROFILEDEF(.AREA.,$,#14025,14.,0.20000000000000284);
#14027=IFCCARTESIANPOINT((0.,0.,0.));
#14028=IFCAXIS2PLACEMENT3D(#14027,$,$);
#14029=IFCDIRECTION((0.,0.,1.));
#14030=IFCEXTRUDEDAREASOLID(#14026,#14028,#14029,0.5);
#14031=IFCSHAPEREPRESENTATION(#14,'Body','SweptSolid',(#14030));
#14032=IFCPRODUCTDEFINITIONSHAPE($,$,(#14031));
#14033=IFCBEAM('2RKHvHmC92BOXd2TGCPT7O',#5,'VP_P14_A_18',$,$,#14023,#14032,$,$);
#14034=IFCRELCONTAINEDINSPATIALSTRUCTURE('2OE7ty5mT2yu2VQrjqgRSM',#5,$,$,(#14033),#97);
#14035=IFCCARTESIANPOINT((12.,25.,-0.5));
#14036=IFCAXIS2PLACEMENT3D(#14035,$,$);
#14037=IFCLOCALPLACEMENT(#96,#14036);
#14038=IFCCARTESIANPOINT((0.,0.));
#14039=IFCAXIS2PLACEMENT2D(#14038,$);
#14040=IFCRECTANGLEPROFILEDEF(.AREA.,$,#14039,14.,0.20000000000000284);
#14041=IFCCARTESIANPOINT((0.,0.,0.));
#14042=IFCAXIS2PLACEMENT3D(#14041,$,$);
#14043=IFCDIRECTION((0.,0.,1.));
#14044=IFCEXTRUDEDAREASOLID(#14040,#14042,#14043,0.5);
#14045=IFCSHAPEREPRESENTATION(#14,'Body','SweptSolid',(#14044));
#14046=IFCPRODUCTDEFINITIONSHAPE($,$,(#14045));
#14047=IFCBEAM('0KTGhcAt97NONMCZ6Q7E7p',#5,'VP_P14_A_25',$,$,#14037,#14046,$,$);
#14048=IFCRELCONTAINEDINSPATIALSTRUCTURE('1nwwm3ZnP1xAERd7VK1w_Q',#5,$,$,(#14047),#97);
#14049=IFCCARTESIANPOINT((5.,21.5,-0.5));
#14050=IFCAXIS2PLACEMENT3D(#14049,$,$);
#14051=IFCLOCALPLACEMENT(#96,#14050);
#14052=IFCCARTESIANPOINT((0.,0.));
#14053=IFCAXIS2PLACEMENT2D(#14052,$);
#14054=IFCRECTANGLEPROFILEDEF(.AREA.,$,#14053,0.19999999999999929,7.);
#14055=IFCCARTESIANPOINT((0.,0.,0.));
#14056=IFCAXIS2PLACEMENT3D(#14055,$,$);
#14057=IFCDIRECTION((0.,0.,1.));
#14058=IFCEXTRUDEDAREASOLID(#14054,#14056,#14057,0.5);
#14059=IFCSHAPEREPRESENTATION(#14,'Body','SweptSolid',(#14058));
#14060=IFCPRODUCTDEFINITIONSHAPE($,$,(#14059));
#14061=IFCBEAM('1y93VngY5B$e02YDy_s$S2',#5,'VP_P14_A_5',$,$,#14051,#14060,$,$);
#14062=IFCRELCONTAINEDINSPATIALSTRUCTURE('0FfZ2N3X964gpobHfjWmsR',#5,$,$,(#14061),#97);
#14063=IFCCARTESIANPOINT((19.,21.5,-0.5));
#14064=IFCAXIS2PLACEMENT3D(#14063,$,$);
#14065=IFCLOCALPLACEMENT(#96,#14064);
#14066=IFCCARTESIANPOINT((0.,0.));
#14067=IFCAXIS2PLACEMENT2D(#14066,$);
#14068=IFCRECTANGLEPROFILEDEF(.AREA.,$,#14067,0.20000000000000284,7.);
#14069=IFCCARTESIANPOINT((0.,0.,0.));
#14070=IFCAXIS2PLACEMENT3D(#14069,$,$);
#14071=IFCDIRECTION((0.,0.,1.));
#14072=IFCEXTRUDEDAREASOLID(#14068,#14070,#14071,0.5);
#14073=IFCSHAPEREPRESENTATION(#14,'Body','SweptSolid',(#14072));
#14074=IFCPRODUCTDEFINITIONSHAPE($,$,(#14073));
#14075=IFCBEAM('0e7lLWijnBfQQwh3W80MT3',#5,'VP_P14_A_19',$,$,#14065,#14074,$,$);
#14076=IFCRELCONTAINEDINSPATIALSTRUCTURE('29YXDat4bAWBjV46ckh3FP',#5,$,$,(#14075),#97);
#14077=IFCCARTESIANPOINT((78.,18.,-0.5));
#14078=IFCAXIS2PLACEMENT3D(#14077,$,$);
#14079=IFCLOCALPLACEMENT(#96,#14078);
#14080=IFCCARTESIANPOINT((0.,0.));
#14081=IFCAXIS2PLACEMENT2D(#14080,$);
#14082=IFCRECTANGLEPROFILEDEF(.AREA.,$,#14081,14.,0.20000000000000284);
#14083=IFCCARTESIANPOINT((0.,0.,0.));
#14084=IFCAXIS2PLACEMENT3D(#14083,$,$);
#14085=IFCDIRECTION((0.,0.,1.));
#14086=IFCEXTRUDEDAREASOLID(#14082,#14084,#14085,0.5);
#14087=IFCSHAPEREPRESENTATION(#14,'Body','SweptSolid',(#14086));
#14088=IFCPRODUCTDEFINITIONSHAPE($,$,(#14087));
#14089=IFCBEAM('1GmyUQ1WnCk9I4FtnGpqJV',#5,'VP_P14_B_18',$,$,#14079,#14088,$,$);
#14090=IFCRELCONTAINEDINSPATIALSTRUCTURE('0kCt$TMIv5YR0bsN4lHlok',#5,$,$,(#14089),#97);
#14091=IFCCARTESIANPOINT((78.,25.,-0.5));
#14092=IFCAXIS2PLACEMENT3D(#14091,$,$);
#14093=IFCLOCALPLACEMENT(#96,#14092);
#14094=IFCCARTESIANPOINT((0.,0.));
#14095=IFCAXIS2PLACEMENT2D(#14094,$);
#14096=IFCRECTANGLEPROFILEDEF(.AREA.,$,#14095,14.,0.20000000000000284);
#14097=IFCCARTESIANPOINT((0.,0.,0.));
#14098=IFCAXIS2PLACEMENT3D(#14097,$,$);
#14099=IFCDIRECTION((0.,0.,1.));
#14100=IFCEXTRUDEDAREASOLID(#14096,#14098,#14099,0.5);
#14101=IFCSHAPEREPRESENTATION(#14,'Body','SweptSolid',(#14100));
#14102=IFCPRODUCTDEFINITIONSHAPE($,$,(#14101));
#14103=IFCBEAM('0xByxpeDTFjO8f1Px$xwJ$',#5,'VP_P14_B_25',$,$,#14093,#14102,$,$);
#14104=IFCRELCONTAINEDINSPATIALSTRUCTURE('3hf4Pqzxb5XgFnaOxubPTv',#5,$,$,(#14103),#97);
#14105=IFCCARTESIANPOINT((71.,21.5,-0.5));
#14106=IFCAXIS2PLACEMENT3D(#14105,$,$);
#14107=IFCLOCALPLACEMENT(#96,#14106);
#14108=IFCCARTESIANPOINT((0.,0.));
#14109=IFCAXIS2PLACEMENT2D(#14108,$);
#14110=IFCRECTANGLEPROFILEDEF(.AREA.,$,#14109,0.19999999999998863,7.);
#14111=IFCCARTESIANPOINT((0.,0.,0.));
#14112=IFCAXIS2PLACEMENT3D(#14111,$,$);
#14113=IFCDIRECTION((0.,0.,1.));
#14114=IFCEXTRUDEDAREASOLID(#14110,#14112,#14113,0.5);
#14115=IFCSHAPEREPRESENTATION(#14,'Body','SweptSolid',(#14114));
#14116=IFCPRODUCTDEFINITIONSHAPE($,$,(#14115));
#14117=IFCBEAM('3Bm1SLhDfFruOhrgA96UKU',#5,'VP_P14_B_71',$,$,#14107,#14116,$,$);
#14118=IFCRELCONTAINEDINSPATIALSTRUCTURE('2M$fs9gDP62BjShaZZPU1v',#5,$,$,(#14117),#97);
#14119=IFCCARTESIANPOINT((85.,21.5,-0.5));
#14120=IFCAXIS2PLACEMENT3D(#14119,$,$);
#14121=IFCLOCALPLACEMENT(#96,#14120);
#14122=IFCCARTESIANPOINT((0.,0.));
#14123=IFCAXIS2PLACEMENT2D(#14122,$);
#14124=IFCRECTANGLEPROFILEDEF(.AREA.,$,#14123,0.19999999999998863,7.);
#14125=IFCCARTESIANPOINT((0.,0.,0.));
#14126=IFCAXIS2PLACEMENT3D(#14125,$,$);
#14127=IFCDIRECTION((0.,0.,1.));
#14128=IFCEXTRUDEDAREASOLID(#14124,#14126,#14127,0.5);
#14129=IFCSHAPEREPRESENTATION(#14,'Body','SweptSolid',(#14128));
#14130=IFCPRODUCTDEFINITIONSHAPE($,$,(#14129));
#14131=IFCBEAM('0DyDozj3f8RvN7l47Twdac',#5,'VP_P14_B_85',$,$,#14121,#14130,$,$);
#14132=IFCRELCONTAINEDINSPATIALSTRUCTURE('0Rge4j_R94zg_Ph$STw39g',#5,$,$,(#14131),#97);
#14133=IFCCARTESIANPOINT((6.4400000000000004,3.,-0.5));
#14134=IFCAXIS2PLACEMENT3D(#14133,$,$);
#14135=IFCLOCALPLACEMENT(#100,#14134);
#14136=IFCCARTESIANPOINT((0.,0.));
#14137=IFCAXIS2PLACEMENT2D(#14136,$);
#14138=IFCRECTANGLEPROFILEDEF(.AREA.,$,#14137,7.8800000000000008,0.25);
#14139=IFCCARTESIANPOINT((0.,0.,0.));
#14140=IFCAXIS2PLACEMENT3D(#14139,$,$);
#14141=IFCDIRECTION((0.,0.,1.));
#14142=IFCEXTRUDEDAREASOLID(#14138,#14140,#14141,0.5);
#14143=IFCSHAPEREPRESENTATION(#14,'Body','SweptSolid',(#14142));
#14144=IFCPRODUCTDEFINITIONSHAPE($,$,(#14143));
#14145=IFCBEAM('3G_zdThuX988xDm8fLFKwo',#5,'VB_P15_3_00',$,$,#14135,#14144,$,$);
#14146=IFCRELCONTAINEDINSPATIALSTRUCTURE('3XYelrAZrFTQ_OE64$IFMw',#5,$,$,(#14145),#101);
#14147=IFCCARTESIANPOINT((14.315000000000001,3.,-0.5));
#14148=IFCAXIS2PLACEMENT3D(#14147,$,$);
#14149=IFCLOCALPLACEMENT(#100,#14148);
#14150=IFCCARTESIANPOINT((0.,0.));
#14151=IFCAXIS2PLACEMENT2D(#14150,$);
#14152=IFCRECTANGLEPROFILEDEF(.AREA.,$,#14151,7.8699999999999992,0.25);
#14153=IFCCARTESIANPOINT((0.,0.,0.));
#14154=IFCAXIS2PLACEMENT3D(#14153,$,$);
#14155=IFCDIRECTION((0.,0.,1.));
#14156=IFCEXTRUDEDAREASOLID(#14152,#14154,#14155,0.5);
#14157=IFCSHAPEREPRESENTATION(#14,'Body','SweptSolid',(#14156));
#14158=IFCPRODUCTDEFINITIONSHAPE($,$,(#14157));
#14159=IFCBEAM('3fe6TEXDn9whwZLzphrEGK',#5,'VB_P15_3_01',$,$,#14149,#14158,$,$);
#14160=IFCRELCONTAINEDINSPATIALSTRUCTURE('1jYLyPQ4n6C9Gt0bTjxJbG',#5,$,$,(#14159),#101);
#14161=IFCCARTESIANPOINT((22.189999999999998,3.,-0.5));
#14162=IFCAXIS2PLACEMENT3D(#14161,$,$);
#14163=IFCLOCALPLACEMENT(#100,#14162);
#14164=IFCCARTESIANPOINT((0.,0.));
#14165=IFCAXIS2PLACEMENT2D(#14164,$);
#14166=IFCRECTANGLEPROFILEDEF(.AREA.,$,#14165,7.879999999999999,0.25);
#14167=IFCCARTESIANPOINT((0.,0.,0.));
#14168=IFCAXIS2PLACEMENT3D(#14167,$,$);
#14169=IFCDIRECTION((0.,0.,1.));
#14170=IFCEXTRUDEDAREASOLID(#14166,#14168,#14169,0.5);
#14171=IFCSHAPEREPRESENTATION(#14,'Body','SweptSolid',(#14170));
#14172=IFCPRODUCTDEFINITIONSHAPE($,$,(#14171));
#14173=IFCBEAM('1$7CFE$9PDVurbPQ99jfu_',#5,'VB_P15_3_02',$,$,#14163,#14172,$,$);
#14174=IFCRELCONTAINEDINSPATIALSTRUCTURE('3i21Iafij1ThV2xjZkAjKy',#5,$,$,(#14173),#101);
#14175=IFCCARTESIANPOINT((30.064999999999998,3.,-0.5));
#14176=IFCAXIS2PLACEMENT3D(#14175,$,$);
#14177=IFCLOCALPLACEMENT(#100,#14176);
#14178=IFCCARTESIANPOINT((0.,0.));
#14179=IFCAXIS2PLACEMENT2D(#14178,$);
#14180=IFCRECTANGLEPROFILEDEF(.AREA.,$,#14179,7.870000000000001,0.25);
#14181=IFCCARTESIANPOINT((0.,0.,0.));
#14182=IFCAXIS2PLACEMENT3D(#14181,$,$);
#14183=IFCDIRECTION((0.,0.,1.));
#14184=IFCEXTRUDEDAREASOLID(#14180,#14182,#14183,0.5);
#14185=IFCSHAPEREPRESENTATION(#14,'Body','SweptSolid',(#14184));
#14186=IFCPRODUCTDEFINITIONSHAPE($,$,(#14185));
#14187=IFCBEAM('2ZdIxiNa95pO1$P$0Fr9Me',#5,'VB_P15_3_03',$,$,#14177,#14186,$,$);
#14188=IFCRELCONTAINEDINSPATIALSTRUCTURE('3Wk75F1dT4dfcH_4OqQcXk',#5,$,$,(#14187),#101);
#14189=IFCCARTESIANPOINT((37.5,3.,-0.5));
#14190=IFCAXIS2PLACEMENT3D(#14189,$,$);
#14191=IFCLOCALPLACEMENT(#100,#14190);
#14192=IFCCARTESIANPOINT((0.,0.));
#14193=IFCAXIS2PLACEMENT2D(#14192,$);
#14194=IFCRECTANGLEPROFILEDEF(.AREA.,$,#14193,7.,0.25);
#14195=IFCCARTESIANPOINT((0.,0.,0.));
#14196=IFCAXIS2PLACEMENT3D(#14195,$,$);
#14197=IFCDIRECTION((0.,0.,1.));
#14198=IFCEXTRUDEDAREASOLID(#14194,#14196,#14197,0.5);
#14199=IFCSHAPEREPRESENTATION(#14,'Body','SweptSolid',(#14198));
#14200=IFCPRODUCTDEFINITIONSHAPE($,$,(#14199));
#14201=IFCBEAM('0e5WmFUo552fFgV3FVv7yT',#5,'VB_P15_3_04',$,$,#14191,#14200,$,$);
#14202=IFCRELCONTAINEDINSPATIALSTRUCTURE('26K6ZlaUT8eABYNKu_SEP6',#5,$,$,(#14201),#101);
#14203=IFCCARTESIANPOINT((45.,3.,-0.5));
#14204=IFCAXIS2PLACEMENT3D(#14203,$,$);
#14205=IFCLOCALPLACEMENT(#100,#14204);
#14206=IFCCARTESIANPOINT((0.,0.));
#14207=IFCAXIS2PLACEMENT2D(#14206,$);
#14208=IFCRECTANGLEPROFILEDEF(.AREA.,$,#14207,8.,0.25);
#14209=IFCCARTESIANPOINT((0.,0.,0.));
#14210=IFCAXIS2PLACEMENT3D(#14209,$,$);
#14211=IFCDIRECTION((0.,0.,1.));
#14212=IFCEXTRUDEDAREASOLID(#14208,#14210,#14211,0.5);
#14213=IFCSHAPEREPRESENTATION(#14,'Body','SweptSolid',(#14212));
#14214=IFCPRODUCTDEFINITIONSHAPE($,$,(#14213));
#14215=IFCBEAM('2gH9h$cm5FOAHB9eegD5ml',#5,'VB_P15_3_05',$,$,#14205,#14214,$,$);
#14216=IFCRELCONTAINEDINSPATIALSTRUCTURE('0I2zPBMDnFLOsjakVfHwt5',#5,$,$,(#14215),#101);
#14217=IFCCARTESIANPOINT((52.5,3.,-0.5));
#14218=IFCAXIS2PLACEMENT3D(#14217,$,$);
#14219=IFCLOCALPLACEMENT(#100,#14218);
#14220=IFCCARTESIANPOINT((0.,0.));
#14221=IFCAXIS2PLACEMENT2D(#14220,$);
#14222=IFCRECTANGLEPROFILEDEF(.AREA.,$,#14221,7.,0.25);
#14223=IFCCARTESIANPOINT((0.,0.,0.));
#14224=IFCAXIS2PLACEMENT3D(#14223,$,$);
#14225=IFCDIRECTION((0.,0.,1.));
#14226=IFCEXTRUDEDAREASOLID(#14222,#14224,#14225,0.5);
#14227=IFCSHAPEREPRESENTATION(#14,'Body','SweptSolid',(#14226));
#14228=IFCPRODUCTDEFINITIONSHAPE($,$,(#14227));
#14229=IFCBEAM('1YSMUkj3P8l96WLxRyA7RR',#5,'VB_P15_3_06',$,$,#14219,#14228,$,$);
#14230=IFCRELCONTAINEDINSPATIALSTRUCTURE('2Hbw3OU3T2JP9U$WSPqXdS',#5,$,$,(#14229),#101);
#14231=IFCCARTESIANPOINT((59.939999999999998,3.,-0.5));
#14232=IFCAXIS2PLACEMENT3D(#14231,$,$);
#14233=IFCLOCALPLACEMENT(#100,#14232);
#14234=IFCCARTESIANPOINT((0.,0.));
#14235=IFCAXIS2PLACEMENT2D(#14234,$);
#14236=IFCRECTANGLEPROFILEDEF(.AREA.,$,#14235,7.8800000000000026,0.25);
#14237=IFCCARTESIANPOINT((0.,0.,0.));
#14238=IFCAXIS2PLACEMENT3D(#14237,$,$);
#14239=IFCDIRECTION((0.,0.,1.));
#14240=IFCEXTRUDEDAREASOLID(#14236,#14238,#14239,0.5);
#14241=IFCSHAPEREPRESENTATION(#14,'Body','SweptSolid',(#14240));
#14242=IFCPRODUCTDEFINITIONSHAPE($,$,(#14241));
#14243=IFCBEAM('3EuCnmdanATvFilvi94tbn',#5,'VB_P15_3_07',$,$,#14233,#14242,$,$);
#14244=IFCRELCONTAINEDINSPATIALSTRUCTURE('3Be$hMHKX4gwrBTKtKGfNF',#5,$,$,(#14243),#101);
#14245=IFCCARTESIANPOINT((67.814999999999998,3.,-0.5));
#14246=IFCAXIS2PLACEMENT3D(#14245,$,$);
#14247=IFCLOCALPLACEMENT(#100,#14246);
#14248=IFCCARTESIANPOINT((0.,0.));
#14249=IFCAXIS2PLACEMENT2D(#14248,$);
#14250=IFCRECTANGLEPROFILEDEF(.AREA.,$,#14249,7.8699999999999974,0.25);
#14251=IFCCARTESIANPOINT((0.,0.,0.));
#14252=IFCAXIS2PLACEMENT3D(#14251,$,$);
#14253=IFCDIRECTION((0.,0.,1.));
#14254=IFCEXTRUDEDAREASOLID(#14250,#14252,#14253,0.5);
#14255=IFCSHAPEREPRESENTATION(#14,'Body','SweptSolid',(#14254));
#14256=IFCPRODUCTDEFINITIONSHAPE($,$,(#14255));
#14257=IFCBEAM('3TTnqXR6j3r8NhtU7v83yj',#5,'VB_P15_3_08',$,$,#14247,#14256,$,$);
#14258=IFCRELCONTAINEDINSPATIALSTRUCTURE('12g$02wgn2eQ23RIOqHakG',#5,$,$,(#14257),#101);
#14259=IFCCARTESIANPOINT((75.689999999999998,3.,-0.5));
#14260=IFCAXIS2PLACEMENT3D(#14259,$,$);
#14261=IFCLOCALPLACEMENT(#100,#14260);
#14262=IFCCARTESIANPOINT((0.,0.));
#14263=IFCAXIS2PLACEMENT2D(#14262,$);
#14264=IFCRECTANGLEPROFILEDEF(.AREA.,$,#14263,7.8799999999999955,0.25);
#14265=IFCCARTESIANPOINT((0.,0.,0.));
#14266=IFCAXIS2PLACEMENT3D(#14265,$,$);
#14267=IFCDIRECTION((0.,0.,1.));
#14268=IFCEXTRUDEDAREASOLID(#14264,#14266,#14267,0.5);
#14269=IFCSHAPEREPRESENTATION(#14,'Body','SweptSolid',(#14268));
#14270=IFCPRODUCTDEFINITIONSHAPE($,$,(#14269));
#14271=IFCBEAM('1G88hLxg9Atg0mIy1PmUzI',#5,'VB_P15_3_09',$,$,#14261,#14270,$,$);
#14272=IFCRELCONTAINEDINSPATIALSTRUCTURE('2hbhOrkbf3QeJChLxQnfTC',#5,$,$,(#14271),#101);
#14273=IFCCARTESIANPOINT((83.564999999999998,3.,-0.5));
#14274=IFCAXIS2PLACEMENT3D(#14273,$,$);
#14275=IFCLOCALPLACEMENT(#100,#14274);
#14276=IFCCARTESIANPOINT((0.,0.));
#14277=IFCAXIS2PLACEMENT2D(#14276,$);
#14278=IFCRECTANGLEPROFILEDEF(.AREA.,$,#14277,7.8700000000000045,0.25);
#14279=IFCCARTESIANPOINT((0.,0.,0.));
#14280=IFCAXIS2PLACEMENT3D(#14279,$,$);
#14281=IFCDIRECTION((0.,0.,1.));
#14282=IFCEXTRUDEDAREASOLID(#14278,#14280,#14281,0.5);
#14283=IFCSHAPEREPRESENTATION(#14,'Body','SweptSolid',(#14282));
#14284=IFCPRODUCTDEFINITIONSHAPE($,$,(#14283));
#14285=IFCBEAM('31FA33gxTCXOCxxIsh4LRj',#5,'VB_P15_3_10',$,$,#14275,#14284,$,$);
#14286=IFCRELCONTAINEDINSPATIALSTRUCTURE('2l1cg_uAfF_xcTeLLWMkWe',#5,$,$,(#14285),#101);
#14287=IFCCARTESIANPOINT((6.4400000000000004,40.,-0.5));
#14288=IFCAXIS2PLACEMENT3D(#14287,$,$);
#14289=IFCLOCALPLACEMENT(#100,#14288);
#14290=IFCCARTESIANPOINT((0.,0.));
#14291=IFCAXIS2PLACEMENT2D(#14290,$);
#14292=IFCRECTANGLEPROFILEDEF(.AREA.,$,#14291,7.8800000000000008,0.25);
#14293=IFCCARTESIANPOINT((0.,0.,0.));
#14294=IFCAXIS2PLACEMENT3D(#14293,$,$);
#14295=IFCDIRECTION((0.,0.,1.));
#14296=IFCEXTRUDEDAREASOLID(#14292,#14294,#14295,0.5);
#14297=IFCSHAPEREPRESENTATION(#14,'Body','SweptSolid',(#14296));
#14298=IFCPRODUCTDEFINITIONSHAPE($,$,(#14297));
#14299=IFCBEAM('1nEeSFnfzFYQ5D8QBH4i38',#5,'VB_P15_40_00',$,$,#14289,#14298,$,$);
#14300=IFCRELCONTAINEDINSPATIALSTRUCTURE('1Y$WM$Wyb38ui4laQNW3Ld',#5,$,$,(#14299),#101);
#14301=IFCCARTESIANPOINT((14.315000000000001,40.,-0.5));
#14302=IFCAXIS2PLACEMENT3D(#14301,$,$);
#14303=IFCLOCALPLACEMENT(#100,#14302);
#14304=IFCCARTESIANPOINT((0.,0.));
#14305=IFCAXIS2PLACEMENT2D(#14304,$);
#14306=IFCRECTANGLEPROFILEDEF(.AREA.,$,#14305,7.8699999999999992,0.25);
#14307=IFCCARTESIANPOINT((0.,0.,0.));
#14308=IFCAXIS2PLACEMENT3D(#14307,$,$);
#14309=IFCDIRECTION((0.,0.,1.));
#14310=IFCEXTRUDEDAREASOLID(#14306,#14308,#14309,0.5);
#14311=IFCSHAPEREPRESENTATION(#14,'Body','SweptSolid',(#14310));
#14312=IFCPRODUCTDEFINITIONSHAPE($,$,(#14311));
#14313=IFCBEAM('3pZSk1WuL0kROVOCyMpYnd',#5,'VB_P15_40_01',$,$,#14303,#14312,$,$);
#14314=IFCRELCONTAINEDINSPATIALSTRUCTURE('0yUi$CDeb34PnKvgc8EeSJ',#5,$,$,(#14313),#101);
#14315=IFCCARTESIANPOINT((22.189999999999998,40.,-0.5));
#14316=IFCAXIS2PLACEMENT3D(#14315,$,$);
#14317=IFCLOCALPLACEMENT(#100,#14316);
#14318=IFCCARTESIANPOINT((0.,0.));
#14319=IFCAXIS2PLACEMENT2D(#14318,$);
#14320=IFCRECTANGLEPROFILEDEF(.AREA.,$,#14319,7.879999999999999,0.25);
#14321=IFCCARTESIANPOINT((0.,0.,0.));
#14322=IFCAXIS2PLACEMENT3D(#14321,$,$);
#14323=IFCDIRECTION((0.,0.,1.));
#14324=IFCEXTRUDEDAREASOLID(#14320,#14322,#14323,0.5);
#14325=IFCSHAPEREPRESENTATION(#14,'Body','SweptSolid',(#14324));
#14326=IFCPRODUCTDEFINITIONSHAPE($,$,(#14325));
#14327=IFCBEAM('2tofc7XzH3yA7eCiFWnkBq',#5,'VB_P15_40_02',$,$,#14317,#14326,$,$);
#14328=IFCRELCONTAINEDINSPATIALSTRUCTURE('2lWAsse717QxBK5Etur1JD',#5,$,$,(#14327),#101);
#14329=IFCCARTESIANPOINT((30.064999999999998,40.,-0.5));
#14330=IFCAXIS2PLACEMENT3D(#14329,$,$);
#14331=IFCLOCALPLACEMENT(#100,#14330);
#14332=IFCCARTESIANPOINT((0.,0.));
#14333=IFCAXIS2PLACEMENT2D(#14332,$);
#14334=IFCRECTANGLEPROFILEDEF(.AREA.,$,#14333,7.870000000000001,0.25);
#14335=IFCCARTESIANPOINT((0.,0.,0.));
#14336=IFCAXIS2PLACEMENT3D(#14335,$,$);
#14337=IFCDIRECTION((0.,0.,1.));
#14338=IFCEXTRUDEDAREASOLID(#14334,#14336,#14337,0.5);
#14339=IFCSHAPEREPRESENTATION(#14,'Body','SweptSolid',(#14338));
#14340=IFCPRODUCTDEFINITIONSHAPE($,$,(#14339));
#14341=IFCBEAM('1F8NehmL1CkQQ9lA8KnkD1',#5,'VB_P15_40_03',$,$,#14331,#14340,$,$);
#14342=IFCRELCONTAINEDINSPATIALSTRUCTURE('2IueSynnPEkhGaRNUIOT5A',#5,$,$,(#14341),#101);
#14343=IFCCARTESIANPOINT((37.5,40.,-0.5));
#14344=IFCAXIS2PLACEMENT3D(#14343,$,$);
#14345=IFCLOCALPLACEMENT(#100,#14344);
#14346=IFCCARTESIANPOINT((0.,0.));
#14347=IFCAXIS2PLACEMENT2D(#14346,$);
#14348=IFCRECTANGLEPROFILEDEF(.AREA.,$,#14347,7.,0.25);
#14349=IFCCARTESIANPOINT((0.,0.,0.));
#14350=IFCAXIS2PLACEMENT3D(#14349,$,$);
#14351=IFCDIRECTION((0.,0.,1.));
#14352=IFCEXTRUDEDAREASOLID(#14348,#14350,#14351,0.5);
#14353=IFCSHAPEREPRESENTATION(#14,'Body','SweptSolid',(#14352));
#14354=IFCPRODUCTDEFINITIONSHAPE($,$,(#14353));
#14355=IFCBEAM('3wfHSGM5HEu86OwxPB8ggB',#5,'VB_P15_40_04',$,$,#14345,#14354,$,$);
#14356=IFCRELCONTAINEDINSPATIALSTRUCTURE('3kRhe60bXFoOcm_2IKRCC3',#5,$,$,(#14355),#101);
#14357=IFCCARTESIANPOINT((45.,40.,-0.5));
#14358=IFCAXIS2PLACEMENT3D(#14357,$,$);
#14359=IFCLOCALPLACEMENT(#100,#14358);
#14360=IFCCARTESIANPOINT((0.,0.));
#14361=IFCAXIS2PLACEMENT2D(#14360,$);
#14362=IFCRECTANGLEPROFILEDEF(.AREA.,$,#14361,8.,0.25);
#14363=IFCCARTESIANPOINT((0.,0.,0.));
#14364=IFCAXIS2PLACEMENT3D(#14363,$,$);
#14365=IFCDIRECTION((0.,0.,1.));
#14366=IFCEXTRUDEDAREASOLID(#14362,#14364,#14365,0.5);
#14367=IFCSHAPEREPRESENTATION(#14,'Body','SweptSolid',(#14366));
#14368=IFCPRODUCTDEFINITIONSHAPE($,$,(#14367));
#14369=IFCBEAM('0w3ONYxSP1EetAVuwyx$ZM',#5,'VB_P15_40_05',$,$,#14359,#14368,$,$);
#14370=IFCRELCONTAINEDINSPATIALSTRUCTURE('34F50eaF5BH9GJVQN6QPQf',#5,$,$,(#14369),#101);
#14371=IFCCARTESIANPOINT((52.5,40.,-0.5));
#14372=IFCAXIS2PLACEMENT3D(#14371,$,$);
#14373=IFCLOCALPLACEMENT(#100,#14372);
#14374=IFCCARTESIANPOINT((0.,0.));
#14375=IFCAXIS2PLACEMENT2D(#14374,$);
#14376=IFCRECTANGLEPROFILEDEF(.AREA.,$,#14375,7.,0.25);
#14377=IFCCARTESIANPOINT((0.,0.,0.));
#14378=IFCAXIS2PLACEMENT3D(#14377,$,$);
#14379=IFCDIRECTION((0.,0.,1.));
#14380=IFCEXTRUDEDAREASOLID(#14376,#14378,#14379,0.5);
#14381=IFCSHAPEREPRESENTATION(#14,'Body','SweptSolid',(#14380));
#14382=IFCPRODUCTDEFINITIONSHAPE($,$,(#14381));
#14383=IFCBEAM('3$OPl7RczDFOSW2gkpZEMa',#5,'VB_P15_40_06',$,$,#14373,#14382,$,$);
#14384=IFCRELCONTAINEDINSPATIALSTRUCTURE('0rCAktn1rDIPHT61HOcMIZ',#5,$,$,(#14383),#101);
#14385=IFCCARTESIANPOINT((59.939999999999998,40.,-0.5));
#14386=IFCAXIS2PLACEMENT3D(#14385,$,$);
#14387=IFCLOCALPLACEMENT(#100,#14386);
#14388=IFCCARTESIANPOINT((0.,0.));
#14389=IFCAXIS2PLACEMENT2D(#14388,$);
#14390=IFCRECTANGLEPROFILEDEF(.AREA.,$,#14389,7.8800000000000026,0.25);
#14391=IFCCARTESIANPOINT((0.,0.,0.));
#14392=IFCAXIS2PLACEMENT3D(#14391,$,$);
#14393=IFCDIRECTION((0.,0.,1.));
#14394=IFCEXTRUDEDAREASOLID(#14390,#14392,#14393,0.5);
#14395=IFCSHAPEREPRESENTATION(#14,'Body','SweptSolid',(#14394));
#14396=IFCPRODUCTDEFINITIONSHAPE($,$,(#14395));
#14397=IFCBEAM('3ulXheiFX9pOdemqt_VDg9',#5,'VB_P15_40_07',$,$,#14387,#14396,$,$);
#14398=IFCRELCONTAINEDINSPATIALSTRUCTURE('0I7wrt1JrDUODvdFaiJ3ND',#5,$,$,(#14397),#101);
#14399=IFCCARTESIANPOINT((67.814999999999998,40.,-0.5));
#14400=IFCAXIS2PLACEMENT3D(#14399,$,$);
#14401=IFCLOCALPLACEMENT(#100,#14400);
#14402=IFCCARTESIANPOINT((0.,0.));
#14403=IFCAXIS2PLACEMENT2D(#14402,$);
#14404=IFCRECTANGLEPROFILEDEF(.AREA.,$,#14403,7.8699999999999974,0.25);
#14405=IFCCARTESIANPOINT((0.,0.,0.));
#14406=IFCAXIS2PLACEMENT3D(#14405,$,$);
#14407=IFCDIRECTION((0.,0.,1.));
#14408=IFCEXTRUDEDAREASOLID(#14404,#14406,#14407,0.5);
#14409=IFCSHAPEREPRESENTATION(#14,'Body','SweptSolid',(#14408));
#14410=IFCPRODUCTDEFINITIONSHAPE($,$,(#14409));
#14411=IFCBEAM('3lJbuonSzAgey05jchG4Cn',#5,'VB_P15_40_08',$,$,#14401,#14410,$,$);
#14412=IFCRELCONTAINEDINSPATIALSTRUCTURE('33RBFGIa529RBpOLW3nzzu',#5,$,$,(#14411),#101);
#14413=IFCCARTESIANPOINT((75.689999999999998,40.,-0.5));
#14414=IFCAXIS2PLACEMENT3D(#14413,$,$);
#14415=IFCLOCALPLACEMENT(#100,#14414);
#14416=IFCCARTESIANPOINT((0.,0.));
#14417=IFCAXIS2PLACEMENT2D(#14416,$);
#14418=IFCRECTANGLEPROFILEDEF(.AREA.,$,#14417,7.8799999999999955,0.25);
#14419=IFCCARTESIANPOINT((0.,0.,0.));
#14420=IFCAXIS2PLACEMENT3D(#14419,$,$);
#14421=IFCDIRECTION((0.,0.,1.));
#14422=IFCEXTRUDEDAREASOLID(#14418,#14420,#14421,0.5);
#14423=IFCSHAPEREPRESENTATION(#14,'Body','SweptSolid',(#14422));
#14424=IFCPRODUCTDEFINITIONSHAPE($,$,(#14423));
#14425=IFCBEAM('0WCZGswxb2wQoUuYv6G3SI',#5,'VB_P15_40_09',$,$,#14415,#14424,$,$);
#14426=IFCRELCONTAINEDINSPATIALSTRUCTURE('2rFR4hBH53uwtstU7ZRNR2',#5,$,$,(#14425),#101);
#14427=IFCCARTESIANPOINT((83.564999999999998,40.,-0.5));
#14428=IFCAXIS2PLACEMENT3D(#14427,$,$);
#14429=IFCLOCALPLACEMENT(#100,#14428);
#14430=IFCCARTESIANPOINT((0.,0.));
#14431=IFCAXIS2PLACEMENT2D(#14430,$);
#14432=IFCRECTANGLEPROFILEDEF(.AREA.,$,#14431,7.8700000000000045,0.25);
#14433=IFCCARTESIANPOINT((0.,0.,0.));
#14434=IFCAXIS2PLACEMENT3D(#14433,$,$);
#14435=IFCDIRECTION((0.,0.,1.));
#14436=IFCEXTRUDEDAREASOLID(#14432,#14434,#14435,0.5);
#14437=IFCSHAPEREPRESENTATION(#14,'Body','SweptSolid',(#14436));
#14438=IFCPRODUCTDEFINITIONSHAPE($,$,(#14437));
#14439=IFCBEAM('0IaaDiyM1D9Q1vsmBDmQyq',#5,'VB_P15_40_10',$,$,#14429,#14438,$,$);
#14440=IFCRELCONTAINEDINSPATIALSTRUCTURE('1Q6vP4oE5CLBhnO0f_TPvm',#5,$,$,(#14439),#101);
#14441=IFCCARTESIANPOINT((2.5,6.5,-0.5));
#14442=IFCAXIS2PLACEMENT3D(#14441,$,$);
#14443=IFCLOCALPLACEMENT(#100,#14442);
#14444=IFCCARTESIANPOINT((0.,0.));
#14445=IFCAXIS2PLACEMENT2D(#14444,$);
#14446=IFCRECTANGLEPROFILEDEF(.AREA.,$,#14445,0.25,7.);
#14447=IFCCARTESIANPOINT((0.,0.,0.));
#14448=IFCAXIS2PLACEMENT3D(#14447,$,$);
#14449=IFCDIRECTION((0.,0.,1.));
#14450=IFCEXTRUDEDAREASOLID(#14446,#14448,#14449,0.5);
#14451=IFCSHAPEREPRESENTATION(#14,'Body','SweptSolid',(#14450));
#14452=IFCPRODUCTDEFINITIONSHAPE($,$,(#14451));
#14453=IFCBEAM('1xjwpl$LX229MNQc4A07eX',#5,'VB_P15_2_00',$,$,#14443,#14452,$,$);
#14454=IFCRELCONTAINEDINSPATIALSTRUCTURE('3fq7ENwmn3hBFQc7WPOdTP',#5,$,$,(#14453),#101);
#14455=IFCCARTESIANPOINT((2.5,13.5,-0.5));
#14456=IFCAXIS2PLACEMENT3D(#14455,$,$);
#14457=IFCLOCALPLACEMENT(#100,#14456);
#14458=IFCCARTESIANPOINT((0.,0.));
#14459=IFCAXIS2PLACEMENT2D(#14458,$);
#14460=IFCRECTANGLEPROFILEDEF(.AREA.,$,#14459,0.25,7.);
#14461=IFCCARTESIANPOINT((0.,0.,0.));
#14462=IFCAXIS2PLACEMENT3D(#14461,$,$);
#14463=IFCDIRECTION((0.,0.,1.));
#14464=IFCEXTRUDEDAREASOLID(#14460,#14462,#14463,0.5);
#14465=IFCSHAPEREPRESENTATION(#14,'Body','SweptSolid',(#14464));
#14466=IFCPRODUCTDEFINITIONSHAPE($,$,(#14465));
#14467=IFCBEAM('0p0UhX4zDAhRaN9c$n$M9V',#5,'VB_P15_2_01',$,$,#14457,#14466,$,$);
#14468=IFCRELCONTAINEDINSPATIALSTRUCTURE('1m_6qnMmDD9ANg3$LrF6YQ',#5,$,$,(#14467),#101);
#14469=IFCCARTESIANPOINT((2.5,21.5,-0.5));
#14470=IFCAXIS2PLACEMENT3D(#14469,$,$);
#14471=IFCLOCALPLACEMENT(#100,#14470);
#14472=IFCCARTESIANPOINT((0.,0.));
#14473=IFCAXIS2PLACEMENT2D(#14472,$);
#14474=IFCRECTANGLEPROFILEDEF(.AREA.,$,#14473,0.25,9.);
#14475=IFCCARTESIANPOINT((0.,0.,0.));
#14476=IFCAXIS2PLACEMENT3D(#14475,$,$);
#14477=IFCDIRECTION((0.,0.,1.));
#14478=IFCEXTRUDEDAREASOLID(#14474,#14476,#14477,0.5);
#14479=IFCSHAPEREPRESENTATION(#14,'Body','SweptSolid',(#14478));
#14480=IFCPRODUCTDEFINITIONSHAPE($,$,(#14479));
#14481=IFCBEAM('2esjVlBV13e9AetpWHkz7N',#5,'VB_P15_2_02',$,$,#14471,#14480,$,$);
#14482=IFCRELCONTAINEDINSPATIALSTRUCTURE('0zkQhLAJbFsPzTpNxM$BIc',#5,$,$,(#14481),#101);
#14483=IFCCARTESIANPOINT((2.5,29.5,-0.5));
#14484=IFCAXIS2PLACEMENT3D(#14483,$,$);
#14485=IFCLOCALPLACEMENT(#100,#14484);
#14486=IFCCARTESIANPOINT((0.,0.));
#14487=IFCAXIS2PLACEMENT2D(#14486,$);
#14488=IFCRECTANGLEPROFILEDEF(.AREA.,$,#14487,0.25,7.);
#14489=IFCCARTESIANPOINT((0.,0.,0.));
#14490=IFCAXIS2PLACEMENT3D(#14489,$,$);
#14491=IFCDIRECTION((0.,0.,1.));
#14492=IFCEXTRUDEDAREASOLID(#14488,#14490,#14491,0.5);
#14493=IFCSHAPEREPRESENTATION(#14,'Body','SweptSolid',(#14492));
#14494=IFCPRODUCTDEFINITIONSHAPE($,$,(#14493));
#14495=IFCBEAM('1Ev9Sk9dv5X9QI1YVuUnQV',#5,'VB_P15_2_03',$,$,#14485,#14494,$,$);
#14496=IFCRELCONTAINEDINSPATIALSTRUCTURE('3tRfKKCMvDquUHO7968GqE',#5,$,$,(#14495),#101);
#14497=IFCCARTESIANPOINT((2.5,36.5,-0.5));
#14498=IFCAXIS2PLACEMENT3D(#14497,$,$);
#14499=IFCLOCALPLACEMENT(#100,#14498);
#14500=IFCCARTESIANPOINT((0.,0.));
#14501=IFCAXIS2PLACEMENT2D(#14500,$);
#14502=IFCRECTANGLEPROFILEDEF(.AREA.,$,#14501,0.25,7.);
#14503=IFCCARTESIANPOINT((0.,0.,0.));
#14504=IFCAXIS2PLACEMENT3D(#14503,$,$);
#14505=IFCDIRECTION((0.,0.,1.));
#14506=IFCEXTRUDEDAREASOLID(#14502,#14504,#14505,0.5);
#14507=IFCSHAPEREPRESENTATION(#14,'Body','SweptSolid',(#14506));
#14508=IFCPRODUCTDEFINITIONSHAPE($,$,(#14507));
#14509=IFCBEAM('19Qt5x9kj8Uu0w_8SGO3yb',#5,'VB_P15_2_04',$,$,#14499,#14508,$,$);
#14510=IFCRELCONTAINEDINSPATIALSTRUCTURE('2wGl1did91Fv_0asKLuSLw',#5,$,$,(#14509),#101);
#14511=IFCCARTESIANPOINT((87.5,6.5,-0.5));
#14512=IFCAXIS2PLACEMENT3D(#14511,$,$);
#14513=IFCLOCALPLACEMENT(#100,#14512);
#14514=IFCCARTESIANPOINT((0.,0.));
#14515=IFCAXIS2PLACEMENT2D(#14514,$);
#14516=IFCRECTANGLEPROFILEDEF(.AREA.,$,#14515,0.25,7.);
#14517=IFCCARTESIANPOINT((0.,0.,0.));
#14518=IFCAXIS2PLACEMENT3D(#14517,$,$);
#14519=IFCDIRECTION((0.,0.,1.));
#14520=IFCEXTRUDEDAREASOLID(#14516,#14518,#14519,0.5);
#14521=IFCSHAPEREPRESENTATION(#14,'Body','SweptSolid',(#14520));
#14522=IFCPRODUCTDEFINITIONSHAPE($,$,(#14521));
#14523=IFCBEAM('0mLyESz0X3JfBXHWifoKGy',#5,'VB_P15_88_00',$,$,#14513,#14522,$,$);
#14524=IFCRELCONTAINEDINSPATIALSTRUCTURE('1uoI_c2dv4fw$mS9pwV9xI',#5,$,$,(#14523),#101);
#14525=IFCCARTESIANPOINT((87.5,13.5,-0.5));
#14526=IFCAXIS2PLACEMENT3D(#14525,$,$);
#14527=IFCLOCALPLACEMENT(#100,#14526);
#14528=IFCCARTESIANPOINT((0.,0.));
#14529=IFCAXIS2PLACEMENT2D(#14528,$);
#14530=IFCRECTANGLEPROFILEDEF(.AREA.,$,#14529,0.25,7.);
#14531=IFCCARTESIANPOINT((0.,0.,0.));
#14532=IFCAXIS2PLACEMENT3D(#14531,$,$);
#14533=IFCDIRECTION((0.,0.,1.));
#14534=IFCEXTRUDEDAREASOLID(#14530,#14532,#14533,0.5);
#14535=IFCSHAPEREPRESENTATION(#14,'Body','SweptSolid',(#14534));
#14536=IFCPRODUCTDEFINITIONSHAPE($,$,(#14535));
#14537=IFCBEAM('2RzpvdYU1Ftw0eSAbV4uk4',#5,'VB_P15_88_01',$,$,#14527,#14536,$,$);
#14538=IFCRELCONTAINEDINSPATIALSTRUCTURE('3nRfsWPOn4owqWjye72yQR',#5,$,$,(#14537),#101);
#14539=IFCCARTESIANPOINT((87.5,21.5,-0.5));
#14540=IFCAXIS2PLACEMENT3D(#14539,$,$);
#14541=IFCLOCALPLACEMENT(#100,#14540);
#14542=IFCCARTESIANPOINT((0.,0.));
#14543=IFCAXIS2PLACEMENT2D(#14542,$);
#14544=IFCRECTANGLEPROFILEDEF(.AREA.,$,#14543,0.25,9.);
#14545=IFCCARTESIANPOINT((0.,0.,0.));
#14546=IFCAXIS2PLACEMENT3D(#14545,$,$);
#14547=IFCDIRECTION((0.,0.,1.));
#14548=IFCEXTRUDEDAREASOLID(#14544,#14546,#14547,0.5);
#14549=IFCSHAPEREPRESENTATION(#14,'Body','SweptSolid',(#14548));
#14550=IFCPRODUCTDEFINITIONSHAPE($,$,(#14549));
#14551=IFCBEAM('3ABjvzegH2aeXwmbb_7tc6',#5,'VB_P15_88_02',$,$,#14541,#14550,$,$);
#14552=IFCRELCONTAINEDINSPATIALSTRUCTURE('1aoFkDW0v7BQJyzHlB3xyn',#5,$,$,(#14551),#101);
#14553=IFCCARTESIANPOINT((87.5,29.5,-0.5));
#14554=IFCAXIS2PLACEMENT3D(#14553,$,$);
#14555=IFCLOCALPLACEMENT(#100,#14554);
#14556=IFCCARTESIANPOINT((0.,0.));
#14557=IFCAXIS2PLACEMENT2D(#14556,$);
#14558=IFCRECTANGLEPROFILEDEF(.AREA.,$,#14557,0.25,7.);
#14559=IFCCARTESIANPOINT((0.,0.,0.));
#14560=IFCAXIS2PLACEMENT3D(#14559,$,$);
#14561=IFCDIRECTION((0.,0.,1.));
#14562=IFCEXTRUDEDAREASOLID(#14558,#14560,#14561,0.5);
#14563=IFCSHAPEREPRESENTATION(#14,'Body','SweptSolid',(#14562));
#14564=IFCPRODUCTDEFINITIONSHAPE($,$,(#14563));
#14565=IFCBEAM('16GqldsML4JQRshth6bBv3',#5,'VB_P15_88_03',$,$,#14555,#14564,$,$);
#14566=IFCRELCONTAINEDINSPATIALSTRUCTURE('3c5ftYOs18ERICZcT$G_Af',#5,$,$,(#14565),#101);
#14567=IFCCARTESIANPOINT((87.5,36.5,-0.5));
#14568=IFCAXIS2PLACEMENT3D(#14567,$,$);
#14569=IFCLOCALPLACEMENT(#100,#14568);
#14570=IFCCARTESIANPOINT((0.,0.));
#14571=IFCAXIS2PLACEMENT2D(#14570,$);
#14572=IFCRECTANGLEPROFILEDEF(.AREA.,$,#14571,0.25,7.);
#14573=IFCCARTESIANPOINT((0.,0.,0.));
#14574=IFCAXIS2PLACEMENT3D(#14573,$,$);
#14575=IFCDIRECTION((0.,0.,1.));
#14576=IFCEXTRUDEDAREASOLID(#14572,#14574,#14575,0.5);
#14577=IFCSHAPEREPRESENTATION(#14,'Body','SweptSolid',(#14576));
#14578=IFCPRODUCTDEFINITIONSHAPE($,$,(#14577));
#14579=IFCBEAM('1rQ3aFgVPBnuHMlXTh7kUS',#5,'VB_P15_88_04',$,$,#14569,#14578,$,$);
#14580=IFCRELCONTAINEDINSPATIALSTRUCTURE('14L2M$2QvF1uQRt0WzhqFO',#5,$,$,(#14579),#101);
#14581=IFCCARTESIANPOINT((12.,18.,-0.5));
#14582=IFCAXIS2PLACEMENT3D(#14581,$,$);
#14583=IFCLOCALPLACEMENT(#100,#14582);
#14584=IFCCARTESIANPOINT((0.,0.));
#14585=IFCAXIS2PLACEMENT2D(#14584,$);
#14586=IFCRECTANGLEPROFILEDEF(.AREA.,$,#14585,14.,0.20000000000000284);
#14587=IFCCARTESIANPOINT((0.,0.,0.));
#14588=IFCAXIS2PLACEMENT3D(#14587,$,$);
#14589=IFCDIRECTION((0.,0.,1.));
#14590=IFCEXTRUDEDAREASOLID(#14586,#14588,#14589,0.5);
#14591=IFCSHAPEREPRESENTATION(#14,'Body','SweptSolid',(#14590));
#14592=IFCPRODUCTDEFINITIONSHAPE($,$,(#14591));
#14593=IFCBEAM('3mazsqk9HEfx_Fei_NNvaF',#5,'VP_P15_A_18',$,$,#14583,#14592,$,$);
#14594=IFCRELCONTAINEDINSPATIALSTRUCTURE('14OrP2jBnD0BERP2MCbbg$',#5,$,$,(#14593),#101);
#14595=IFCCARTESIANPOINT((12.,25.,-0.5));
#14596=IFCAXIS2PLACEMENT3D(#14595,$,$);
#14597=IFCLOCALPLACEMENT(#100,#14596);
#14598=IFCCARTESIANPOINT((0.,0.));
#14599=IFCAXIS2PLACEMENT2D(#14598,$);
#14600=IFCRECTANGLEPROFILEDEF(.AREA.,$,#14599,14.,0.20000000000000284);
#14601=IFCCARTESIANPOINT((0.,0.,0.));
#14602=IFCAXIS2PLACEMENT3D(#14601,$,$);
#14603=IFCDIRECTION((0.,0.,1.));
#14604=IFCEXTRUDEDAREASOLID(#14600,#14602,#14603,0.5);
#14605=IFCSHAPEREPRESENTATION(#14,'Body','SweptSolid',(#14604));
#14606=IFCPRODUCTDEFINITIONSHAPE($,$,(#14605));
#14607=IFCBEAM('09Nzpnm5P2_voWAoYebALq',#5,'VP_P15_A_25',$,$,#14597,#14606,$,$);
#14608=IFCRELCONTAINEDINSPATIALSTRUCTURE('1Df9UJgf5DCxLneu4ir4Fq',#5,$,$,(#14607),#101);
#14609=IFCCARTESIANPOINT((5.,21.5,-0.5));
#14610=IFCAXIS2PLACEMENT3D(#14609,$,$);
#14611=IFCLOCALPLACEMENT(#100,#14610);
#14612=IFCCARTESIANPOINT((0.,0.));
#14613=IFCAXIS2PLACEMENT2D(#14612,$);
#14614=IFCRECTANGLEPROFILEDEF(.AREA.,$,#14613,0.19999999999999929,7.);
#14615=IFCCARTESIANPOINT((0.,0.,0.));
#14616=IFCAXIS2PLACEMENT3D(#14615,$,$);
#14617=IFCDIRECTION((0.,0.,1.));
#14618=IFCEXTRUDEDAREASOLID(#14614,#14616,#14617,0.5);
#14619=IFCSHAPEREPRESENTATION(#14,'Body','SweptSolid',(#14618));
#14620=IFCPRODUCTDEFINITIONSHAPE($,$,(#14619));
#14621=IFCBEAM('3XyveJ3I53buGnEEVSJfd6',#5,'VP_P15_A_5',$,$,#14611,#14620,$,$);
#14622=IFCRELCONTAINEDINSPATIALSTRUCTURE('3pk81UUAj1oOOLt8wQIRAu',#5,$,$,(#14621),#101);
#14623=IFCCARTESIANPOINT((19.,21.5,-0.5));
#14624=IFCAXIS2PLACEMENT3D(#14623,$,$);
#14625=IFCLOCALPLACEMENT(#100,#14624);
#14626=IFCCARTESIANPOINT((0.,0.));
#14627=IFCAXIS2PLACEMENT2D(#14626,$);
#14628=IFCRECTANGLEPROFILEDEF(.AREA.,$,#14627,0.20000000000000284,7.);
#14629=IFCCARTESIANPOINT((0.,0.,0.));
#14630=IFCAXIS2PLACEMENT3D(#14629,$,$);
#14631=IFCDIRECTION((0.,0.,1.));
#14632=IFCEXTRUDEDAREASOLID(#14628,#14630,#14631,0.5);
#14633=IFCSHAPEREPRESENTATION(#14,'Body','SweptSolid',(#14632));
#14634=IFCPRODUCTDEFINITIONSHAPE($,$,(#14633));
#14635=IFCBEAM('1wSYNP8Br78g3A3uodr7CZ',#5,'VP_P15_A_19',$,$,#14625,#14634,$,$);
#14636=IFCRELCONTAINEDINSPATIALSTRUCTURE('1LIVAafXPEyuptnw6QSwMn',#5,$,$,(#14635),#101);
#14637=IFCCARTESIANPOINT((78.,18.,-0.5));
#14638=IFCAXIS2PLACEMENT3D(#14637,$,$);
#14639=IFCLOCALPLACEMENT(#100,#14638);
#14640=IFCCARTESIANPOINT((0.,0.));
#14641=IFCAXIS2PLACEMENT2D(#14640,$);
#14642=IFCRECTANGLEPROFILEDEF(.AREA.,$,#14641,14.,0.20000000000000284);
#14643=IFCCARTESIANPOINT((0.,0.,0.));
#14644=IFCAXIS2PLACEMENT3D(#14643,$,$);
#14645=IFCDIRECTION((0.,0.,1.));
#14646=IFCEXTRUDEDAREASOLID(#14642,#14644,#14645,0.5);
#14647=IFCSHAPEREPRESENTATION(#14,'Body','SweptSolid',(#14646));
#14648=IFCPRODUCTDEFINITIONSHAPE($,$,(#14647));
#14649=IFCBEAM('05I1OlagDB3OYD7DZu8xIu',#5,'VP_P15_B_18',$,$,#14639,#14648,$,$);
#14650=IFCRELCONTAINEDINSPATIALSTRUCTURE('21i35QE_j2JxY1sJ0ItYWL',#5,$,$,(#14649),#101);
#14651=IFCCARTESIANPOINT((78.,25.,-0.5));
#14652=IFCAXIS2PLACEMENT3D(#14651,$,$);
#14653=IFCLOCALPLACEMENT(#100,#14652);
#14654=IFCCARTESIANPOINT((0.,0.));
#14655=IFCAXIS2PLACEMENT2D(#14654,$);
#14656=IFCRECTANGLEPROFILEDEF(.AREA.,$,#14655,14.,0.20000000000000284);
#14657=IFCCARTESIANPOINT((0.,0.,0.));
#14658=IFCAXIS2PLACEMENT3D(#14657,$,$);
#14659=IFCDIRECTION((0.,0.,1.));
#14660=IFCEXTRUDEDAREASOLID(#14656,#14658,#14659,0.5);
#14661=IFCSHAPEREPRESENTATION(#14,'Body','SweptSolid',(#14660));
#14662=IFCPRODUCTDEFINITIONSHAPE($,$,(#14661));
#14663=IFCBEAM('1GOvRqM0TB8xG6fTdBD5CZ',#5,'VP_P15_B_25',$,$,#14653,#14662,$,$);
#14664=IFCRELCONTAINEDINSPATIALSTRUCTURE('3Rsj6lu$180v6wTK7YSyHz',#5,$,$,(#14663),#101);
#14665=IFCCARTESIANPOINT((71.,21.5,-0.5));
#14666=IFCAXIS2PLACEMENT3D(#14665,$,$);
#14667=IFCLOCALPLACEMENT(#100,#14666);
#14668=IFCCARTESIANPOINT((0.,0.));
#14669=IFCAXIS2PLACEMENT2D(#14668,$);
#14670=IFCRECTANGLEPROFILEDEF(.AREA.,$,#14669,0.19999999999998863,7.);
#14671=IFCCARTESIANPOINT((0.,0.,0.));
#14672=IFCAXIS2PLACEMENT3D(#14671,$,$);
#14673=IFCDIRECTION((0.,0.,1.));
#14674=IFCEXTRUDEDAREASOLID(#14670,#14672,#14673,0.5);
#14675=IFCSHAPEREPRESENTATION(#14,'Body','SweptSolid',(#14674));
#14676=IFCPRODUCTDEFINITIONSHAPE($,$,(#14675));
#14677=IFCBEAM('0KGaduJAfE6umOTvFsysdI',#5,'VP_P15_B_71',$,$,#14667,#14676,$,$);
#14678=IFCRELCONTAINEDINSPATIALSTRUCTURE('281FuCDx1BCwCacN3JIDo3',#5,$,$,(#14677),#101);
#14679=IFCCARTESIANPOINT((85.,21.5,-0.5));
#14680=IFCAXIS2PLACEMENT3D(#14679,$,$);
#14681=IFCLOCALPLACEMENT(#100,#14680);
#14682=IFCCARTESIANPOINT((0.,0.));
#14683=IFCAXIS2PLACEMENT2D(#14682,$);
#14684=IFCRECTANGLEPROFILEDEF(.AREA.,$,#14683,0.19999999999998863,7.);
#14685=IFCCARTESIANPOINT((0.,0.,0.));
#14686=IFCAXIS2PLACEMENT3D(#14685,$,$);
#14687=IFCDIRECTION((0.,0.,1.));
#14688=IFCEXTRUDEDAREASOLID(#14684,#14686,#14687,0.5);
#14689=IFCSHAPEREPRESENTATION(#14,'Body','SweptSolid',(#14688));
#14690=IFCPRODUCTDEFINITIONSHAPE($,$,(#14689));
#14691=IFCBEAM('1EoT67DjT878ds3$mHfSt1',#5,'VP_P15_B_85',$,$,#14681,#14690,$,$);
#14692=IFCRELCONTAINEDINSPATIALSTRUCTURE('0xcQKPF$n4mR5qOaBPzzzt',#5,$,$,(#14691),#101);
#14693=IFCCARTESIANPOINT((6.4400000000000004,3.,-0.5));
#14694=IFCAXIS2PLACEMENT3D(#14693,$,$);
#14695=IFCLOCALPLACEMENT(#104,#14694);
#14696=IFCCARTESIANPOINT((0.,0.));
#14697=IFCAXIS2PLACEMENT2D(#14696,$);
#14698=IFCRECTANGLEPROFILEDEF(.AREA.,$,#14697,7.8800000000000008,0.25);
#14699=IFCCARTESIANPOINT((0.,0.,0.));
#14700=IFCAXIS2PLACEMENT3D(#14699,$,$);
#14701=IFCDIRECTION((0.,0.,1.));
#14702=IFCEXTRUDEDAREASOLID(#14698,#14700,#14701,0.5);
#14703=IFCSHAPEREPRESENTATION(#14,'Body','SweptSolid',(#14702));
#14704=IFCPRODUCTDEFINITIONSHAPE($,$,(#14703));
#14705=IFCBEAM('1paHecAf50B8k$SjAGhPGR',#5,'VB_P16_3_00',$,$,#14695,#14704,$,$);
#14706=IFCRELCONTAINEDINSPATIALSTRUCTURE('0J0ws$tC13M9Hbn7nzJd1J',#5,$,$,(#14705),#105);
#14707=IFCCARTESIANPOINT((14.315000000000001,3.,-0.5));
#14708=IFCAXIS2PLACEMENT3D(#14707,$,$);
#14709=IFCLOCALPLACEMENT(#104,#14708);
#14710=IFCCARTESIANPOINT((0.,0.));
#14711=IFCAXIS2PLACEMENT2D(#14710,$);
#14712=IFCRECTANGLEPROFILEDEF(.AREA.,$,#14711,7.8699999999999992,0.25);
#14713=IFCCARTESIANPOINT((0.,0.,0.));
#14714=IFCAXIS2PLACEMENT3D(#14713,$,$);
#14715=IFCDIRECTION((0.,0.,1.));
#14716=IFCEXTRUDEDAREASOLID(#14712,#14714,#14715,0.5);
#14717=IFCSHAPEREPRESENTATION(#14,'Body','SweptSolid',(#14716));
#14718=IFCPRODUCTDEFINITIONSHAPE($,$,(#14717));
#14719=IFCBEAM('2iFyd7mvnCYPHPMsBHMMAI',#5,'VB_P16_3_01',$,$,#14709,#14718,$,$);
#14720=IFCRELCONTAINEDINSPATIALSTRUCTURE('02pNSOc_1FFh6zVCTbx4ZF',#5,$,$,(#14719),#105);
#14721=IFCCARTESIANPOINT((22.189999999999998,3.,-0.5));
#14722=IFCAXIS2PLACEMENT3D(#14721,$,$);
#14723=IFCLOCALPLACEMENT(#104,#14722);
#14724=IFCCARTESIANPOINT((0.,0.));
#14725=IFCAXIS2PLACEMENT2D(#14724,$);
#14726=IFCRECTANGLEPROFILEDEF(.AREA.,$,#14725,7.879999999999999,0.25);
#14727=IFCCARTESIANPOINT((0.,0.,0.));
#14728=IFCAXIS2PLACEMENT3D(#14727,$,$);
#14729=IFCDIRECTION((0.,0.,1.));
#14730=IFCEXTRUDEDAREASOLID(#14726,#14728,#14729,0.5);
#14731=IFCSHAPEREPRESENTATION(#14,'Body','SweptSolid',(#14730));
#14732=IFCPRODUCTDEFINITIONSHAPE($,$,(#14731));
#14733=IFCBEAM('1C0wnfr3D0OQORiW$fdtvR',#5,'VB_P16_3_02',$,$,#14723,#14732,$,$);
#14734=IFCRELCONTAINEDINSPATIALSTRUCTURE('1TkgLkZEf4m89$rNpU9UDq',#5,$,$,(#14733),#105);
#14735=IFCCARTESIANPOINT((30.064999999999998,3.,-0.5));
#14736=IFCAXIS2PLACEMENT3D(#14735,$,$);
#14737=IFCLOCALPLACEMENT(#104,#14736);
#14738=IFCCARTESIANPOINT((0.,0.));
#14739=IFCAXIS2PLACEMENT2D(#14738,$);
#14740=IFCRECTANGLEPROFILEDEF(.AREA.,$,#14739,7.870000000000001,0.25);
#14741=IFCCARTESIANPOINT((0.,0.,0.));
#14742=IFCAXIS2PLACEMENT3D(#14741,$,$);
#14743=IFCDIRECTION((0.,0.,1.));
#14744=IFCEXTRUDEDAREASOLID(#14740,#14742,#14743,0.5);
#14745=IFCSHAPEREPRESENTATION(#14,'Body','SweptSolid',(#14744));
#14746=IFCPRODUCTDEFINITIONSHAPE($,$,(#14745));
#14747=IFCBEAM('0yQeA_C$j3cQtFD3T7Odm1',#5,'VB_P16_3_03',$,$,#14737,#14746,$,$);
#14748=IFCRELCONTAINEDINSPATIALSTRUCTURE('3m2rQPpXD3wezdnsL3V8HM',#5,$,$,(#14747),#105);
#14749=IFCCARTESIANPOINT((37.5,3.,-0.5));
#14750=IFCAXIS2PLACEMENT3D(#14749,$,$);
#14751=IFCLOCALPLACEMENT(#104,#14750);
#14752=IFCCARTESIANPOINT((0.,0.));
#14753=IFCAXIS2PLACEMENT2D(#14752,$);
#14754=IFCRECTANGLEPROFILEDEF(.AREA.,$,#14753,7.,0.25);
#14755=IFCCARTESIANPOINT((0.,0.,0.));
#14756=IFCAXIS2PLACEMENT3D(#14755,$,$);
#14757=IFCDIRECTION((0.,0.,1.));
#14758=IFCEXTRUDEDAREASOLID(#14754,#14756,#14757,0.5);
#14759=IFCSHAPEREPRESENTATION(#14,'Body','SweptSolid',(#14758));
#14760=IFCPRODUCTDEFINITIONSHAPE($,$,(#14759));
#14761=IFCBEAM('2w31H54Yb79efuY53GnRbW',#5,'VB_P16_3_04',$,$,#14751,#14760,$,$);
#14762=IFCRELCONTAINEDINSPATIALSTRUCTURE('119lCqWUDE2uEneCX0Xyz$',#5,$,$,(#14761),#105);
#14763=IFCCARTESIANPOINT((45.,3.,-0.5));
#14764=IFCAXIS2PLACEMENT3D(#14763,$,$);
#14765=IFCLOCALPLACEMENT(#104,#14764);
#14766=IFCCARTESIANPOINT((0.,0.));
#14767=IFCAXIS2PLACEMENT2D(#14766,$);
#14768=IFCRECTANGLEPROFILEDEF(.AREA.,$,#14767,8.,0.25);
#14769=IFCCARTESIANPOINT((0.,0.,0.));
#14770=IFCAXIS2PLACEMENT3D(#14769,$,$);
#14771=IFCDIRECTION((0.,0.,1.));
#14772=IFCEXTRUDEDAREASOLID(#14768,#14770,#14771,0.5);
#14773=IFCSHAPEREPRESENTATION(#14,'Body','SweptSolid',(#14772));
#14774=IFCPRODUCTDEFINITIONSHAPE($,$,(#14773));
#14775=IFCBEAM('3zkNv5SHL9dB_T9JPvpwCn',#5,'VB_P16_3_05',$,$,#14765,#14774,$,$);
#14776=IFCRELCONTAINEDINSPATIALSTRUCTURE('2mTkkzCn15YRzCcqyH2JyN',#5,$,$,(#14775),#105);
#14777=IFCCARTESIANPOINT((52.5,3.,-0.5));
#14778=IFCAXIS2PLACEMENT3D(#14777,$,$);
#14779=IFCLOCALPLACEMENT(#104,#14778);
#14780=IFCCARTESIANPOINT((0.,0.));
#14781=IFCAXIS2PLACEMENT2D(#14780,$);
#14782=IFCRECTANGLEPROFILEDEF(.AREA.,$,#14781,7.,0.25);
#14783=IFCCARTESIANPOINT((0.,0.,0.));
#14784=IFCAXIS2PLACEMENT3D(#14783,$,$);
#14785=IFCDIRECTION((0.,0.,1.));
#14786=IFCEXTRUDEDAREASOLID(#14782,#14784,#14785,0.5);
#14787=IFCSHAPEREPRESENTATION(#14,'Body','SweptSolid',(#14786));
#14788=IFCPRODUCTDEFINITIONSHAPE($,$,(#14787));
#14789=IFCBEAM('0lOU76mz55TfwnMVDX9c0L',#5,'VB_P16_3_06',$,$,#14779,#14788,$,$);
#14790=IFCRELCONTAINEDINSPATIALSTRUCTURE('2EWyr5wIH5IuBGApO2y88K',#5,$,$,(#14789),#105);
#14791=IFCCARTESIANPOINT((59.939999999999998,3.,-0.5));
#14792=IFCAXIS2PLACEMENT3D(#14791,$,$);
#14793=IFCLOCALPLACEMENT(#104,#14792);
#14794=IFCCARTESIANPOINT((0.,0.));
#14795=IFCAXIS2PLACEMENT2D(#14794,$);
#14796=IFCRECTANGLEPROFILEDEF(.AREA.,$,#14795,7.8800000000000026,0.25);
#14797=IFCCARTESIANPOINT((0.,0.,0.));
#14798=IFCAXIS2PLACEMENT3D(#14797,$,$);
#14799=IFCDIRECTION((0.,0.,1.));
#14800=IFCEXTRUDEDAREASOLID(#14796,#14798,#14799,0.5);
#14801=IFCSHAPEREPRESENTATION(#14,'Body','SweptSolid',(#14800));
#14802=IFCPRODUCTDEFINITIONSHAPE($,$,(#14801));
#14803=IFCBEAM('3NJHk3MnzB39Uq6xxZk2st',#5,'VB_P16_3_07',$,$,#14793,#14802,$,$);
#14804=IFCRELCONTAINEDINSPATIALSTRUCTURE('2TM5Gwl5X4VwrqMKvsuO$1',#5,$,$,(#14803),#105);
#14805=IFCCARTESIANPOINT((67.814999999999998,3.,-0.5));
#14806=IFCAXIS2PLACEMENT3D(#14805,$,$);
#14807=IFCLOCALPLACEMENT(#104,#14806);
#14808=IFCCARTESIANPOINT((0.,0.));
#14809=IFCAXIS2PLACEMENT2D(#14808,$);
#14810=IFCRECTANGLEPROFILEDEF(.AREA.,$,#14809,7.8699999999999974,0.25);
#14811=IFCCARTESIANPOINT((0.,0.,0.));
#14812=IFCAXIS2PLACEMENT3D(#14811,$,$);
#14813=IFCDIRECTION((0.,0.,1.));
#14814=IFCEXTRUDEDAREASOLID(#14810,#14812,#14813,0.5);
#14815=IFCSHAPEREPRESENTATION(#14,'Body','SweptSolid',(#14814));
#14816=IFCPRODUCTDEFINITIONSHAPE($,$,(#14815));
#14817=IFCBEAM('2GUvUp99H5MgCkCfZEt60P',#5,'VB_P16_3_08',$,$,#14807,#14816,$,$);
#14818=IFCRELCONTAINEDINSPATIALSTRUCTURE('3KcTmOwqjDX8w8z6nKWUMm',#5,$,$,(#14817),#105);
#14819=IFCCARTESIANPOINT((75.689999999999998,3.,-0.5));
#14820=IFCAXIS2PLACEMENT3D(#14819,$,$);
#14821=IFCLOCALPLACEMENT(#104,#14820);
#14822=IFCCARTESIANPOINT((0.,0.));
#14823=IFCAXIS2PLACEMENT2D(#14822,$);
#14824=IFCRECTANGLEPROFILEDEF(.AREA.,$,#14823,7.8799999999999955,0.25);
#14825=IFCCARTESIANPOINT((0.,0.,0.));
#14826=IFCAXIS2PLACEMENT3D(#14825,$,$);
#14827=IFCDIRECTION((0.,0.,1.));
#14828=IFCEXTRUDEDAREASOLID(#14824,#14826,#14827,0.5);
#14829=IFCSHAPEREPRESENTATION(#14,'Body','SweptSolid',(#14828));
#14830=IFCPRODUCTDEFINITIONSHAPE($,$,(#14829));
#14831=IFCBEAM('3AIMEKL5H6_83BCcRo7ZMw',#5,'VB_P16_3_09',$,$,#14821,#14830,$,$);
#14832=IFCRELCONTAINEDINSPATIALSTRUCTURE('3KpzD0inHEsPhvLbUbl7Tv',#5,$,$,(#14831),#105);
#14833=IFCCARTESIANPOINT((83.564999999999998,3.,-0.5));
#14834=IFCAXIS2PLACEMENT3D(#14833,$,$);
#14835=IFCLOCALPLACEMENT(#104,#14834);
#14836=IFCCARTESIANPOINT((0.,0.));
#14837=IFCAXIS2PLACEMENT2D(#14836,$);
#14838=IFCRECTANGLEPROFILEDEF(.AREA.,$,#14837,7.8700000000000045,0.25);
#14839=IFCCARTESIANPOINT((0.,0.,0.));
#14840=IFCAXIS2PLACEMENT3D(#14839,$,$);
#14841=IFCDIRECTION((0.,0.,1.));
#14842=IFCEXTRUDEDAREASOLID(#14838,#14840,#14841,0.5);
#14843=IFCSHAPEREPRESENTATION(#14,'Body','SweptSolid',(#14842));
#14844=IFCPRODUCTDEFINITIONSHAPE($,$,(#14843));
#14845=IFCBEAM('2xvWAr$Tf7Xe8k3G6xKAU4',#5,'VB_P16_3_10',$,$,#14835,#14844,$,$);
#14846=IFCRELCONTAINEDINSPATIALSTRUCTURE('0Hq1Ysz3LFeukkFaYbeTQj',#5,$,$,(#14845),#105);
#14847=IFCCARTESIANPOINT((6.4400000000000004,40.,-0.5));
#14848=IFCAXIS2PLACEMENT3D(#14847,$,$);
#14849=IFCLOCALPLACEMENT(#104,#14848);
#14850=IFCCARTESIANPOINT((0.,0.));
#14851=IFCAXIS2PLACEMENT2D(#14850,$);
#14852=IFCRECTANGLEPROFILEDEF(.AREA.,$,#14851,7.8800000000000008,0.25);
#14853=IFCCARTESIANPOINT((0.,0.,0.));
#14854=IFCAXIS2PLACEMENT3D(#14853,$,$);
#14855=IFCDIRECTION((0.,0.,1.));
#14856=IFCEXTRUDEDAREASOLID(#14852,#14854,#14855,0.5);
#14857=IFCSHAPEREPRESENTATION(#14,'Body','SweptSolid',(#14856));
#14858=IFCPRODUCTDEFINITIONSHAPE($,$,(#14857));
#14859=IFCBEAM('3Z2N8MCaLBDAbMdQMN23rc',#5,'VB_P16_40_00',$,$,#14849,#14858,$,$);
#14860=IFCRELCONTAINEDINSPATIALSTRUCTURE('2QVGLsv0HD0BW5R1YuTvvS',#5,$,$,(#14859),#105);
#14861=IFCCARTESIANPOINT((14.315000000000001,40.,-0.5));
#14862=IFCAXIS2PLACEMENT3D(#14861,$,$);
#14863=IFCLOCALPLACEMENT(#104,#14862);
#14864=IFCCARTESIANPOINT((0.,0.));
#14865=IFCAXIS2PLACEMENT2D(#14864,$);
#14866=IFCRECTANGLEPROFILEDEF(.AREA.,$,#14865,7.8699999999999992,0.25);
#14867=IFCCARTESIANPOINT((0.,0.,0.));
#14868=IFCAXIS2PLACEMENT3D(#14867,$,$);
#14869=IFCDIRECTION((0.,0.,1.));
#14870=IFCEXTRUDEDAREASOLID(#14866,#14868,#14869,0.5);
#14871=IFCSHAPEREPRESENTATION(#14,'Body','SweptSolid',(#14870));
#14872=IFCPRODUCTDEFINITIONSHAPE($,$,(#14871));
#14873=IFCBEAM('08OwVndcX3V9T8BBxcoq21',#5,'VB_P16_40_01',$,$,#14863,#14872,$,$);
#14874=IFCRELCONTAINEDINSPATIALSTRUCTURE('310O$1XOL7UQetT5jj7lSz',#5,$,$,(#14873),#105);
#14875=IFCCARTESIANPOINT((22.189999999999998,40.,-0.5));
#14876=IFCAXIS2PLACEMENT3D(#14875,$,$);
#14877=IFCLOCALPLACEMENT(#104,#14876);
#14878=IFCCARTESIANPOINT((0.,0.));
#14879=IFCAXIS2PLACEMENT2D(#14878,$);
#14880=IFCRECTANGLEPROFILEDEF(.AREA.,$,#14879,7.879999999999999,0.25);
#14881=IFCCARTESIANPOINT((0.,0.,0.));
#14882=IFCAXIS2PLACEMENT3D(#14881,$,$);
#14883=IFCDIRECTION((0.,0.,1.));
#14884=IFCEXTRUDEDAREASOLID(#14880,#14882,#14883,0.5);
#14885=IFCSHAPEREPRESENTATION(#14,'Body','SweptSolid',(#14884));
#14886=IFCPRODUCTDEFINITIONSHAPE($,$,(#14885));
#14887=IFCBEAM('3TzK9gsNvE5enb2JiZ6Ux_',#5,'VB_P16_40_02',$,$,#14877,#14886,$,$);
#14888=IFCRELCONTAINEDINSPATIALSTRUCTURE('2rYd2l2r9FSB3T6tPqmZas',#5,$,$,(#14887),#105);
#14889=IFCCARTESIANPOINT((30.064999999999998,40.,-0.5));
#14890=IFCAXIS2PLACEMENT3D(#14889,$,$);
#14891=IFCLOCALPLACEMENT(#104,#14890);
#14892=IFCCARTESIANPOINT((0.,0.));
#14893=IFCAXIS2PLACEMENT2D(#14892,$);
#14894=IFCRECTANGLEPROFILEDEF(.AREA.,$,#14893,7.870000000000001,0.25);
#14895=IFCCARTESIANPOINT((0.,0.,0.));
#14896=IFCAXIS2PLACEMENT3D(#14895,$,$);
#14897=IFCDIRECTION((0.,0.,1.));
#14898=IFCEXTRUDEDAREASOLID(#14894,#14896,#14897,0.5);
#14899=IFCSHAPEREPRESENTATION(#14,'Body','SweptSolid',(#14898));
#14900=IFCPRODUCTDEFINITIONSHAPE($,$,(#14899));
#14901=IFCBEAM('1aQJlCh8zB$vwebvcUyvFP',#5,'VB_P16_40_03',$,$,#14891,#14900,$,$);
#14902=IFCRELCONTAINEDINSPATIALSTRUCTURE('3nlKoomIb0HPIFbPQkLOUY',#5,$,$,(#14901),#105);
#14903=IFCCARTESIANPOINT((37.5,40.,-0.5));
#14904=IFCAXIS2PLACEMENT3D(#14903,$,$);
#14905=IFCLOCALPLACEMENT(#104,#14904);
#14906=IFCCARTESIANPOINT((0.,0.));
#14907=IFCAXIS2PLACEMENT2D(#14906,$);
#14908=IFCRECTANGLEPROFILEDEF(.AREA.,$,#14907,7.,0.25);
#14909=IFCCARTESIANPOINT((0.,0.,0.));
#14910=IFCAXIS2PLACEMENT3D(#14909,$,$);
#14911=IFCDIRECTION((0.,0.,1.));
#14912=IFCEXTRUDEDAREASOLID(#14908,#14910,#14911,0.5);
#14913=IFCSHAPEREPRESENTATION(#14,'Body','SweptSolid',(#14912));
#14914=IFCPRODUCTDEFINITIONSHAPE($,$,(#14913));
#14915=IFCBEAM('3N_awg_$T3aOCfThlyFcek',#5,'VB_P16_40_04',$,$,#14905,#14914,$,$);
#14916=IFCRELCONTAINEDINSPATIALSTRUCTURE('0nRn_$D6X32PSuYzOasOUM',#5,$,$,(#14915),#105);
#14917=IFCCARTESIANPOINT((45.,40.,-0.5));
#14918=IFCAXIS2PLACEMENT3D(#14917,$,$);
#14919=IFCLOCALPLACEMENT(#104,#14918);
#14920=IFCCARTESIANPOINT((0.,0.));
#14921=IFCAXIS2PLACEMENT2D(#14920,$);
#14922=IFCRECTANGLEPROFILEDEF(.AREA.,$,#14921,8.,0.25);
#14923=IFCCARTESIANPOINT((0.,0.,0.));
#14924=IFCAXIS2PLACEMENT3D(#14923,$,$);
#14925=IFCDIRECTION((0.,0.,1.));
#14926=IFCEXTRUDEDAREASOLID(#14922,#14924,#14925,0.5);
#14927=IFCSHAPEREPRESENTATION(#14,'Body','SweptSolid',(#14926));
#14928=IFCPRODUCTDEFINITIONSHAPE($,$,(#14927));
#14929=IFCBEAM('06g6uZ1LTBsPkZx7k7HLEy',#5,'VB_P16_40_05',$,$,#14919,#14928,$,$);
#14930=IFCRELCONTAINEDINSPATIALSTRUCTURE('1YRkXQZIfFGhnaX0RuN30c',#5,$,$,(#14929),#105);
#14931=IFCCARTESIANPOINT((52.5,40.,-0.5));
#14932=IFCAXIS2PLACEMENT3D(#14931,$,$);
#14933=IFCLOCALPLACEMENT(#104,#14932);
#14934=IFCCARTESIANPOINT((0.,0.));
#14935=IFCAXIS2PLACEMENT2D(#14934,$);
#14936=IFCRECTANGLEPROFILEDEF(.AREA.,$,#14935,7.,0.25);
#14937=IFCCARTESIANPOINT((0.,0.,0.));
#14938=IFCAXIS2PLACEMENT3D(#14937,$,$);
#14939=IFCDIRECTION((0.,0.,1.));
#14940=IFCEXTRUDEDAREASOLID(#14936,#14938,#14939,0.5);
#14941=IFCSHAPEREPRESENTATION(#14,'Body','SweptSolid',(#14940));
#14942=IFCPRODUCTDEFINITIONSHAPE($,$,(#14941));
#14943=IFCBEAM('3L7XCmttrF_RTLZJ_yMt_c',#5,'VB_P16_40_06',$,$,#14933,#14942,$,$);
#14944=IFCRELCONTAINEDINSPATIALSTRUCTURE('3e$O$q1s9DaQCkLHOk8FqN',#5,$,$,(#14943),#105);
#14945=IFCCARTESIANPOINT((59.939999999999998,40.,-0.5));
#14946=IFCAXIS2PLACEMENT3D(#14945,$,$);
#14947=IFCLOCALPLACEMENT(#104,#14946);
#14948=IFCCARTESIANPOINT((0.,0.));
#14949=IFCAXIS2PLACEMENT2D(#14948,$);
#14950=IFCRECTANGLEPROFILEDEF(.AREA.,$,#14949,7.8800000000000026,0.25);
#14951=IFCCARTESIANPOINT((0.,0.,0.));
#14952=IFCAXIS2PLACEMENT3D(#14951,$,$);
#14953=IFCDIRECTION((0.,0.,1.));
#14954=IFCEXTRUDEDAREASOLID(#14950,#14952,#14953,0.5);
#14955=IFCSHAPEREPRESENTATION(#14,'Body','SweptSolid',(#14954));
#14956=IFCPRODUCTDEFINITIONSHAPE($,$,(#14955));
#14957=IFCBEAM('2pMTQS1oH0hf0f6fGq1AKT',#5,'VB_P16_40_07',$,$,#14947,#14956,$,$);
#14958=IFCRELCONTAINEDINSPATIALSTRUCTURE('3MTAdXZlnBUR1Ajy54j7m7',#5,$,$,(#14957),#105);
#14959=IFCCARTESIANPOINT((67.814999999999998,40.,-0.5));
#14960=IFCAXIS2PLACEMENT3D(#14959,$,$);
#14961=IFCLOCALPLACEMENT(#104,#14960);
#14962=IFCCARTESIANPOINT((0.,0.));
#14963=IFCAXIS2PLACEMENT2D(#14962,$);
#14964=IFCRECTANGLEPROFILEDEF(.AREA.,$,#14963,7.8699999999999974,0.25);
#14965=IFCCARTESIANPOINT((0.,0.,0.));
#14966=IFCAXIS2PLACEMENT3D(#14965,$,$);
#14967=IFCDIRECTION((0.,0.,1.));
#14968=IFCEXTRUDEDAREASOLID(#14964,#14966,#14967,0.5);
#14969=IFCSHAPEREPRESENTATION(#14,'Body','SweptSolid',(#14968));
#14970=IFCPRODUCTDEFINITIONSHAPE($,$,(#14969));
#14971=IFCBEAM('0$B0jY7h5FN8aTb4Aa_87v',#5,'VB_P16_40_08',$,$,#14961,#14970,$,$);
#14972=IFCRELCONTAINEDINSPATIALSTRUCTURE('0cIdIcMPjFBOnaQ$NmabLE',#5,$,$,(#14971),#105);
#14973=IFCCARTESIANPOINT((75.689999999999998,40.,-0.5));
#14974=IFCAXIS2PLACEMENT3D(#14973,$,$);
#14975=IFCLOCALPLACEMENT(#104,#14974);
#14976=IFCCARTESIANPOINT((0.,0.));
#14977=IFCAXIS2PLACEMENT2D(#14976,$);
#14978=IFCRECTANGLEPROFILEDEF(.AREA.,$,#14977,7.8799999999999955,0.25);
#14979=IFCCARTESIANPOINT((0.,0.,0.));
#14980=IFCAXIS2PLACEMENT3D(#14979,$,$);
#14981=IFCDIRECTION((0.,0.,1.));
#14982=IFCEXTRUDEDAREASOLID(#14978,#14980,#14981,0.5);
#14983=IFCSHAPEREPRESENTATION(#14,'Body','SweptSolid',(#14982));
#14984=IFCPRODUCTDEFINITIONSHAPE($,$,(#14983));
#14985=IFCBEAM('1dvm0naRnFsuZz$BDAaaaJ',#5,'VB_P16_40_09',$,$,#14975,#14984,$,$);
#14986=IFCRELCONTAINEDINSPATIALSTRUCTURE('0T0DcjaznDPhulnd3szL_J',#5,$,$,(#14985),#105);
#14987=IFCCARTESIANPOINT((83.564999999999998,40.,-0.5));
#14988=IFCAXIS2PLACEMENT3D(#14987,$,$);
#14989=IFCLOCALPLACEMENT(#104,#14988);
#14990=IFCCARTESIANPOINT((0.,0.));
#14991=IFCAXIS2PLACEMENT2D(#14990,$);
#14992=IFCRECTANGLEPROFILEDEF(.AREA.,$,#14991,7.8700000000000045,0.25);
#14993=IFCCARTESIANPOINT((0.,0.,0.));
#14994=IFCAXIS2PLACEMENT3D(#14993,$,$);
#14995=IFCDIRECTION((0.,0.,1.));
#14996=IFCEXTRUDEDAREASOLID(#14992,#14994,#14995,0.5);
#14997=IFCSHAPEREPRESENTATION(#14,'Body','SweptSolid',(#14996));
#14998=IFCPRODUCTDEFINITIONSHAPE($,$,(#14997));
#14999=IFCBEAM('3hjjUUL2j5BgXdiE8l_90r',#5,'VB_P16_40_10',$,$,#14989,#14998,$,$);
#15000=IFCRELCONTAINEDINSPATIALSTRUCTURE('00VjOvCXv4Te_S_tBMPV2z',#5,$,$,(#14999),#105);
#15001=IFCCARTESIANPOINT((2.5,6.5,-0.5));
#15002=IFCAXIS2PLACEMENT3D(#15001,$,$);
#15003=IFCLOCALPLACEMENT(#104,#15002);
#15004=IFCCARTESIANPOINT((0.,0.));
#15005=IFCAXIS2PLACEMENT2D(#15004,$);
#15006=IFCRECTANGLEPROFILEDEF(.AREA.,$,#15005,0.25,7.);
#15007=IFCCARTESIANPOINT((0.,0.,0.));
#15008=IFCAXIS2PLACEMENT3D(#15007,$,$);
#15009=IFCDIRECTION((0.,0.,1.));
#15010=IFCEXTRUDEDAREASOLID(#15006,#15008,#15009,0.5);
#15011=IFCSHAPEREPRESENTATION(#14,'Body','SweptSolid',(#15010));
#15012=IFCPRODUCTDEFINITIONSHAPE($,$,(#15011));
#15013=IFCBEAM('1fJDdIOFn6091nhEHos_af',#5,'VB_P16_2_00',$,$,#15003,#15012,$,$);
#15014=IFCRELCONTAINEDINSPATIALSTRUCTURE('0G7rRkWLT3d9LGhijfgbod',#5,$,$,(#15013),#105);
#15015=IFCCARTESIANPOINT((2.5,13.5,-0.5));
#15016=IFCAXIS2PLACEMENT3D(#15015,$,$);
#15017=IFCLOCALPLACEMENT(#104,#15016);
#15018=IFCCARTESIANPOINT((0.,0.));
#15019=IFCAXIS2PLACEMENT2D(#15018,$);
#15020=IFCRECTANGLEPROFILEDEF(.AREA.,$,#15019,0.25,7.);
#15021=IFCCARTESIANPOINT((0.,0.,0.));
#15022=IFCAXIS2PLACEMENT3D(#15021,$,$);
#15023=IFCDIRECTION((0.,0.,1.));
#15024=IFCEXTRUDEDAREASOLID(#15020,#15022,#15023,0.5);
#15025=IFCSHAPEREPRESENTATION(#14,'Body','SweptSolid',(#15024));
#15026=IFCPRODUCTDEFINITIONSHAPE($,$,(#15025));
#15027=IFCBEAM('0Fuo2o9hDB$RDYu5tZY42F',#5,'VB_P16_2_01',$,$,#15017,#15026,$,$);
#15028=IFCRELCONTAINEDINSPATIALSTRUCTURE('1fx1zdmznETg4erpBZJDLY',#5,$,$,(#15027),#105);
#15029=IFCCARTESIANPOINT((2.5,21.5,-0.5));
#15030=IFCAXIS2PLACEMENT3D(#15029,$,$);
#15031=IFCLOCALPLACEMENT(#104,#15030);
#15032=IFCCARTESIANPOINT((0.,0.));
#15033=IFCAXIS2PLACEMENT2D(#15032,$);
#15034=IFCRECTANGLEPROFILEDEF(.AREA.,$,#15033,0.25,9.);
#15035=IFCCARTESIANPOINT((0.,0.,0.));
#15036=IFCAXIS2PLACEMENT3D(#15035,$,$);
#15037=IFCDIRECTION((0.,0.,1.));
#15038=IFCEXTRUDEDAREASOLID(#15034,#15036,#15037,0.5);
#15039=IFCSHAPEREPRESENTATION(#14,'Body','SweptSolid',(#15038));
#15040=IFCPRODUCTDEFINITIONSHAPE($,$,(#15039));
#15041=IFCBEAM('0tEhKaWyf5WxeKbijRAfIc',#5,'VB_P16_2_02',$,$,#15031,#15040,$,$);
#15042=IFCRELCONTAINEDINSPATIALSTRUCTURE('2N6kY4j256BvCuxHFfEiLZ',#5,$,$,(#15041),#105);
#15043=IFCCARTESIANPOINT((2.5,29.5,-0.5));
#15044=IFCAXIS2PLACEMENT3D(#15043,$,$);
#15045=IFCLOCALPLACEMENT(#104,#15044);
#15046=IFCCARTESIANPOINT((0.,0.));
#15047=IFCAXIS2PLACEMENT2D(#15046,$);
#15048=IFCRECTANGLEPROFILEDEF(.AREA.,$,#15047,0.25,7.);
#15049=IFCCARTESIANPOINT((0.,0.,0.));
#15050=IFCAXIS2PLACEMENT3D(#15049,$,$);
#15051=IFCDIRECTION((0.,0.,1.));
#15052=IFCEXTRUDEDAREASOLID(#15048,#15050,#15051,0.5);
#15053=IFCSHAPEREPRESENTATION(#14,'Body','SweptSolid',(#15052));
#15054=IFCPRODUCTDEFINITIONSHAPE($,$,(#15053));
#15055=IFCBEAM('1NWk0imzH3RwNMEzofN2Yd',#5,'VB_P16_2_03',$,$,#15045,#15054,$,$);
#15056=IFCRELCONTAINEDINSPATIALSTRUCTURE('0bSsTIWoH73gYq32aGX2VG',#5,$,$,(#15055),#105);
#15057=IFCCARTESIANPOINT((2.5,36.5,-0.5));
#15058=IFCAXIS2PLACEMENT3D(#15057,$,$);
#15059=IFCLOCALPLACEMENT(#104,#15058);
#15060=IFCCARTESIANPOINT((0.,0.));
#15061=IFCAXIS2PLACEMENT2D(#15060,$);
#15062=IFCRECTANGLEPROFILEDEF(.AREA.,$,#15061,0.25,7.);
#15063=IFCCARTESIANPOINT((0.,0.,0.));
#15064=IFCAXIS2PLACEMENT3D(#15063,$,$);
#15065=IFCDIRECTION((0.,0.,1.));
#15066=IFCEXTRUDEDAREASOLID(#15062,#15064,#15065,0.5);
#15067=IFCSHAPEREPRESENTATION(#14,'Body','SweptSolid',(#15066));
#15068=IFCPRODUCTDEFINITIONSHAPE($,$,(#15067));
#15069=IFCBEAM('29KBC1YTP919pHIq$FyPGC',#5,'VB_P16_2_04',$,$,#15059,#15068,$,$);
#15070=IFCRELCONTAINEDINSPATIALSTRUCTURE('1nSChwrSD0QfX2OpzQUNR2',#5,$,$,(#15069),#105);
#15071=IFCCARTESIANPOINT((87.5,6.5,-0.5));
#15072=IFCAXIS2PLACEMENT3D(#15071,$,$);
#15073=IFCLOCALPLACEMENT(#104,#15072);
#15074=IFCCARTESIANPOINT((0.,0.));
#15075=IFCAXIS2PLACEMENT2D(#15074,$);
#15076=IFCRECTANGLEPROFILEDEF(.AREA.,$,#15075,0.25,7.);
#15077=IFCCARTESIANPOINT((0.,0.,0.));
#15078=IFCAXIS2PLACEMENT3D(#15077,$,$);
#15079=IFCDIRECTION((0.,0.,1.));
#15080=IFCEXTRUDEDAREASOLID(#15076,#15078,#15079,0.5);
#15081=IFCSHAPEREPRESENTATION(#14,'Body','SweptSolid',(#15080));
#15082=IFCPRODUCTDEFINITIONSHAPE($,$,(#15081));
#15083=IFCBEAM('3P2v6zPLTEM9yoseSWvMVz',#5,'VB_P16_88_00',$,$,#15073,#15082,$,$);
#15084=IFCRELCONTAINEDINSPATIALSTRUCTURE('0YlT0MlnHCd9_TOhttQVK5',#5,$,$,(#15083),#105);
#15085=IFCCARTESIANPOINT((87.5,13.5,-0.5));
#15086=IFCAXIS2PLACEMENT3D(#15085,$,$);
#15087=IFCLOCALPLACEMENT(#104,#15086);
#15088=IFCCARTESIANPOINT((0.,0.));
#15089=IFCAXIS2PLACEMENT2D(#15088,$);
#15090=IFCRECTANGLEPROFILEDEF(.AREA.,$,#15089,0.25,7.);
#15091=IFCCARTESIANPOINT((0.,0.,0.));
#15092=IFCAXIS2PLACEMENT3D(#15091,$,$);
#15093=IFCDIRECTION((0.,0.,1.));
#15094=IFCEXTRUDEDAREASOLID(#15090,#15092,#15093,0.5);
#15095=IFCSHAPEREPRESENTATION(#14,'Body','SweptSolid',(#15094));
#15096=IFCPRODUCTDEFINITIONSHAPE($,$,(#15095));
#15097=IFCBEAM('1JZnWGx_1Eo92jMFK8lnwk',#5,'VB_P16_88_01',$,$,#15087,#15096,$,$);
#15098=IFCRELCONTAINEDINSPATIALSTRUCTURE('3cqXqQpqj2aw6EhJ6zL2Hz',#5,$,$,(#15097),#105);
#15099=IFCCARTESIANPOINT((87.5,21.5,-0.5));
#15100=IFCAXIS2PLACEMENT3D(#15099,$,$);
#15101=IFCLOCALPLACEMENT(#104,#15100);
#15102=IFCCARTESIANPOINT((0.,0.));
#15103=IFCAXIS2PLACEMENT2D(#15102,$);
#15104=IFCRECTANGLEPROFILEDEF(.AREA.,$,#15103,0.25,9.);
#15105=IFCCARTESIANPOINT((0.,0.,0.));
#15106=IFCAXIS2PLACEMENT3D(#15105,$,$);
#15107=IFCDIRECTION((0.,0.,1.));
#15108=IFCEXTRUDEDAREASOLID(#15104,#15106,#15107,0.5);
#15109=IFCSHAPEREPRESENTATION(#14,'Body','SweptSolid',(#15108));
#15110=IFCPRODUCTDEFINITIONSHAPE($,$,(#15109));
#15111=IFCBEAM('3aIVCOvJvCow6rewtqEBdx',#5,'VB_P16_88_02',$,$,#15101,#15110,$,$);
#15112=IFCRELCONTAINEDINSPATIALSTRUCTURE('1FiNYMimD8HfY60n9LvBSO',#5,$,$,(#15111),#105);
#15113=IFCCARTESIANPOINT((87.5,29.5,-0.5));
#15114=IFCAXIS2PLACEMENT3D(#15113,$,$);
#15115=IFCLOCALPLACEMENT(#104,#15114);
#15116=IFCCARTESIANPOINT((0.,0.));
#15117=IFCAXIS2PLACEMENT2D(#15116,$);
#15118=IFCRECTANGLEPROFILEDEF(.AREA.,$,#15117,0.25,7.);
#15119=IFCCARTESIANPOINT((0.,0.,0.));
#15120=IFCAXIS2PLACEMENT3D(#15119,$,$);
#15121=IFCDIRECTION((0.,0.,1.));
#15122=IFCEXTRUDEDAREASOLID(#15118,#15120,#15121,0.5);
#15123=IFCSHAPEREPRESENTATION(#14,'Body','SweptSolid',(#15122));
#15124=IFCPRODUCTDEFINITIONSHAPE($,$,(#15123));
#15125=IFCBEAM('1Z423bJ$LB3AtjSRYBWRsW',#5,'VB_P16_88_03',$,$,#15115,#15124,$,$);
#15126=IFCRELCONTAINEDINSPATIALSTRUCTURE('1WP3KK1vz2_PavNj3JDQ5e',#5,$,$,(#15125),#105);
#15127=IFCCARTESIANPOINT((87.5,36.5,-0.5));
#15128=IFCAXIS2PLACEMENT3D(#15127,$,$);
#15129=IFCLOCALPLACEMENT(#104,#15128);
#15130=IFCCARTESIANPOINT((0.,0.));
#15131=IFCAXIS2PLACEMENT2D(#15130,$);
#15132=IFCRECTANGLEPROFILEDEF(.AREA.,$,#15131,0.25,7.);
#15133=IFCCARTESIANPOINT((0.,0.,0.));
#15134=IFCAXIS2PLACEMENT3D(#15133,$,$);
#15135=IFCDIRECTION((0.,0.,1.));
#15136=IFCEXTRUDEDAREASOLID(#15132,#15134,#15135,0.5);
#15137=IFCSHAPEREPRESENTATION(#14,'Body','SweptSolid',(#15136));
#15138=IFCPRODUCTDEFINITIONSHAPE($,$,(#15137));
#15139=IFCBEAM('0SiabFF6jApPtFpmeUb3jL',#5,'VB_P16_88_04',$,$,#15129,#15138,$,$);
#15140=IFCRELCONTAINEDINSPATIALSTRUCTURE('02wHTmrPv2Ch1oRnQvEEk$',#5,$,$,(#15139),#105);
#15141=IFCCARTESIANPOINT((12.,18.,-0.5));
#15142=IFCAXIS2PLACEMENT3D(#15141,$,$);
#15143=IFCLOCALPLACEMENT(#104,#15142);
#15144=IFCCARTESIANPOINT((0.,0.));
#15145=IFCAXIS2PLACEMENT2D(#15144,$);
#15146=IFCRECTANGLEPROFILEDEF(.AREA.,$,#15145,14.,0.20000000000000284);
#15147=IFCCARTESIANPOINT((0.,0.,0.));
#15148=IFCAXIS2PLACEMENT3D(#15147,$,$);
#15149=IFCDIRECTION((0.,0.,1.));
#15150=IFCEXTRUDEDAREASOLID(#15146,#15148,#15149,0.5);
#15151=IFCSHAPEREPRESENTATION(#14,'Body','SweptSolid',(#15150));
#15152=IFCPRODUCTDEFINITIONSHAPE($,$,(#15151));
#15153=IFCBEAM('38J7wsECz7lAmyJoCNk_uZ',#5,'VP_P16_A_18',$,$,#15143,#15152,$,$);
#15154=IFCRELCONTAINEDINSPATIALSTRUCTURE('2MP$2kSfr43Rj0vADNfneQ',#5,$,$,(#15153),#105);
#15155=IFCCARTESIANPOINT((12.,25.,-0.5));
#15156=IFCAXIS2PLACEMENT3D(#15155,$,$);
#15157=IFCLOCALPLACEMENT(#104,#15156);
#15158=IFCCARTESIANPOINT((0.,0.));
#15159=IFCAXIS2PLACEMENT2D(#15158,$);
#15160=IFCRECTANGLEPROFILEDEF(.AREA.,$,#15159,14.,0.20000000000000284);
#15161=IFCCARTESIANPOINT((0.,0.,0.));
#15162=IFCAXIS2PLACEMENT3D(#15161,$,$);
#15163=IFCDIRECTION((0.,0.,1.));
#15164=IFCEXTRUDEDAREASOLID(#15160,#15162,#15163,0.5);
#15165=IFCSHAPEREPRESENTATION(#14,'Body','SweptSolid',(#15164));
#15166=IFCPRODUCTDEFINITIONSHAPE($,$,(#15165));
#15167=IFCBEAM('3McAYlRa13Tvs4ptbsC6Y2',#5,'VP_P16_A_25',$,$,#15157,#15166,$,$);
#15168=IFCRELCONTAINEDINSPATIALSTRUCTURE('39RbiYHVbAVBF5wCeM1Kr8',#5,$,$,(#15167),#105);
#15169=IFCCARTESIANPOINT((5.,21.5,-0.5));
#15170=IFCAXIS2PLACEMENT3D(#15169,$,$);
#15171=IFCLOCALPLACEMENT(#104,#15170);
#15172=IFCCARTESIANPOINT((0.,0.));
#15173=IFCAXIS2PLACEMENT2D(#15172,$);
#15174=IFCRECTANGLEPROFILEDEF(.AREA.,$,#15173,0.19999999999999929,7.);
#15175=IFCCARTESIANPOINT((0.,0.,0.));
#15176=IFCAXIS2PLACEMENT3D(#15175,$,$);
#15177=IFCDIRECTION((0.,0.,1.));
#15178=IFCEXTRUDEDAREASOLID(#15174,#15176,#15177,0.5);
#15179=IFCSHAPEREPRESENTATION(#14,'Body','SweptSolid',(#15178));
#15180=IFCPRODUCTDEFINITIONSHAPE($,$,(#15179));
#15181=IFCBEAM('3RJafxYej1SwjN49HRY$F_',#5,'VP_P16_A_5',$,$,#15171,#15180,$,$);
#15182=IFCRELCONTAINEDINSPATIALSTRUCTURE('3VA$V0ADrFavlGZWW$KWFs',#5,$,$,(#15181),#105);
#15183=IFCCARTESIANPOINT((19.,21.5,-0.5));
#15184=IFCAXIS2PLACEMENT3D(#15183,$,$);
#15185=IFCLOCALPLACEMENT(#104,#15184);
#15186=IFCCARTESIANPOINT((0.,0.));
#15187=IFCAXIS2PLACEMENT2D(#15186,$);
#15188=IFCRECTANGLEPROFILEDEF(.AREA.,$,#15187,0.20000000000000284,7.);
#15189=IFCCARTESIANPOINT((0.,0.,0.));
#15190=IFCAXIS2PLACEMENT3D(#15189,$,$);
#15191=IFCDIRECTION((0.,0.,1.));
#15192=IFCEXTRUDEDAREASOLID(#15188,#15190,#15191,0.5);
#15193=IFCSHAPEREPRESENTATION(#14,'Body','SweptSolid',(#15192));
#15194=IFCPRODUCTDEFINITIONSHAPE($,$,(#15193));
#15195=IFCBEAM('0BzOqpA2D7X8X8vLkijgKV',#5,'VP_P16_A_19',$,$,#15185,#15194,$,$);
#15196=IFCRELCONTAINEDINSPATIALSTRUCTURE('3jk7YkCk17ifYtxw7CNnKe',#5,$,$,(#15195),#105);
#15197=IFCCARTESIANPOINT((78.,18.,-0.5));
#15198=IFCAXIS2PLACEMENT3D(#15197,$,$);
#15199=IFCLOCALPLACEMENT(#104,#15198);
#15200=IFCCARTESIANPOINT((0.,0.));
#15201=IFCAXIS2PLACEMENT2D(#15200,$);
#15202=IFCRECTANGLEPROFILEDEF(.AREA.,$,#15201,14.,0.20000000000000284);
#15203=IFCCARTESIANPOINT((0.,0.,0.));
#15204=IFCAXIS2PLACEMENT3D(#15203,$,$);
#15205=IFCDIRECTION((0.,0.,1.));
#15206=IFCEXTRUDEDAREASOLID(#15202,#15204,#15205,0.5);
#15207=IFCSHAPEREPRESENTATION(#14,'Body','SweptSolid',(#15206));
#15208=IFCPRODUCTDEFINITIONSHAPE($,$,(#15207));
#15209=IFCBEAM('1crqQWKD907R$UICg$QlJ0',#5,'VP_P16_B_18',$,$,#15199,#15208,$,$);
#15210=IFCRELCONTAINEDINSPATIALSTRUCTURE('256icSEmnDdw2TwZUazk62',#5,$,$,(#15209),#105);
#15211=IFCCARTESIANPOINT((78.,25.,-0.5));
#15212=IFCAXIS2PLACEMENT3D(#15211,$,$);
#15213=IFCLOCALPLACEMENT(#104,#15212);
#15214=IFCCARTESIANPOINT((0.,0.));
#15215=IFCAXIS2PLACEMENT2D(#15214,$);
#15216=IFCRECTANGLEPROFILEDEF(.AREA.,$,#15215,14.,0.20000000000000284);
#15217=IFCCARTESIANPOINT((0.,0.,0.));
#15218=IFCAXIS2PLACEMENT3D(#15217,$,$);
#15219=IFCDIRECTION((0.,0.,1.));
#15220=IFCEXTRUDEDAREASOLID(#15216,#15218,#15219,0.5);
#15221=IFCSHAPEREPRESENTATION(#14,'Body','SweptSolid',(#15220));
#15222=IFCPRODUCTDEFINITIONSHAPE($,$,(#15221));
#15223=IFCBEAM('1SWOQFFhfBQhv3kZE_Qccc',#5,'VP_P16_B_25',$,$,#15213,#15222,$,$);
#15224=IFCRELCONTAINEDINSPATIALSTRUCTURE('1WIKZBMJ13zB$7fTfsB3Ra',#5,$,$,(#15223),#105);
#15225=IFCCARTESIANPOINT((71.,21.5,-0.5));
#15226=IFCAXIS2PLACEMENT3D(#15225,$,$);
#15227=IFCLOCALPLACEMENT(#104,#15226);
#15228=IFCCARTESIANPOINT((0.,0.));
#15229=IFCAXIS2PLACEMENT2D(#15228,$);
#15230=IFCRECTANGLEPROFILEDEF(.AREA.,$,#15229,0.19999999999998863,7.);
#15231=IFCCARTESIANPOINT((0.,0.,0.));
#15232=IFCAXIS2PLACEMENT3D(#15231,$,$);
#15233=IFCDIRECTION((0.,0.,1.));
#15234=IFCEXTRUDEDAREASOLID(#15230,#15232,#15233,0.5);
#15235=IFCSHAPEREPRESENTATION(#14,'Body','SweptSolid',(#15234));
#15236=IFCPRODUCTDEFINITIONSHAPE($,$,(#15235));
#15237=IFCBEAM('3z8R3WIzn3598zFaW3KRbX',#5,'VP_P16_B_71',$,$,#15227,#15236,$,$);
#15238=IFCRELCONTAINEDINSPATIALSTRUCTURE('09lW_SfCz1VRb5wUlZ_9wl',#5,$,$,(#15237),#105);
#15239=IFCCARTESIANPOINT((85.,21.5,-0.5));
#15240=IFCAXIS2PLACEMENT3D(#15239,$,$);
#15241=IFCLOCALPLACEMENT(#104,#15240);
#15242=IFCCARTESIANPOINT((0.,0.));
#15243=IFCAXIS2PLACEMENT2D(#15242,$);
#15244=IFCRECTANGLEPROFILEDEF(.AREA.,$,#15243,0.19999999999998863,7.);
#15245=IFCCARTESIANPOINT((0.,0.,0.));
#15246=IFCAXIS2PLACEMENT3D(#15245,$,$);
#15247=IFCDIRECTION((0.,0.,1.));
#15248=IFCEXTRUDEDAREASOLID(#15244,#15246,#15247,0.5);
#15249=IFCSHAPEREPRESENTATION(#14,'Body','SweptSolid',(#15248));
#15250=IFCPRODUCTDEFINITIONSHAPE($,$,(#15249));
#15251=IFCBEAM('39WE4lzW18igd3OIydbNDN',#5,'VP_P16_B_85',$,$,#15241,#15250,$,$);
#15252=IFCRELCONTAINEDINSPATIALSTRUCTURE('13DF8uqOf1VBApZOivl7rb',#5,$,$,(#15251),#105);
#15253=IFCCARTESIANPOINT((6.4400000000000004,3.,-0.5));
#15254=IFCAXIS2PLACEMENT3D(#15253,$,$);
#15255=IFCLOCALPLACEMENT(#108,#15254);
#15256=IFCCARTESIANPOINT((0.,0.));
#15257=IFCAXIS2PLACEMENT2D(#15256,$);
#15258=IFCRECTANGLEPROFILEDEF(.AREA.,$,#15257,7.8800000000000008,0.25);
#15259=IFCCARTESIANPOINT((0.,0.,0.));
#15260=IFCAXIS2PLACEMENT3D(#15259,$,$);
#15261=IFCDIRECTION((0.,0.,1.));
#15262=IFCEXTRUDEDAREASOLID(#15258,#15260,#15261,0.5);
#15263=IFCSHAPEREPRESENTATION(#14,'Body','SweptSolid',(#15262));
#15264=IFCPRODUCTDEFINITIONSHAPE($,$,(#15263));
#15265=IFCBEAM('25CAu2bIH5jAUgPgs9Tij_',#5,'VB_P17_3_00',$,$,#15255,#15264,$,$);
#15266=IFCRELCONTAINEDINSPATIALSTRUCTURE('3rycbvPqn7RxU46X9lVcxm',#5,$,$,(#15265),#109);
#15267=IFCCARTESIANPOINT((14.315000000000001,3.,-0.5));
#15268=IFCAXIS2PLACEMENT3D(#15267,$,$);
#15269=IFCLOCALPLACEMENT(#108,#15268);
#15270=IFCCARTESIANPOINT((0.,0.));
#15271=IFCAXIS2PLACEMENT2D(#15270,$);
#15272=IFCRECTANGLEPROFILEDEF(.AREA.,$,#15271,7.8699999999999992,0.25);
#15273=IFCCARTESIANPOINT((0.,0.,0.));
#15274=IFCAXIS2PLACEMENT3D(#15273,$,$);
#15275=IFCDIRECTION((0.,0.,1.));
#15276=IFCEXTRUDEDAREASOLID(#15272,#15274,#15275,0.5);
#15277=IFCSHAPEREPRESENTATION(#14,'Body','SweptSolid',(#15276));
#15278=IFCPRODUCTDEFINITIONSHAPE($,$,(#15277));
#15279=IFCBEAM('0Bfj4xo0HFROwK_c4ZJyhw',#5,'VB_P17_3_01',$,$,#15269,#15278,$,$);
#15280=IFCRELCONTAINEDINSPATIALSTRUCTURE('2FcUpkUR5FNh02Yke2iyb6',#5,$,$,(#15279),#109);
#15281=IFCCARTESIANPOINT((22.189999999999998,3.,-0.5));
#15282=IFCAXIS2PLACEMENT3D(#15281,$,$);
#15283=IFCLOCALPLACEMENT(#108,#15282);
#15284=IFCCARTESIANPOINT((0.,0.));
#15285=IFCAXIS2PLACEMENT2D(#15284,$);
#15286=IFCRECTANGLEPROFILEDEF(.AREA.,$,#15285,7.879999999999999,0.25);
#15287=IFCCARTESIANPOINT((0.,0.,0.));
#15288=IFCAXIS2PLACEMENT3D(#15287,$,$);
#15289=IFCDIRECTION((0.,0.,1.));
#15290=IFCEXTRUDEDAREASOLID(#15286,#15288,#15289,0.5);
#15291=IFCSHAPEREPRESENTATION(#14,'Body','SweptSolid',(#15290));
#15292=IFCPRODUCTDEFINITIONSHAPE($,$,(#15291));
#15293=IFCBEAM('1rq9fAEMz2fBwJvDa7WLvK',#5,'VB_P17_3_02',$,$,#15283,#15292,$,$);
#15294=IFCRELCONTAINEDINSPATIALSTRUCTURE('0sa9$iFqr8Ae9fz$cWITHH',#5,$,$,(#15293),#109);
#15295=IFCCARTESIANPOINT((30.064999999999998,3.,-0.5));
#15296=IFCAXIS2PLACEMENT3D(#15295,$,$);
#15297=IFCLOCALPLACEMENT(#108,#15296);
#15298=IFCCARTESIANPOINT((0.,0.));
#15299=IFCAXIS2PLACEMENT2D(#15298,$);
#15300=IFCRECTANGLEPROFILEDEF(.AREA.,$,#15299,7.870000000000001,0.25);
#15301=IFCCARTESIANPOINT((0.,0.,0.));
#15302=IFCAXIS2PLACEMENT3D(#15301,$,$);
#15303=IFCDIRECTION((0.,0.,1.));
#15304=IFCEXTRUDEDAREASOLID(#15300,#15302,#15303,0.5);
#15305=IFCSHAPEREPRESENTATION(#14,'Body','SweptSolid',(#15304));
#15306=IFCPRODUCTDEFINITIONSHAPE($,$,(#15305));
#15307=IFCBEAM('3PO4IcGZ5D091jfnUJZvT4',#5,'VB_P17_3_03',$,$,#15297,#15306,$,$);
#15308=IFCRELCONTAINEDINSPATIALSTRUCTURE('1bsTOxlAz1i9tiFg6WOz3W',#5,$,$,(#15307),#109);
#15309=IFCCARTESIANPOINT((37.5,3.,-0.5));
#15310=IFCAXIS2PLACEMENT3D(#15309,$,$);
#15311=IFCLOCALPLACEMENT(#108,#15310);
#15312=IFCCARTESIANPOINT((0.,0.));
#15313=IFCAXIS2PLACEMENT2D(#15312,$);
#15314=IFCRECTANGLEPROFILEDEF(.AREA.,$,#15313,7.,0.25);
#15315=IFCCARTESIANPOINT((0.,0.,0.));
#15316=IFCAXIS2PLACEMENT3D(#15315,$,$);
#15317=IFCDIRECTION((0.,0.,1.));
#15318=IFCEXTRUDEDAREASOLID(#15314,#15316,#15317,0.5);
#15319=IFCSHAPEREPRESENTATION(#14,'Body','SweptSolid',(#15318));
#15320=IFCPRODUCTDEFINITIONSHAPE($,$,(#15319));
#15321=IFCBEAM('0LfoJzZhzCOeQb8SEkuFUq',#5,'VB_P17_3_04',$,$,#15311,#15320,$,$);
#15322=IFCRELCONTAINEDINSPATIALSTRUCTURE('0HNUOFosjDMhI5fhCfxjMM',#5,$,$,(#15321),#109);
#15323=IFCCARTESIANPOINT((45.,3.,-0.5));
#15324=IFCAXIS2PLACEMENT3D(#15323,$,$);
#15325=IFCLOCALPLACEMENT(#108,#15324);
#15326=IFCCARTESIANPOINT((0.,0.));
#15327=IFCAXIS2PLACEMENT2D(#15326,$);
#15328=IFCRECTANGLEPROFILEDEF(.AREA.,$,#15327,8.,0.25);
#15329=IFCCARTESIANPOINT((0.,0.,0.));
#15330=IFCAXIS2PLACEMENT3D(#15329,$,$);
#15331=IFCDIRECTION((0.,0.,1.));
#15332=IFCEXTRUDEDAREASOLID(#15328,#15330,#15331,0.5);
#15333=IFCSHAPEREPRESENTATION(#14,'Body','SweptSolid',(#15332));
#15334=IFCPRODUCTDEFINITIONSHAPE($,$,(#15333));
#15335=IFCBEAM('1GxLwhtvf5xx_UmIk$ccsE',#5,'VB_P17_3_05',$,$,#15325,#15334,$,$);
#15336=IFCRELCONTAINEDINSPATIALSTRUCTURE('1hC6KQptbDDhwAV1PTNzcR',#5,$,$,(#15335),#109);
#15337=IFCCARTESIANPOINT((52.5,3.,-0.5));
#15338=IFCAXIS2PLACEMENT3D(#15337,$,$);
#15339=IFCLOCALPLACEMENT(#108,#15338);
#15340=IFCCARTESIANPOINT((0.,0.));
#15341=IFCAXIS2PLACEMENT2D(#15340,$);
#15342=IFCRECTANGLEPROFILEDEF(.AREA.,$,#15341,7.,0.25);
#15343=IFCCARTESIANPOINT((0.,0.,0.));
#15344=IFCAXIS2PLACEMENT3D(#15343,$,$);
#15345=IFCDIRECTION((0.,0.,1.));
#15346=IFCEXTRUDEDAREASOLID(#15342,#15344,#15345,0.5);
#15347=IFCSHAPEREPRESENTATION(#14,'Body','SweptSolid',(#15346));
#15348=IFCPRODUCTDEFINITIONSHAPE($,$,(#15347));
#15349=IFCBEAM('1n_6L4BGDFsAq0zncRX5HS',#5,'VB_P17_3_06',$,$,#15339,#15348,$,$);
#15350=IFCRELCONTAINEDINSPATIALSTRUCTURE('1aCKxmXkT2J9DsEIVLB6Fb',#5,$,$,(#15349),#109);
#15351=IFCCARTESIANPOINT((59.939999999999998,3.,-0.5));
#15352=IFCAXIS2PLACEMENT3D(#15351,$,$);
#15353=IFCLOCALPLACEMENT(#108,#15352);
#15354=IFCCARTESIANPOINT((0.,0.));
#15355=IFCAXIS2PLACEMENT2D(#15354,$);
#15356=IFCRECTANGLEPROFILEDEF(.AREA.,$,#15355,7.8800000000000026,0.25);
#15357=IFCCARTESIANPOINT((0.,0.,0.));
#15358=IFCAXIS2PLACEMENT3D(#15357,$,$);
#15359=IFCDIRECTION((0.,0.,1.));
#15360=IFCEXTRUDEDAREASOLID(#15356,#15358,#15359,0.5);
#15361=IFCSHAPEREPRESENTATION(#14,'Body','SweptSolid',(#15360));
#15362=IFCPRODUCTDEFINITIONSHAPE($,$,(#15361));
#15363=IFCBEAM('1K2OjkHnz33ugGyDdLIGbm',#5,'VB_P17_3_07',$,$,#15353,#15362,$,$);
#15364=IFCRELCONTAINEDINSPATIALSTRUCTURE('2EsA6ljA55GRBm0KPUHpPn',#5,$,$,(#15363),#109);
#15365=IFCCARTESIANPOINT((67.814999999999998,3.,-0.5));
#15366=IFCAXIS2PLACEMENT3D(#15365,$,$);
#15367=IFCLOCALPLACEMENT(#108,#15366);
#15368=IFCCARTESIANPOINT((0.,0.));
#15369=IFCAXIS2PLACEMENT2D(#15368,$);
#15370=IFCRECTANGLEPROFILEDEF(.AREA.,$,#15369,7.8699999999999974,0.25);
#15371=IFCCARTESIANPOINT((0.,0.,0.));
#15372=IFCAXIS2PLACEMENT3D(#15371,$,$);
#15373=IFCDIRECTION((0.,0.,1.));
#15374=IFCEXTRUDEDAREASOLID(#15370,#15372,#15373,0.5);
#15375=IFCSHAPEREPRESENTATION(#14,'Body','SweptSolid',(#15374));
#15376=IFCPRODUCTDEFINITIONSHAPE($,$,(#15375));
#15377=IFCBEAM('1bG_02zq14TOpU2dJ6GGmI',#5,'VB_P17_3_08',$,$,#15367,#15376,$,$);
#15378=IFCRELCONTAINEDINSPATIALSTRUCTURE('1jK1ZzDh108uw4eWYpVGAx',#5,$,$,(#15377),#109);
#15379=IFCCARTESIANPOINT((75.689999999999998,3.,-0.5));
#15380=IFCAXIS2PLACEMENT3D(#15379,$,$);
#15381=IFCLOCALPLACEMENT(#108,#15380);
#15382=IFCCARTESIANPOINT((0.,0.));
#15383=IFCAXIS2PLACEMENT2D(#15382,$);
#15384=IFCRECTANGLEPROFILEDEF(.AREA.,$,#15383,7.8799999999999955,0.25);
#15385=IFCCARTESIANPOINT((0.,0.,0.));
#15386=IFCAXIS2PLACEMENT3D(#15385,$,$);
#15387=IFCDIRECTION((0.,0.,1.));
#15388=IFCEXTRUDEDAREASOLID(#15384,#15386,#15387,0.5);
#15389=IFCSHAPEREPRESENTATION(#14,'Body','SweptSolid',(#15388));
#15390=IFCPRODUCTDEFINITIONSHAPE($,$,(#15389));
#15391=IFCBEAM('13fqfE2AbDjwSCcFUiKhmB',#5,'VB_P17_3_09',$,$,#15381,#15390,$,$);
#15392=IFCRELCONTAINEDINSPATIALSTRUCTURE('1zozfL3PDDhBzXSdpageTD',#5,$,$,(#15391),#109);
#15393=IFCCARTESIANPOINT((83.564999999999998,3.,-0.5));
#15394=IFCAXIS2PLACEMENT3D(#15393,$,$);
#15395=IFCLOCALPLACEMENT(#108,#15394);
#15396=IFCCARTESIANPOINT((0.,0.));
#15397=IFCAXIS2PLACEMENT2D(#15396,$);
#15398=IFCRECTANGLEPROFILEDEF(.AREA.,$,#15397,7.8700000000000045,0.25);
#15399=IFCCARTESIANPOINT((0.,0.,0.));
#15400=IFCAXIS2PLACEMENT3D(#15399,$,$);
#15401=IFCDIRECTION((0.,0.,1.));
#15402=IFCEXTRUDEDAREASOLID(#15398,#15400,#15401,0.5);
#15403=IFCSHAPEREPRESENTATION(#14,'Body','SweptSolid',(#15402));
#15404=IFCPRODUCTDEFINITIONSHAPE($,$,(#15403));
#15405=IFCBEAM('2LRSvxSsr0SODeWxFlchpe',#5,'VB_P17_3_10',$,$,#15395,#15404,$,$);
#15406=IFCRELCONTAINEDINSPATIALSTRUCTURE('1AKOCF3dvB49evILLqQqSF',#5,$,$,(#15405),#109);
#15407=IFCCARTESIANPOINT((6.4400000000000004,40.,-0.5));
#15408=IFCAXIS2PLACEMENT3D(#15407,$,$);
#15409=IFCLOCALPLACEMENT(#108,#15408);
#15410=IFCCARTESIANPOINT((0.,0.));
#15411=IFCAXIS2PLACEMENT2D(#15410,$);
#15412=IFCRECTANGLEPROFILEDEF(.AREA.,$,#15411,7.8800000000000008,0.25);
#15413=IFCCARTESIANPOINT((0.,0.,0.));
#15414=IFCAXIS2PLACEMENT3D(#15413,$,$);
#15415=IFCDIRECTION((0.,0.,1.));
#15416=IFCEXTRUDEDAREASOLID(#15412,#15414,#15415,0.5);
#15417=IFCSHAPEREPRESENTATION(#14,'Body','SweptSolid',(#15416));
#15418=IFCPRODUCTDEFINITIONSHAPE($,$,(#15417));
#15419=IFCBEAM('3R6pj$XGPCNwRQUfmRnG_V',#5,'VB_P17_40_00',$,$,#15409,#15418,$,$);
#15420=IFCRELCONTAINEDINSPATIALSTRUCTURE('2ZTEqD5ZL29hm41fMY_QdD',#5,$,$,(#15419),#109);
#15421=IFCCARTESIANPOINT((14.315000000000001,40.,-0.5));
#15422=IFCAXIS2PLACEMENT3D(#15421,$,$);
#15423=IFCLOCALPLACEMENT(#108,#15422);
#15424=IFCCARTESIANPOINT((0.,0.));
#15425=IFCAXIS2PLACEMENT2D(#15424,$);
#15426=IFCRECTANGLEPROFILEDEF(.AREA.,$,#15425,7.8699999999999992,0.25);
#15427=IFCCARTESIANPOINT((0.,0.,0.));
#15428=IFCAXIS2PLACEMENT3D(#15427,$,$);
#15429=IFCDIRECTION((0.,0.,1.));
#15430=IFCEXTRUDEDAREASOLID(#15426,#15428,#15429,0.5);
#15431=IFCSHAPEREPRESENTATION(#14,'Body','SweptSolid',(#15430));
#15432=IFCPRODUCTDEFINITIONSHAPE($,$,(#15431));
#15433=IFCBEAM('3FzygUBYvA0Qj3w$fF6J8T',#5,'VB_P17_40_01',$,$,#15423,#15432,$,$);
#15434=IFCRELCONTAINEDINSPATIALSTRUCTURE('3NbCpJhknDBAl$ALYeJCy5',#5,$,$,(#15433),#109);
#15435=IFCCARTESIANPOINT((22.189999999999998,40.,-0.5));
#15436=IFCAXIS2PLACEMENT3D(#15435,$,$);
#15437=IFCLOCALPLACEMENT(#108,#15436);
#15438=IFCCARTESIANPOINT((0.,0.));
#15439=IFCAXIS2PLACEMENT2D(#15438,$);
#15440=IFCRECTANGLEPROFILEDEF(.AREA.,$,#15439,7.879999999999999,0.25);
#15441=IFCCARTESIANPOINT((0.,0.,0.));
#15442=IFCAXIS2PLACEMENT3D(#15441,$,$);
#15443=IFCDIRECTION((0.,0.,1.));
#15444=IFCEXTRUDEDAREASOLID(#15440,#15442,#15443,0.5);
#15445=IFCSHAPEREPRESENTATION(#14,'Body','SweptSolid',(#15444));
#15446=IFCPRODUCTDEFINITIONSHAPE($,$,(#15445));
#15447=IFCBEAM('23GN_YBqH0nx1EWe19C_Qn',#5,'VB_P17_40_02',$,$,#15437,#15446,$,$);
#15448=IFCRELCONTAINEDINSPATIALSTRUCTURE('1VoPDTMg95JA2QkEehnYvD',#5,$,$,(#15447),#109);
#15449=IFCCARTESIANPOINT((30.064999999999998,40.,-0.5));
#15450=IFCAXIS2PLACEMENT3D(#15449,$,$);
#15451=IFCLOCALPLACEMENT(#108,#15450);
#15452=IFCCARTESIANPOINT((0.,0.));
#15453=IFCAXIS2PLACEMENT2D(#15452,$);
#15454=IFCRECTANGLEPROFILEDEF(.AREA.,$,#15453,7.870000000000001,0.25);
#15455=IFCCARTESIANPOINT((0.,0.,0.));
#15456=IFCAXIS2PLACEMENT3D(#15455,$,$);
#15457=IFCDIRECTION((0.,0.,1.));
#15458=IFCEXTRUDEDAREASOLID(#15454,#15456,#15457,0.5);
#15459=IFCSHAPEREPRESENTATION(#14,'Body','SweptSolid',(#15458));
#15460=IFCPRODUCTDEFINITIONSHAPE($,$,(#15459));
#15461=IFCBEAM('1anCDXptD3gAZOOnDK2JdI',#5,'VB_P17_40_03',$,$,#15451,#15460,$,$);
#15462=IFCRELCONTAINEDINSPATIALSTRUCTURE('1J$sYQ0F1F5vuKfRNUjGog',#5,$,$,(#15461),#109);
#15463=IFCCARTESIANPOINT((37.5,40.,-0.5));
#15464=IFCAXIS2PLACEMENT3D(#15463,$,$);
#15465=IFCLOCALPLACEMENT(#108,#15464);
#15466=IFCCARTESIANPOINT((0.,0.));
#15467=IFCAXIS2PLACEMENT2D(#15466,$);
#15468=IFCRECTANGLEPROFILEDEF(.AREA.,$,#15467,7.,0.25);
#15469=IFCCARTESIANPOINT((0.,0.,0.));
#15470=IFCAXIS2PLACEMENT3D(#15469,$,$);
#15471=IFCDIRECTION((0.,0.,1.));
#15472=IFCEXTRUDEDAREASOLID(#15468,#15470,#15471,0.5);
#15473=IFCSHAPEREPRESENTATION(#14,'Body','SweptSolid',(#15472));
#15474=IFCPRODUCTDEFINITIONSHAPE($,$,(#15473));
#15475=IFCBEAM('11LVhJhKTCtx0z4dAJVC21',#5,'VB_P17_40_04',$,$,#15465,#15474,$,$);
#15476=IFCRELCONTAINEDINSPATIALSTRUCTURE('1eC1$jcNDF0A_u_dZbMEA8',#5,$,$,(#15475),#109);
#15477=IFCCARTESIANPOINT((45.,40.,-0.5));
#15478=IFCAXIS2PLACEMENT3D(#15477,$,$);
#15479=IFCLOCALPLACEMENT(#108,#15478);
#15480=IFCCARTESIANPOINT((0.,0.));
#15481=IFCAXIS2PLACEMENT2D(#15480,$);
#15482=IFCRECTANGLEPROFILEDEF(.AREA.,$,#15481,8.,0.25);
#15483=IFCCARTESIANPOINT((0.,0.,0.));
#15484=IFCAXIS2PLACEMENT3D(#15483,$,$);
#15485=IFCDIRECTION((0.,0.,1.));
#15486=IFCEXTRUDEDAREASOLID(#15482,#15484,#15485,0.5);
#15487=IFCSHAPEREPRESENTATION(#14,'Body','SweptSolid',(#15486));
#15488=IFCPRODUCTDEFINITIONSHAPE($,$,(#15487));
#15489=IFCBEAM('1FT2w50X55fPQ8O2ow_V5T',#5,'VB_P17_40_05',$,$,#15479,#15488,$,$);
#15490=IFCRELCONTAINEDINSPATIALSTRUCTURE('2KRV7mJIfEWvzY4Y$SoX9a',#5,$,$,(#15489),#109);
#15491=IFCCARTESIANPOINT((52.5,40.,-0.5));
#15492=IFCAXIS2PLACEMENT3D(#15491,$,$);
#15493=IFCLOCALPLACEMENT(#108,#15492);
#15494=IFCCARTESIANPOINT((0.,0.));
#15495=IFCAXIS2PLACEMENT2D(#15494,$);
#15496=IFCRECTANGLEPROFILEDEF(.AREA.,$,#15495,7.,0.25);
#15497=IFCCARTESIANPOINT((0.,0.,0.));
#15498=IFCAXIS2PLACEMENT3D(#15497,$,$);
#15499=IFCDIRECTION((0.,0.,1.));
#15500=IFCEXTRUDEDAREASOLID(#15496,#15498,#15499,0.5);
#15501=IFCSHAPEREPRESENTATION(#14,'Body','SweptSolid',(#15500));
#15502=IFCPRODUCTDEFINITIONSHAPE($,$,(#15501));
#15503=IFCBEAM('2SeyYw9317fxBMxfjpvnlz',#5,'VB_P17_40_06',$,$,#15493,#15502,$,$);
#15504=IFCRELCONTAINEDINSPATIALSTRUCTURE('1ndQXHUeLCTB6DNpHe05xw',#5,$,$,(#15503),#109);
#15505=IFCCARTESIANPOINT((59.939999999999998,40.,-0.5));
#15506=IFCAXIS2PLACEMENT3D(#15505,$,$);
#15507=IFCLOCALPLACEMENT(#108,#15506);
#15508=IFCCARTESIANPOINT((0.,0.));
#15509=IFCAXIS2PLACEMENT2D(#15508,$);
#15510=IFCRECTANGLEPROFILEDEF(.AREA.,$,#15509,7.8800000000000026,0.25);
#15511=IFCCARTESIANPOINT((0.,0.,0.));
#15512=IFCAXIS2PLACEMENT3D(#15511,$,$);
#15513=IFCDIRECTION((0.,0.,1.));
#15514=IFCEXTRUDEDAREASOLID(#15510,#15512,#15513,0.5);
#15515=IFCSHAPEREPRESENTATION(#14,'Body','SweptSolid',(#15514));
#15516=IFCPRODUCTDEFINITIONSHAPE($,$,(#15515));
#15517=IFCBEAM('2PtEuK2jvBN8$bL0vJw$I9',#5,'VB_P17_40_07',$,$,#15507,#15516,$,$);
#15518=IFCRELCONTAINEDINSPATIALSTRUCTURE('2t2eaZg$X9IujN_UzyC3xd',#5,$,$,(#15517),#109);
#15519=IFCCARTESIANPOINT((67.814999999999998,40.,-0.5));
#15520=IFCAXIS2PLACEMENT3D(#15519,$,$);
#15521=IFCLOCALPLACEMENT(#108,#15520);
#15522=IFCCARTESIANPOINT((0.,0.));
#15523=IFCAXIS2PLACEMENT2D(#15522,$);
#15524=IFCRECTANGLEPROFILEDEF(.AREA.,$,#15523,7.8699999999999974,0.25);
#15525=IFCCARTESIANPOINT((0.,0.,0.));
#15526=IFCAXIS2PLACEMENT3D(#15525,$,$);
#15527=IFCDIRECTION((0.,0.,1.));
#15528=IFCEXTRUDEDAREASOLID(#15524,#15526,#15527,0.5);
#15529=IFCSHAPEREPRESENTATION(#14,'Body','SweptSolid',(#15528));
#15530=IFCPRODUCTDEFINITIONSHAPE($,$,(#15529));
#15531=IFCBEAM('0kn7o_err8qwvUuLYl$oBg',#5,'VB_P17_40_08',$,$,#15521,#15530,$,$);
#15532=IFCRELCONTAINEDINSPATIALSTRUCTURE('1t346F5Zj3z8qpphJDytIa',#5,$,$,(#15531),#109);
#15533=IFCCARTESIANPOINT((75.689999999999998,40.,-0.5));
#15534=IFCAXIS2PLACEMENT3D(#15533,$,$);
#15535=IFCLOCALPLACEMENT(#108,#15534);
#15536=IFCCARTESIANPOINT((0.,0.));
#15537=IFCAXIS2PLACEMENT2D(#15536,$);
#15538=IFCRECTANGLEPROFILEDEF(.AREA.,$,#15537,7.8799999999999955,0.25);
#15539=IFCCARTESIANPOINT((0.,0.,0.));
#15540=IFCAXIS2PLACEMENT3D(#15539,$,$);
#15541=IFCDIRECTION((0.,0.,1.));
#15542=IFCEXTRUDEDAREASOLID(#15538,#15540,#15541,0.5);
#15543=IFCSHAPEREPRESENTATION(#14,'Body','SweptSolid',(#15542));
#15544=IFCPRODUCTDEFINITIONSHAPE($,$,(#15543));
#15545=IFCBEAM('3o4cEbLE9EqPXZ67e37xNc',#5,'VB_P17_40_09',$,$,#15535,#15544,$,$);
#15546=IFCRELCONTAINEDINSPATIALSTRUCTURE('37A2s6$Xr6UBKBUw4k_xoS',#5,$,$,(#15545),#109);
#15547=IFCCARTESIANPOINT((83.564999999999998,40.,-0.5));
#15548=IFCAXIS2PLACEMENT3D(#15547,$,$);
#15549=IFCLOCALPLACEMENT(#108,#15548);
#15550=IFCCARTESIANPOINT((0.,0.));
#15551=IFCAXIS2PLACEMENT2D(#15550,$);
#15552=IFCRECTANGLEPROFILEDEF(.AREA.,$,#15551,7.8700000000000045,0.25);
#15553=IFCCARTESIANPOINT((0.,0.,0.));
#15554=IFCAXIS2PLACEMENT3D(#15553,$,$);
#15555=IFCDIRECTION((0.,0.,1.));
#15556=IFCEXTRUDEDAREASOLID(#15552,#15554,#15555,0.5);
#15557=IFCSHAPEREPRESENTATION(#14,'Body','SweptSolid',(#15556));
#15558=IFCPRODUCTDEFINITIONSHAPE($,$,(#15557));
#15559=IFCBEAM('19MmbVh8D5KBEmsy6aktVC',#5,'VB_P17_40_10',$,$,#15549,#15558,$,$);
#15560=IFCRELCONTAINEDINSPATIALSTRUCTURE('1dcM8iNcLANeNfNuprn2F_',#5,$,$,(#15559),#109);
#15561=IFCCARTESIANPOINT((2.5,6.5,-0.5));
#15562=IFCAXIS2PLACEMENT3D(#15561,$,$);
#15563=IFCLOCALPLACEMENT(#108,#15562);
#15564=IFCCARTESIANPOINT((0.,0.));
#15565=IFCAXIS2PLACEMENT2D(#15564,$);
#15566=IFCRECTANGLEPROFILEDEF(.AREA.,$,#15565,0.25,7.);
#15567=IFCCARTESIANPOINT((0.,0.,0.));
#15568=IFCAXIS2PLACEMENT3D(#15567,$,$);
#15569=IFCDIRECTION((0.,0.,1.));
#15570=IFCEXTRUDEDAREASOLID(#15566,#15568,#15569,0.5);
#15571=IFCSHAPEREPRESENTATION(#14,'Body','SweptSolid',(#15570));
#15572=IFCPRODUCTDEFINITIONSHAPE($,$,(#15571));
#15573=IFCBEAM('2hHfxXufDEIRrhwL6m7c62',#5,'VB_P17_2_00',$,$,#15563,#15572,$,$);
#15574=IFCRELCONTAINEDINSPATIALSTRUCTURE('2UIpPAGbz6BehJjhjI9wTm',#5,$,$,(#15573),#109);
#15575=IFCCARTESIANPOINT((2.5,13.5,-0.5));
#15576=IFCAXIS2PLACEMENT3D(#15575,$,$);
#15577=IFCLOCALPLACEMENT(#108,#15576);
#15578=IFCCARTESIANPOINT((0.,0.));
#15579=IFCAXIS2PLACEMENT2D(#15578,$);
#15580=IFCRECTANGLEPROFILEDEF(.AREA.,$,#15579,0.25,7.);
#15581=IFCCARTESIANPOINT((0.,0.,0.));
#15582=IFCAXIS2PLACEMENT3D(#15581,$,$);
#15583=IFCDIRECTION((0.,0.,1.));
#15584=IFCEXTRUDEDAREASOLID(#15580,#15582,#15583,0.5);
#15585=IFCSHAPEREPRESENTATION(#14,'Body','SweptSolid',(#15584));
#15586=IFCPRODUCTDEFINITIONSHAPE($,$,(#15585));
#15587=IFCBEAM('1Yco63FS53NeUt6HE7YAWi',#5,'VB_P17_2_01',$,$,#15577,#15586,$,$);
#15588=IFCRELCONTAINEDINSPATIALSTRUCTURE('11vZPGRqLBku$z$H8N1146',#5,$,$,(#15587),#109);
#15589=IFCCARTESIANPOINT((2.5,21.5,-0.5));
#15590=IFCAXIS2PLACEMENT3D(#15589,$,$);
#15591=IFCLOCALPLACEMENT(#108,#15590);
#15592=IFCCARTESIANPOINT((0.,0.));
#15593=IFCAXIS2PLACEMENT2D(#15592,$);
#15594=IFCRECTANGLEPROFILEDEF(.AREA.,$,#15593,0.25,9.);
#15595=IFCCARTESIANPOINT((0.,0.,0.));
#15596=IFCAXIS2PLACEMENT3D(#15595,$,$);
#15597=IFCDIRECTION((0.,0.,1.));
#15598=IFCEXTRUDEDAREASOLID(#15594,#15596,#15597,0.5);
#15599=IFCSHAPEREPRESENTATION(#14,'Body','SweptSolid',(#15598));
#15600=IFCPRODUCTDEFINITIONSHAPE($,$,(#15599));
#15601=IFCBEAM('2j7k35tO9CXRQGZ8sndECF',#5,'VB_P17_2_02',$,$,#15591,#15600,$,$);
#15602=IFCRELCONTAINEDINSPATIALSTRUCTURE('0iUsWC3AP94Qb_9T1xKdk1',#5,$,$,(#15601),#109);
#15603=IFCCARTESIANPOINT((2.5,29.5,-0.5));
#15604=IFCAXIS2PLACEMENT3D(#15603,$,$);
#15605=IFCLOCALPLACEMENT(#108,#15604);
#15606=IFCCARTESIANPOINT((0.,0.));
#15607=IFCAXIS2PLACEMENT2D(#15606,$);
#15608=IFCRECTANGLEPROFILEDEF(.AREA.,$,#15607,0.25,7.);
#15609=IFCCARTESIANPOINT((0.,0.,0.));
#15610=IFCAXIS2PLACEMENT3D(#15609,$,$);
#15611=IFCDIRECTION((0.,0.,1.));
#15612=IFCEXTRUDEDAREASOLID(#15608,#15610,#15611,0.5);
#15613=IFCSHAPEREPRESENTATION(#14,'Body','SweptSolid',(#15612));
#15614=IFCPRODUCTDEFINITIONSHAPE($,$,(#15613));
#15615=IFCBEAM('24nTd17SHDzfEMzfvaY_t_',#5,'VB_P17_2_03',$,$,#15605,#15614,$,$);
#15616=IFCRELCONTAINEDINSPATIALSTRUCTURE('3Wu8znKvH5pPzXnCxjmi56',#5,$,$,(#15615),#109);
#15617=IFCCARTESIANPOINT((2.5,36.5,-0.5));
#15618=IFCAXIS2PLACEMENT3D(#15617,$,$);
#15619=IFCLOCALPLACEMENT(#108,#15618);
#15620=IFCCARTESIANPOINT((0.,0.));
#15621=IFCAXIS2PLACEMENT2D(#15620,$);
#15622=IFCRECTANGLEPROFILEDEF(.AREA.,$,#15621,0.25,7.);
#15623=IFCCARTESIANPOINT((0.,0.,0.));
#15624=IFCAXIS2PLACEMENT3D(#15623,$,$);
#15625=IFCDIRECTION((0.,0.,1.));
#15626=IFCEXTRUDEDAREASOLID(#15622,#15624,#15625,0.5);
#15627=IFCSHAPEREPRESENTATION(#14,'Body','SweptSolid',(#15626));
#15628=IFCPRODUCTDEFINITIONSHAPE($,$,(#15627));
#15629=IFCBEAM('3Y0kHxmFHAcBy5pWBXsbTr',#5,'VB_P17_2_04',$,$,#15619,#15628,$,$);
#15630=IFCRELCONTAINEDINSPATIALSTRUCTURE('2zwlVs6GP85BoxEmTMmmcD',#5,$,$,(#15629),#109);
#15631=IFCCARTESIANPOINT((87.5,6.5,-0.5));
#15632=IFCAXIS2PLACEMENT3D(#15631,$,$);
#15633=IFCLOCALPLACEMENT(#108,#15632);
#15634=IFCCARTESIANPOINT((0.,0.));
#15635=IFCAXIS2PLACEMENT2D(#15634,$);
#15636=IFCRECTANGLEPROFILEDEF(.AREA.,$,#15635,0.25,7.);
#15637=IFCCARTESIANPOINT((0.,0.,0.));
#15638=IFCAXIS2PLACEMENT3D(#15637,$,$);
#15639=IFCDIRECTION((0.,0.,1.));
#15640=IFCEXTRUDEDAREASOLID(#15636,#15638,#15639,0.5);
#15641=IFCSHAPEREPRESENTATION(#14,'Body','SweptSolid',(#15640));
#15642=IFCPRODUCTDEFINITIONSHAPE($,$,(#15641));
#15643=IFCBEAM('1nc673jnvEcwn1xfJX0d_L',#5,'VB_P17_88_00',$,$,#15633,#15642,$,$);
#15644=IFCRELCONTAINEDINSPATIALSTRUCTURE('2IeMb5ZfvDgQX$5XQZt3FN',#5,$,$,(#15643),#109);
#15645=IFCCARTESIANPOINT((87.5,13.5,-0.5));
#15646=IFCAXIS2PLACEMENT3D(#15645,$,$);
#15647=IFCLOCALPLACEMENT(#108,#15646);
#15648=IFCCARTESIANPOINT((0.,0.));
#15649=IFCAXIS2PLACEMENT2D(#15648,$);
#15650=IFCRECTANGLEPROFILEDEF(.AREA.,$,#15649,0.25,7.);
#15651=IFCCARTESIANPOINT((0.,0.,0.));
#15652=IFCAXIS2PLACEMENT3D(#15651,$,$);
#15653=IFCDIRECTION((0.,0.,1.));
#15654=IFCEXTRUDEDAREASOLID(#15650,#15652,#15653,0.5);
#15655=IFCSHAPEREPRESENTATION(#14,'Body','SweptSolid',(#15654));
#15656=IFCPRODUCTDEFINITIONSHAPE($,$,(#15655));
#15657=IFCBEAM('0KkpiKZED8BBzTFuD6SHl0',#5,'VB_P17_88_01',$,$,#15647,#15656,$,$);
#15658=IFCRELCONTAINEDINSPATIALSTRUCTURE('1fdoCZL917QBiMLLhkJSKZ',#5,$,$,(#15657),#109);
#15659=IFCCARTESIANPOINT((87.5,21.5,-0.5));
#15660=IFCAXIS2PLACEMENT3D(#15659,$,$);
#15661=IFCLOCALPLACEMENT(#108,#15660);
#15662=IFCCARTESIANPOINT((0.,0.));
#15663=IFCAXIS2PLACEMENT2D(#15662,$);
#15664=IFCRECTANGLEPROFILEDEF(.AREA.,$,#15663,0.25,9.);
#15665=IFCCARTESIANPOINT((0.,0.,0.));
#15666=IFCAXIS2PLACEMENT3D(#15665,$,$);
#15667=IFCDIRECTION((0.,0.,1.));
#15668=IFCEXTRUDEDAREASOLID(#15664,#15666,#15667,0.5);
#15669=IFCSHAPEREPRESENTATION(#14,'Body','SweptSolid',(#15668));
#15670=IFCPRODUCTDEFINITIONSHAPE($,$,(#15669));
#15671=IFCBEAM('3j2c416PnELeAooZfUtnlI',#5,'VB_P17_88_02',$,$,#15661,#15670,$,$);
#15672=IFCRELCONTAINEDINSPATIALSTRUCTURE('2t28D716XAMgox_i6pLDRZ',#5,$,$,(#15671),#109);
#15673=IFCCARTESIANPOINT((87.5,29.5,-0.5));
#15674=IFCAXIS2PLACEMENT3D(#15673,$,$);
#15675=IFCLOCALPLACEMENT(#108,#15674);
#15676=IFCCARTESIANPOINT((0.,0.));
#15677=IFCAXIS2PLACEMENT2D(#15676,$);
#15678=IFCRECTANGLEPROFILEDEF(.AREA.,$,#15677,0.25,7.);
#15679=IFCCARTESIANPOINT((0.,0.,0.));
#15680=IFCAXIS2PLACEMENT3D(#15679,$,$);
#15681=IFCDIRECTION((0.,0.,1.));
#15682=IFCEXTRUDEDAREASOLID(#15678,#15680,#15681,0.5);
#15683=IFCSHAPEREPRESENTATION(#14,'Body','SweptSolid',(#15682));
#15684=IFCPRODUCTDEFINITIONSHAPE($,$,(#15683));
#15685=IFCBEAM('2At576SKnCgA2GCbSSPqhl',#5,'VB_P17_88_03',$,$,#15675,#15684,$,$);
#15686=IFCRELCONTAINEDINSPATIALSTRUCTURE('0U9$SrnLT2MfXnmecTEZpJ',#5,$,$,(#15685),#109);
#15687=IFCCARTESIANPOINT((87.5,36.5,-0.5));
#15688=IFCAXIS2PLACEMENT3D(#15687,$,$);
#15689=IFCLOCALPLACEMENT(#108,#15688);
#15690=IFCCARTESIANPOINT((0.,0.));
#15691=IFCAXIS2PLACEMENT2D(#15690,$);
#15692=IFCRECTANGLEPROFILEDEF(.AREA.,$,#15691,0.25,7.);
#15693=IFCCARTESIANPOINT((0.,0.,0.));
#15694=IFCAXIS2PLACEMENT3D(#15693,$,$);
#15695=IFCDIRECTION((0.,0.,1.));
#15696=IFCEXTRUDEDAREASOLID(#15692,#15694,#15695,0.5);
#15697=IFCSHAPEREPRESENTATION(#14,'Body','SweptSolid',(#15696));
#15698=IFCPRODUCTDEFINITIONSHAPE($,$,(#15697));
#15699=IFCBEAM('05mj81tFHBifwwY2uq$PZm',#5,'VB_P17_88_04',$,$,#15689,#15698,$,$);
#15700=IFCRELCONTAINEDINSPATIALSTRUCTURE('0ZjfltXGD5vOyrTAyygthe',#5,$,$,(#15699),#109);
#15701=IFCCARTESIANPOINT((12.,18.,-0.5));
#15702=IFCAXIS2PLACEMENT3D(#15701,$,$);
#15703=IFCLOCALPLACEMENT(#108,#15702);
#15704=IFCCARTESIANPOINT((0.,0.));
#15705=IFCAXIS2PLACEMENT2D(#15704,$);
#15706=IFCRECTANGLEPROFILEDEF(.AREA.,$,#15705,14.,0.20000000000000284);
#15707=IFCCARTESIANPOINT((0.,0.,0.));
#15708=IFCAXIS2PLACEMENT3D(#15707,$,$);
#15709=IFCDIRECTION((0.,0.,1.));
#15710=IFCEXTRUDEDAREASOLID(#15706,#15708,#15709,0.5);
#15711=IFCSHAPEREPRESENTATION(#14,'Body','SweptSolid',(#15710));
#15712=IFCPRODUCTDEFINITIONSHAPE($,$,(#15711));
#15713=IFCBEAM('0cinlR8sHFhBSkIJWBiF7u',#5,'VP_P17_A_18',$,$,#15703,#15712,$,$);
#15714=IFCRELCONTAINEDINSPATIALSTRUCTURE('2ajTy4mhv1KfgFx5g__DEZ',#5,$,$,(#15713),#109);
#15715=IFCCARTESIANPOINT((12.,25.,-0.5));
#15716=IFCAXIS2PLACEMENT3D(#15715,$,$);
#15717=IFCLOCALPLACEMENT(#108,#15716);
#15718=IFCCARTESIANPOINT((0.,0.));
#15719=IFCAXIS2PLACEMENT2D(#15718,$);
#15720=IFCRECTANGLEPROFILEDEF(.AREA.,$,#15719,14.,0.20000000000000284);
#15721=IFCCARTESIANPOINT((0.,0.,0.));
#15722=IFCAXIS2PLACEMENT3D(#15721,$,$);
#15723=IFCDIRECTION((0.,0.,1.));
#15724=IFCEXTRUDEDAREASOLID(#15720,#15722,#15723,0.5);
#15725=IFCSHAPEREPRESENTATION(#14,'Body','SweptSolid',(#15724));
#15726=IFCPRODUCTDEFINITIONSHAPE($,$,(#15725));
#15727=IFCBEAM('2vuD2l5Tf4iAwQ03RF2NgO',#5,'VP_P17_A_25',$,$,#15717,#15726,$,$);
#15728=IFCRELCONTAINEDINSPATIALSTRUCTURE('0lEf2drBf9kRuOS$GqI_gW',#5,$,$,(#15727),#109);
#15729=IFCCARTESIANPOINT((5.,21.5,-0.5));
#15730=IFCAXIS2PLACEMENT3D(#15729,$,$);
#15731=IFCLOCALPLACEMENT(#108,#15730);
#15732=IFCCARTESIANPOINT((0.,0.));
#15733=IFCAXIS2PLACEMENT2D(#15732,$);
#15734=IFCRECTANGLEPROFILEDEF(.AREA.,$,#15733,0.19999999999999929,7.);
#15735=IFCCARTESIANPOINT((0.,0.,0.));
#15736=IFCAXIS2PLACEMENT3D(#15735,$,$);
#15737=IFCDIRECTION((0.,0.,1.));
#15738=IFCEXTRUDEDAREASOLID(#15734,#15736,#15737,0.5);
#15739=IFCSHAPEREPRESENTATION(#14,'Body','SweptSolid',(#15738));
#15740=IFCPRODUCTDEFINITIONSHAPE($,$,(#15739));
#15741=IFCBEAM('1xlDA9D_HFSPDA6dGrel7k',#5,'VP_P17_A_5',$,$,#15731,#15740,$,$);
#15742=IFCRELCONTAINEDINSPATIALSTRUCTURE('33ncjgnnT0VvciaqsQrt6j',#5,$,$,(#15741),#109);
#15743=IFCCARTESIANPOINT((19.,21.5,-0.5));
#15744=IFCAXIS2PLACEMENT3D(#15743,$,$);
#15745=IFCLOCALPLACEMENT(#108,#15744);
#15746=IFCCARTESIANPOINT((0.,0.));
#15747=IFCAXIS2PLACEMENT2D(#15746,$);
#15748=IFCRECTANGLEPROFILEDEF(.AREA.,$,#15747,0.20000000000000284,7.);
#15749=IFCCARTESIANPOINT((0.,0.,0.));
#15750=IFCAXIS2PLACEMENT3D(#15749,$,$);
#15751=IFCDIRECTION((0.,0.,1.));
#15752=IFCEXTRUDEDAREASOLID(#15748,#15750,#15751,0.5);
#15753=IFCSHAPEREPRESENTATION(#14,'Body','SweptSolid',(#15752));
#15754=IFCPRODUCTDEFINITIONSHAPE($,$,(#15753));
#15755=IFCBEAM('2PbS4pJpDAhw8gRZV7dc2j',#5,'VP_P17_A_19',$,$,#15745,#15754,$,$);
#15756=IFCRELCONTAINEDINSPATIALSTRUCTURE('3RyL$wTqnB7RoWiZs_6Kis',#5,$,$,(#15755),#109);
#15757=IFCCARTESIANPOINT((78.,18.,-0.5));
#15758=IFCAXIS2PLACEMENT3D(#15757,$,$);
#15759=IFCLOCALPLACEMENT(#108,#15758);
#15760=IFCCARTESIANPOINT((0.,0.));
#15761=IFCAXIS2PLACEMENT2D(#15760,$);
#15762=IFCRECTANGLEPROFILEDEF(.AREA.,$,#15761,14.,0.20000000000000284);
#15763=IFCCARTESIANPOINT((0.,0.,0.));
#15764=IFCAXIS2PLACEMENT3D(#15763,$,$);
#15765=IFCDIRECTION((0.,0.,1.));
#15766=IFCEXTRUDEDAREASOLID(#15762,#15764,#15765,0.5);
#15767=IFCSHAPEREPRESENTATION(#14,'Body','SweptSolid',(#15766));
#15768=IFCPRODUCTDEFINITIONSHAPE($,$,(#15767));
#15769=IFCBEAM('2YecFEGhP8bAQoZBamAJ7t',#5,'VP_P17_B_18',$,$,#15759,#15768,$,$);
#15770=IFCRELCONTAINEDINSPATIALSTRUCTURE('2V_NMaBvr8mfcNrxaZvR1J',#5,$,$,(#15769),#109);
#15771=IFCCARTESIANPOINT((78.,25.,-0.5));
#15772=IFCAXIS2PLACEMENT3D(#15771,$,$);
#15773=IFCLOCALPLACEMENT(#108,#15772);
#15774=IFCCARTESIANPOINT((0.,0.));
#15775=IFCAXIS2PLACEMENT2D(#15774,$);
#15776=IFCRECTANGLEPROFILEDEF(.AREA.,$,#15775,14.,0.20000000000000284);
#15777=IFCCARTESIANPOINT((0.,0.,0.));
#15778=IFCAXIS2PLACEMENT3D(#15777,$,$);
#15779=IFCDIRECTION((0.,0.,1.));
#15780=IFCEXTRUDEDAREASOLID(#15776,#15778,#15779,0.5);
#15781=IFCSHAPEREPRESENTATION(#14,'Body','SweptSolid',(#15780));
#15782=IFCPRODUCTDEFINITIONSHAPE($,$,(#15781));
#15783=IFCBEAM('0eXld_63P2NBgrZdCbuee7',#5,'VP_P17_B_25',$,$,#15773,#15782,$,$);
#15784=IFCRELCONTAINEDINSPATIALSTRUCTURE('1ijHL5k616TfhkHgj$E_ew',#5,$,$,(#15783),#109);
#15785=IFCCARTESIANPOINT((71.,21.5,-0.5));
#15786=IFCAXIS2PLACEMENT3D(#15785,$,$);
#15787=IFCLOCALPLACEMENT(#108,#15786);
#15788=IFCCARTESIANPOINT((0.,0.));
#15789=IFCAXIS2PLACEMENT2D(#15788,$);
#15790=IFCRECTANGLEPROFILEDEF(.AREA.,$,#15789,0.19999999999998863,7.);
#15791=IFCCARTESIANPOINT((0.,0.,0.));
#15792=IFCAXIS2PLACEMENT3D(#15791,$,$);
#15793=IFCDIRECTION((0.,0.,1.));
#15794=IFCEXTRUDEDAREASOLID(#15790,#15792,#15793,0.5);
#15795=IFCSHAPEREPRESENTATION(#14,'Body','SweptSolid',(#15794));
#15796=IFCPRODUCTDEFINITIONSHAPE($,$,(#15795));
#15797=IFCBEAM('2RV1s77TT5tOXotKHURvNU',#5,'VP_P17_B_71',$,$,#15787,#15796,$,$);
#15798=IFCRELCONTAINEDINSPATIALSTRUCTURE('3RaBc0e0f88BvwjsuZqsYU',#5,$,$,(#15797),#109);
#15799=IFCCARTESIANPOINT((85.,21.5,-0.5));
#15800=IFCAXIS2PLACEMENT3D(#15799,$,$);
#15801=IFCLOCALPLACEMENT(#108,#15800);
#15802=IFCCARTESIANPOINT((0.,0.));
#15803=IFCAXIS2PLACEMENT2D(#15802,$);
#15804=IFCRECTANGLEPROFILEDEF(.AREA.,$,#15803,0.19999999999998863,7.);
#15805=IFCCARTESIANPOINT((0.,0.,0.));
#15806=IFCAXIS2PLACEMENT3D(#15805,$,$);
#15807=IFCDIRECTION((0.,0.,1.));
#15808=IFCEXTRUDEDAREASOLID(#15804,#15806,#15807,0.5);
#15809=IFCSHAPEREPRESENTATION(#14,'Body','SweptSolid',(#15808));
#15810=IFCPRODUCTDEFINITIONSHAPE($,$,(#15809));
#15811=IFCBEAM('2ll9hH1eD9IeNH1BWJHTP1',#5,'VP_P17_B_85',$,$,#15801,#15810,$,$);
#15812=IFCRELCONTAINEDINSPATIALSTRUCTURE('1NxvPl8kPDBO4YtlFaH5MD',#5,$,$,(#15811),#109);
#15813=IFCCARTESIANPOINT((6.4400000000000004,3.,-0.5));
#15814=IFCAXIS2PLACEMENT3D(#15813,$,$);
#15815=IFCLOCALPLACEMENT(#112,#15814);
#15816=IFCCARTESIANPOINT((0.,0.));
#15817=IFCAXIS2PLACEMENT2D(#15816,$);
#15818=IFCRECTANGLEPROFILEDEF(.AREA.,$,#15817,7.8800000000000008,0.25);
#15819=IFCCARTESIANPOINT((0.,0.,0.));
#15820=IFCAXIS2PLACEMENT3D(#15819,$,$);
#15821=IFCDIRECTION((0.,0.,1.));
#15822=IFCEXTRUDEDAREASOLID(#15818,#15820,#15821,0.5);
#15823=IFCSHAPEREPRESENTATION(#14,'Body','SweptSolid',(#15822));
#15824=IFCPRODUCTDEFINITIONSHAPE($,$,(#15823));
#15825=IFCBEAM('0MMD64aBnFT92zdTaERomO',#5,'VB_P18_3_00',$,$,#15815,#15824,$,$);
#15826=IFCRELCONTAINEDINSPATIALSTRUCTURE('0U3TJ8T494E8xr4HFnfcGG',#5,$,$,(#15825),#113);
#15827=IFCCARTESIANPOINT((14.315000000000001,3.,-0.5));
#15828=IFCAXIS2PLACEMENT3D(#15827,$,$);
#15829=IFCLOCALPLACEMENT(#112,#15828);
#15830=IFCCARTESIANPOINT((0.,0.));
#15831=IFCAXIS2PLACEMENT2D(#15830,$);
#15832=IFCRECTANGLEPROFILEDEF(.AREA.,$,#15831,7.8699999999999992,0.25);
#15833=IFCCARTESIANPOINT((0.,0.,0.));
#15834=IFCAXIS2PLACEMENT3D(#15833,$,$);
#15835=IFCDIRECTION((0.,0.,1.));
#15836=IFCEXTRUDEDAREASOLID(#15832,#15834,#15835,0.5);
#15837=IFCSHAPEREPRESENTATION(#14,'Body','SweptSolid',(#15836));
#15838=IFCPRODUCTDEFINITIONSHAPE($,$,(#15837));
#15839=IFCBEAM('0jDSPN5jn1Zwi_97UOKRX4',#5,'VB_P18_3_01',$,$,#15829,#15838,$,$);
#15840=IFCRELCONTAINEDINSPATIALSTRUCTURE('3WFYcqsZP8r9v5it4s4oj2',#5,$,$,(#15839),#113);
#15841=IFCCARTESIANPOINT((22.189999999999998,3.,-0.5));
#15842=IFCAXIS2PLACEMENT3D(#15841,$,$);
#15843=IFCLOCALPLACEMENT(#112,#15842);
#15844=IFCCARTESIANPOINT((0.,0.));
#15845=IFCAXIS2PLACEMENT2D(#15844,$);
#15846=IFCRECTANGLEPROFILEDEF(.AREA.,$,#15845,7.879999999999999,0.25);
#15847=IFCCARTESIANPOINT((0.,0.,0.));
#15848=IFCAXIS2PLACEMENT3D(#15847,$,$);
#15849=IFCDIRECTION((0.,0.,1.));
#15850=IFCEXTRUDEDAREASOLID(#15846,#15848,#15849,0.5);
#15851=IFCSHAPEREPRESENTATION(#14,'Body','SweptSolid',(#15850));
#15852=IFCPRODUCTDEFINITIONSHAPE($,$,(#15851));
#15853=IFCBEAM('32vZfHWzHBcuDWcFD9VoE4',#5,'VB_P18_3_02',$,$,#15843,#15852,$,$);
#15854=IFCRELCONTAINEDINSPATIALSTRUCTURE('25Eio_0xf2c9vT3PTjSuZt',#5,$,$,(#15853),#113);
#15855=IFCCARTESIANPOINT((30.064999999999998,3.,-0.5));
#15856=IFCAXIS2PLACEMENT3D(#15855,$,$);
#15857=IFCLOCALPLACEMENT(#112,#15856);
#15858=IFCCARTESIANPOINT((0.,0.));
#15859=IFCAXIS2PLACEMENT2D(#15858,$);
#15860=IFCRECTANGLEPROFILEDEF(.AREA.,$,#15859,7.870000000000001,0.25);
#15861=IFCCARTESIANPOINT((0.,0.,0.));
#15862=IFCAXIS2PLACEMENT3D(#15861,$,$);
#15863=IFCDIRECTION((0.,0.,1.));
#15864=IFCEXTRUDEDAREASOLID(#15860,#15862,#15863,0.5);
#15865=IFCSHAPEREPRESENTATION(#14,'Body','SweptSolid',(#15864));
#15866=IFCPRODUCTDEFINITIONSHAPE($,$,(#15865));
#15867=IFCBEAM('0I3LxJ2$X6bQRgtNm1tA1J',#5,'VB_P18_3_03',$,$,#15857,#15866,$,$);
#15868=IFCRELCONTAINEDINSPATIALSTRUCTURE('2jAqqntsb4wPfwT8L0l7fQ',#5,$,$,(#15867),#113);
#15869=IFCCARTESIANPOINT((37.5,3.,-0.5));
#15870=IFCAXIS2PLACEMENT3D(#15869,$,$);
#15871=IFCLOCALPLACEMENT(#112,#15870);
#15872=IFCCARTESIANPOINT((0.,0.));
#15873=IFCAXIS2PLACEMENT2D(#15872,$);
#15874=IFCRECTANGLEPROFILEDEF(.AREA.,$,#15873,7.,0.25);
#15875=IFCCARTESIANPOINT((0.,0.,0.));
#15876=IFCAXIS2PLACEMENT3D(#15875,$,$);
#15877=IFCDIRECTION((0.,0.,1.));
#15878=IFCEXTRUDEDAREASOLID(#15874,#15876,#15877,0.5);
#15879=IFCSHAPEREPRESENTATION(#14,'Body','SweptSolid',(#15878));
#15880=IFCPRODUCTDEFINITIONSHAPE($,$,(#15879));
#15881=IFCBEAM('0ojUQs0ob3uxISdPDEbryy',#5,'VB_P18_3_04',$,$,#15871,#15880,$,$);
#15882=IFCRELCONTAINEDINSPATIALSTRUCTURE('0sRonmFs54rg4U$NO21b5i',#5,$,$,(#15881),#113);
#15883=IFCCARTESIANPOINT((45.,3.,-0.5));
#15884=IFCAXIS2PLACEMENT3D(#15883,$,$);
#15885=IFCLOCALPLACEMENT(#112,#15884);
#15886=IFCCARTESIANPOINT((0.,0.));
#15887=IFCAXIS2PLACEMENT2D(#15886,$);
#15888=IFCRECTANGLEPROFILEDEF(.AREA.,$,#15887,8.,0.25);
#15889=IFCCARTESIANPOINT((0.,0.,0.));
#15890=IFCAXIS2PLACEMENT3D(#15889,$,$);
#15891=IFCDIRECTION((0.,0.,1.));
#15892=IFCEXTRUDEDAREASOLID(#15888,#15890,#15891,0.5);
#15893=IFCSHAPEREPRESENTATION(#14,'Body','SweptSolid',(#15892));
#15894=IFCPRODUCTDEFINITIONSHAPE($,$,(#15893));
#15895=IFCBEAM('1VaLfl4FDDhOGI2DDnlQOs',#5,'VB_P18_3_05',$,$,#15885,#15894,$,$);
#15896=IFCRELCONTAINEDINSPATIALSTRUCTURE('0TePQJdK1EHg9GAAC4thV5',#5,$,$,(#15895),#113);
#15897=IFCCARTESIANPOINT((52.5,3.,-0.5));
#15898=IFCAXIS2PLACEMENT3D(#15897,$,$);
#15899=IFCLOCALPLACEMENT(#112,#15898);
#15900=IFCCARTESIANPOINT((0.,0.));
#15901=IFCAXIS2PLACEMENT2D(#15900,$);
#15902=IFCRECTANGLEPROFILEDEF(.AREA.,$,#15901,7.,0.25);
#15903=IFCCARTESIANPOINT((0.,0.,0.));
#15904=IFCAXIS2PLACEMENT3D(#15903,$,$);
#15905=IFCDIRECTION((0.,0.,1.));
#15906=IFCEXTRUDEDAREASOLID(#15902,#15904,#15905,0.5);
#15907=IFCSHAPEREPRESENTATION(#14,'Body','SweptSolid',(#15906));
#15908=IFCPRODUCTDEFINITIONSHAPE($,$,(#15907));
#15909=IFCBEAM('1eQ6wiYH1BKA0mhb_kYM0D',#5,'VB_P18_3_06',$,$,#15899,#15908,$,$);
#15910=IFCRELCONTAINEDINSPATIALSTRUCTURE('3rWDaG6y577xXwN$6i4DWm',#5,$,$,(#15909),#113);
#15911=IFCCARTESIANPOINT((59.939999999999998,3.,-0.5));
#15912=IFCAXIS2PLACEMENT3D(#15911,$,$);
#15913=IFCLOCALPLACEMENT(#112,#15912);
#15914=IFCCARTESIANPOINT((0.,0.));
#15915=IFCAXIS2PLACEMENT2D(#15914,$);
#15916=IFCRECTANGLEPROFILEDEF(.AREA.,$,#15915,7.8800000000000026,0.25);
#15917=IFCCARTESIANPOINT((0.,0.,0.));
#15918=IFCAXIS2PLACEMENT3D(#15917,$,$);
#15919=IFCDIRECTION((0.,0.,1.));
#15920=IFCEXTRUDEDAREASOLID(#15916,#15918,#15919,0.5);
#15921=IFCSHAPEREPRESENTATION(#14,'Body','SweptSolid',(#15920));
#15922=IFCPRODUCTDEFINITIONSHAPE($,$,(#15921));
#15923=IFCBEAM('2rgsNycmPCJO5njIZMU4JG',#5,'VB_P18_3_07',$,$,#15913,#15922,$,$);
#15924=IFCRELCONTAINEDINSPATIALSTRUCTURE('0IwN65Fqr8XRUkF04ITWG$',#5,$,$,(#15923),#113);
#15925=IFCCARTESIANPOINT((67.814999999999998,3.,-0.5));
#15926=IFCAXIS2PLACEMENT3D(#15925,$,$);
#15927=IFCLOCALPLACEMENT(#112,#15926);
#15928=IFCCARTESIANPOINT((0.,0.));
#15929=IFCAXIS2PLACEMENT2D(#15928,$);
#15930=IFCRECTANGLEPROFILEDEF(.AREA.,$,#15929,7.8699999999999974,0.25);
#15931=IFCCARTESIANPOINT((0.,0.,0.));
#15932=IFCAXIS2PLACEMENT3D(#15931,$,$);
#15933=IFCDIRECTION((0.,0.,1.));
#15934=IFCEXTRUDEDAREASOLID(#15930,#15932,#15933,0.5);
#15935=IFCSHAPEREPRESENTATION(#14,'Body','SweptSolid',(#15934));
#15936=IFCPRODUCTDEFINITIONSHAPE($,$,(#15935));
#15937=IFCBEAM('3S78n6kSv2nB85AZZqr_ox',#5,'VB_P18_3_08',$,$,#15927,#15936,$,$);
#15938=IFCRELCONTAINEDINSPATIALSTRUCTURE('08tB23CEb6jh$yxhF5EMJa',#5,$,$,(#15937),#113);
#15939=IFCCARTESIANPOINT((75.689999999999998,3.,-0.5));
#15940=IFCAXIS2PLACEMENT3D(#15939,$,$);
#15941=IFCLOCALPLACEMENT(#112,#15940);
#15942=IFCCARTESIANPOINT((0.,0.));
#15943=IFCAXIS2PLACEMENT2D(#15942,$);
#15944=IFCRECTANGLEPROFILEDEF(.AREA.,$,#15943,7.8799999999999955,0.25);
#15945=IFCCARTESIANPOINT((0.,0.,0.));
#15946=IFCAXIS2PLACEMENT3D(#15945,$,$);
#15947=IFCDIRECTION((0.,0.,1.));
#15948=IFCEXTRUDEDAREASOLID(#15944,#15946,#15947,0.5);
#15949=IFCSHAPEREPRESENTATION(#14,'Body','SweptSolid',(#15948));
#15950=IFCPRODUCTDEFINITIONSHAPE($,$,(#15949));
#15951=IFCBEAM('3x42XIYgP3ihyS9qvDL5dX',#5,'VB_P18_3_09',$,$,#15941,#15950,$,$);
#15952=IFCRELCONTAINEDINSPATIALSTRUCTURE('1LyWIk1Db4MuXosymk28uk',#5,$,$,(#15951),#113);
#15953=IFCCARTESIANPOINT((83.564999999999998,3.,-0.5));
#15954=IFCAXIS2PLACEMENT3D(#15953,$,$);
#15955=IFCLOCALPLACEMENT(#112,#15954);
#15956=IFCCARTESIANPOINT((0.,0.));
#15957=IFCAXIS2PLACEMENT2D(#15956,$);
#15958=IFCRECTANGLEPROFILEDEF(.AREA.,$,#15957,7.8700000000000045,0.25);
#15959=IFCCARTESIANPOINT((0.,0.,0.));
#15960=IFCAXIS2PLACEMENT3D(#15959,$,$);
#15961=IFCDIRECTION((0.,0.,1.));
#15962=IFCEXTRUDEDAREASOLID(#15958,#15960,#15961,0.5);
#15963=IFCSHAPEREPRESENTATION(#14,'Body','SweptSolid',(#15962));
#15964=IFCPRODUCTDEFINITIONSHAPE($,$,(#15963));
#15965=IFCBEAM('2SniaUVEHCPvcGDyTMdPBi',#5,'VB_P18_3_10',$,$,#15955,#15964,$,$);
#15966=IFCRELCONTAINEDINSPATIALSTRUCTURE('1FYer6hV91zOQ_0N84nYuV',#5,$,$,(#15965),#113);
#15967=IFCCARTESIANPOINT((6.4400000000000004,40.,-0.5));
#15968=IFCAXIS2PLACEMENT3D(#15967,$,$);
#15969=IFCLOCALPLACEMENT(#112,#15968);
#15970=IFCCARTESIANPOINT((0.,0.));
#15971=IFCAXIS2PLACEMENT2D(#15970,$);
#15972=IFCRECTANGLEPROFILEDEF(.AREA.,$,#15971,7.8800000000000008,0.25);
#15973=IFCCARTESIANPOINT((0.,0.,0.));
#15974=IFCAXIS2PLACEMENT3D(#15973,$,$);
#15975=IFCDIRECTION((0.,0.,1.));
#15976=IFCEXTRUDEDAREASOLID(#15972,#15974,#15975,0.5);
#15977=IFCSHAPEREPRESENTATION(#14,'Body','SweptSolid',(#15976));
#15978=IFCPRODUCTDEFINITIONSHAPE($,$,(#15977));
#15979=IFCBEAM('2FFYYQzwz3ofKl68f9OaOc',#5,'VB_P18_40_00',$,$,#15969,#15978,$,$);
#15980=IFCRELCONTAINEDINSPATIALSTRUCTURE('1aws$g6HT8pACUphWesNBy',#5,$,$,(#15979),#113);
#15981=IFCCARTESIANPOINT((14.315000000000001,40.,-0.5));
#15982=IFCAXIS2PLACEMENT3D(#15981,$,$);
#15983=IFCLOCALPLACEMENT(#112,#15982);
#15984=IFCCARTESIANPOINT((0.,0.));
#15985=IFCAXIS2PLACEMENT2D(#15984,$);
#15986=IFCRECTANGLEPROFILEDEF(.AREA.,$,#15985,7.8699999999999992,0.25);
#15987=IFCCARTESIANPOINT((0.,0.,0.));
#15988=IFCAXIS2PLACEMENT3D(#15987,$,$);
#15989=IFCDIRECTION((0.,0.,1.));
#15990=IFCEXTRUDEDAREASOLID(#15986,#15988,#15989,0.5);
#15991=IFCSHAPEREPRESENTATION(#14,'Body','SweptSolid',(#15990));
#15992=IFCPRODUCTDEFINITIONSHAPE($,$,(#15991));
#15993=IFCBEAM('3hdnMG0m93nfMAnnqlTV$b',#5,'VB_P18_40_01',$,$,#15983,#15992,$,$);
#15994=IFCRELCONTAINEDINSPATIALSTRUCTURE('0CqRFPyQzAGec5EImofyup',#5,$,$,(#15993),#113);
#15995=IFCCARTESIANPOINT((22.189999999999998,40.,-0.5));
#15996=IFCAXIS2PLACEMENT3D(#15995,$,$);
#15997=IFCLOCALPLACEMENT(#112,#15996);
#15998=IFCCARTESIANPOINT((0.,0.));
#15999=IFCAXIS2PLACEMENT2D(#15998,$);
#16000=IFCRECTANGLEPROFILEDEF(.AREA.,$,#15999,7.879999999999999,0.25);
#16001=IFCCARTESIANPOINT((0.,0.,0.));
#16002=IFCAXIS2PLACEMENT3D(#16001,$,$);
#16003=IFCDIRECTION((0.,0.,1.));
#16004=IFCEXTRUDEDAREASOLID(#16000,#16002,#16003,0.5);
#16005=IFCSHAPEREPRESENTATION(#14,'Body','SweptSolid',(#16004));
#16006=IFCPRODUCTDEFINITIONSHAPE($,$,(#16005));
#16007=IFCBEAM('0z4Y0T1crEVALLbjpqzRJi',#5,'VB_P18_40_02',$,$,#15997,#16006,$,$);
#16008=IFCRELCONTAINEDINSPATIALSTRUCTURE('2BiPqJUxr6AgtwHD8Y4gly',#5,$,$,(#16007),#113);
#16009=IFCCARTESIANPOINT((30.064999999999998,40.,-0.5));
#16010=IFCAXIS2PLACEMENT3D(#16009,$,$);
#16011=IFCLOCALPLACEMENT(#112,#16010);
#16012=IFCCARTESIANPOINT((0.,0.));
#16013=IFCAXIS2PLACEMENT2D(#16012,$);
#16014=IFCRECTANGLEPROFILEDEF(.AREA.,$,#16013,7.870000000000001,0.25);
#16015=IFCCARTESIANPOINT((0.,0.,0.));
#16016=IFCAXIS2PLACEMENT3D(#16015,$,$);
#16017=IFCDIRECTION((0.,0.,1.));
#16018=IFCEXTRUDEDAREASOLID(#16014,#16016,#16017,0.5);
#16019=IFCSHAPEREPRESENTATION(#14,'Body','SweptSolid',(#16018));
#16020=IFCPRODUCTDEFINITIONSHAPE($,$,(#16019));
#16021=IFCBEAM('3vVOnKTBr7duhTiEMADbIe',#5,'VB_P18_40_03',$,$,#16011,#16020,$,$);
#16022=IFCRELCONTAINEDINSPATIALSTRUCTURE('1ROWrlffz3IfGnc6Np$q6j',#5,$,$,(#16021),#113);
#16023=IFCCARTESIANPOINT((37.5,40.,-0.5));
#16024=IFCAXIS2PLACEMENT3D(#16023,$,$);
#16025=IFCLOCALPLACEMENT(#112,#16024);
#16026=IFCCARTESIANPOINT((0.,0.));
#16027=IFCAXIS2PLACEMENT2D(#16026,$);
#16028=IFCRECTANGLEPROFILEDEF(.AREA.,$,#16027,7.,0.25);
#16029=IFCCARTESIANPOINT((0.,0.,0.));
#16030=IFCAXIS2PLACEMENT3D(#16029,$,$);
#16031=IFCDIRECTION((0.,0.,1.));
#16032=IFCEXTRUDEDAREASOLID(#16028,#16030,#16031,0.5);
#16033=IFCSHAPEREPRESENTATION(#14,'Body','SweptSolid',(#16032));
#16034=IFCPRODUCTDEFINITIONSHAPE($,$,(#16033));
#16035=IFCBEAM('3IwyRvp7L6B905kewSDnIj',#5,'VB_P18_40_04',$,$,#16025,#16034,$,$);
#16036=IFCRELCONTAINEDINSPATIALSTRUCTURE('1rZy0etmf3vx648QEmz3t3',#5,$,$,(#16035),#113);
#16037=IFCCARTESIANPOINT((45.,40.,-0.5));
#16038=IFCAXIS2PLACEMENT3D(#16037,$,$);
#16039=IFCLOCALPLACEMENT(#112,#16038);
#16040=IFCCARTESIANPOINT((0.,0.));
#16041=IFCAXIS2PLACEMENT2D(#16040,$);
#16042=IFCRECTANGLEPROFILEDEF(.AREA.,$,#16041,8.,0.25);
#16043=IFCCARTESIANPOINT((0.,0.,0.));
#16044=IFCAXIS2PLACEMENT3D(#16043,$,$);
#16045=IFCDIRECTION((0.,0.,1.));
#16046=IFCEXTRUDEDAREASOLID(#16042,#16044,#16045,0.5);
#16047=IFCSHAPEREPRESENTATION(#14,'Body','SweptSolid',(#16046));
#16048=IFCPRODUCTDEFINITIONSHAPE($,$,(#16047));
#16049=IFCBEAM('3n_ctH4Dj2FRQydVl8wq_f',#5,'VB_P18_40_05',$,$,#16039,#16048,$,$);
#16050=IFCRELCONTAINEDINSPATIALSTRUCTURE('0Ht7RMq$jAtOhwpD3fszME',#5,$,$,(#16049),#113);
#16051=IFCCARTESIANPOINT((52.5,40.,-0.5));
#16052=IFCAXIS2PLACEMENT3D(#16051,$,$);
#16053=IFCLOCALPLACEMENT(#112,#16052);
#16054=IFCCARTESIANPOINT((0.,0.));
#16055=IFCAXIS2PLACEMENT2D(#16054,$);
#16056=IFCRECTANGLEPROFILEDEF(.AREA.,$,#16055,7.,0.25);
#16057=IFCCARTESIANPOINT((0.,0.,0.));
#16058=IFCAXIS2PLACEMENT3D(#16057,$,$);
#16059=IFCDIRECTION((0.,0.,1.));
#16060=IFCEXTRUDEDAREASOLID(#16056,#16058,#16059,0.5);
#16061=IFCSHAPEREPRESENTATION(#14,'Body','SweptSolid',(#16060));
#16062=IFCPRODUCTDEFINITIONSHAPE($,$,(#16061));
#16063=IFCBEAM('1xWemt7O12vfQeTibAUk$1',#5,'VB_P18_40_06',$,$,#16053,#16062,$,$);
#16064=IFCRELCONTAINEDINSPATIALSTRUCTURE('3BdxIpjPP8OfHVXZOZfwe7',#5,$,$,(#16063),#113);
#16065=IFCCARTESIANPOINT((59.939999999999998,40.,-0.5));
#16066=IFCAXIS2PLACEMENT3D(#16065,$,$);
#16067=IFCLOCALPLACEMENT(#112,#16066);
#16068=IFCCARTESIANPOINT((0.,0.));
#16069=IFCAXIS2PLACEMENT2D(#16068,$);
#16070=IFCRECTANGLEPROFILEDEF(.AREA.,$,#16069,7.8800000000000026,0.25);
#16071=IFCCARTESIANPOINT((0.,0.,0.));
#16072=IFCAXIS2PLACEMENT3D(#16071,$,$);
#16073=IFCDIRECTION((0.,0.,1.));
#16074=IFCEXTRUDEDAREASOLID(#16070,#16072,#16073,0.5);
#16075=IFCSHAPEREPRESENTATION(#14,'Body','SweptSolid',(#16074));
#16076=IFCPRODUCTDEFINITIONSHAPE($,$,(#16075));
#16077=IFCBEAM('1ofyKUVUf8qOox9Fw0Kb0r',#5,'VB_P18_40_07',$,$,#16067,#16076,$,$);
#16078=IFCRELCONTAINEDINSPATIALSTRUCTURE('2tFOdYklv55u$4jqwNthK3',#5,$,$,(#16077),#113);
#16079=IFCCARTESIANPOINT((67.814999999999998,40.,-0.5));
#16080=IFCAXIS2PLACEMENT3D(#16079,$,$);
#16081=IFCLOCALPLACEMENT(#112,#16080);
#16082=IFCCARTESIANPOINT((0.,0.));
#16083=IFCAXIS2PLACEMENT2D(#16082,$);
#16084=IFCRECTANGLEPROFILEDEF(.AREA.,$,#16083,7.8699999999999974,0.25);
#16085=IFCCARTESIANPOINT((0.,0.,0.));
#16086=IFCAXIS2PLACEMENT3D(#16085,$,$);
#16087=IFCDIRECTION((0.,0.,1.));
#16088=IFCEXTRUDEDAREASOLID(#16084,#16086,#16087,0.5);
#16089=IFCSHAPEREPRESENTATION(#14,'Body','SweptSolid',(#16088));
#16090=IFCPRODUCTDEFINITIONSHAPE($,$,(#16089));
#16091=IFCBEAM('3B3Rxh47D8l9UvVfpKoP$h',#5,'VB_P18_40_08',$,$,#16081,#16090,$,$);
#16092=IFCRELCONTAINEDINSPATIALSTRUCTURE('3zwnI1yRrCTB8P$9oQnJ1_',#5,$,$,(#16091),#113);
#16093=IFCCARTESIANPOINT((75.689999999999998,40.,-0.5));
#16094=IFCAXIS2PLACEMENT3D(#16093,$,$);
#16095=IFCLOCALPLACEMENT(#112,#16094);
#16096=IFCCARTESIANPOINT((0.,0.));
#16097=IFCAXIS2PLACEMENT2D(#16096,$);
#16098=IFCRECTANGLEPROFILEDEF(.AREA.,$,#16097,7.8799999999999955,0.25);
#16099=IFCCARTESIANPOINT((0.,0.,0.));
#16100=IFCAXIS2PLACEMENT3D(#16099,$,$);
#16101=IFCDIRECTION((0.,0.,1.));
#16102=IFCEXTRUDEDAREASOLID(#16098,#16100,#16101,0.5);
#16103=IFCSHAPEREPRESENTATION(#14,'Body','SweptSolid',(#16102));
#16104=IFCPRODUCTDEFINITIONSHAPE($,$,(#16103));
#16105=IFCBEAM('0XrREUDZb9ehvxh5_rkCWq',#5,'VB_P18_40_09',$,$,#16095,#16104,$,$);
#16106=IFCRELCONTAINEDINSPATIALSTRUCTURE('0ZfPXJxLT0g9HR8gJ5XeS1',#5,$,$,(#16105),#113);
#16107=IFCCARTESIANPOINT((83.564999999999998,40.,-0.5));
#16108=IFCAXIS2PLACEMENT3D(#16107,$,$);
#16109=IFCLOCALPLACEMENT(#112,#16108);
#16110=IFCCARTESIANPOINT((0.,0.));
#16111=IFCAXIS2PLACEMENT2D(#16110,$);
#16112=IFCRECTANGLEPROFILEDEF(.AREA.,$,#16111,7.8700000000000045,0.25);
#16113=IFCCARTESIANPOINT((0.,0.,0.));
#16114=IFCAXIS2PLACEMENT3D(#16113,$,$);
#16115=IFCDIRECTION((0.,0.,1.));
#16116=IFCEXTRUDEDAREASOLID(#16112,#16114,#16115,0.5);
#16117=IFCSHAPEREPRESENTATION(#14,'Body','SweptSolid',(#16116));
#16118=IFCPRODUCTDEFINITIONSHAPE($,$,(#16117));
#16119=IFCBEAM('1eBb4c6791SfD0A2KA2JWP',#5,'VB_P18_40_10',$,$,#16109,#16118,$,$);
#16120=IFCRELCONTAINEDINSPATIALSTRUCTURE('3galeNx_L1sQdHZ0xtXKOW',#5,$,$,(#16119),#113);
#16121=IFCCARTESIANPOINT((2.5,6.5,-0.5));
#16122=IFCAXIS2PLACEMENT3D(#16121,$,$);
#16123=IFCLOCALPLACEMENT(#112,#16122);
#16124=IFCCARTESIANPOINT((0.,0.));
#16125=IFCAXIS2PLACEMENT2D(#16124,$);
#16126=IFCRECTANGLEPROFILEDEF(.AREA.,$,#16125,0.25,7.);
#16127=IFCCARTESIANPOINT((0.,0.,0.));
#16128=IFCAXIS2PLACEMENT3D(#16127,$,$);
#16129=IFCDIRECTION((0.,0.,1.));
#16130=IFCEXTRUDEDAREASOLID(#16126,#16128,#16129,0.5);
#16131=IFCSHAPEREPRESENTATION(#14,'Body','SweptSolid',(#16130));
#16132=IFCPRODUCTDEFINITIONSHAPE($,$,(#16131));
#16133=IFCBEAM('0XQytlB5b3ieH5luUbShgr',#5,'VB_P18_2_00',$,$,#16123,#16132,$,$);
#16134=IFCRELCONTAINEDINSPATIALSTRUCTURE('2inLQXJ_X0AO02EsdnDQK8',#5,$,$,(#16133),#113);
#16135=IFCCARTESIANPOINT((2.5,13.5,-0.5));
#16136=IFCAXIS2PLACEMENT3D(#16135,$,$);
#16137=IFCLOCALPLACEMENT(#112,#16136);
#16138=IFCCARTESIANPOINT((0.,0.));
#16139=IFCAXIS2PLACEMENT2D(#16138,$);
#16140=IFCRECTANGLEPROFILEDEF(.AREA.,$,#16139,0.25,7.);
#16141=IFCCARTESIANPOINT((0.,0.,0.));
#16142=IFCAXIS2PLACEMENT3D(#16141,$,$);
#16143=IFCDIRECTION((0.,0.,1.));
#16144=IFCEXTRUDEDAREASOLID(#16140,#16142,#16143,0.5);
#16145=IFCSHAPEREPRESENTATION(#14,'Body','SweptSolid',(#16144));
#16146=IFCPRODUCTDEFINITIONSHAPE($,$,(#16145));
#16147=IFCBEAM('1FC6oKfAXBahx1$3UxEuWS',#5,'VB_P18_2_01',$,$,#16137,#16146,$,$);
#16148=IFCRELCONTAINEDINSPATIALSTRUCTURE('3K8BH3XYjB5Qp5bpTHGs9H',#5,$,$,(#16147),#113);
#16149=IFCCARTESIANPOINT((2.5,21.5,-0.5));
#16150=IFCAXIS2PLACEMENT3D(#16149,$,$);
#16151=IFCLOCALPLACEMENT(#112,#16150);
#16152=IFCCARTESIANPOINT((0.,0.));
#16153=IFCAXIS2PLACEMENT2D(#16152,$);
#16154=IFCRECTANGLEPROFILEDEF(.AREA.,$,#16153,0.25,9.);
#16155=IFCCARTESIANPOINT((0.,0.,0.));
#16156=IFCAXIS2PLACEMENT3D(#16155,$,$);
#16157=IFCDIRECTION((0.,0.,1.));
#16158=IFCEXTRUDEDAREASOLID(#16154,#16156,#16157,0.5);
#16159=IFCSHAPEREPRESENTATION(#14,'Body','SweptSolid',(#16158));
#16160=IFCPRODUCTDEFINITIONSHAPE($,$,(#16159));
#16161=IFCBEAM('2$2QIF0Hv6Dh_9kWPW8RU3',#5,'VB_P18_2_02',$,$,#16151,#16160,$,$);
#16162=IFCRELCONTAINEDINSPATIALSTRUCTURE('3S185eZDf0XeX1_LDhKC0h',#5,$,$,(#16161),#113);
#16163=IFCCARTESIANPOINT((2.5,29.5,-0.5));
#16164=IFCAXIS2PLACEMENT3D(#16163,$,$);
#16165=IFCLOCALPLACEMENT(#112,#16164);
#16166=IFCCARTESIANPOINT((0.,0.));
#16167=IFCAXIS2PLACEMENT2D(#16166,$);
#16168=IFCRECTANGLEPROFILEDEF(.AREA.,$,#16167,0.25,7.);
#16169=IFCCARTESIANPOINT((0.,0.,0.));
#16170=IFCAXIS2PLACEMENT3D(#16169,$,$);
#16171=IFCDIRECTION((0.,0.,1.));
#16172=IFCEXTRUDEDAREASOLID(#16168,#16170,#16171,0.5);
#16173=IFCSHAPEREPRESENTATION(#14,'Body','SweptSolid',(#16172));
#16174=IFCPRODUCTDEFINITIONSHAPE($,$,(#16173));
#16175=IFCBEAM('0YQ7akpNzE_wiexQXfd7Bs',#5,'VB_P18_2_03',$,$,#16165,#16174,$,$);
#16176=IFCRELCONTAINEDINSPATIALSTRUCTURE('1odWlYgkr3tfCQwHXi9Z_0',#5,$,$,(#16175),#113);
#16177=IFCCARTESIANPOINT((2.5,36.5,-0.5));
#16178=IFCAXIS2PLACEMENT3D(#16177,$,$);
#16179=IFCLOCALPLACEMENT(#112,#16178);
#16180=IFCCARTESIANPOINT((0.,0.));
#16181=IFCAXIS2PLACEMENT2D(#16180,$);
#16182=IFCRECTANGLEPROFILEDEF(.AREA.,$,#16181,0.25,7.);
#16183=IFCCARTESIANPOINT((0.,0.,0.));
#16184=IFCAXIS2PLACEMENT3D(#16183,$,$);
#16185=IFCDIRECTION((0.,0.,1.));
#16186=IFCEXTRUDEDAREASOLID(#16182,#16184,#16185,0.5);
#16187=IFCSHAPEREPRESENTATION(#14,'Body','SweptSolid',(#16186));
#16188=IFCPRODUCTDEFINITIONSHAPE($,$,(#16187));
#16189=IFCBEAM('2irdyepk58tfgGlbcgcKFk',#5,'VB_P18_2_04',$,$,#16179,#16188,$,$);
#16190=IFCRELCONTAINEDINSPATIALSTRUCTURE('1aGyUYar55oO9cd2w4RTgf',#5,$,$,(#16189),#113);
#16191=IFCCARTESIANPOINT((87.5,6.5,-0.5));
#16192=IFCAXIS2PLACEMENT3D(#16191,$,$);
#16193=IFCLOCALPLACEMENT(#112,#16192);
#16194=IFCCARTESIANPOINT((0.,0.));
#16195=IFCAXIS2PLACEMENT2D(#16194,$);
#16196=IFCRECTANGLEPROFILEDEF(.AREA.,$,#16195,0.25,7.);
#16197=IFCCARTESIANPOINT((0.,0.,0.));
#16198=IFCAXIS2PLACEMENT3D(#16197,$,$);
#16199=IFCDIRECTION((0.,0.,1.));
#16200=IFCEXTRUDEDAREASOLID(#16196,#16198,#16199,0.5);
#16201=IFCSHAPEREPRESENTATION(#14,'Body','SweptSolid',(#16200));
#16202=IFCPRODUCTDEFINITIONSHAPE($,$,(#16201));
#16203=IFCBEAM('3Y3ofcaEn9qv5qXs6PynMS',#5,'VB_P18_88_00',$,$,#16193,#16202,$,$);
#16204=IFCRELCONTAINEDINSPATIALSTRUCTURE('0mSfPG_YP1Th05MKtmgmJN',#5,$,$,(#16203),#113);
#16205=IFCCARTESIANPOINT((87.5,13.5,-0.5));
#16206=IFCAXIS2PLACEMENT3D(#16205,$,$);
#16207=IFCLOCALPLACEMENT(#112,#16206);
#16208=IFCCARTESIANPOINT((0.,0.));
#16209=IFCAXIS2PLACEMENT2D(#16208,$);
#16210=IFCRECTANGLEPROFILEDEF(.AREA.,$,#16209,0.25,7.);
#16211=IFCCARTESIANPOINT((0.,0.,0.));
#16212=IFCAXIS2PLACEMENT3D(#16211,$,$);
#16213=IFCDIRECTION((0.,0.,1.));
#16214=IFCEXTRUDEDAREASOLID(#16210,#16212,#16213,0.5);
#16215=IFCSHAPEREPRESENTATION(#14,'Body','SweptSolid',(#16214));
#16216=IFCPRODUCTDEFINITIONSHAPE($,$,(#16215));
#16217=IFCBEAM('0l1KC_XmDEPwrUnlZhL8hP',#5,'VB_P18_88_01',$,$,#16207,#16216,$,$);
#16218=IFCRELCONTAINEDINSPATIALSTRUCTURE('31pUnF3k96qvNKeBZy2n_Q',#5,$,$,(#16217),#113);
#16219=IFCCARTESIANPOINT((87.5,21.5,-0.5));
#16220=IFCAXIS2PLACEMENT3D(#16219,$,$);
#16221=IFCLOCALPLACEMENT(#112,#16220);
#16222=IFCCARTESIANPOINT((0.,0.));
#16223=IFCAXIS2PLACEMENT2D(#16222,$);
#16224=IFCRECTANGLEPROFILEDEF(.AREA.,$,#16223,0.25,9.);
#16225=IFCCARTESIANPOINT((0.,0.,0.));
#16226=IFCAXIS2PLACEMENT3D(#16225,$,$);
#16227=IFCDIRECTION((0.,0.,1.));
#16228=IFCEXTRUDEDAREASOLID(#16224,#16226,#16227,0.5);
#16229=IFCSHAPEREPRESENTATION(#14,'Body','SweptSolid',(#16228));
#16230=IFCPRODUCTDEFINITIONSHAPE($,$,(#16229));
#16231=IFCBEAM('1L1FlEDaDA2g2RYUQzMs6G',#5,'VB_P18_88_02',$,$,#16221,#16230,$,$);
#16232=IFCRELCONTAINEDINSPATIALSTRUCTURE('0ID6ReHfv1SgsbV9FLRuee',#5,$,$,(#16231),#113);
#16233=IFCCARTESIANPOINT((87.5,29.5,-0.5));
#16234=IFCAXIS2PLACEMENT3D(#16233,$,$);
#16235=IFCLOCALPLACEMENT(#112,#16234);
#16236=IFCCARTESIANPOINT((0.,0.));
#16237=IFCAXIS2PLACEMENT2D(#16236,$);
#16238=IFCRECTANGLEPROFILEDEF(.AREA.,$,#16237,0.25,7.);
#16239=IFCCARTESIANPOINT((0.,0.,0.));
#16240=IFCAXIS2PLACEMENT3D(#16239,$,$);
#16241=IFCDIRECTION((0.,0.,1.));
#16242=IFCEXTRUDEDAREASOLID(#16238,#16240,#16241,0.5);
#16243=IFCSHAPEREPRESENTATION(#14,'Body','SweptSolid',(#16242));
#16244=IFCPRODUCTDEFINITIONSHAPE($,$,(#16243));
#16245=IFCBEAM('0oqVGzA1L7QP5k8WaHGitx',#5,'VB_P18_88_03',$,$,#16235,#16244,$,$);
#16246=IFCRELCONTAINEDINSPATIALSTRUCTURE('1t1hPVtIn9MPZOmB3FzNDR',#5,$,$,(#16245),#113);
#16247=IFCCARTESIANPOINT((87.5,36.5,-0.5));
#16248=IFCAXIS2PLACEMENT3D(#16247,$,$);
#16249=IFCLOCALPLACEMENT(#112,#16248);
#16250=IFCCARTESIANPOINT((0.,0.));
#16251=IFCAXIS2PLACEMENT2D(#16250,$);
#16252=IFCRECTANGLEPROFILEDEF(.AREA.,$,#16251,0.25,7.);
#16253=IFCCARTESIANPOINT((0.,0.,0.));
#16254=IFCAXIS2PLACEMENT3D(#16253,$,$);
#16255=IFCDIRECTION((0.,0.,1.));
#16256=IFCEXTRUDEDAREASOLID(#16252,#16254,#16255,0.5);
#16257=IFCSHAPEREPRESENTATION(#14,'Body','SweptSolid',(#16256));
#16258=IFCPRODUCTDEFINITIONSHAPE($,$,(#16257));
#16259=IFCBEAM('3bpFQ0TVr6cwbZyQcclCyT',#5,'VB_P18_88_04',$,$,#16249,#16258,$,$);
#16260=IFCRELCONTAINEDINSPATIALSTRUCTURE('2CDqFoM91E8xo7YEjUcNau',#5,$,$,(#16259),#113);
#16261=IFCCARTESIANPOINT((12.,18.,-0.5));
#16262=IFCAXIS2PLACEMENT3D(#16261,$,$);
#16263=IFCLOCALPLACEMENT(#112,#16262);
#16264=IFCCARTESIANPOINT((0.,0.));
#16265=IFCAXIS2PLACEMENT2D(#16264,$);
#16266=IFCRECTANGLEPROFILEDEF(.AREA.,$,#16265,14.,0.20000000000000284);
#16267=IFCCARTESIANPOINT((0.,0.,0.));
#16268=IFCAXIS2PLACEMENT3D(#16267,$,$);
#16269=IFCDIRECTION((0.,0.,1.));
#16270=IFCEXTRUDEDAREASOLID(#16266,#16268,#16269,0.5);
#16271=IFCSHAPEREPRESENTATION(#14,'Body','SweptSolid',(#16270));
#16272=IFCPRODUCTDEFINITIONSHAPE($,$,(#16271));
#16273=IFCBEAM('35oU9exZbCV8zz7GTQ$1bD',#5,'VP_P18_A_18',$,$,#16263,#16272,$,$);
#16274=IFCRELCONTAINEDINSPATIALSTRUCTURE('0tLez51vXAJwkp2PM9090L',#5,$,$,(#16273),#113);
#16275=IFCCARTESIANPOINT((12.,25.,-0.5));
#16276=IFCAXIS2PLACEMENT3D(#16275,$,$);
#16277=IFCLOCALPLACEMENT(#112,#16276);
#16278=IFCCARTESIANPOINT((0.,0.));
#16279=IFCAXIS2PLACEMENT2D(#16278,$);
#16280=IFCRECTANGLEPROFILEDEF(.AREA.,$,#16279,14.,0.20000000000000284);
#16281=IFCCARTESIANPOINT((0.,0.,0.));
#16282=IFCAXIS2PLACEMENT3D(#16281,$,$);
#16283=IFCDIRECTION((0.,0.,1.));
#16284=IFCEXTRUDEDAREASOLID(#16280,#16282,#16283,0.5);
#16285=IFCSHAPEREPRESENTATION(#14,'Body','SweptSolid',(#16284));
#16286=IFCPRODUCTDEFINITIONSHAPE($,$,(#16285));
#16287=IFCBEAM('06nCignt5Alx25sx3ZF0pt',#5,'VP_P18_A_25',$,$,#16277,#16286,$,$);
#16288=IFCRELCONTAINEDINSPATIALSTRUCTURE('3eEVWWPwb3f8JKK2bWZ5nd',#5,$,$,(#16287),#113);
#16289=IFCCARTESIANPOINT((5.,21.5,-0.5));
#16290=IFCAXIS2PLACEMENT3D(#16289,$,$);
#16291=IFCLOCALPLACEMENT(#112,#16290);
#16292=IFCCARTESIANPOINT((0.,0.));
#16293=IFCAXIS2PLACEMENT2D(#16292,$);
#16294=IFCRECTANGLEPROFILEDEF(.AREA.,$,#16293,0.19999999999999929,7.);
#16295=IFCCARTESIANPOINT((0.,0.,0.));
#16296=IFCAXIS2PLACEMENT3D(#16295,$,$);
#16297=IFCDIRECTION((0.,0.,1.));
#16298=IFCEXTRUDEDAREASOLID(#16294,#16296,#16297,0.5);
#16299=IFCSHAPEREPRESENTATION(#14,'Body','SweptSolid',(#16298));
#16300=IFCPRODUCTDEFINITIONSHAPE($,$,(#16299));
#16301=IFCBEAM('07tNX724j2ygHj8Guil17H',#5,'VP_P18_A_5',$,$,#16291,#16300,$,$);
#16302=IFCRELCONTAINEDINSPATIALSTRUCTURE('1$lnD5Eif3hv5FOiPVNsCD',#5,$,$,(#16301),#113);
#16303=IFCCARTESIANPOINT((19.,21.5,-0.5));
#16304=IFCAXIS2PLACEMENT3D(#16303,$,$);
#16305=IFCLOCALPLACEMENT(#112,#16304);
#16306=IFCCARTESIANPOINT((0.,0.));
#16307=IFCAXIS2PLACEMENT2D(#16306,$);
#16308=IFCRECTANGLEPROFILEDEF(.AREA.,$,#16307,0.20000000000000284,7.);
#16309=IFCCARTESIANPOINT((0.,0.,0.));
#16310=IFCAXIS2PLACEMENT3D(#16309,$,$);
#16311=IFCDIRECTION((0.,0.,1.));
#16312=IFCEXTRUDEDAREASOLID(#16308,#16310,#16311,0.5);
#16313=IFCSHAPEREPRESENTATION(#14,'Body','SweptSolid',(#16312));
#16314=IFCPRODUCTDEFINITIONSHAPE($,$,(#16313));
#16315=IFCBEAM('0cYAJWtnH9EvEo60MT2SVL',#5,'VP_P18_A_19',$,$,#16305,#16314,$,$);
#16316=IFCRELCONTAINEDINSPATIALSTRUCTURE('2BjFqwQC58eRvdOj8CzpKM',#5,$,$,(#16315),#113);
#16317=IFCCARTESIANPOINT((78.,18.,-0.5));
#16318=IFCAXIS2PLACEMENT3D(#16317,$,$);
#16319=IFCLOCALPLACEMENT(#112,#16318);
#16320=IFCCARTESIANPOINT((0.,0.));
#16321=IFCAXIS2PLACEMENT2D(#16320,$);
#16322=IFCRECTANGLEPROFILEDEF(.AREA.,$,#16321,14.,0.20000000000000284);
#16323=IFCCARTESIANPOINT((0.,0.,0.));
#16324=IFCAXIS2PLACEMENT3D(#16323,$,$);
#16325=IFCDIRECTION((0.,0.,1.));
#16326=IFCEXTRUDEDAREASOLID(#16322,#16324,#16325,0.5);
#16327=IFCSHAPEREPRESENTATION(#14,'Body','SweptSolid',(#16326));
#16328=IFCPRODUCTDEFINITIONSHAPE($,$,(#16327));
#16329=IFCBEAM('20x97Ytdf8$wADSUID9k4k',#5,'VP_P18_B_18',$,$,#16319,#16328,$,$);
#16330=IFCRELCONTAINEDINSPATIALSTRUCTURE('3yG2ZNjEP7CfD_OS$zjlSJ',#5,$,$,(#16329),#113);
#16331=IFCCARTESIANPOINT((78.,25.,-0.5));
#16332=IFCAXIS2PLACEMENT3D(#16331,$,$);
#16333=IFCLOCALPLACEMENT(#112,#16332);
#16334=IFCCARTESIANPOINT((0.,0.));
#16335=IFCAXIS2PLACEMENT2D(#16334,$);
#16336=IFCRECTANGLEPROFILEDEF(.AREA.,$,#16335,14.,0.20000000000000284);
#16337=IFCCARTESIANPOINT((0.,0.,0.));
#16338=IFCAXIS2PLACEMENT3D(#16337,$,$);
#16339=IFCDIRECTION((0.,0.,1.));
#16340=IFCEXTRUDEDAREASOLID(#16336,#16338,#16339,0.5);
#16341=IFCSHAPEREPRESENTATION(#14,'Body','SweptSolid',(#16340));
#16342=IFCPRODUCTDEFINITIONSHAPE($,$,(#16341));
#16343=IFCBEAM('0KEaQY7wjAPhHgHyo_1aRB',#5,'VP_P18_B_25',$,$,#16333,#16342,$,$);
#16344=IFCRELCONTAINEDINSPATIALSTRUCTURE('3sUWZ8WXTAvO4J1HXS1Wz9',#5,$,$,(#16343),#113);
#16345=IFCCARTESIANPOINT((71.,21.5,-0.5));
#16346=IFCAXIS2PLACEMENT3D(#16345,$,$);
#16347=IFCLOCALPLACEMENT(#112,#16346);
#16348=IFCCARTESIANPOINT((0.,0.));
#16349=IFCAXIS2PLACEMENT2D(#16348,$);
#16350=IFCRECTANGLEPROFILEDEF(.AREA.,$,#16349,0.19999999999998863,7.);
#16351=IFCCARTESIANPOINT((0.,0.,0.));
#16352=IFCAXIS2PLACEMENT3D(#16351,$,$);
#16353=IFCDIRECTION((0.,0.,1.));
#16354=IFCEXTRUDEDAREASOLID(#16350,#16352,#16353,0.5);
#16355=IFCSHAPEREPRESENTATION(#14,'Body','SweptSolid',(#16354));
#16356=IFCPRODUCTDEFINITIONSHAPE($,$,(#16355));
#16357=IFCBEAM('3eU0k8eCvEHunDdQR5NJxP',#5,'VP_P18_B_71',$,$,#16347,#16356,$,$);
#16358=IFCRELCONTAINEDINSPATIALSTRUCTURE('0G7OE1HL9DxfNhWa5VV7PG',#5,$,$,(#16357),#113);
#16359=IFCCARTESIANPOINT((85.,21.5,-0.5));
#16360=IFCAXIS2PLACEMENT3D(#16359,$,$);
#16361=IFCLOCALPLACEMENT(#112,#16360);
#16362=IFCCARTESIANPOINT((0.,0.));
#16363=IFCAXIS2PLACEMENT2D(#16362,$);
#16364=IFCRECTANGLEPROFILEDEF(.AREA.,$,#16363,0.19999999999998863,7.);
#16365=IFCCARTESIANPOINT((0.,0.,0.));
#16366=IFCAXIS2PLACEMENT3D(#16365,$,$);
#16367=IFCDIRECTION((0.,0.,1.));
#16368=IFCEXTRUDEDAREASOLID(#16364,#16366,#16367,0.5);
#16369=IFCSHAPEREPRESENTATION(#14,'Body','SweptSolid',(#16368));
#16370=IFCPRODUCTDEFINITIONSHAPE($,$,(#16369));
#16371=IFCBEAM('0PipSuLEz88hIGU0n6nK5$',#5,'VP_P18_B_85',$,$,#16361,#16370,$,$);
#16372=IFCRELCONTAINEDINSPATIALSTRUCTURE('1ZxMn6cin2puTjPngaQG2R',#5,$,$,(#16371),#113);
#16373=IFCCARTESIANPOINT((6.4400000000000004,3.,-0.5));
#16374=IFCAXIS2PLACEMENT3D(#16373,$,$);
#16375=IFCLOCALPLACEMENT(#116,#16374);
#16376=IFCCARTESIANPOINT((0.,0.));
#16377=IFCAXIS2PLACEMENT2D(#16376,$);
#16378=IFCRECTANGLEPROFILEDEF(.AREA.,$,#16377,7.8800000000000008,0.25);
#16379=IFCCARTESIANPOINT((0.,0.,0.));
#16380=IFCAXIS2PLACEMENT3D(#16379,$,$);
#16381=IFCDIRECTION((0.,0.,1.));
#16382=IFCEXTRUDEDAREASOLID(#16378,#16380,#16381,0.5);
#16383=IFCSHAPEREPRESENTATION(#14,'Body','SweptSolid',(#16382));
#16384=IFCPRODUCTDEFINITIONSHAPE($,$,(#16383));
#16385=IFCBEAM('1kMTazTFzCpx72GXRtCEQL',#5,'VB_AZ_3_00',$,$,#16375,#16384,$,$);
#16386=IFCRELCONTAINEDINSPATIALSTRUCTURE('0jxQwT$NXC4RHzVzm2kQaN',#5,$,$,(#16385),#117);
#16387=IFCCARTESIANPOINT((14.315000000000001,3.,-0.5));
#16388=IFCAXIS2PLACEMENT3D(#16387,$,$);
#16389=IFCLOCALPLACEMENT(#116,#16388);
#16390=IFCCARTESIANPOINT((0.,0.));
#16391=IFCAXIS2PLACEMENT2D(#16390,$);
#16392=IFCRECTANGLEPROFILEDEF(.AREA.,$,#16391,7.8699999999999992,0.25);
#16393=IFCCARTESIANPOINT((0.,0.,0.));
#16394=IFCAXIS2PLACEMENT3D(#16393,$,$);
#16395=IFCDIRECTION((0.,0.,1.));
#16396=IFCEXTRUDEDAREASOLID(#16392,#16394,#16395,0.5);
#16397=IFCSHAPEREPRESENTATION(#14,'Body','SweptSolid',(#16396));
#16398=IFCPRODUCTDEFINITIONSHAPE($,$,(#16397));
#16399=IFCBEAM('0ciFkbyhz6efekLRj6jshb',#5,'VB_AZ_3_01',$,$,#16389,#16398,$,$);
#16400=IFCRELCONTAINEDINSPATIALSTRUCTURE('2t5HFNsZvAFv1F7$emi3zg',#5,$,$,(#16399),#117);
#16401=IFCCARTESIANPOINT((22.189999999999998,3.,-0.5));
#16402=IFCAXIS2PLACEMENT3D(#16401,$,$);
#16403=IFCLOCALPLACEMENT(#116,#16402);
#16404=IFCCARTESIANPOINT((0.,0.));
#16405=IFCAXIS2PLACEMENT2D(#16404,$);
#16406=IFCRECTANGLEPROFILEDEF(.AREA.,$,#16405,7.879999999999999,0.25);
#16407=IFCCARTESIANPOINT((0.,0.,0.));
#16408=IFCAXIS2PLACEMENT3D(#16407,$,$);
#16409=IFCDIRECTION((0.,0.,1.));
#16410=IFCEXTRUDEDAREASOLID(#16406,#16408,#16409,0.5);
#16411=IFCSHAPEREPRESENTATION(#14,'Body','SweptSolid',(#16410));
#16412=IFCPRODUCTDEFINITIONSHAPE($,$,(#16411));
#16413=IFCBEAM('2s0NUZlNPEAfG37U$MKZXi',#5,'VB_AZ_3_02',$,$,#16403,#16412,$,$);
#16414=IFCRELCONTAINEDINSPATIALSTRUCTURE('2GP7eYlhLCQ9CAKvfpYg8f',#5,$,$,(#16413),#117);
#16415=IFCCARTESIANPOINT((30.064999999999998,3.,-0.5));
#16416=IFCAXIS2PLACEMENT3D(#16415,$,$);
#16417=IFCLOCALPLACEMENT(#116,#16416);
#16418=IFCCARTESIANPOINT((0.,0.));
#16419=IFCAXIS2PLACEMENT2D(#16418,$);
#16420=IFCRECTANGLEPROFILEDEF(.AREA.,$,#16419,7.870000000000001,0.25);
#16421=IFCCARTESIANPOINT((0.,0.,0.));
#16422=IFCAXIS2PLACEMENT3D(#16421,$,$);
#16423=IFCDIRECTION((0.,0.,1.));
#16424=IFCEXTRUDEDAREASOLID(#16420,#16422,#16423,0.5);
#16425=IFCSHAPEREPRESENTATION(#14,'Body','SweptSolid',(#16424));
#16426=IFCPRODUCTDEFINITIONSHAPE($,$,(#16425));
#16427=IFCBEAM('0iKRlVYG5BaQ_7beA4KRWd',#5,'VB_AZ_3_03',$,$,#16417,#16426,$,$);
#16428=IFCRELCONTAINEDINSPATIALSTRUCTURE('3XWslJXVj3fv77C0nVA5a3',#5,$,$,(#16427),#117);
#16429=IFCCARTESIANPOINT((37.5,3.,-0.5));
#16430=IFCAXIS2PLACEMENT3D(#16429,$,$);
#16431=IFCLOCALPLACEMENT(#116,#16430);
#16432=IFCCARTESIANPOINT((0.,0.));
#16433=IFCAXIS2PLACEMENT2D(#16432,$);
#16434=IFCRECTANGLEPROFILEDEF(.AREA.,$,#16433,7.,0.25);
#16435=IFCCARTESIANPOINT((0.,0.,0.));
#16436=IFCAXIS2PLACEMENT3D(#16435,$,$);
#16437=IFCDIRECTION((0.,0.,1.));
#16438=IFCEXTRUDEDAREASOLID(#16434,#16436,#16437,0.5);
#16439=IFCSHAPEREPRESENTATION(#14,'Body','SweptSolid',(#16438));
#16440=IFCPRODUCTDEFINITIONSHAPE($,$,(#16439));
#16441=IFCBEAM('1Ejf2McCn2Q8wuLZq4am5U',#5,'VB_AZ_3_04',$,$,#16431,#16440,$,$);
#16442=IFCRELCONTAINEDINSPATIALSTRUCTURE('0Xqpk9vwbFrPmms2Be$yFV',#5,$,$,(#16441),#117);
#16443=IFCCARTESIANPOINT((45.,3.,-0.5));
#16444=IFCAXIS2PLACEMENT3D(#16443,$,$);
#16445=IFCLOCALPLACEMENT(#116,#16444);
#16446=IFCCARTESIANPOINT((0.,0.));
#16447=IFCAXIS2PLACEMENT2D(#16446,$);
#16448=IFCRECTANGLEPROFILEDEF(.AREA.,$,#16447,8.,0.25);
#16449=IFCCARTESIANPOINT((0.,0.,0.));
#16450=IFCAXIS2PLACEMENT3D(#16449,$,$);
#16451=IFCDIRECTION((0.,0.,1.));
#16452=IFCEXTRUDEDAREASOLID(#16448,#16450,#16451,0.5);
#16453=IFCSHAPEREPRESENTATION(#14,'Body','SweptSolid',(#16452));
#16454=IFCPRODUCTDEFINITIONSHAPE($,$,(#16453));
#16455=IFCBEAM('1xxPCWaObCiuALDx2CRVzN',#5,'VB_AZ_3_05',$,$,#16445,#16454,$,$);
#16456=IFCRELCONTAINEDINSPATIALSTRUCTURE('3V6jKORCP4jubB9PXXkDmM',#5,$,$,(#16455),#117);
#16457=IFCCARTESIANPOINT((52.5,3.,-0.5));
#16458=IFCAXIS2PLACEMENT3D(#16457,$,$);
#16459=IFCLOCALPLACEMENT(#116,#16458);
#16460=IFCCARTESIANPOINT((0.,0.));
#16461=IFCAXIS2PLACEMENT2D(#16460,$);
#16462=IFCRECTANGLEPROFILEDEF(.AREA.,$,#16461,7.,0.25);
#16463=IFCCARTESIANPOINT((0.,0.,0.));
#16464=IFCAXIS2PLACEMENT3D(#16463,$,$);
#16465=IFCDIRECTION((0.,0.,1.));
#16466=IFCEXTRUDEDAREASOLID(#16462,#16464,#16465,0.5);
#16467=IFCSHAPEREPRESENTATION(#14,'Body','SweptSolid',(#16466));
#16468=IFCPRODUCTDEFINITIONSHAPE($,$,(#16467));
#16469=IFCBEAM('0fpdf0WbT6wQfjRju7sjvX',#5,'VB_AZ_3_06',$,$,#16459,#16468,$,$);
#16470=IFCRELCONTAINEDINSPATIALSTRUCTURE('3rsfQDSLH2JuyPpiQtexE$',#5,$,$,(#16469),#117);
#16471=IFCCARTESIANPOINT((59.939999999999998,3.,-0.5));
#16472=IFCAXIS2PLACEMENT3D(#16471,$,$);
#16473=IFCLOCALPLACEMENT(#116,#16472);
#16474=IFCCARTESIANPOINT((0.,0.));
#16475=IFCAXIS2PLACEMENT2D(#16474,$);
#16476=IFCRECTANGLEPROFILEDEF(.AREA.,$,#16475,7.8800000000000026,0.25);
#16477=IFCCARTESIANPOINT((0.,0.,0.));
#16478=IFCAXIS2PLACEMENT3D(#16477,$,$);
#16479=IFCDIRECTION((0.,0.,1.));
#16480=IFCEXTRUDEDAREASOLID(#16476,#16478,#16479,0.5);
#16481=IFCSHAPEREPRESENTATION(#14,'Body','SweptSolid',(#16480));
#16482=IFCPRODUCTDEFINITIONSHAPE($,$,(#16481));
#16483=IFCBEAM('2Lt0mHJq56tQFZRW3MLRap',#5,'VB_AZ_3_07',$,$,#16473,#16482,$,$);
#16484=IFCRELCONTAINEDINSPATIALSTRUCTURE('0UrucM4K50KB1NPl1j5MMu',#5,$,$,(#16483),#117);
#16485=IFCCARTESIANPOINT((67.814999999999998,3.,-0.5));
#16486=IFCAXIS2PLACEMENT3D(#16485,$,$);
#16487=IFCLOCALPLACEMENT(#116,#16486);
#16488=IFCCARTESIANPOINT((0.,0.));
#16489=IFCAXIS2PLACEMENT2D(#16488,$);
#16490=IFCRECTANGLEPROFILEDEF(.AREA.,$,#16489,7.8699999999999974,0.25);
#16491=IFCCARTESIANPOINT((0.,0.,0.));
#16492=IFCAXIS2PLACEMENT3D(#16491,$,$);
#16493=IFCDIRECTION((0.,0.,1.));
#16494=IFCEXTRUDEDAREASOLID(#16490,#16492,#16493,0.5);
#16495=IFCSHAPEREPRESENTATION(#14,'Body','SweptSolid',(#16494));
#16496=IFCPRODUCTDEFINITIONSHAPE($,$,(#16495));
#16497=IFCBEAM('1cMGpLg516hBukpFrtaYkB',#5,'VB_AZ_3_08',$,$,#16487,#16496,$,$);
#16498=IFCRELCONTAINEDINSPATIALSTRUCTURE('1SX0HpKTX2bgwrYgS9TuA9',#5,$,$,(#16497),#117);
#16499=IFCCARTESIANPOINT((75.689999999999998,3.,-0.5));
#16500=IFCAXIS2PLACEMENT3D(#16499,$,$);
#16501=IFCLOCALPLACEMENT(#116,#16500);
#16502=IFCCARTESIANPOINT((0.,0.));
#16503=IFCAXIS2PLACEMENT2D(#16502,$);
#16504=IFCRECTANGLEPROFILEDEF(.AREA.,$,#16503,7.8799999999999955,0.25);
#16505=IFCCARTESIANPOINT((0.,0.,0.));
#16506=IFCAXIS2PLACEMENT3D(#16505,$,$);
#16507=IFCDIRECTION((0.,0.,1.));
#16508=IFCEXTRUDEDAREASOLID(#16504,#16506,#16507,0.5);
#16509=IFCSHAPEREPRESENTATION(#14,'Body','SweptSolid',(#16508));
#16510=IFCPRODUCTDEFINITIONSHAPE($,$,(#16509));
#16511=IFCBEAM('35Dngm66nDd87mLgGm$X9l',#5,'VB_AZ_3_09',$,$,#16501,#16510,$,$);
#16512=IFCRELCONTAINEDINSPATIALSTRUCTURE('1HXEmwg2X7i9FRQo6MX2iH',#5,$,$,(#16511),#117);
#16513=IFCCARTESIANPOINT((83.564999999999998,3.,-0.5));
#16514=IFCAXIS2PLACEMENT3D(#16513,$,$);
#16515=IFCLOCALPLACEMENT(#116,#16514);
#16516=IFCCARTESIANPOINT((0.,0.));
#16517=IFCAXIS2PLACEMENT2D(#16516,$);
#16518=IFCRECTANGLEPROFILEDEF(.AREA.,$,#16517,7.8700000000000045,0.25);
#16519=IFCCARTESIANPOINT((0.,0.,0.));
#16520=IFCAXIS2PLACEMENT3D(#16519,$,$);
#16521=IFCDIRECTION((0.,0.,1.));
#16522=IFCEXTRUDEDAREASOLID(#16518,#16520,#16521,0.5);
#16523=IFCSHAPEREPRESENTATION(#14,'Body','SweptSolid',(#16522));
#16524=IFCPRODUCTDEFINITIONSHAPE($,$,(#16523));
#16525=IFCBEAM('3xF6IClifAKRUJud8_djbz',#5,'VB_AZ_3_10',$,$,#16515,#16524,$,$);
#16526=IFCRELCONTAINEDINSPATIALSTRUCTURE('2mC1hOndz5JRZoMn9iBkPs',#5,$,$,(#16525),#117);
#16527=IFCCARTESIANPOINT((6.4400000000000004,40.,-0.5));
#16528=IFCAXIS2PLACEMENT3D(#16527,$,$);
#16529=IFCLOCALPLACEMENT(#116,#16528);
#16530=IFCCARTESIANPOINT((0.,0.));
#16531=IFCAXIS2PLACEMENT2D(#16530,$);
#16532=IFCRECTANGLEPROFILEDEF(.AREA.,$,#16531,7.8800000000000008,0.25);
#16533=IFCCARTESIANPOINT((0.,0.,0.));
#16534=IFCAXIS2PLACEMENT3D(#16533,$,$);
#16535=IFCDIRECTION((0.,0.,1.));
#16536=IFCEXTRUDEDAREASOLID(#16532,#16534,#16535,0.5);
#16537=IFCSHAPEREPRESENTATION(#14,'Body','SweptSolid',(#16536));
#16538=IFCPRODUCTDEFINITIONSHAPE($,$,(#16537));
#16539=IFCBEAM('03o5pz1eHD3gTq3ckgboxr',#5,'VB_AZ_40_00',$,$,#16529,#16538,$,$);
#16540=IFCRELCONTAINEDINSPATIALSTRUCTURE('2t6NxDCir3rebZHugLtF4B',#5,$,$,(#16539),#117);
#16541=IFCCARTESIANPOINT((14.315000000000001,40.,-0.5));
#16542=IFCAXIS2PLACEMENT3D(#16541,$,$);
#16543=IFCLOCALPLACEMENT(#116,#16542);
#16544=IFCCARTESIANPOINT((0.,0.));
#16545=IFCAXIS2PLACEMENT2D(#16544,$);
#16546=IFCRECTANGLEPROFILEDEF(.AREA.,$,#16545,7.8699999999999992,0.25);
#16547=IFCCARTESIANPOINT((0.,0.,0.));
#16548=IFCAXIS2PLACEMENT3D(#16547,$,$);
#16549=IFCDIRECTION((0.,0.,1.));
#16550=IFCEXTRUDEDAREASOLID(#16546,#16548,#16549,0.5);
#16551=IFCSHAPEREPRESENTATION(#14,'Body','SweptSolid',(#16550));
#16552=IFCPRODUCTDEFINITIONSHAPE($,$,(#16551));
#16553=IFCBEAM('1xpZogvf99zQpDsPe13yDR',#5,'VB_AZ_40_01',$,$,#16543,#16552,$,$);
#16554=IFCRELCONTAINEDINSPATIALSTRUCTURE('3ih_YD_EvBTgmaXRVyx3xJ',#5,$,$,(#16553),#117);
#16555=IFCCARTESIANPOINT((22.189999999999998,40.,-0.5));
#16556=IFCAXIS2PLACEMENT3D(#16555,$,$);
#16557=IFCLOCALPLACEMENT(#116,#16556);
#16558=IFCCARTESIANPOINT((0.,0.));
#16559=IFCAXIS2PLACEMENT2D(#16558,$);
#16560=IFCRECTANGLEPROFILEDEF(.AREA.,$,#16559,7.879999999999999,0.25);
#16561=IFCCARTESIANPOINT((0.,0.,0.));
#16562=IFCAXIS2PLACEMENT3D(#16561,$,$);
#16563=IFCDIRECTION((0.,0.,1.));
#16564=IFCEXTRUDEDAREASOLID(#16560,#16562,#16563,0.5);
#16565=IFCSHAPEREPRESENTATION(#14,'Body','SweptSolid',(#16564));
#16566=IFCPRODUCTDEFINITIONSHAPE($,$,(#16565));
#16567=IFCBEAM('1IKO7$smf3WRYW2siDfQaC',#5,'VB_AZ_40_02',$,$,#16557,#16566,$,$);
#16568=IFCRELCONTAINEDINSPATIALSTRUCTURE('2h9YGKKCjA0OklxoW11r8y',#5,$,$,(#16567),#117);
#16569=IFCCARTESIANPOINT((30.064999999999998,40.,-0.5));
#16570=IFCAXIS2PLACEMENT3D(#16569,$,$);
#16571=IFCLOCALPLACEMENT(#116,#16570);
#16572=IFCCARTESIANPOINT((0.,0.));
#16573=IFCAXIS2PLACEMENT2D(#16572,$);
#16574=IFCRECTANGLEPROFILEDEF(.AREA.,$,#16573,7.870000000000001,0.25);
#16575=IFCCARTESIANPOINT((0.,0.,0.));
#16576=IFCAXIS2PLACEMENT3D(#16575,$,$);
#16577=IFCDIRECTION((0.,0.,1.));
#16578=IFCEXTRUDEDAREASOLID(#16574,#16576,#16577,0.5);
#16579=IFCSHAPEREPRESENTATION(#14,'Body','SweptSolid',(#16578));
#16580=IFCPRODUCTDEFINITIONSHAPE($,$,(#16579));
#16581=IFCBEAM('3_wk0JXgL1pAsA8yG$Lv61',#5,'VB_AZ_40_03',$,$,#16571,#16580,$,$);
#16582=IFCRELCONTAINEDINSPATIALSTRUCTURE('3N7F8kjIX1HA2gzu4liXpS',#5,$,$,(#16581),#117);
#16583=IFCCARTESIANPOINT((37.5,40.,-0.5));
#16584=IFCAXIS2PLACEMENT3D(#16583,$,$);
#16585=IFCLOCALPLACEMENT(#116,#16584);
#16586=IFCCARTESIANPOINT((0.,0.));
#16587=IFCAXIS2PLACEMENT2D(#16586,$);
#16588=IFCRECTANGLEPROFILEDEF(.AREA.,$,#16587,7.,0.25);
#16589=IFCCARTESIANPOINT((0.,0.,0.));
#16590=IFCAXIS2PLACEMENT3D(#16589,$,$);
#16591=IFCDIRECTION((0.,0.,1.));
#16592=IFCEXTRUDEDAREASOLID(#16588,#16590,#16591,0.5);
#16593=IFCSHAPEREPRESENTATION(#14,'Body','SweptSolid',(#16592));
#16594=IFCPRODUCTDEFINITIONSHAPE($,$,(#16593));
#16595=IFCBEAM('1DOpQhf8jAuQvSesy1WAkt',#5,'VB_AZ_40_04',$,$,#16585,#16594,$,$);
#16596=IFCRELCONTAINEDINSPATIALSTRUCTURE('29Rk13ySvFM9Po8aF2E9Ts',#5,$,$,(#16595),#117);
#16597=IFCCARTESIANPOINT((45.,40.,-0.5));
#16598=IFCAXIS2PLACEMENT3D(#16597,$,$);
#16599=IFCLOCALPLACEMENT(#116,#16598);
#16600=IFCCARTESIANPOINT((0.,0.));
#16601=IFCAXIS2PLACEMENT2D(#16600,$);
#16602=IFCRECTANGLEPROFILEDEF(.AREA.,$,#16601,8.,0.25);
#16603=IFCCARTESIANPOINT((0.,0.,0.));
#16604=IFCAXIS2PLACEMENT3D(#16603,$,$);
#16605=IFCDIRECTION((0.,0.,1.));
#16606=IFCEXTRUDEDAREASOLID(#16602,#16604,#16605,0.5);
#16607=IFCSHAPEREPRESENTATION(#14,'Body','SweptSolid',(#16606));
#16608=IFCPRODUCTDEFINITIONSHAPE($,$,(#16607));
#16609=IFCBEAM('1PpA9fKc57Iu687ZrPl_Ct',#5,'VB_AZ_40_05',$,$,#16599,#16608,$,$);
#16610=IFCRELCONTAINEDINSPATIALSTRUCTURE('3zeEfTRur4_vbP5UmZGxC1',#5,$,$,(#16609),#117);
#16611=IFCCARTESIANPOINT((52.5,40.,-0.5));
#16612=IFCAXIS2PLACEMENT3D(#16611,$,$);
#16613=IFCLOCALPLACEMENT(#116,#16612);
#16614=IFCCARTESIANPOINT((0.,0.));
#16615=IFCAXIS2PLACEMENT2D(#16614,$);
#16616=IFCRECTANGLEPROFILEDEF(.AREA.,$,#16615,7.,0.25);
#16617=IFCCARTESIANPOINT((0.,0.,0.));
#16618=IFCAXIS2PLACEMENT3D(#16617,$,$);
#16619=IFCDIRECTION((0.,0.,1.));
#16620=IFCEXTRUDEDAREASOLID(#16616,#16618,#16619,0.5);
#16621=IFCSHAPEREPRESENTATION(#14,'Body','SweptSolid',(#16620));
#16622=IFCPRODUCTDEFINITIONSHAPE($,$,(#16621));
#16623=IFCBEAM('0v_piIME1138h_fVbIhGX0',#5,'VB_AZ_40_06',$,$,#16613,#16622,$,$);
#16624=IFCRELCONTAINEDINSPATIALSTRUCTURE('1pR9_I3O14r8gxVdBLaUuf',#5,$,$,(#16623),#117);
#16625=IFCCARTESIANPOINT((59.939999999999998,40.,-0.5));
#16626=IFCAXIS2PLACEMENT3D(#16625,$,$);
#16627=IFCLOCALPLACEMENT(#116,#16626);
#16628=IFCCARTESIANPOINT((0.,0.));
#16629=IFCAXIS2PLACEMENT2D(#16628,$);
#16630=IFCRECTANGLEPROFILEDEF(.AREA.,$,#16629,7.8800000000000026,0.25);
#16631=IFCCARTESIANPOINT((0.,0.,0.));
#16632=IFCAXIS2PLACEMENT3D(#16631,$,$);
#16633=IFCDIRECTION((0.,0.,1.));
#16634=IFCEXTRUDEDAREASOLID(#16630,#16632,#16633,0.5);
#16635=IFCSHAPEREPRESENTATION(#14,'Body','SweptSolid',(#16634));
#16636=IFCPRODUCTDEFINITIONSHAPE($,$,(#16635));
#16637=IFCBEAM('2109xkxGPAMPKZNmMk0Ohm',#5,'VB_AZ_40_07',$,$,#16627,#16636,$,$);
#16638=IFCRELCONTAINEDINSPATIALSTRUCTURE('3s2XG0XFv5g8$5AXfBvgmE',#5,$,$,(#16637),#117);
#16639=IFCCARTESIANPOINT((67.814999999999998,40.,-0.5));
#16640=IFCAXIS2PLACEMENT3D(#16639,$,$);
#16641=IFCLOCALPLACEMENT(#116,#16640);
#16642=IFCCARTESIANPOINT((0.,0.));
#16643=IFCAXIS2PLACEMENT2D(#16642,$);
#16644=IFCRECTANGLEPROFILEDEF(.AREA.,$,#16643,7.8699999999999974,0.25);
#16645=IFCCARTESIANPOINT((0.,0.,0.));
#16646=IFCAXIS2PLACEMENT3D(#16645,$,$);
#16647=IFCDIRECTION((0.,0.,1.));
#16648=IFCEXTRUDEDAREASOLID(#16644,#16646,#16647,0.5);
#16649=IFCSHAPEREPRESENTATION(#14,'Body','SweptSolid',(#16648));
#16650=IFCPRODUCTDEFINITIONSHAPE($,$,(#16649));
#16651=IFCBEAM('2LwWyS61r3mR5jkKaJruKA',#5,'VB_AZ_40_08',$,$,#16641,#16650,$,$);
#16652=IFCRELCONTAINEDINSPATIALSTRUCTURE('0g_gWimFD6fB2VWPJQD5UV',#5,$,$,(#16651),#117);
#16653=IFCCARTESIANPOINT((75.689999999999998,40.,-0.5));
#16654=IFCAXIS2PLACEMENT3D(#16653,$,$);
#16655=IFCLOCALPLACEMENT(#116,#16654);
#16656=IFCCARTESIANPOINT((0.,0.));
#16657=IFCAXIS2PLACEMENT2D(#16656,$);
#16658=IFCRECTANGLEPROFILEDEF(.AREA.,$,#16657,7.8799999999999955,0.25);
#16659=IFCCARTESIANPOINT((0.,0.,0.));
#16660=IFCAXIS2PLACEMENT3D(#16659,$,$);
#16661=IFCDIRECTION((0.,0.,1.));
#16662=IFCEXTRUDEDAREASOLID(#16658,#16660,#16661,0.5);
#16663=IFCSHAPEREPRESENTATION(#14,'Body','SweptSolid',(#16662));
#16664=IFCPRODUCTDEFINITIONSHAPE($,$,(#16663));
#16665=IFCBEAM('2wsiEhPi51lxYZEHmp8GC_',#5,'VB_AZ_40_09',$,$,#16655,#16664,$,$);
#16666=IFCRELCONTAINEDINSPATIALSTRUCTURE('24Li5SXqzBHxGSnak_qKqg',#5,$,$,(#16665),#117);
#16667=IFCCARTESIANPOINT((83.564999999999998,40.,-0.5));
#16668=IFCAXIS2PLACEMENT3D(#16667,$,$);
#16669=IFCLOCALPLACEMENT(#116,#16668);
#16670=IFCCARTESIANPOINT((0.,0.));
#16671=IFCAXIS2PLACEMENT2D(#16670,$);
#16672=IFCRECTANGLEPROFILEDEF(.AREA.,$,#16671,7.8700000000000045,0.25);
#16673=IFCCARTESIANPOINT((0.,0.,0.));
#16674=IFCAXIS2PLACEMENT3D(#16673,$,$);
#16675=IFCDIRECTION((0.,0.,1.));
#16676=IFCEXTRUDEDAREASOLID(#16672,#16674,#16675,0.5);
#16677=IFCSHAPEREPRESENTATION(#14,'Body','SweptSolid',(#16676));
#16678=IFCPRODUCTDEFINITIONSHAPE($,$,(#16677));
#16679=IFCBEAM('2KTfQHfHn8TR4YpI0ocb9P',#5,'VB_AZ_40_10',$,$,#16669,#16678,$,$);
#16680=IFCRELCONTAINEDINSPATIALSTRUCTURE('0t2RtXhPf6yvu0kx$XA7he',#5,$,$,(#16679),#117);
#16681=IFCCARTESIANPOINT((2.5,6.5,-0.5));
#16682=IFCAXIS2PLACEMENT3D(#16681,$,$);
#16683=IFCLOCALPLACEMENT(#116,#16682);
#16684=IFCCARTESIANPOINT((0.,0.));
#16685=IFCAXIS2PLACEMENT2D(#16684,$);
#16686=IFCRECTANGLEPROFILEDEF(.AREA.,$,#16685,0.25,7.);
#16687=IFCCARTESIANPOINT((0.,0.,0.));
#16688=IFCAXIS2PLACEMENT3D(#16687,$,$);
#16689=IFCDIRECTION((0.,0.,1.));
#16690=IFCEXTRUDEDAREASOLID(#16686,#16688,#16689,0.5);
#16691=IFCSHAPEREPRESENTATION(#14,'Body','SweptSolid',(#16690));
#16692=IFCPRODUCTDEFINITIONSHAPE($,$,(#16691));
#16693=IFCBEAM('06sdv8ZIP2TeCvSBukuUde',#5,'VB_AZ_2_00',$,$,#16683,#16692,$,$);
#16694=IFCRELCONTAINEDINSPATIALSTRUCTURE('2ELEMpAx19nQZIeSz07AyW',#5,$,$,(#16693),#117);
#16695=IFCCARTESIANPOINT((2.5,13.5,-0.5));
#16696=IFCAXIS2PLACEMENT3D(#16695,$,$);
#16697=IFCLOCALPLACEMENT(#116,#16696);
#16698=IFCCARTESIANPOINT((0.,0.));
#16699=IFCAXIS2PLACEMENT2D(#16698,$);
#16700=IFCRECTANGLEPROFILEDEF(.AREA.,$,#16699,0.25,7.);
#16701=IFCCARTESIANPOINT((0.,0.,0.));
#16702=IFCAXIS2PLACEMENT3D(#16701,$,$);
#16703=IFCDIRECTION((0.,0.,1.));
#16704=IFCEXTRUDEDAREASOLID(#16700,#16702,#16703,0.5);
#16705=IFCSHAPEREPRESENTATION(#14,'Body','SweptSolid',(#16704));
#16706=IFCPRODUCTDEFINITIONSHAPE($,$,(#16705));
#16707=IFCBEAM('3AN1kbAF56P8k1pz$kpaOO',#5,'VB_AZ_2_01',$,$,#16697,#16706,$,$);
#16708=IFCRELCONTAINEDINSPATIALSTRUCTURE('3modz_5y10fBiK55z8MzbR',#5,$,$,(#16707),#117);
#16709=IFCCARTESIANPOINT((2.5,21.5,-0.5));
#16710=IFCAXIS2PLACEMENT3D(#16709,$,$);
#16711=IFCLOCALPLACEMENT(#116,#16710);
#16712=IFCCARTESIANPOINT((0.,0.));
#16713=IFCAXIS2PLACEMENT2D(#16712,$);
#16714=IFCRECTANGLEPROFILEDEF(.AREA.,$,#16713,0.25,9.);
#16715=IFCCARTESIANPOINT((0.,0.,0.));
#16716=IFCAXIS2PLACEMENT3D(#16715,$,$);
#16717=IFCDIRECTION((0.,0.,1.));
#16718=IFCEXTRUDEDAREASOLID(#16714,#16716,#16717,0.5);
#16719=IFCSHAPEREPRESENTATION(#14,'Body','SweptSolid',(#16718));
#16720=IFCPRODUCTDEFINITIONSHAPE($,$,(#16719));
#16721=IFCBEAM('3AzWEaygD4sBI1Y66x_A9A',#5,'VB_AZ_2_02',$,$,#16711,#16720,$,$);
#16722=IFCRELCONTAINEDINSPATIALSTRUCTURE('3Aa$Hj7_D1BO2ardR4JIkV',#5,$,$,(#16721),#117);
#16723=IFCCARTESIANPOINT((2.5,29.5,-0.5));
#16724=IFCAXIS2PLACEMENT3D(#16723,$,$);
#16725=IFCLOCALPLACEMENT(#116,#16724);
#16726=IFCCARTESIANPOINT((0.,0.));
#16727=IFCAXIS2PLACEMENT2D(#16726,$);
#16728=IFCRECTANGLEPROFILEDEF(.AREA.,$,#16727,0.25,7.);
#16729=IFCCARTESIANPOINT((0.,0.,0.));
#16730=IFCAXIS2PLACEMENT3D(#16729,$,$);
#16731=IFCDIRECTION((0.,0.,1.));
#16732=IFCEXTRUDEDAREASOLID(#16728,#16730,#16731,0.5);
#16733=IFCSHAPEREPRESENTATION(#14,'Body','SweptSolid',(#16732));
#16734=IFCPRODUCTDEFINITIONSHAPE($,$,(#16733));
#16735=IFCBEAM('3D61ePmPTDLRfeOiO53Yqn',#5,'VB_AZ_2_03',$,$,#16725,#16734,$,$);
#16736=IFCRELCONTAINEDINSPATIALSTRUCTURE('3tOCRpEBn6HOh4CvSS5jmX',#5,$,$,(#16735),#117);
#16737=IFCCARTESIANPOINT((2.5,36.5,-0.5));
#16738=IFCAXIS2PLACEMENT3D(#16737,$,$);
#16739=IFCLOCALPLACEMENT(#116,#16738);
#16740=IFCCARTESIANPOINT((0.,0.));
#16741=IFCAXIS2PLACEMENT2D(#16740,$);
#16742=IFCRECTANGLEPROFILEDEF(.AREA.,$,#16741,0.25,7.);
#16743=IFCCARTESIANPOINT((0.,0.,0.));
#16744=IFCAXIS2PLACEMENT3D(#16743,$,$);
#16745=IFCDIRECTION((0.,0.,1.));
#16746=IFCEXTRUDEDAREASOLID(#16742,#16744,#16745,0.5);
#16747=IFCSHAPEREPRESENTATION(#14,'Body','SweptSolid',(#16746));
#16748=IFCPRODUCTDEFINITIONSHAPE($,$,(#16747));
#16749=IFCBEAM('3XId1iAtjFyOFs8h46evRB',#5,'VB_AZ_2_04',$,$,#16739,#16748,$,$);
#16750=IFCRELCONTAINEDINSPATIALSTRUCTURE('3zQoVNte1BJ95BGsozSysc',#5,$,$,(#16749),#117);
#16751=IFCCARTESIANPOINT((87.5,6.5,-0.5));
#16752=IFCAXIS2PLACEMENT3D(#16751,$,$);
#16753=IFCLOCALPLACEMENT(#116,#16752);
#16754=IFCCARTESIANPOINT((0.,0.));
#16755=IFCAXIS2PLACEMENT2D(#16754,$);
#16756=IFCRECTANGLEPROFILEDEF(.AREA.,$,#16755,0.25,7.);
#16757=IFCCARTESIANPOINT((0.,0.,0.));
#16758=IFCAXIS2PLACEMENT3D(#16757,$,$);
#16759=IFCDIRECTION((0.,0.,1.));
#16760=IFCEXTRUDEDAREASOLID(#16756,#16758,#16759,0.5);
#16761=IFCSHAPEREPRESENTATION(#14,'Body','SweptSolid',(#16760));
#16762=IFCPRODUCTDEFINITIONSHAPE($,$,(#16761));
#16763=IFCBEAM('3aOlDH0b12C9zECM97YOPn',#5,'VB_AZ_88_00',$,$,#16753,#16762,$,$);
#16764=IFCRELCONTAINEDINSPATIALSTRUCTURE('0QTMN2cYH1bQAP3c$rYtL5',#5,$,$,(#16763),#117);
#16765=IFCCARTESIANPOINT((87.5,13.5,-0.5));
#16766=IFCAXIS2PLACEMENT3D(#16765,$,$);
#16767=IFCLOCALPLACEMENT(#116,#16766);
#16768=IFCCARTESIANPOINT((0.,0.));
#16769=IFCAXIS2PLACEMENT2D(#16768,$);
#16770=IFCRECTANGLEPROFILEDEF(.AREA.,$,#16769,0.25,7.);
#16771=IFCCARTESIANPOINT((0.,0.,0.));
#16772=IFCAXIS2PLACEMENT3D(#16771,$,$);
#16773=IFCDIRECTION((0.,0.,1.));
#16774=IFCEXTRUDEDAREASOLID(#16770,#16772,#16773,0.5);
#16775=IFCSHAPEREPRESENTATION(#14,'Body','SweptSolid',(#16774));
#16776=IFCPRODUCTDEFINITIONSHAPE($,$,(#16775));
#16777=IFCBEAM('3qCHDn1Ir4UwMeiOTNpnQ8',#5,'VB_AZ_88_01',$,$,#16767,#16776,$,$);
#16778=IFCRELCONTAINEDINSPATIALSTRUCTURE('2kRn5051rDBQMKLU38K_pl',#5,$,$,(#16777),#117);
#16779=IFCCARTESIANPOINT((87.5,21.5,-0.5));
#16780=IFCAXIS2PLACEMENT3D(#16779,$,$);
#16781=IFCLOCALPLACEMENT(#116,#16780);
#16782=IFCCARTESIANPOINT((0.,0.));
#16783=IFCAXIS2PLACEMENT2D(#16782,$);
#16784=IFCRECTANGLEPROFILEDEF(.AREA.,$,#16783,0.25,9.);
#16785=IFCCARTESIANPOINT((0.,0.,0.));
#16786=IFCAXIS2PLACEMENT3D(#16785,$,$);
#16787=IFCDIRECTION((0.,0.,1.));
#16788=IFCEXTRUDEDAREASOLID(#16784,#16786,#16787,0.5);
#16789=IFCSHAPEREPRESENTATION(#14,'Body','SweptSolid',(#16788));
#16790=IFCPRODUCTDEFINITIONSHAPE($,$,(#16789));
#16791=IFCBEAM('2GFZmbuiDClhEfVHD75frH',#5,'VB_AZ_88_02',$,$,#16781,#16790,$,$);
#16792=IFCRELCONTAINEDINSPATIALSTRUCTURE('0zUVKBzc545As6CTjGgSHA',#5,$,$,(#16791),#117);
#16793=IFCCARTESIANPOINT((87.5,29.5,-0.5));
#16794=IFCAXIS2PLACEMENT3D(#16793,$,$);
#16795=IFCLOCALPLACEMENT(#116,#16794);
#16796=IFCCARTESIANPOINT((0.,0.));
#16797=IFCAXIS2PLACEMENT2D(#16796,$);
#16798=IFCRECTANGLEPROFILEDEF(.AREA.,$,#16797,0.25,7.);
#16799=IFCCARTESIANPOINT((0.,0.,0.));
#16800=IFCAXIS2PLACEMENT3D(#16799,$,$);
#16801=IFCDIRECTION((0.,0.,1.));
#16802=IFCEXTRUDEDAREASOLID(#16798,#16800,#16801,0.5);
#16803=IFCSHAPEREPRESENTATION(#14,'Body','SweptSolid',(#16802));
#16804=IFCPRODUCTDEFINITIONSHAPE($,$,(#16803));
#16805=IFCBEAM('2iezj4Sxj3PR6RKl4r7PYr',#5,'VB_AZ_88_03',$,$,#16795,#16804,$,$);
#16806=IFCRELCONTAINEDINSPATIALSTRUCTURE('1xU2iDelfCgv3ZSP2HvMyb',#5,$,$,(#16805),#117);
#16807=IFCCARTESIANPOINT((87.5,36.5,-0.5));
#16808=IFCAXIS2PLACEMENT3D(#16807,$,$);
#16809=IFCLOCALPLACEMENT(#116,#16808);
#16810=IFCCARTESIANPOINT((0.,0.));
#16811=IFCAXIS2PLACEMENT2D(#16810,$);
#16812=IFCRECTANGLEPROFILEDEF(.AREA.,$,#16811,0.25,7.);
#16813=IFCCARTESIANPOINT((0.,0.,0.));
#16814=IFCAXIS2PLACEMENT3D(#16813,$,$);
#16815=IFCDIRECTION((0.,0.,1.));
#16816=IFCEXTRUDEDAREASOLID(#16812,#16814,#16815,0.5);
#16817=IFCSHAPEREPRESENTATION(#14,'Body','SweptSolid',(#16816));
#16818=IFCPRODUCTDEFINITIONSHAPE($,$,(#16817));
#16819=IFCBEAM('1qeXDXP9bFvg9iQPKNnFJ0',#5,'VB_AZ_88_04',$,$,#16809,#16818,$,$);
#16820=IFCRELCONTAINEDINSPATIALSTRUCTURE('3diuillcL80hDaALh6P2R9',#5,$,$,(#16819),#117);
#16821=IFCCARTESIANPOINT((12.,18.,-0.5));
#16822=IFCAXIS2PLACEMENT3D(#16821,$,$);
#16823=IFCLOCALPLACEMENT(#116,#16822);
#16824=IFCCARTESIANPOINT((0.,0.));
#16825=IFCAXIS2PLACEMENT2D(#16824,$);
#16826=IFCRECTANGLEPROFILEDEF(.AREA.,$,#16825,14.,0.20000000000000284);
#16827=IFCCARTESIANPOINT((0.,0.,0.));
#16828=IFCAXIS2PLACEMENT3D(#16827,$,$);
#16829=IFCDIRECTION((0.,0.,1.));
#16830=IFCEXTRUDEDAREASOLID(#16826,#16828,#16829,0.5);
#16831=IFCSHAPEREPRESENTATION(#14,'Body','SweptSolid',(#16830));
#16832=IFCPRODUCTDEFINITIONSHAPE($,$,(#16831));
#16833=IFCBEAM('1H_9tlSeH79vQZ$lzjI$gM',#5,'VP_AZ_A_18',$,$,#16823,#16832,$,$);
#16834=IFCRELCONTAINEDINSPATIALSTRUCTURE('2KlYSWen108vBlQVaormml',#5,$,$,(#16833),#117);
#16835=IFCCARTESIANPOINT((12.,25.,-0.5));
#16836=IFCAXIS2PLACEMENT3D(#16835,$,$);
#16837=IFCLOCALPLACEMENT(#116,#16836);
#16838=IFCCARTESIANPOINT((0.,0.));
#16839=IFCAXIS2PLACEMENT2D(#16838,$);
#16840=IFCRECTANGLEPROFILEDEF(.AREA.,$,#16839,14.,0.20000000000000284);
#16841=IFCCARTESIANPOINT((0.,0.,0.));
#16842=IFCAXIS2PLACEMENT3D(#16841,$,$);
#16843=IFCDIRECTION((0.,0.,1.));
#16844=IFCEXTRUDEDAREASOLID(#16840,#16842,#16843,0.5);
#16845=IFCSHAPEREPRESENTATION(#14,'Body','SweptSolid',(#16844));
#16846=IFCPRODUCTDEFINITIONSHAPE($,$,(#16845));
#16847=IFCBEAM('1bDsHeWmXCxB4IblQEayPK',#5,'VP_AZ_A_25',$,$,#16837,#16846,$,$);
#16848=IFCRELCONTAINEDINSPATIALSTRUCTURE('0ZmmlK14bBDwg05QUfQUOt',#5,$,$,(#16847),#117);
#16849=IFCCARTESIANPOINT((5.,21.5,-0.5));
#16850=IFCAXIS2PLACEMENT3D(#16849,$,$);
#16851=IFCLOCALPLACEMENT(#116,#16850);
#16852=IFCCARTESIANPOINT((0.,0.));
#16853=IFCAXIS2PLACEMENT2D(#16852,$);
#16854=IFCRECTANGLEPROFILEDEF(.AREA.,$,#16853,0.19999999999999929,7.);
#16855=IFCCARTESIANPOINT((0.,0.,0.));
#16856=IFCAXIS2PLACEMENT3D(#16855,$,$);
#16857=IFCDIRECTION((0.,0.,1.));
#16858=IFCEXTRUDEDAREASOLID(#16854,#16856,#16857,0.5);
#16859=IFCSHAPEREPRESENTATION(#14,'Body','SweptSolid',(#16858));
#16860=IFCPRODUCTDEFINITIONSHAPE($,$,(#16859));
#16861=IFCBEAM('0qlKvE6EP7xx1RdPeB0J_$',#5,'VP_AZ_A_5',$,$,#16851,#16860,$,$);
#16862=IFCRELCONTAINEDINSPATIALSTRUCTURE('0AysmaPHv1CBX7Ayeuw6YG',#5,$,$,(#16861),#117);
#16863=IFCCARTESIANPOINT((19.,21.5,-0.5));
#16864=IFCAXIS2PLACEMENT3D(#16863,$,$);
#16865=IFCLOCALPLACEMENT(#116,#16864);
#16866=IFCCARTESIANPOINT((0.,0.));
#16867=IFCAXIS2PLACEMENT2D(#16866,$);
#16868=IFCRECTANGLEPROFILEDEF(.AREA.,$,#16867,0.20000000000000284,7.);
#16869=IFCCARTESIANPOINT((0.,0.,0.));
#16870=IFCAXIS2PLACEMENT3D(#16869,$,$);
#16871=IFCDIRECTION((0.,0.,1.));
#16872=IFCEXTRUDEDAREASOLID(#16868,#16870,#16871,0.5);
#16873=IFCSHAPEREPRESENTATION(#14,'Body','SweptSolid',(#16872));
#16874=IFCPRODUCTDEFINITIONSHAPE($,$,(#16873));
#16875=IFCBEAM('3_hOGTBF9BLxl5hauGpuGp',#5,'VP_AZ_A_19',$,$,#16865,#16874,$,$);
#16876=IFCRELCONTAINEDINSPATIALSTRUCTURE('1oOjMnCr9DOhckxIJrPHxk',#5,$,$,(#16875),#117);
#16877=IFCCARTESIANPOINT((78.,18.,-0.5));
#16878=IFCAXIS2PLACEMENT3D(#16877,$,$);
#16879=IFCLOCALPLACEMENT(#116,#16878);
#16880=IFCCARTESIANPOINT((0.,0.));
#16881=IFCAXIS2PLACEMENT2D(#16880,$);
#16882=IFCRECTANGLEPROFILEDEF(.AREA.,$,#16881,14.,0.20000000000000284);
#16883=IFCCARTESIANPOINT((0.,0.,0.));
#16884=IFCAXIS2PLACEMENT3D(#16883,$,$);
#16885=IFCDIRECTION((0.,0.,1.));
#16886=IFCEXTRUDEDAREASOLID(#16882,#16884,#16885,0.5);
#16887=IFCSHAPEREPRESENTATION(#14,'Body','SweptSolid',(#16886));
#16888=IFCPRODUCTDEFINITIONSHAPE($,$,(#16887));
#16889=IFCBEAM('29zxbWe6D2qxAchdO9rzx8',#5,'VP_AZ_B_18',$,$,#16879,#16888,$,$);
#16890=IFCRELCONTAINEDINSPATIALSTRUCTURE('2ZQY8L2wP5ahDfJ$ckn6dR',#5,$,$,(#16889),#117);
#16891=IFCCARTESIANPOINT((78.,25.,-0.5));
#16892=IFCAXIS2PLACEMENT3D(#16891,$,$);
#16893=IFCLOCALPLACEMENT(#116,#16892);
#16894=IFCCARTESIANPOINT((0.,0.));
#16895=IFCAXIS2PLACEMENT2D(#16894,$);
#16896=IFCRECTANGLEPROFILEDEF(.AREA.,$,#16895,14.,0.20000000000000284);
#16897=IFCCARTESIANPOINT((0.,0.,0.));
#16898=IFCAXIS2PLACEMENT3D(#16897,$,$);
#16899=IFCDIRECTION((0.,0.,1.));
#16900=IFCEXTRUDEDAREASOLID(#16896,#16898,#16899,0.5);
#16901=IFCSHAPEREPRESENTATION(#14,'Body','SweptSolid',(#16900));
#16902=IFCPRODUCTDEFINITIONSHAPE($,$,(#16901));
#16903=IFCBEAM('3bRhUnUsH27Q0mLzhlB9aA',#5,'VP_AZ_B_25',$,$,#16893,#16902,$,$);
#16904=IFCRELCONTAINEDINSPATIALSTRUCTURE('3eUdcWL5zEcOmxUeNuJmNV',#5,$,$,(#16903),#117);
#16905=IFCCARTESIANPOINT((71.,21.5,-0.5));
#16906=IFCAXIS2PLACEMENT3D(#16905,$,$);
#16907=IFCLOCALPLACEMENT(#116,#16906);
#16908=IFCCARTESIANPOINT((0.,0.));
#16909=IFCAXIS2PLACEMENT2D(#16908,$);
#16910=IFCRECTANGLEPROFILEDEF(.AREA.,$,#16909,0.19999999999998863,7.);
#16911=IFCCARTESIANPOINT((0.,0.,0.));
#16912=IFCAXIS2PLACEMENT3D(#16911,$,$);
#16913=IFCDIRECTION((0.,0.,1.));
#16914=IFCEXTRUDEDAREASOLID(#16910,#16912,#16913,0.5);
#16915=IFCSHAPEREPRESENTATION(#14,'Body','SweptSolid',(#16914));
#16916=IFCPRODUCTDEFINITIONSHAPE($,$,(#16915));
#16917=IFCBEAM('1WyRS18nr6IhrE$u$mdBQj',#5,'VP_AZ_B_71',$,$,#16907,#16916,$,$);
#16918=IFCRELCONTAINEDINSPATIALSTRUCTURE('2W$fYKwZ5DiOTKJdyUGL1b',#5,$,$,(#16917),#117);
#16919=IFCCARTESIANPOINT((85.,21.5,-0.5));
#16920=IFCAXIS2PLACEMENT3D(#16919,$,$);
#16921=IFCLOCALPLACEMENT(#116,#16920);
#16922=IFCCARTESIANPOINT((0.,0.));
#16923=IFCAXIS2PLACEMENT2D(#16922,$);
#16924=IFCRECTANGLEPROFILEDEF(.AREA.,$,#16923,0.19999999999998863,7.);
#16925=IFCCARTESIANPOINT((0.,0.,0.));
#16926=IFCAXIS2PLACEMENT3D(#16925,$,$);
#16927=IFCDIRECTION((0.,0.,1.));
#16928=IFCEXTRUDEDAREASOLID(#16924,#16926,#16927,0.5);
#16929=IFCSHAPEREPRESENTATION(#14,'Body','SweptSolid',(#16928));
#16930=IFCPRODUCTDEFINITIONSHAPE($,$,(#16929));
#16931=IFCBEAM('33ZCSW$69EreH$OREFEM9t',#5,'VP_AZ_B_85',$,$,#16921,#16930,$,$);
#16932=IFCRELCONTAINEDINSPATIALSTRUCTURE('30Zxp2IYL7uALtDVajppYg',#5,$,$,(#16931),#117);
#16933=IFCCARTESIANPOINT((39.5,21.5,0.));
#16934=IFCAXIS2PLACEMENT3D(#16933,$,$);
#16935=IFCLOCALPLACEMENT(#116,#16934);
#16936=IFCCARTESIANPOINT((0.,0.));
#16937=IFCAXIS2PLACEMENT2D(#16936,$);
#16938=IFCRECTANGLEPROFILEDEF(.AREA.,$,#16937,11.,9.);
#16939=IFCCARTESIANPOINT((0.,0.,0.));
#16940=IFCAXIS2PLACEMENT3D(#16939,$,$);
#16941=IFCDIRECTION((0.,0.,1.));
#16942=IFCEXTRUDEDAREASOLID(#16938,#16940,#16941,3.);
#16943=IFCSHAPEREPRESENTATION(#14,'Body','SweptSolid',(#16942));
#16944=IFCPRODUCTDEFINITIONSHAPE($,$,(#16943));
#16945=IFCBUILDINGELEMENTPROXY('3cTFdouQ18gAtqrP7JI8p3',#5,'TANQUE_POTABLE',$,$,#16935,#16944,$,$);
#16946=IFCRELCONTAINEDINSPATIALSTRUCTURE('3A$B7dTy5FRgo1inbCvp9z',#5,$,$,(#16945),#117);
#16947=IFCCARTESIANPOINT((50.5,21.5,0.));
#16948=IFCAXIS2PLACEMENT3D(#16947,$,$);
#16949=IFCLOCALPLACEMENT(#116,#16948);
#16950=IFCCARTESIANPOINT((0.,0.));
#16951=IFCAXIS2PLACEMENT2D(#16950,$);
#16952=IFCRECTANGLEPROFILEDEF(.AREA.,$,#16951,11.,9.);
#16953=IFCCARTESIANPOINT((0.,0.,0.));
#16954=IFCAXIS2PLACEMENT3D(#16953,$,$);
#16955=IFCDIRECTION((0.,0.,1.));
#16956=IFCEXTRUDEDAREASOLID(#16952,#16954,#16955,3.);
#16957=IFCSHAPEREPRESENTATION(#14,'Body','SweptSolid',(#16956));
#16958=IFCPRODUCTDEFINITIONSHAPE($,$,(#16957));
#16959=IFCBUILDINGELEMENTPROXY('2XJkTbMrnEeem9XBJmOUuA',#5,'TANQUE_PCI',$,$,#16949,#16958,$,$);
#16960=IFCRELCONTAINEDINSPATIALSTRUCTURE('0$rJoNC$L2wgmdqCTSZfkj',#5,$,$,(#16959),#117);
#16961=IFCCARTESIANPOINT((18.25,33.,0.));
#16962=IFCAXIS2PLACEMENT3D(#16961,$,$);
#16963=IFCLOCALPLACEMENT(#116,#16962);
#16964=IFCCARTESIANPOINT((0.,0.));
#16965=IFCAXIS2PLACEMENT2D(#16964,$);
#16966=IFCRECTANGLEPROFILEDEF(.AREA.,$,#16965,16.,8.);
#16967=IFCCARTESIANPOINT((0.,0.,0.));
#16968=IFCAXIS2PLACEMENT3D(#16967,$,$);
#16969=IFCDIRECTION((0.,0.,1.));
#16970=IFCEXTRUDEDAREASOLID(#16966,#16968,#16969,1.5999999999999943);
#16971=IFCSHAPEREPRESENTATION(#14,'Body','SweptSolid',(#16970));
#16972=IFCPRODUCTDEFINITIONSHAPE($,$,(#16971));
#16973=IFCBUILDINGELEMENTPROXY('0li6NtprzDgfhiM7hLGy7T',#5,'PISCINA',$,$,#16963,#16972,$,$);
#16974=IFCRELCONTAINEDINSPATIALSTRUCTURE('3_rkId2or0$928jPJALmXZ',#5,$,$,(#16973),#117);
ENDSEC;
END-ISO-10303-21;
