id;nivel;tipo;bordes;lx;ly;g;q;qu;qx;qy;Mx_neg;Mx_pos;My_neg;My_pos;Asx_neg;Asx_pos;Asy_neg;Asy_pos;as_min;Vx;Vy;Vc;phiVc;estribos_x;estribos_y
S3-1-1;S3;NORMAL;SCSC;7.88;7.0;7.0;3.0;14.0;5.37;8.63;25.02;14.07;31.71;17.83;137.8;75.22;176.27;95.4;116.76;15.88;22.65;42.71;32.03;False;False
S3-1-2;S3;NORMAL;SCCC;7.88;7.0;7.0;3.0;14.0;5.37;8.63;25.02;14.07;31.71;17.83;137.8;75.22;176.27;95.4;116.76;15.88;22.65;42.71;32.03;False;False
S3-1-3;S3;NORMAL;SCCC;7.88;9.0;7.0;3.0;14.0;8.82;5.18;41.07;23.1;31.48;17.71;231.44;123.7;174.96;94.72;116.76;26.06;17.49;42.71;32.03;False;False
S3-1-4;S3;NORMAL;SCCC;7.88;7.0;7.0;3.0;14.0;5.37;8.63;25.02;14.07;31.71;17.83;137.8;75.22;176.27;95.4;116.76;15.88;22.65;42.71;32.03;False;False
S3-1-5;S3;NORMAL;SCCS;7.88;7.0;7.0;3.0;14.0;5.37;8.63;25.02;14.07;31.71;17.83;137.8;75.22;176.27;95.4;116.76;15.88;22.65;42.71;32.03;False;False
S3-2-1;S3;NORMAL;CCSC;7.87;7.0;7.0;3.0;14.0;5.39;8.61;25.03;14.08;31.64;17.8;137.88;75.27;175.91;95.21;116.76;15.91;22.6;42.71;32.03;False;False
S3-2-2;S3;NORMAL;CCCC;7.87;7.0;7.0;3.0;14.0;5.39;8.61;25.03;14.08;31.64;17.8;137.88;75.27;175.91;95.21;116.76;15.91;22.6;42.71;32.03;False;False
S3-2-3;S3;NORMAL;CCCC;7.87;9.0;7.0;3.0;14.0;8.83;5.17;41.04;23.08;31.38;17.65;231.27;123.62;174.38;94.42;116.76;26.07;17.43;42.71;32.03;False;False
S3-2-4;S3;NORMAL;CCCC;7.87;7.0;7.0;3.0;14.0;5.39;8.61;25.03;14.08;31.64;17.8;137.88;75.27;175.91;95.21;116.76;15.91;22.6;42.71;32.03;False;False
S3-2-5;S3;NORMAL;CCCS;7.87;7.0;7.0;3.0;14.0;5.39;8.61;25.03;14.08;31.64;17.8;137.88;75.27;175.91;95.21;116.76;15.91;22.6;42.71;32.03;False;False
S3-3-1;S3;NORMAL;CCSC;7.88;7.0;7.0;3.0;14.0;5.37;8.63;25.02;14.07;31.71;17.83;137.8;75.22;176.27;95.4;116.76;15.88;22.65;42.71;32.03;False;False
S3-3-2;S3;NORMAL;CCCC;7.88;7.0;7.0;3.0;14.0;5.37;8.63;25.02;14.07;31.71;17.83;137.8;75.22;176.27;95.4;116.76;15.88;22.65;42.71;32.03;False;False
S3-3-3;S3;NORMAL;CCCC;7.88;9.0;7.0;3.0;14.0;8.82;5.18;41.07;23.1;31.48;17.71;231.44;123.7;174.96;94.72;116.76;26.06;17.49;42.71;32.03;False;False
S3-3-4;S3;NORMAL;CCCC;7.88;7.0;7.0;3.0;14.0;5.37;8.63;25.02;14.07;31.71;17.83;137.8;75.22;176.27;95.4;116.76;15.88;22.65;42.71;32.03;False;False
S3-3-5;S3;NORMAL;CCCS;7.88;7.0;7.0;3.0;14.0;5.37;8.63;25.02;14.07;31.71;17.83;137.8;75.22;176.27;95.4;116.76;15.88;22.65;42.71;32.03;False;False
S3-4-1;S3;NORMAL;CCSC;7.87;7.0;7.0;3.0;14.0;5.39;8.61;25.03;14.08;31.64;17.8;137.88;75.27;175.91;95.21;116.76;15.91;22.6;42.71;32.03;False;False
S3-4-2;S3;NORMAL;CCCC;7.87;7.0;7.0;3.0;14.0;5.39;8.61;25.03;14.08;31.64;17.8;137.88;75.27;175.91;95.21;116.76;15.91;22.6;42.71;32.03;False;False
S3-4-3;S3;NORMAL;CNCC;7.87;9.0;7.0;3.0;14.0;8.83;5.17;41.04;23.08;31.38;17.65;231.27;123.62;174.38;94.42;116.76;26.07;17.43;42.71;32.03;False;False
S3-4-4;S3;NORMAL;CCCC;7.87;7.0;7.0;3.0;14.0;5.39;8.61;25.03;14.08;31.64;17.8;137.88;75.27;175.91;95.21;116.76;15.91;22.6;42.71;32.03;False;False
S3-4-5;S3;NORMAL;CCCS;7.87;7.0;7.0;3.0;14.0;5.39;8.61;25.03;14.08;31.64;17.8;137.88;75.27;175.91;95.21;116.76;15.91;22.6;42.71;32.03;False;False
S3-5-1;S3;NORMAL;CCSC;7.0;7.0;7.0;3.0;14.0;7.0;7.0;25.73;14.47;25.73;14.47;141.82;77.35;141.82;77.35;116.76;18.38;18.38;42.71;32.03;False;False
S3-5-2;S3;NORMAL;CCCN;7.0;7.0;7.0;3.0;14.0;7.0;7.0;25.73;14.47;25.73;14.47;141.82;77.35;141.82;77.35;116.76;18.38;18.38;42.71;32.03;False;False
S3-5-3;S3;NUCLEO;NNNN;7.0;9.0;7.0;3.0;14.0;;;;;;;;;;;;;;;;;
S3-5-4;S3;NORMAL;CCNC;7.0;7.0;7.0;3.0;14.0;7.0;7.0;25.73;14.47;25.73;14.47;141.82;77.35;141.82;77.35;116.76;18.38;18.38;42.71;32.03;False;False
S3-5-5;S3;NORMAL;CCCS;7.0;7.0;7.0;3.0;14.0;7.0;7.0;25.73;14.47;25.73;14.47;141.82;77.35;141.82;77.35;116.76;18.38;18.38;42.71;32.03;False;False
S3-6-1;S3;NORMAL;CCSC;8.0;7.0;7.0;3.0;14.0;5.17;8.83;24.83;13.97;32.44;18.25;136.74;74.66;180.52;97.6;116.76;15.52;23.17;42.71;32.03;False;False
S3-6-2;S3;NORMAL;CCCC;8.0;7.0;7.0;3.0;14.0;5.17;8.83;24.83;13.97;32.44;18.25;136.74;74.66;180.52;97.6;116.76;15.52;23.17;42.71;32.03;False;False
S3-6-3;S3;NORMAL;NNCC;8.0;9.0;7.0;3.0;14.0;8.62;5.38;41.37;23.27;32.69;18.39;233.27;124.62;181.99;98.37;116.76;25.86;18.16;42.71;32.03;False;False
S3-6-4;S3;NORMAL;CCCC;8.0;7.0;7.0;3.0;14.0;5.17;8.83;24.83;13.97;32.44;18.25;136.74;74.66;180.52;97.6;116.76;15.52;23.17;42.71;32.03;False;False
S3-6-5;S3;NORMAL;CCCS;8.0;7.0;7.0;3.0;14.0;5.17;8.83;24.83;13.97;32.44;18.25;136.74;74.66;180.52;97.6;116.76;15.52;23.17;42.71;32.03;False;False
S3-7-1;S3;NORMAL;CCSC;7.0;7.0;7.0;3.0;14.0;7.0;7.0;25.73;14.47;25.73;14.47;141.82;77.35;141.82;77.35;116.76;18.38;18.38;42.71;32.03;False;False
S3-7-2;S3;NORMAL;CCCN;7.0;7.0;7.0;3.0;14.0;7.0;7.0;25.73;14.47;25.73;14.47;141.82;77.35;141.82;77.35;116.76;18.38;18.38;42.71;32.03;False;False
S3-7-3;S3;NUCLEO;NNNN;7.0;9.0;7.0;3.0;14.0;;;;;;;;;;;;;;;;;
S3-7-4;S3;NORMAL;CCNC;7.0;7.0;7.0;3.0;14.0;7.0;7.0;25.73;14.47;25.73;14.47;141.82;77.35;141.82;77.35;116.76;18.38;18.38;42.71;32.03;False;False
S3-7-5;S3;NORMAL;CCCS;7.0;7.0;7.0;3.0;14.0;7.0;7.0;25.73;14.47;25.73;14.47;141.82;77.35;141.82;77.35;116.76;18.38;18.38;42.71;32.03;False;False
S3-8-1;S3;NORMAL;CCSC;7.88;7.0;7.0;3.0;14.0;5.37;8.63;25.02;14.07;31.71;17.83;137.8;75.22;176.27;95.4;116.76;15.88;22.65;42.71;32.03;False;False
S3-8-2;S3;NORMAL;CCCC;7.88;7.0;7.0;3.0;14.0;5.37;8.63;25.02;14.07;31.71;17.83;137.8;75.22;176.27;95.4;116.76;15.88;22.65;42.71;32.03;False;False
S3-8-3;S3;NORMAL;NCCC;7.88;9.0;7.0;3.0;14.0;8.82;5.18;41.07;23.1;31.48;17.71;231.44;123.7;174.96;94.72;116.76;26.06;17.49;42.71;32.03;False;False
S3-8-4;S3;NORMAL;CCCC;7.88;7.0;7.0;3.0;14.0;5.37;8.63;25.02;14.07;31.71;17.83;137.8;75.22;176.27;95.4;116.76;15.88;22.65;42.71;32.03;False;False
S3-8-5;S3;NORMAL;CCCS;7.88;7.0;7.0;3.0;14.0;5.37;8.63;25.02;14.07;31.71;17.83;137.8;75.22;176.27;95.4;116.76;15.88;22.65;42.71;32.03;False;False
S3-9-1;S3;NORMAL;CCSC;7.87;7.0;7.0;3.0;14.0;5.39;8.61;25.03;14.08;31.64;17.8;137.88;75.27;175.91;95.21;116.76;15.91;22.6;42.71;32.03;False;False
S3-9-2;S3;NORMAL;CCCC;7.87;7.0;7.0;3.0;14.0;5.39;8.61;25.03;14.08;31.64;17.8;137.88;75.27;175.91;95.21;116.76;15.91;22.6;42.71;32.03;False;False
S3-9-3;S3;NORMAL;CCCC;7.87;9.0;7.0;3.0;14.0;8.83;5.17;41.04;23.08;31.38;17.65;231.27;123.62;174.38;94.42;116.76;26.07;17.43;42.71;32.03;False;False
S3-9-4;S3;NORMAL;CCCC;7.87;7.0;7.0;3.0;14.0;5.39;8.61;25.03;14.08;31.64;17.8;137.88;75.27;175.91;95.21;116.76;15.91;22.6;42.71;32.03;False;False
S3-9-5;S3;NORMAL;CCCS;7.87;7.0;7.0;3.0;14.0;5.39;8.61;25.03;14.08;31.64;17.8;137.88;75.27;175.91;95.21;116.76;15.91;22.6;42.71;32.03;False;False
S3-10-1;S3;NORMAL;CCSC;7.88;7.0;7.0;3.0;14.0;5.37;8.63;25.02;14.07;31.71;17.83;137.8;75.22;176.27;95.4;116.76;15.88;22.65;42.71;32.03;False;False
S3-10-2;S3;NORMAL;CCCC;7.88;7.0;7.0;3.0;14.0;5.37;8.63;25.02;14.07;31.71;17.83;137.8;75.22;176.27;95.4;116.76;15.88;22.65;42.71;32.03;False;False
S3-10-3;S3;NORMAL;CCCC;7.88;9.0;7.0;3.0;14.0;8.82;5.18;41.07;23.1;31.48;17.71;231.44;123.7;174.96;94.72;116.76;26.06;17.49;42.71;32.03;False;False
S3-10-4;S3;NORMAL;CCCC;7.88;7.0;7.0;3.0;14.0;5.37;8.63;25.02;14.07;31.71;17.83;137.8;75.22;176.27;95.4;116.76;15.88;22.65;42.71;32.03;False;False
S3-10-5;S3;NORMAL;CCCS;7.88;7.0;7.0;3.0;14.0;5.37;8.63;25.02;14.07;31.71;17.83;137.8;75.22;176.27;95.4;116.76;15.88;22.65;42.71;32.03;False;False
S3-11-1;S3;NORMAL;CSSC;7.87;7.0;7.0;3.0;14.0;5.39;8.61;25.03;14.08;31.64;17.8;137.88;75.27;175.91;95.21;116.76;15.91;22.6;42.71;32.03;False;False
S3-11-2;S3;NORMAL;CSCC;7.87;7.0;7.0;3.0;14.0;5.39;8.61;25.03;14.08;31.64;17.8;137.88;75.27;175.91;95.21;116.76;15.91;22.6;42.71;32.03;False;False
S3-11-3;S3;NORMAL;CSCC;7.87;9.0;7.0;3.0;14.0;8.83;5.17;41.04;23.08;31.38;17.65;231.27;123.62;174.38;94.42;116.76;26.07;17.43;42.71;32.03;False;False
S3-11-4;S3;NORMAL;CSCC;7.87;7.0;7.0;3.0;14.0;5.39;8.61;25.03;14.08;31.64;17.8;137.88;75.27;175.91;95.21;116.76;15.91;22.6;42.71;32.03;False;False
S3-11-5;S3;NORMAL;CSCS;7.87;7.0;7.0;3.0;14.0;5.39;8.61;25.03;14.08;31.64;17.8;137.88;75.27;175.91;95.21;116.76;15.91;22.6;42.71;32.03;False;False
S2-1-1;S2;NORMAL;SCSC;7.88;7.0;7.0;3.0;14.0;5.37;8.63;25.02;14.07;31.71;17.83;137.8;75.22;176.27;95.4;116.76;15.88;22.65;42.71;32.03;False;False
S2-1-2;S2;NORMAL;SCCC;7.88;7.0;7.0;3.0;14.0;5.37;8.63;25.02;14.07;31.71;17.83;137.8;75.22;176.27;95.4;116.76;15.88;22.65;42.71;32.03;False;False
S2-1-3;S2;NORMAL;SCCC;7.88;9.0;7.0;3.0;14.0;8.82;5.18;41.07;23.1;31.48;17.71;231.44;123.7;174.96;94.72;116.76;26.06;17.49;42.71;32.03;False;False
S2-1-4;S2;NORMAL;SCCC;7.88;7.0;7.0;3.0;14.0;5.37;8.63;25.02;14.07;31.71;17.83;137.8;75.22;176.27;95.4;116.76;15.88;22.65;42.71;32.03;False;False
S2-1-5;S2;NORMAL;SCCS;7.88;7.0;7.0;3.0;14.0;5.37;8.63;25.02;14.07;31.71;17.83;137.8;75.22;176.27;95.4;116.76;15.88;22.65;42.71;32.03;False;False
S2-2-1;S2;NORMAL;CCSC;7.87;7.0;7.0;3.0;14.0;5.39;8.61;25.03;14.08;31.64;17.8;137.88;75.27;175.91;95.21;116.76;15.91;22.6;42.71;32.03;False;False
S2-2-2;S2;NORMAL;CCCC;7.87;7.0;7.0;3.0;14.0;5.39;8.61;25.03;14.08;31.64;17.8;137.88;75.27;175.91;95.21;116.76;15.91;22.6;42.71;32.03;False;False
S2-2-3;S2;NORMAL;CCCC;7.87;9.0;7.0;3.0;14.0;8.83;5.17;41.04;23.08;31.38;17.65;231.27;123.62;174.38;94.42;116.76;26.07;17.43;42.71;32.03;False;False
S2-2-4;S2;NORMAL;CCCC;7.87;7.0;7.0;3.0;14.0;5.39;8.61;25.03;14.08;31.64;17.8;137.88;75.27;175.91;95.21;116.76;15.91;22.6;42.71;32.03;False;False
S2-2-5;S2;NORMAL;CCCS;7.87;7.0;7.0;3.0;14.0;5.39;8.61;25.03;14.08;31.64;17.8;137.88;75.27;175.91;95.21;116.76;15.91;22.6;42.71;32.03;False;False
S2-3-1;S2;NORMAL;CCSC;7.88;7.0;7.0;3.0;14.0;5.37;8.63;25.02;14.07;31.71;17.83;137.8;75.22;176.27;95.4;116.76;15.88;22.65;42.71;32.03;False;False
S2-3-2;S2;NORMAL;CCCC;7.88;7.0;7.0;3.0;14.0;5.37;8.63;25.02;14.07;31.71;17.83;137.8;75.22;176.27;95.4;116.76;15.88;22.65;42.71;32.03;False;False
S2-3-3;S2;NORMAL;CCCC;7.88;9.0;7.0;3.0;14.0;8.82;5.18;41.07;23.1;31.48;17.71;231.44;123.7;174.96;94.72;116.76;26.06;17.49;42.71;32.03;False;False
S2-3-4;S2;NORMAL;CCCC;7.88;7.0;7.0;3.0;14.0;5.37;8.63;25.02;14.07;31.71;17.83;137.8;75.22;176.27;95.4;116.76;15.88;22.65;42.71;32.03;False;False
S2-3-5;S2;NORMAL;CCCS;7.88;7.0;7.0;3.0;14.0;5.37;8.63;25.02;14.07;31.71;17.83;137.8;75.22;176.27;95.4;116.76;15.88;22.65;42.71;32.03;False;False
S2-4-1;S2;NORMAL;CCSC;7.87;7.0;7.0;3.0;14.0;5.39;8.61;25.03;14.08;31.64;17.8;137.88;75.27;175.91;95.21;116.76;15.91;22.6;42.71;32.03;False;False
S2-4-2;S2;NORMAL;CCCC;7.87;7.0;7.0;3.0;14.0;5.39;8.61;25.03;14.08;31.64;17.8;137.88;75.27;175.91;95.21;116.76;15.91;22.6;42.71;32.03;False;False
S2-4-3;S2;NORMAL;CNCC;7.87;9.0;7.0;3.0;14.0;8.83;5.17;41.04;23.08;31.38;17.65;231.27;123.62;174.38;94.42;116.76;26.07;17.43;42.71;32.03;False;False
S2-4-4;S2;NORMAL;CCCC;7.87;7.0;7.0;3.0;14.0;5.39;8.61;25.03;14.08;31.64;17.8;137.88;75.27;175.91;95.21;116.76;15.91;22.6;42.71;32.03;False;False
S2-4-5;S2;NORMAL;CCCS;7.87;7.0;7.0;3.0;14.0;5.39;8.61;25.03;14.08;31.64;17.8;137.88;75.27;175.91;95.21;116.76;15.91;22.6;42.71;32.03;False;False
S2-5-1;S2;NORMAL;CCSC;7.0;7.0;7.0;3.0;14.0;7.0;7.0;25.73;14.47;25.73;14.47;141.82;77.35;141.82;77.35;116.76;18.38;18.38;42.71;32.03;False;False
S2-5-2;S2;NORMAL;CCCN;7.0;7.0;7.0;3.0;14.0;7.0;7.0;25.73;14.47;25.73;14.47;141.82;77.35;141.82;77.35;116.76;18.38;18.38;42.71;32.03;False;False
S2-5-3;S2;NUCLEO;NNNN;7.0;9.0;7.0;3.0;14.0;;;;;;;;;;;;;;;;;
S2-5-4;S2;NORMAL;CCNC;7.0;7.0;7.0;3.0;14.0;7.0;7.0;25.73;14.47;25.73;14.47;141.82;77.35;141.82;77.35;116.76;18.38;18.38;42.71;32.03;False;False
S2-5-5;S2;NORMAL;CCCS;7.0;7.0;7.0;3.0;14.0;7.0;7.0;25.73;14.47;25.73;14.47;141.82;77.35;141.82;77.35;116.76;18.38;18.38;42.71;32.03;False;False
S2-6-1;S2;NORMAL;CCSC;8.0;7.0;7.0;3.0;14.0;5.17;8.83;24.83;13.97;32.44;18.25;136.74;74.66;180.52;97.6;116.76;15.52;23.17;42.71;32.03;False;False
S2-6-2;S2;NORMAL;CCCC;8.0;7.0;7.0;3.0;14.0;5.17;8.83;24.83;13.97;32.44;18.25;136.74;74.66;180.52;97.6;116.76;15.52;23.17;42.71;32.03;False;False
S2-6-3;S2;NORMAL;NNCC;8.0;9.0;7.0;3.0;14.0;8.62;5.38;41.37;23.27;32.69;18.39;233.27;124.62;181.99;98.37;116.76;25.86;18.16;42.71;32.03;False;False
S2-6-4;S2;NORMAL;CCCC;8.0;7.0;7.0;3.0;14.0;5.17;8.83;24.83;13.97;32.44;18.25;136.74;74.66;180.52;97.6;116.76;15.52;23.17;42.71;32.03;False;False
S2-6-5;S2;NORMAL;CCCS;8.0;7.0;7.0;3.0;14.0;5.17;8.83;24.83;13.97;32.44;18.25;136.74;74.66;180.52;97.6;116.76;15.52;23.17;42.71;32.03;False;False
S2-7-1;S2;NORMAL;CCSC;7.0;7.0;7.0;3.0;14.0;7.0;7.0;25.73;14.47;25.73;14.47;141.82;77.35;141.82;77.35;116.76;18.38;18.38;42.71;32.03;False;False
S2-7-2;S2;NORMAL;CCCN;7.0;7.0;7.0;3.0;14.0;7.0;7.0;25.73;14.47;25.73;14.47;141.82;77.35;141.82;77.35;116.76;18.38;18.38;42.71;32.03;False;False
S2-7-3;S2;NUCLEO;NNNN;7.0;9.0;7.0;3.0;14.0;;;;;;;;;;;;;;;;;
S2-7-4;S2;NORMAL;CCNC;7.0;7.0;7.0;3.0;14.0;7.0;7.0;25.73;14.47;25.73;14.47;141.82;77.35;141.82;77.35;116.76;18.38;18.38;42.71;32.03;False;False
S2-7-5;S2;NORMAL;CCCS;7.0;7.0;7.0;3.0;14.0;7.0;7.0;25.73;14.47;25.73;14.47;141.82;77.35;141.82;77.35;116.76;18.38;18.38;42.71;32.03;False;False
S2-8-1;S2;NORMAL;CCSC;7.88;7.0;7.0;3.0;14.0;5.37;8.63;25.02;14.07;31.71;17.83;137.8;75.22;176.27;95.4;116.76;15.88;22.65;42.71;32.03;False;False
S2-8-2;S2;NORMAL;CCCC;7.88;7.0;7.0;3.0;14.0;5.37;8.63;25.02;14.07;31.71;17.83;137.8;75.22;176.27;95.4;116.76;15.88;22.65;42.71;32.03;False;False
S2-8-3;S2;NORMAL;NCCC;7.88;9.0;7.0;3.0;14.0;8.82;5.18;41.07;23.1;31.48;17.71;231.44;123.7;174.96;94.72;116.76;26.06;17.49;42.71;32.03;False;False
S2-8-4;S2;NORMAL;CCCC;7.88;7.0;7.0;3.0;14.0;5.37;8.63;25.02;14.07;31.71;17.83;137.8;75.22;176.27;95.4;116.76;15.88;22.65;42.71;32.03;False;False
S2-8-5;S2;NORMAL;CCCS;7.88;7.0;7.0;3.0;14.0;5.37;8.63;25.02;14.07;31.71;17.83;137.8;75.22;176.27;95.4;116.76;15.88;22.65;42.71;32.03;False;False
S2-9-1;S2;NORMAL;CCSC;7.87;7.0;7.0;3.0;14.0;5.39;8.61;25.03;14.08;31.64;17.8;137.88;75.27;175.91;95.21;116.76;15.91;22.6;42.71;32.03;False;False
S2-9-2;S2;NORMAL;CCCC;7.87;7.0;7.0;3.0;14.0;5.39;8.61;25.03;14.08;31.64;17.8;137.88;75.27;175.91;95.21;116.76;15.91;22.6;42.71;32.03;False;False
S2-9-3;S2;NORMAL;CCCC;7.87;9.0;7.0;3.0;14.0;8.83;5.17;41.04;23.08;31.38;17.65;231.27;123.62;174.38;94.42;116.76;26.07;17.43;42.71;32.03;False;False
S2-9-4;S2;NORMAL;CCCC;7.87;7.0;7.0;3.0;14.0;5.39;8.61;25.03;14.08;31.64;17.8;137.88;75.27;175.91;95.21;116.76;15.91;22.6;42.71;32.03;False;False
S2-9-5;S2;NORMAL;CCCS;7.87;7.0;7.0;3.0;14.0;5.39;8.61;25.03;14.08;31.64;17.8;137.88;75.27;175.91;95.21;116.76;15.91;22.6;42.71;32.03;False;False
S2-10-1;S2;NORMAL;CCSC;7.88;7.0;7.0;3.0;14.0;5.37;8.63;25.02;14.07;31.71;17.83;137.8;75.22;176.27;95.4;116.76;15.88;22.65;42.71;32.03;False;False
S2-10-2;S2;NORMAL;CCCC;7.88;7.0;7.0;3.0;14.0;5.37;8.63;25.02;14.07;31.71;17.83;137.8;75.22;176.27;95.4;116.76;15.88;22.65;42.71;32.03;False;False
S2-10-3;S2;NORMAL;CCCC;7.88;9.0;7.0;3.0;14.0;8.82;5.18;41.07;23.1;31.48;17.71;231.44;123.7;174.96;94.72;116.76;26.06;17.49;42.71;32.03;False;False
S2-10-4;S2;NORMAL;CCCC;7.88;7.0;7.0;3.0;14.0;5.37;8.63;25.02;14.07;31.71;17.83;137.8;75.22;176.27;95.4;116.76;15.88;22.65;42.71;32.03;False;False
S2-10-5;S2;NORMAL;CCCS;7.88;7.0;7.0;3.0;14.0;5.37;8.63;25.02;14.07;31.71;17.83;137.8;75.22;176.27;95.4;116.76;15.88;22.65;42.71;32.03;False;False
S2-11-1;S2;NORMAL;CSSC;7.87;7.0;7.0;3.0;14.0;5.39;8.61;25.03;14.08;31.64;17.8;137.88;75.27;175.91;95.21;116.76;15.91;22.6;42.71;32.03;False;False
S2-11-2;S2;NORMAL;CSCC;7.87;7.0;7.0;3.0;14.0;5.39;8.61;25.03;14.08;31.64;17.8;137.88;75.27;175.91;95.21;116.76;15.91;22.6;42.71;32.03;False;False
S2-11-3;S2;NORMAL;CSCC;7.87;9.0;7.0;3.0;14.0;8.83;5.17;41.04;23.08;31.38;17.65;231.27;123.62;174.38;94.42;116.76;26.07;17.43;42.71;32.03;False;False
S2-11-4;S2;NORMAL;CSCC;7.87;7.0;7.0;3.0;14.0;5.39;8.61;25.03;14.08;31.64;17.8;137.88;75.27;175.91;95.21;116.76;15.91;22.6;42.71;32.03;False;False
S2-11-5;S2;NORMAL;CSCS;7.87;7.0;7.0;3.0;14.0;5.39;8.61;25.03;14.08;31.64;17.8;137.88;75.27;175.91;95.21;116.76;15.91;22.6;42.71;32.03;False;False
S1-1-1;S1;NORMAL;SCSC;7.88;7.0;7.5;2.0;13.3;5.1;8.2;23.77;13.37;30.12;16.94;130.68;71.45;167.08;90.61;116.76;15.08;21.51;42.71;32.03;False;False
S1-1-2;S1;NORMAL;SCCC;7.88;7.0;7.5;2.0;13.3;5.1;8.2;23.77;13.37;30.12;16.94;130.68;71.45;167.08;90.61;116.76;15.08;21.51;42.71;32.03;False;False
S1-1-3;S1;NORMAL;SCCC;7.88;9.0;7.5;2.0;13.3;8.38;4.92;39.01;21.94;29.91;16.82;219.2;117.49;165.84;89.97;116.76;24.75;16.61;42.71;32.03;False;False
S1-1-4;S1;NORMAL;SCCC;7.88;7.0;7.5;2.0;13.3;5.1;8.2;23.77;13.37;30.12;16.94;130.68;71.45;167.08;90.61;116.76;15.08;21.51;42.71;32.03;False;False
S1-1-5;S1;NORMAL;SCCS;7.88;7.0;7.5;2.0;13.3;5.1;8.2;23.77;13.37;30.12;16.94;130.68;71.45;167.08;90.61;116.76;15.08;21.51;42.71;32.03;False;False
S1-2-1;S1;NORMAL;CCSC;7.87;7.0;7.5;2.0;13.3;5.12;8.18;23.78;13.38;30.06;16.91;130.76;71.49;166.74;90.43;116.76;15.11;21.47;42.71;32.03;False;False
S1-2-2;S1;NORMAL;CCCC;7.87;7.0;7.5;2.0;13.3;5.12;8.18;23.78;13.38;30.06;16.91;130.76;71.49;166.74;90.43;116.76;15.11;21.47;42.71;32.03;False;False
S1-2-3;S1;NORMAL;CCCC;7.87;9.0;7.5;2.0;13.3;8.39;4.91;38.99;21.93;29.81;16.77;219.04;117.41;165.29;89.68;116.76;24.77;16.56;42.71;32.03;False;False
S1-2-4;S1;NORMAL;CCCC;7.87;7.0;7.5;2.0;13.3;5.12;8.18;23.78;13.38;30.06;16.91;130.76;71.49;166.74;90.43;116.76;15.11;21.47;42.71;32.03;False;False
S1-2-5;S1;NORMAL;CCCS;7.87;7.0;7.5;2.0;13.3;5.12;8.18;23.78;13.38;30.06;16.91;130.76;71.49;166.74;90.43;116.76;15.11;21.47;42.71;32.03;False;False
S1-3-1;S1;NORMAL;CCSC;7.88;7.0;7.5;2.0;13.3;5.1;8.2;23.77;13.37;30.12;16.94;130.68;71.45;167.08;90.61;116.76;15.08;21.51;42.71;32.03;False;False
S1-3-2;S1;NORMAL;CCCC;7.88;7.0;7.5;2.0;13.3;5.1;8.2;23.77;13.37;30.12;16.94;130.68;71.45;167.08;90.61;116.76;15.08;21.51;42.71;32.03;False;False
S1-3-3;S1;NORMAL;CCCC;7.88;9.0;7.5;2.0;13.3;8.38;4.92;39.01;21.94;29.91;16.82;219.2;117.49;165.84;89.97;116.76;24.75;16.61;42.71;32.03;False;False
S1-3-4;S1;NORMAL;CCCC;7.88;7.0;7.5;2.0;13.3;5.1;8.2;23.77;13.37;30.12;16.94;130.68;71.45;167.08;90.61;116.76;15.08;21.51;42.71;32.03;False;False
S1-3-5;S1;NORMAL;CCCS;7.88;7.0;7.5;2.0;13.3;5.1;8.2;23.77;13.37;30.12;16.94;130.68;71.45;167.08;90.61;116.76;15.08;21.51;42.71;32.03;False;False
S1-4-1;S1;NORMAL;CCSC;7.87;7.0;7.5;2.0;13.3;5.12;8.18;23.78;13.38;30.06;16.91;130.76;71.49;166.74;90.43;116.76;15.11;21.47;42.71;32.03;False;False
S1-4-2;S1;NORMAL;CCCC;7.87;7.0;7.5;2.0;13.3;5.12;8.18;23.78;13.38;30.06;16.91;130.76;71.49;166.74;90.43;116.76;15.11;21.47;42.71;32.03;False;False
S1-4-3;S1;NORMAL;CNCC;7.87;9.0;7.5;2.0;13.3;8.39;4.91;38.99;21.93;29.81;16.77;219.04;117.41;165.29;89.68;116.76;24.77;16.56;42.71;32.03;False;False
S1-4-4;S1;NORMAL;CCCC;7.87;7.0;7.5;2.0;13.3;5.12;8.18;23.78;13.38;30.06;16.91;130.76;71.49;166.74;90.43;116.76;15.11;21.47;42.71;32.03;False;False
S1-4-5;S1;NORMAL;CCCS;7.87;7.0;7.5;2.0;13.3;5.12;8.18;23.78;13.38;30.06;16.91;130.76;71.49;166.74;90.43;116.76;15.11;21.47;42.71;32.03;False;False
S1-5-1;S1;NORMAL;CCSC;7.0;7.0;7.5;2.0;13.3;6.65;6.65;24.44;13.75;24.44;13.75;134.49;73.47;134.49;73.47;116.76;17.46;17.46;42.71;32.03;False;False
S1-5-2;S1;NORMAL;CCCN;7.0;7.0;7.5;2.0;13.3;6.65;6.65;24.44;13.75;24.44;13.75;134.49;73.47;134.49;73.47;116.76;17.46;17.46;42.71;32.03;False;False
S1-5-3;S1;NUCLEO;NNNN;7.0;9.0;7.5;2.0;13.3;;;;;;;;;;;;;;;;;
S1-5-4;S1;NORMAL;CCNC;7.0;7.0;7.5;2.0;13.3;6.65;6.65;24.44;13.75;24.44;13.75;134.49;73.47;134.49;73.47;116.76;17.46;17.46;42.71;32.03;False;False
S1-5-5;S1;NORMAL;CCCS;7.0;7.0;7.5;2.0;13.3;6.65;6.65;24.44;13.75;24.44;13.75;134.49;73.47;134.49;73.47;116.76;17.46;17.46;42.71;32.03;False;False
S1-6-1;S1;NORMAL;CCSC;8.0;7.0;7.5;2.0;13.3;4.92;8.38;23.59;13.27;30.81;17.33;129.68;70.92;171.1;92.71;116.76;14.75;22.01;42.71;32.03;False;False
S1-6-2;S1;NORMAL;CCCC;8.0;7.0;7.5;2.0;13.3;4.92;8.38;23.59;13.27;30.81;17.33;129.68;70.92;171.1;92.71;116.76;14.75;22.01;42.71;32.03;False;False
S1-6-3;S1;NORMAL;NNCC;8.0;9.0;7.5;2.0;13.3;8.19;5.11;39.3;22.11;31.05;17.47;220.92;118.36;172.49;93.43;116.76;24.56;17.25;42.71;32.03;False;False
S1-6-4;S1;NORMAL;CCCC;8.0;7.0;7.5;2.0;13.3;4.92;8.38;23.59;13.27;30.81;17.33;129.68;70.92;171.1;92.71;116.76;14.75;22.01;42.71;32.03;False;False
S1-6-5;S1;NORMAL;CCCS;8.0;7.0;7.5;2.0;13.3;4.92;8.38;23.59;13.27;30.81;17.33;129.68;70.92;171.1;92.71;116.76;14.75;22.01;42.71;32.03;False;False
S1-7-1;S1;NORMAL;CCSC;7.0;7.0;7.5;2.0;13.3;6.65;6.65;24.44;13.75;24.44;13.75;134.49;73.47;134.49;73.47;116.76;17.46;17.46;42.71;32.03;False;False
S1-7-2;S1;NORMAL;CCCN;7.0;7.0;7.5;2.0;13.3;6.65;6.65;24.44;13.75;24.44;13.75;134.49;73.47;134.49;73.47;116.76;17.46;17.46;42.71;32.03;False;False
S1-7-3;S1;NUCLEO;NNNN;7.0;9.0;7.5;2.0;13.3;;;;;;;;;;;;;;;;;
S1-7-4;S1;NORMAL;CCNC;7.0;7.0;7.5;2.0;13.3;6.65;6.65;24.44;13.75;24.44;13.75;134.49;73.47;134.49;73.47;116.76;17.46;17.46;42.71;32.03;False;False
S1-7-5;S1;NORMAL;CCCS;7.0;7.0;7.5;2.0;13.3;6.65;6.65;24.44;13.75;24.44;13.75;134.49;73.47;134.49;73.47;116.76;17.46;17.46;42.71;32.03;False;False
S1-8-1;S1;NORMAL;CCSC;7.88;7.0;7.5;2.0;13.3;5.1;8.2;23.77;13.37;30.12;16.94;130.68;71.45;167.08;90.61;116.76;15.08;21.51;42.71;32.03;False;False
S1-8-2;S1;NORMAL;CCCC;7.88;7.0;7.5;2.0;13.3;5.1;8.2;23.77;13.37;30.12;16.94;130.68;71.45;167.08;90.61;116.76;15.08;21.51;42.71;32.03;False;False
S1-8-3;S1;NORMAL;NCCC;7.88;9.0;7.5;2.0;13.3;8.38;4.92;39.01;21.94;29.91;16.82;219.2;117.49;165.84;89.97;116.76;24.75;16.61;42.71;32.03;False;False
S1-8-4;S1;NORMAL;CCCC;7.88;7.0;7.5;2.0;13.3;5.1;8.2;23.77;13.37;30.12;16.94;130.68;71.45;167.08;90.61;116.76;15.08;21.51;42.71;32.03;False;False
S1-8-5;S1;NORMAL;CCCS;7.88;7.0;7.5;2.0;13.3;5.1;8.2;23.77;13.37;30.12;16.94;130.68;71.45;167.08;90.61;116.76;15.08;21.51;42.71;32.03;False;False
S1-9-1;S1;NORMAL;CCSC;7.87;7.0;7.5;2.0;13.3;5.12;8.18;23.78;13.38;30.06;16.91;130.76;71.49;166.74;90.43;116.76;15.11;21.47;42.71;32.03;False;False
S1-9-2;S1;NORMAL;CCCC;7.87;7.0;7.5;2.0;13.3;5.12;8.18;23.78;13.38;30.06;16.91;130.76;71.49;166.74;90.43;116.76;15.11;21.47;42.71;32.03;False;False
S1-9-3;S1;NORMAL;CCCC;7.87;9.0;7.5;2.0;13.3;8.39;4.91;38.99;21.93;29.81;16.77;219.04;117.41;165.29;89.68;116.76;24.77;16.56;42.71;32.03;False;False
S1-9-4;S1;NORMAL;CCCC;7.87;7.0;7.5;2.0;13.3;5.12;8.18;23.78;13.38;30.06;16.91;130.76;71.49;166.74;90.43;116.76;15.11;21.47;42.71;32.03;False;False
S1-9-5;S1;NORMAL;CCCS;7.87;7.0;7.5;2.0;13.3;5.12;8.18;23.78;13.38;30.06;16.91;130.76;71.49;166.74;90.43;116.76;15.11;21.47;42.71;32.03;False;False
S1-10-1;S1;NORMAL;CCSC;7.88;7.0;7.5;2.0;13.3;5.1;8.2;23.77;13.37;30.12;16.94;130.68;71.45;167.08;90.61;116.76;15.08;21.51;42.71;32.03;False;False
S1-10-2;S1;NORMAL;CCCC;7.88;7.0;7.5;2.0;13.3;5.1;8.2;23.77;13.37;30.12;16.94;130.68;71.45;167.08;90.61;116.76;15.08;21.51;42.71;32.03;False;False
S1-10-3;S1;NORMAL;CCCC;7.88;9.0;7.5;2.0;13.3;8.38;4.92;39.01;21.94;29.91;16.82;219.2;117.49;165.84;89.97;116.76;24.75;16.61;42.71;32.03;False;False
S1-10-4;S1;NORMAL;CCCC;7.88;7.0;7.5;2.0;13.3;5.1;8.2;23.77;13.37;30.12;16.94;130.68;71.45;167.08;90.61;116.76;15.08;21.51;42.71;32.03;False;False
S1-10-5;S1;NORMAL;CCCS;7.88;7.0;7.5;2.0;13.3;5.1;8.2;23.77;13.37;30.12;16.94;130.68;71.45;167.08;90.61;116.76;15.08;21.51;42.71;32.03;False;False
S1-11-1;S1;NORMAL;CSSC;7.87;7.0;7.5;2.0;13.3;5.12;8.18;23.78;13.38;30.06;16.91;130.76;71.49;166.74;90.43;116.76;15.11;21.47;42.71;32.03;False;False
S1-11-2;S1;NORMAL;CSCC;7.87;7.0;7.5;2.0;13.3;5.12;8.18;23.78;13.38;30.06;16.91;130.76;71.49;166.74;90.43;116.76;15.11;21.47;42.71;32.03;False;False
S1-11-3;S1;NORMAL;CSCC;7.87;9.0;7.5;2.0;13.3;8.39;4.91;38.99;21.93;29.81;16.77;219.04;117.41;165.29;89.68;116.76;24.77;16.56;42.71;32.03;False;False
S1-11-4;S1;NORMAL;CSCC;7.87;7.0;7.5;2.0;13.3;5.12;8.18;23.78;13.38;30.06;16.91;130.76;71.49;166.74;90.43;116.76;15.11;21.47;42.71;32.03;False;False
S1-11-5;S1;NORMAL;CSCS;7.87;7.0;7.5;2.0;13.3;5.12;8.18;23.78;13.38;30.06;16.91;130.76;71.49;166.74;90.43;116.76;15.11;21.47;42.71;32.03;False;False
PB-1-1;PB;NORMAL;SCSC;7.88;7.0;7.5;2.0;13.3;5.1;8.2;23.77;13.37;30.12;16.94;130.68;71.45;167.08;90.61;116.76;15.08;21.51;42.71;32.03;False;False
PB-1-2;PB;NORMAL;SCCC;7.88;7.0;7.5;2.0;13.3;5.1;8.2;23.77;13.37;30.12;16.94;130.68;71.45;167.08;90.61;116.76;15.08;21.51;42.71;32.03;False;False
PB-1-3;PB;NORMAL;SCCC;7.88;9.0;7.5;2.0;13.3;8.38;4.92;39.01;21.94;29.91;16.82;219.2;117.49;165.84;89.97;116.76;24.75;16.61;42.71;32.03;False;False
PB-1-4;PB;NORMAL;SCCC;7.88;7.0;7.5;2.0;13.3;5.1;8.2;23.77;13.37;30.12;16.94;130.68;71.45;167.08;90.61;116.76;15.08;21.51;42.71;32.03;False;False
PB-1-5;PB;NORMAL;SCCS;7.88;7.0;7.5;2.0;13.3;5.1;8.2;23.77;13.37;30.12;16.94;130.68;71.45;167.08;90.61;116.76;15.08;21.51;42.71;32.03;False;False
PB-2-1;PB;NORMAL;CCSC;7.87;7.0;7.5;2.0;13.3;5.12;8.18;23.78;13.38;30.06;16.91;130.76;71.49;166.74;90.43;116.76;15.11;21.47;42.71;32.03;False;False
PB-2-2;PB;NORMAL;CCCC;7.87;7.0;7.5;2.0;13.3;5.12;8.18;23.78;13.38;30.06;16.91;130.76;71.49;166.74;90.43;116.76;15.11;21.47;42.71;32.03;False;False
PB-2-3;PB;NORMAL;CCCC;7.87;9.0;7.5;2.0;13.3;8.39;4.91;38.99;21.93;29.81;16.77;219.04;117.41;165.29;89.68;116.76;24.77;16.56;42.71;32.03;False;False
PB-2-4;PB;NORMAL;CCCC;7.87;7.0;7.5;2.0;13.3;5.12;8.18;23.78;13.38;30.06;16.91;130.76;71.49;166.74;90.43;116.76;15.11;21.47;42.71;32.03;False;False
PB-2-5;PB;NORMAL;CCCS;7.87;7.0;7.5;2.0;13.3;5.12;8.18;23.78;13.38;30.06;16.91;130.76;71.49;166.74;90.43;116.76;15.11;21.47;42.71;32.03;False;False
PB-3-1;PB;NORMAL;CCSC;7.88;7.0;7.5;2.0;13.3;5.1;8.2;23.77;13.37;30.12;16.94;130.68;71.45;167.08;90.61;116.76;15.08;21.51;42.71;32.03;False;False
PB-3-2;PB;NORMAL;CCCC;7.88;7.0;7.5;2.0;13.3;5.1;8.2;23.77;13.37;30.12;16.94;130.68;71.45;167.08;90.61;116.76;15.08;21.51;42.71;32.03;False;False
PB-3-3;PB;NORMAL;CCCC;7.88;9.0;7.5;2.0;13.3;8.38;4.92;39.01;21.94;29.91;16.82;219.2;117.49;165.84;89.97;116.76;24.75;16.61;42.71;32.03;False;False
PB-3-4;PB;NORMAL;CCCC;7.88;7.0;7.5;2.0;13.3;5.1;8.2;23.77;13.37;30.12;16.94;130.68;71.45;167.08;90.61;116.76;15.08;21.51;42.71;32.03;False;False
PB-3-5;PB;NORMAL;CCCS;7.88;7.0;7.5;2.0;13.3;5.1;8.2;23.77;13.37;30.12;16.94;130.68;71.45;167.08;90.61;116.76;15.08;21.51;42.71;32.03;False;False
PB-4-1;PB;NORMAL;CCSC;7.87;7.0;7.5;2.0;13.3;5.12;8.18;23.78;13.38;30.06;16.91;130.76;71.49;166.74;90.43;116.76;15.11;21.47;42.71;32.03;False;False
PB-4-2;PB;NORMAL;CCCC;7.87;7.0;7.5;2.0;13.3;5.12;8.18;23.78;13.38;30.06;16.91;130.76;71.49;166.74;90.43;116.76;15.11;21.47;42.71;32.03;False;False
PB-4-3;PB;NORMAL;CNCC;7.87;9.0;7.5;2.0;13.3;8.39;4.91;38.99;21.93;29.81;16.77;219.04;117.41;165.29;89.68;116.76;24.77;16.56;42.71;32.03;False;False
PB-4-4;PB;NORMAL;CCCC;7.87;7.0;7.5;2.0;13.3;5.12;8.18;23.78;13.38;30.06;16.91;130.76;71.49;166.74;90.43;116.76;15.11;21.47;42.71;32.03;False;False
PB-4-5;PB;NORMAL;CCCS;7.87;7.0;7.5;2.0;13.3;5.12;8.18;23.78;13.38;30.06;16.91;130.76;71.49;166.74;90.43;116.76;15.11;21.47;42.71;32.03;False;False
PB-5-1;PB;NORMAL;CCSC;7.0;7.0;7.5;2.0;13.3;6.65;6.65;24.44;13.75;24.44;13.75;134.49;73.47;134.49;73.47;116.76;17.46;17.46;42.71;32.03;False;False
PB-5-2;PB;NORMAL;CCCN;7.0;7.0;7.5;2.0;13.3;6.65;6.65;24.44;13.75;24.44;13.75;134.49;73.47;134.49;73.47;116.76;17.46;17.46;42.71;32.03;False;False
PB-5-3;PB;NUCLEO;NNNN;7.0;9.0;7.5;2.0;13.3;;;;;;;;;;;;;;;;;
PB-5-4;PB;NORMAL;CCNC;7.0;7.0;7.5;2.0;13.3;6.65;6.65;24.44;13.75;24.44;13.75;134.49;73.47;134.49;73.47;116.76;17.46;17.46;42.71;32.03;False;False
PB-5-5;PB;NORMAL;CCCS;7.0;7.0;7.5;2.0;13.3;6.65;6.65;24.44;13.75;24.44;13.75;134.49;73.47;134.49;73.47;116.76;17.46;17.46;42.71;32.03;False;False
PB-6-1;PB;NORMAL;CCSC;8.0;7.0;7.5;2.0;13.3;4.92;8.38;23.59;13.27;30.81;17.33;129.68;70.92;171.1;92.71;116.76;14.75;22.01;42.71;32.03;False;False
PB-6-2;PB;NORMAL;CCCC;8.0;7.0;7.5;2.0;13.3;4.92;8.38;23.59;13.27;30.81;17.33;129.68;70.92;171.1;92.71;116.76;14.75;22.01;42.71;32.03;False;False
PB-6-3;PB;NORMAL;NNCC;8.0;9.0;7.5;2.0;13.3;8.19;5.11;39.3;22.11;31.05;17.47;220.92;118.36;172.49;93.43;116.76;24.56;17.25;42.71;32.03;False;False
PB-6-4;PB;NORMAL;CCCC;8.0;7.0;7.5;2.0;13.3;4.92;8.38;23.59;13.27;30.81;17.33;129.68;70.92;171.1;92.71;116.76;14.75;22.01;42.71;32.03;False;False
PB-6-5;PB;NORMAL;CCCS;8.0;7.0;7.5;2.0;13.3;4.92;8.38;23.59;13.27;30.81;17.33;129.68;70.92;171.1;92.71;116.76;14.75;22.01;42.71;32.03;False;False
PB-7-1;PB;NORMAL;CCSC;7.0;7.0;7.5;2.0;13.3;6.65;6.65;24.44;13.75;24.44;13.75;134.49;73.47;134.49;73.47;116.76;17.46;17.46;42.71;32.03;False;False
PB-7-2;PB;NORMAL;CCCN;7.0;7.0;7.5;2.0;13.3;6.65;6.65;24.44;13.75;24.44;13.75;134.49;73.47;134.49;73.47;116.76;17.46;17.46;42.71;32.03;False;False
PB-7-3;PB;NUCLEO;NNNN;7.0;9.0;7.5;2.0;13.3;;;;;;;;;;;;;;;;;
PB-7-4;PB;NORMAL;CCNC;7.0;7.0;7.5;2.0;13.3;6.65;6.65;24.44;13.75;24.44;13.75;134.49;73.47;134.49;73.47;116.76;17.46;17.46;42.71;32.03;False;False
PB-7-5;PB;NORMAL;CCCS;7.0;7.0;7.5;2.0;13.3;6.65;6.65;24.44;13.75;24.44;13.75;134.49;73.47;134.49;73.47;116.76;17.46;17.46;42.71;32.03;False;False
PB-8-1;PB;NORMAL;CCSC;7.88;7.0;7.5;2.0;13.3;5.1;8.2;23.77;13.37;30.12;16.94;130.68;71.45;167.08;90.61;116.76;15.08;21.51;42.71;32.03;False;False
PB-8-2;PB;NORMAL;CCCC;7.88;7.0;7.5;2.0;13.3;5.1;8.2;23.77;13.37;30.12;16.94;130.68;71.45;167.08;90.61;116.76;15.08;21.51;42.71;32.03;False;False
PB-8-3;PB;NORMAL;NCCC;7.88;9.0;7.5;2.0;13.3;8.38;4.92;39.01;21.94;29.91;16.82;219.2;117.49;165.84;89.97;116.76;24.75;16.61;42.71;32.03;False;False
PB-8-4;PB;NORMAL;CCCC;7.88;7.0;7.5;2.0;13.3;5.1;8.2;23.77;13.37;30.12;16.94;130.68;71.45;167.08;90.61;116.76;15.08;21.51;42.71;32.03;False;False
PB-8-5;PB;NORMAL;CCCS;7.88;7.0;7.5;2.0;13.3;5.1;8.2;23.77;13.37;30.12;16.94;130.68;71.45;167.08;90.61;116.76;15.08;21.51;42.71;32.03;False;False
PB-9-1;PB;NORMAL;CCSC;7.87;7.0;7.5;2.0;13.3;5.12;8.18;23.78;13.38;30.06;16.91;130.76;71.49;166.74;90.43;116.76;15.11;21.47;42.71;32.03;False;False
PB-9-2;PB;NORMAL;CCCC;7.87;7.0;7.5;2.0;13.3;5.12;8.18;23.78;13.38;30.06;16.91;130.76;71.49;166.74;90.43;116.76;15.11;21.47;42.71;32.03;False;False
PB-9-3;PB;NORMAL;CCCC;7.87;9.0;7.5;2.0;13.3;8.39;4.91;38.99;21.93;29.81;16.77;219.04;117.41;165.29;89.68;116.76;24.77;16.56;42.71;32.03;False;False
PB-9-4;PB;NORMAL;CCCC;7.87;7.0;7.5;2.0;13.3;5.12;8.18;23.78;13.38;30.06;16.91;130.76;71.49;166.74;90.43;116.76;15.11;21.47;42.71;32.03;False;False
PB-9-5;PB;NORMAL;CCCS;7.87;7.0;7.5;2.0;13.3;5.12;8.18;23.78;13.38;30.06;16.91;130.76;71.49;166.74;90.43;116.76;15.11;21.47;42.71;32.03;False;False
PB-10-1;PB;NORMAL;CCSC;7.88;7.0;7.5;2.0;13.3;5.1;8.2;23.77;13.37;30.12;16.94;130.68;71.45;167.08;90.61;116.76;15.08;21.51;42.71;32.03;False;False
PB-10-2;PB;NORMAL;CCCC;7.88;7.0;7.5;2.0;13.3;5.1;8.2;23.77;13.37;30.12;16.94;130.68;71.45;167.08;90.61;116.76;15.08;21.51;42.71;32.03;False;False
PB-10-3;PB;NORMAL;CCCC;7.88;9.0;7.5;2.0;13.3;8.38;4.92;39.01;21.94;29.91;16.82;219.2;117.49;165.84;89.97;116.76;24.75;16.61;42.71;32.03;False;False
PB-10-4;PB;NORMAL;CCCC;7.88;7.0;7.5;2.0;13.3;5.1;8.2;23.77;13.37;30.12;16.94;130.68;71.45;167.08;90.61;116.76;15.08;21.51;42.71;32.03;False;False
PB-10-5;PB;NORMAL;CCCS;7.88;7.0;7.5;2.0;13.3;5.1;8.2;23.77;13.37;30.12;16.94;130.68;71.45;167.08;90.61;116.76;15.08;21.51;42.71;32.03;False;False
PB-11-1;PB;NORMAL;CSSC;7.87;7.0;7.5;2.0;13.3;5.12;8.18;23.78;13.38;30.06;16.91;130.76;71.49;166.74;90.43;116.76;15.11;21.47;42.71;32.03;False;False
PB-11-2;PB;NORMAL;CSCC;7.87;7.0;7.5;2.0;13.3;5.12;8.18;23.78;13.38;30.06;16.91;130.76;71.49;166.74;90.43;116.76;15.11;21.47;42.71;32.03;False;False
PB-11-3;PB;NORMAL;CSCC;7.87;9.0;7.5;2.0;13.3;8.39;4.91;38.99;21.93;29.81;16.77;219.04;117.41;165.29;89.68;116.76;24.77;16.56;42.71;32.03;False;False
PB-11-4;PB;NORMAL;CSCC;7.87;7.0;7.5;2.0;13.3;5.12;8.18;23.78;13.38;30.06;16.91;130.76;71.49;166.74;90.43;116.76;15.11;21.47;42.71;32.03;False;False
PB-11-5;PB;NORMAL;CSCS;7.87;7.0;7.5;2.0;13.3;5.12;8.18;23.78;13.38;30.06;16.91;130.76;71.49;166.74;90.43;116.76;15.11;21.47;42.71;32.03;False;False
P01-1-1;P01;NORMAL;SCSC;7.88;7.0;7.25;2.0;12.95;4.97;7.98;23.14;13.02;29.33;16.5;171.32;91.69;220.65;116.35;88.76;14.68;20.95;32.47;24.35;False;False
P01-1-2;P01;NORMAL;SCCC;7.88;7.0;7.25;2.0;12.95;4.97;7.98;23.14;13.02;29.33;16.5;171.32;91.69;220.65;116.35;88.76;14.68;20.95;32.47;24.35;False;False
P01-1-3;P01;ANILLO;SCCC;7.88;9.0;7.25;2.0;12.95;8.16;4.79;37.99;21.37;29.12;16.38;292.8;150.96;218.96;115.51;88.76;24.1;16.18;32.47;24.35;False;False
P01-1-4;P01;NORMAL;SCCC;7.88;7.0;7.25;2.0;12.95;4.97;7.98;23.14;13.02;29.33;16.5;171.32;91.69;220.65;116.35;88.76;14.68;20.95;32.47;24.35;False;False
P01-1-5;P01;NORMAL;SCCS;7.88;7.0;7.25;2.0;12.95;4.97;7.98;23.14;13.02;29.33;16.5;171.32;91.69;220.65;116.35;88.76;14.68;20.95;32.47;24.35;False;False
P01-2-1;P01;NORMAL;CCSC;7.87;7.0;7.25;2.0;12.95;4.99;7.96;23.16;13.03;29.27;16.46;171.42;91.75;220.19;116.12;88.76;14.71;20.91;32.47;24.35;False;False
P01-2-2;P01;NORMAL;CCCC;7.87;7.0;7.25;2.0;12.95;4.99;7.96;23.16;13.03;29.27;16.46;171.42;91.75;220.19;116.12;88.76;14.71;20.91;32.47;24.35;False;False
P01-2-3;P01;ANILLO;CCCC;7.87;9.0;7.25;2.0;12.95;8.17;4.78;37.96;21.35;29.03;16.33;292.59;150.86;218.21;115.14;88.76;24.12;16.13;32.47;24.35;False;False
P01-2-4;P01;NORMAL;CCCC;7.87;7.0;7.25;2.0;12.95;4.99;7.96;23.16;13.03;29.27;16.46;171.42;91.75;220.19;116.12;88.76;14.71;20.91;32.47;24.35;False;False
P01-2-5;P01;NORMAL;CCCS;7.87;7.0;7.25;2.0;12.95;4.99;7.96;23.16;13.03;29.27;16.46;171.42;91.75;220.19;116.12;88.76;14.71;20.91;32.47;24.35;False;False
P01-3-1;P01;NORMAL;CCSC;7.88;7.0;7.25;2.0;12.95;4.97;7.98;23.14;13.02;29.33;16.5;171.32;91.69;220.65;116.35;88.76;14.68;20.95;32.47;24.35;False;False
P01-3-2;P01;NORMAL;CCCC;7.88;7.0;7.25;2.0;12.95;4.97;7.98;23.14;13.02;29.33;16.5;171.32;91.69;220.65;116.35;88.76;14.68;20.95;32.47;24.35;False;False
P01-3-3;P01;ANILLO;CCCC;7.88;9.0;7.25;2.0;12.95;8.16;4.79;37.99;21.37;29.12;16.38;292.8;150.96;218.96;115.51;88.76;24.1;16.18;32.47;24.35;False;False
P01-3-4;P01;NORMAL;CCCC;7.88;7.0;7.25;2.0;12.95;4.97;7.98;23.14;13.02;29.33;16.5;171.32;91.69;220.65;116.35;88.76;14.68;20.95;32.47;24.35;False;False
P01-3-5;P01;NORMAL;CCCS;7.88;7.0;7.25;2.0;12.95;4.97;7.98;23.14;13.02;29.33;16.5;171.32;91.69;220.65;116.35;88.76;14.68;20.95;32.47;24.35;False;False
P01-4-1;P01;NORMAL;CCSC;7.87;7.0;7.25;2.0;12.95;4.99;7.96;23.16;13.03;29.27;16.46;171.42;91.75;220.19;116.12;88.76;14.71;20.91;32.47;24.35;False;False
P01-4-2;P01;NORMAL;CCCC;7.87;7.0;7.25;2.0;12.95;4.99;7.96;23.16;13.03;29.27;16.46;171.42;91.75;220.19;116.12;88.76;14.71;20.91;32.47;24.35;False;False
P01-4-3;P01;NORMAL;CNCC;7.87;9.0;7.25;2.0;12.95;8.17;4.78;37.96;21.35;29.03;16.33;292.59;150.86;218.21;115.14;88.76;24.12;16.13;32.47;24.35;False;False
P01-4-4;P01;NORMAL;CCCC;7.87;7.0;7.25;2.0;12.95;4.99;7.96;23.16;13.03;29.27;16.46;171.42;91.75;220.19;116.12;88.76;14.71;20.91;32.47;24.35;False;False
P01-4-5;P01;NORMAL;CCCS;7.87;7.0;7.25;2.0;12.95;4.99;7.96;23.16;13.03;29.27;16.46;171.42;91.75;220.19;116.12;88.76;14.71;20.91;32.47;24.35;False;False
P01-5-1;P01;NORMAL;CCSC;7.0;7.0;7.25;2.0;12.95;6.47;6.47;23.8;13.39;23.8;13.39;176.44;94.29;176.44;94.29;88.76;17.0;17.0;32.47;24.35;False;False
P01-5-2;P01;NORMAL;CCCN;7.0;7.0;7.25;2.0;12.95;6.47;6.47;23.8;13.39;23.8;13.39;176.44;94.29;176.44;94.29;88.76;17.0;17.0;32.47;24.35;False;False
P01-5-3;P01;NUCLEO;NNNN;7.0;9.0;7.25;2.0;12.95;;;;;;;;;;;;;;;;;
P01-5-4;P01;NORMAL;CCNC;7.0;7.0;7.25;2.0;12.95;6.47;6.47;23.8;13.39;23.8;13.39;176.44;94.29;176.44;94.29;88.76;17.0;17.0;32.47;24.35;False;False
P01-5-5;P01;NORMAL;CCCS;7.0;7.0;7.25;2.0;12.95;6.47;6.47;23.8;13.39;23.8;13.39;176.44;94.29;176.44;94.29;88.76;17.0;17.0;32.47;24.35;False;False
P01-6-1;P01;NORMAL;CCSC;8.0;7.0;7.25;2.0;12.95;4.79;8.16;22.97;12.92;30.0;16.88;169.97;91.01;226.15;119.04;88.76;14.36;21.43;32.47;24.35;False;False
P01-6-2;P01;NORMAL;CCCP;8.0;7.0;7.25;2.0;12.95;4.79;8.16;22.97;12.92;30.0;16.88;169.97;91.01;226.15;119.04;88.76;14.36;21.43;32.47;24.35;False;False
P01-6-3;P01;VACIO;NNPP;8.0;9.0;7.25;2.0;12.95;;;;;;;;;;;;;;;;;
P01-6-4;P01;NORMAL;CCPC;8.0;7.0;7.25;2.0;12.95;4.79;8.16;22.97;12.92;30.0;16.88;169.97;91.01;226.15;119.04;88.76;14.36;21.43;32.47;24.35;False;False
P01-6-5;P01;NORMAL;CCCS;8.0;7.0;7.25;2.0;12.95;4.79;8.16;22.97;12.92;30.0;16.88;169.97;91.01;226.15;119.04;88.76;14.36;21.43;32.47;24.35;False;False
P01-7-1;P01;NORMAL;CCSC;7.0;7.0;7.25;2.0;12.95;6.47;6.47;23.8;13.39;23.8;13.39;176.44;94.29;176.44;94.29;88.76;17.0;17.0;32.47;24.35;False;False
P01-7-2;P01;NORMAL;CCCN;7.0;7.0;7.25;2.0;12.95;6.47;6.47;23.8;13.39;23.8;13.39;176.44;94.29;176.44;94.29;88.76;17.0;17.0;32.47;24.35;False;False
P01-7-3;P01;NUCLEO;NNNN;7.0;9.0;7.25;2.0;12.95;;;;;;;;;;;;;;;;;
P01-7-4;P01;NORMAL;CCNC;7.0;7.0;7.25;2.0;12.95;6.47;6.47;23.8;13.39;23.8;13.39;176.44;94.29;176.44;94.29;88.76;17.0;17.0;32.47;24.35;False;False
P01-7-5;P01;NORMAL;CCCS;7.0;7.0;7.25;2.0;12.95;6.47;6.47;23.8;13.39;23.8;13.39;176.44;94.29;176.44;94.29;88.76;17.0;17.0;32.47;24.35;False;False
P01-8-1;P01;NORMAL;CCSC;7.88;7.0;7.25;2.0;12.95;4.97;7.98;23.14;13.02;29.33;16.5;171.32;91.69;220.65;116.35;88.76;14.68;20.95;32.47;24.35;False;False
P01-8-2;P01;NORMAL;CCCC;7.88;7.0;7.25;2.0;12.95;4.97;7.98;23.14;13.02;29.33;16.5;171.32;91.69;220.65;116.35;88.76;14.68;20.95;32.47;24.35;False;False
P01-8-3;P01;NORMAL;NCCC;7.88;9.0;7.25;2.0;12.95;8.16;4.79;37.99;21.37;29.12;16.38;292.8;150.96;218.96;115.51;88.76;24.1;16.18;32.47;24.35;False;False
P01-8-4;P01;NORMAL;CCCC;7.88;7.0;7.25;2.0;12.95;4.97;7.98;23.14;13.02;29.33;16.5;171.32;91.69;220.65;116.35;88.76;14.68;20.95;32.47;24.35;False;False
P01-8-5;P01;NORMAL;CCCS;7.88;7.0;7.25;2.0;12.95;4.97;7.98;23.14;13.02;29.33;16.5;171.32;91.69;220.65;116.35;88.76;14.68;20.95;32.47;24.35;False;False
P01-9-1;P01;NORMAL;CCSC;7.87;7.0;7.25;2.0;12.95;4.99;7.96;23.16;13.03;29.27;16.46;171.42;91.75;220.19;116.12;88.76;14.71;20.91;32.47;24.35;False;False
P01-9-2;P01;NORMAL;CCCC;7.87;7.0;7.25;2.0;12.95;4.99;7.96;23.16;13.03;29.27;16.46;171.42;91.75;220.19;116.12;88.76;14.71;20.91;32.47;24.35;False;False
P01-9-3;P01;ANILLO;CCCC;7.87;9.0;7.25;2.0;12.95;8.17;4.78;37.96;21.35;29.03;16.33;292.59;150.86;218.21;115.14;88.76;24.12;16.13;32.47;24.35;False;False
P01-9-4;P01;NORMAL;CCCC;7.87;7.0;7.25;2.0;12.95;4.99;7.96;23.16;13.03;29.27;16.46;171.42;91.75;220.19;116.12;88.76;14.71;20.91;32.47;24.35;False;False
P01-9-5;P01;NORMAL;CCCS;7.87;7.0;7.25;2.0;12.95;4.99;7.96;23.16;13.03;29.27;16.46;171.42;91.75;220.19;116.12;88.76;14.71;20.91;32.47;24.35;False;False
P01-10-1;P01;NORMAL;CCSC;7.88;7.0;7.25;2.0;12.95;4.97;7.98;23.14;13.02;29.33;16.5;171.32;91.69;220.65;116.35;88.76;14.68;20.95;32.47;24.35;False;False
P01-10-2;P01;NORMAL;CCCC;7.88;7.0;7.25;2.0;12.95;4.97;7.98;23.14;13.02;29.33;16.5;171.32;91.69;220.65;116.35;88.76;14.68;20.95;32.47;24.35;False;False
P01-10-3;P01;ANILLO;CCCC;7.88;9.0;7.25;2.0;12.95;8.16;4.79;37.99;21.37;29.12;16.38;292.8;150.96;218.96;115.51;88.76;24.1;16.18;32.47;24.35;False;False
P01-10-4;P01;NORMAL;CCCC;7.88;7.0;7.25;2.0;12.95;4.97;7.98;23.14;13.02;29.33;16.5;171.32;91.69;220.65;116.35;88.76;14.68;20.95;32.47;24.35;False;False
P01-10-5;P01;NORMAL;CCCS;7.88;7.0;7.25;2.0;12.95;4.97;7.98;23.14;13.02;29.33;16.5;171.32;91.69;220.65;116.35;88.76;14.68;20.95;32.47;24.35;False;False
P01-11-1;P01;NORMAL;CSSC;7.87;7.0;7.25;2.0;12.95;4.99;7.96;23.16;13.03;29.27;16.46;171.42;91.75;220.19;116.12;88.76;14.71;20.91;32.47;24.35;False;False
P01-11-2;P01;NORMAL;CSCC;7.87;7.0;7.25;2.0;12.95;4.99;7.96;23.16;13.03;29.27;16.46;171.42;91.75;220.19;116.12;88.76;14.71;20.91;32.47;24.35;False;False
P01-11-3;P01;ANILLO;CSCC;7.87;9.0;7.25;2.0;12.95;8.17;4.78;37.96;21.35;29.03;16.33;292.59;150.86;218.21;115.14;88.76;24.12;16.13;32.47;24.35;False;False
P01-11-4;P01;NORMAL;CSCC;7.87;7.0;7.25;2.0;12.95;4.99;7.96;23.16;13.03;29.27;16.46;171.42;91.75;220.19;116.12;88.76;14.71;20.91;32.47;24.35;False;False
P01-11-5;P01;NORMAL;CSCS;7.87;7.0;7.25;2.0;12.95;4.99;7.96;23.16;13.03;29.27;16.46;171.42;91.75;220.19;116.12;88.76;14.71;20.91;32.47;24.35;False;False
P02-1-1;P02;NORMAL;SCSC;7.88;7.0;7.25;2.0;12.95;4.97;7.98;23.14;13.02;29.33;16.5;171.32;91.69;220.65;116.35;88.76;14.68;20.95;32.47;24.35;False;False
P02-1-2;P02;NORMAL;SCCC;7.88;7.0;7.25;2.0;12.95;4.97;7.98;23.14;13.02;29.33;16.5;171.32;91.69;220.65;116.35;88.76;14.68;20.95;32.47;24.35;False;False
P02-1-3;P02;ANILLO;SCCC;7.88;9.0;7.25;2.0;12.95;8.16;4.79;37.99;21.37;29.12;16.38;292.8;150.96;218.96;115.51;88.76;24.1;16.18;32.47;24.35;False;False
P02-1-4;P02;NORMAL;SCCC;7.88;7.0;7.25;2.0;12.95;4.97;7.98;23.14;13.02;29.33;16.5;171.32;91.69;220.65;116.35;88.76;14.68;20.95;32.47;24.35;False;False
P02-1-5;P02;NORMAL;SCCS;7.88;7.0;7.25;2.0;12.95;4.97;7.98;23.14;13.02;29.33;16.5;171.32;91.69;220.65;116.35;88.76;14.68;20.95;32.47;24.35;False;False
P02-2-1;P02;NORMAL;CCSC;7.87;7.0;7.25;2.0;12.95;4.99;7.96;23.16;13.03;29.27;16.46;171.42;91.75;220.19;116.12;88.76;14.71;20.91;32.47;24.35;False;False
P02-2-2;P02;NORMAL;CCCC;7.87;7.0;7.25;2.0;12.95;4.99;7.96;23.16;13.03;29.27;16.46;171.42;91.75;220.19;116.12;88.76;14.71;20.91;32.47;24.35;False;False
P02-2-3;P02;ANILLO;CCCC;7.87;9.0;7.25;2.0;12.95;8.17;4.78;37.96;21.35;29.03;16.33;292.59;150.86;218.21;115.14;88.76;24.12;16.13;32.47;24.35;False;False
P02-2-4;P02;NORMAL;CCCC;7.87;7.0;7.25;2.0;12.95;4.99;7.96;23.16;13.03;29.27;16.46;171.42;91.75;220.19;116.12;88.76;14.71;20.91;32.47;24.35;False;False
P02-2-5;P02;NORMAL;CCCS;7.87;7.0;7.25;2.0;12.95;4.99;7.96;23.16;13.03;29.27;16.46;171.42;91.75;220.19;116.12;88.76;14.71;20.91;32.47;24.35;False;False
P02-3-1;P02;NORMAL;CCSC;7.88;7.0;7.25;2.0;12.95;4.97;7.98;23.14;13.02;29.33;16.5;171.32;91.69;220.65;116.35;88.76;14.68;20.95;32.47;24.35;False;False
P02-3-2;P02;NORMAL;CCCC;7.88;7.0;7.25;2.0;12.95;4.97;7.98;23.14;13.02;29.33;16.5;171.32;91.69;220.65;116.35;88.76;14.68;20.95;32.47;24.35;False;False
P02-3-3;P02;ANILLO;CCCC;7.88;9.0;7.25;2.0;12.95;8.16;4.79;37.99;21.37;29.12;16.38;292.8;150.96;218.96;115.51;88.76;24.1;16.18;32.47;24.35;False;False
P02-3-4;P02;NORMAL;CCCC;7.88;7.0;7.25;2.0;12.95;4.97;7.98;23.14;13.02;29.33;16.5;171.32;91.69;220.65;116.35;88.76;14.68;20.95;32.47;24.35;False;False
P02-3-5;P02;NORMAL;CCCS;7.88;7.0;7.25;2.0;12.95;4.97;7.98;23.14;13.02;29.33;16.5;171.32;91.69;220.65;116.35;88.76;14.68;20.95;32.47;24.35;False;False
P02-4-1;P02;NORMAL;CCSC;7.87;7.0;7.25;2.0;12.95;4.99;7.96;23.16;13.03;29.27;16.46;171.42;91.75;220.19;116.12;88.76;14.71;20.91;32.47;24.35;False;False
P02-4-2;P02;NORMAL;CCCC;7.87;7.0;7.25;2.0;12.95;4.99;7.96;23.16;13.03;29.27;16.46;171.42;91.75;220.19;116.12;88.76;14.71;20.91;32.47;24.35;False;False
P02-4-3;P02;NORMAL;CNCC;7.87;9.0;7.25;2.0;12.95;8.17;4.78;37.96;21.35;29.03;16.33;292.59;150.86;218.21;115.14;88.76;24.12;16.13;32.47;24.35;False;False
P02-4-4;P02;NORMAL;CCCC;7.87;7.0;7.25;2.0;12.95;4.99;7.96;23.16;13.03;29.27;16.46;171.42;91.75;220.19;116.12;88.76;14.71;20.91;32.47;24.35;False;False
P02-4-5;P02;NORMAL;CCCS;7.87;7.0;7.25;2.0;12.95;4.99;7.96;23.16;13.03;29.27;16.46;171.42;91.75;220.19;116.12;88.76;14.71;20.91;32.47;24.35;False;False
P02-5-1;P02;NORMAL;CCSC;7.0;7.0;7.25;2.0;12.95;6.47;6.47;23.8;13.39;23.8;13.39;176.44;94.29;176.44;94.29;88.76;17.0;17.0;32.47;24.35;False;False
P02-5-2;P02;NORMAL;CCCN;7.0;7.0;7.25;2.0;12.95;6.47;6.47;23.8;13.39;23.8;13.39;176.44;94.29;176.44;94.29;88.76;17.0;17.0;32.47;24.35;False;False
P02-5-3;P02;NUCLEO;NNNN;7.0;9.0;7.25;2.0;12.95;;;;;;;;;;;;;;;;;
P02-5-4;P02;NORMAL;CCNC;7.0;7.0;7.25;2.0;12.95;6.47;6.47;23.8;13.39;23.8;13.39;176.44;94.29;176.44;94.29;88.76;17.0;17.0;32.47;24.35;False;False
P02-5-5;P02;NORMAL;CCCS;7.0;7.0;7.25;2.0;12.95;6.47;6.47;23.8;13.39;23.8;13.39;176.44;94.29;176.44;94.29;88.76;17.0;17.0;32.47;24.35;False;False
P02-6-1;P02;NORMAL;CCSC;8.0;7.0;7.25;2.0;12.95;4.79;8.16;22.97;12.92;30.0;16.88;169.97;91.01;226.15;119.04;88.76;14.36;21.43;32.47;24.35;False;False
P02-6-2;P02;NORMAL;CCCP;8.0;7.0;7.25;2.0;12.95;4.79;8.16;22.97;12.92;30.0;16.88;169.97;91.01;226.15;119.04;88.76;14.36;21.43;32.47;24.35;False;False
P02-6-3;P02;VACIO;NNPP;8.0;9.0;7.25;2.0;12.95;;;;;;;;;;;;;;;;;
P02-6-4;P02;NORMAL;CCPC;8.0;7.0;7.25;2.0;12.95;4.79;8.16;22.97;12.92;30.0;16.88;169.97;91.01;226.15;119.04;88.76;14.36;21.43;32.47;24.35;False;False
P02-6-5;P02;NORMAL;CCCS;8.0;7.0;7.25;2.0;12.95;4.79;8.16;22.97;12.92;30.0;16.88;169.97;91.01;226.15;119.04;88.76;14.36;21.43;32.47;24.35;False;False
P02-7-1;P02;NORMAL;CCSC;7.0;7.0;7.25;2.0;12.95;6.47;6.47;23.8;13.39;23.8;13.39;176.44;94.29;176.44;94.29;88.76;17.0;17.0;32.47;24.35;False;False
P02-7-2;P02;NORMAL;CCCN;7.0;7.0;7.25;2.0;12.95;6.47;6.47;23.8;13.39;23.8;13.39;176.44;94.29;176.44;94.29;88.76;17.0;17.0;32.47;24.35;False;False
P02-7-3;P02;NUCLEO;NNNN;7.0;9.0;7.25;2.0;12.95;;;;;;;;;;;;;;;;;
P02-7-4;P02;NORMAL;CCNC;7.0;7.0;7.25;2.0;12.95;6.47;6.47;23.8;13.39;23.8;13.39;176.44;94.29;176.44;94.29;88.76;17.0;17.0;32.47;24.35;False;False
P02-7-5;P02;NORMAL;CCCS;7.0;7.0;7.25;2.0;12.95;6.47;6.47;23.8;13.39;23.8;13.39;176.44;94.29;176.44;94.29;88.76;17.0;17.0;32.47;24.35;False;False
P02-8-1;P02;NORMAL;CCSC;7.88;7.0;7.25;2.0;12.95;4.97;7.98;23.14;13.02;29.33;16.5;171.32;91.69;220.65;116.35;88.76;14.68;20.95;32.47;24.35;False;False
P02-8-2;P02;NORMAL;CCCC;7.88;7.0;7.25;2.0;12.95;4.97;7.98;23.14;13.02;29.33;16.5;171.32;91.69;220.65;116.35;88.76;14.68;20.95;32.47;24.35;False;False
P02-8-3;P02;NORMAL;NCCC;7.88;9.0;7.25;2.0;12.95;8.16;4.79;37.99;21.37;29.12;16.38;292.8;150.96;218.96;115.51;88.76;24.1;16.18;32.47;24.35;False;False
P02-8-4;P02;NORMAL;CCCC;7.88;7.0;7.25;2.0;12.95;4.97;7.98;23.14;13.02;29.33;16.5;171.32;91.69;220.65;116.35;88.76;14.68;20.95;32.47;24.35;False;False
P02-8-5;P02;NORMAL;CCCS;7.88;7.0;7.25;2.0;12.95;4.97;7.98;23.14;13.02;29.33;16.5;171.32;91.69;220.65;116.35;88.76;14.68;20.95;32.47;24.35;False;False
P02-9-1;P02;NORMAL;CCSC;7.87;7.0;7.25;2.0;12.95;4.99;7.96;23.16;13.03;29.27;16.46;171.42;91.75;220.19;116.12;88.76;14.71;20.91;32.47;24.35;False;False
P02-9-2;P02;NORMAL;CCCC;7.87;7.0;7.25;2.0;12.95;4.99;7.96;23.16;13.03;29.27;16.46;171.42;91.75;220.19;116.12;88.76;14.71;20.91;32.47;24.35;False;False
P02-9-3;P02;ANILLO;CCCC;7.87;9.0;7.25;2.0;12.95;8.17;4.78;37.96;21.35;29.03;16.33;292.59;150.86;218.21;115.14;88.76;24.12;16.13;32.47;24.35;False;False
P02-9-4;P02;NORMAL;CCCC;7.87;7.0;7.25;2.0;12.95;4.99;7.96;23.16;13.03;29.27;16.46;171.42;91.75;220.19;116.12;88.76;14.71;20.91;32.47;24.35;False;False
P02-9-5;P02;NORMAL;CCCS;7.87;7.0;7.25;2.0;12.95;4.99;7.96;23.16;13.03;29.27;16.46;171.42;91.75;220.19;116.12;88.76;14.71;20.91;32.47;24.35;False;False
P02-10-1;P02;NORMAL;CCSC;7.88;7.0;7.25;2.0;12.95;4.97;7.98;23.14;13.02;29.33;16.5;171.32;91.69;220.65;116.35;88.76;14.68;20.95;32.47;24.35;False;False
P02-10-2;P02;NORMAL;CCCC;7.88;7.0;7.25;2.0;12.95;4.97;7.98;23.14;13.02;29.33;16.5;171.32;91.69;220.65;116.35;88.76;14.68;20.95;32.47;24.35;False;False
P02-10-3;P02;ANILLO;CCCC;7.88;9.0;7.25;2.0;12.95;8.16;4.79;37.99;21.37;29.12;16.38;292.8;150.96;218.96;115.51;88.76;24.1;16.18;32.47;24.35;False;False
P02-10-4;P02;NORMAL;CCCC;7.88;7.0;7.25;2.0;12.95;4.97;7.98;23.14;13.02;29.33;16.5;171.32;91.69;220.65;116.35;88.76;14.68;20.95;32.47;24.35;False;False
P02-10-5;P02;NORMAL;CCCS;7.88;7.0;7.25;2.0;12.95;4.97;7.98;23.14;13.02;29.33;16.5;171.32;91.69;220.65;116.35;88.76;14.68;20.95;32.47;24.35;False;False
P02-11-1;P02;NORMAL;CSSC;7.87;7.0;7.25;2.0;12.95;4.99;7.96;23.16;13.03;29.27;16.46;171.42;91.75;220.19;116.12;88.76;14.71;20.91;32.47;24.35;False;False
P02-11-2;P02;NORMAL;CSCC;7.87;7.0;7.25;2.0;12.95;4.99;7.96;23.16;13.03;29.27;16.46;171.42;91.75;220.19;116.12;88.76;14.71;20.91;32.47;24.35;False;False
P02-11-3;P02;ANILLO;CSCC;7.87;9.0;7.25;2.0;12.95;8.17;4.78;37.96;21.35;29.03;16.33;292.59;150.86;218.21;115.14;88.76;24.12;16.13;32.47;24.35;False;False
P02-11-4;P02;NORMAL;CSCC;7.87;7.0;7.25;2.0;12.95;4.99;7.96;23.16;13.03;29.27;16.46;171.42;91.75;220.19;116.12;88.76;14.71;20.91;32.47;24.35;False;False
P02-11-5;P02;NORMAL;CSCS;7.87;7.0;7.25;2.0;12.95;4.99;7.96;23.16;13.03;29.27;16.46;171.42;91.75;220.19;116.12;88.76;14.71;20.91;32.47;24.35;False;False
P03-1-1;P03;NORMAL;SCSC;7.88;7.0;7.25;2.0;12.95;4.97;7.98;23.14;13.02;29.33;16.5;171.32;91.69;220.65;116.35;88.76;14.68;20.95;32.47;24.35;False;False
P03-1-2;P03;NORMAL;SCCC;7.88;7.0;7.25;2.0;12.95;4.97;7.98;23.14;13.02;29.33;16.5;171.32;91.69;220.65;116.35;88.76;14.68;20.95;32.47;24.35;False;False
P03-1-3;P03;ANILLO;SCCC;7.88;9.0;7.25;2.0;12.95;8.16;4.79;37.99;21.37;29.12;16.38;292.8;150.96;218.96;115.51;88.76;24.1;16.18;32.47;24.35;False;False
P03-1-4;P03;NORMAL;SCCC;7.88;7.0;7.25;2.0;12.95;4.97;7.98;23.14;13.02;29.33;16.5;171.32;91.69;220.65;116.35;88.76;14.68;20.95;32.47;24.35;False;False
P03-1-5;P03;NORMAL;SCCS;7.88;7.0;7.25;2.0;12.95;4.97;7.98;23.14;13.02;29.33;16.5;171.32;91.69;220.65;116.35;88.76;14.68;20.95;32.47;24.35;False;False
P03-2-1;P03;NORMAL;CCSC;7.87;7.0;7.25;2.0;12.95;4.99;7.96;23.16;13.03;29.27;16.46;171.42;91.75;220.19;116.12;88.76;14.71;20.91;32.47;24.35;False;False
P03-2-2;P03;NORMAL;CCCC;7.87;7.0;7.25;2.0;12.95;4.99;7.96;23.16;13.03;29.27;16.46;171.42;91.75;220.19;116.12;88.76;14.71;20.91;32.47;24.35;False;False
P03-2-3;P03;ANILLO;CCCC;7.87;9.0;7.25;2.0;12.95;8.17;4.78;37.96;21.35;29.03;16.33;292.59;150.86;218.21;115.14;88.76;24.12;16.13;32.47;24.35;False;False
P03-2-4;P03;NORMAL;CCCC;7.87;7.0;7.25;2.0;12.95;4.99;7.96;23.16;13.03;29.27;16.46;171.42;91.75;220.19;116.12;88.76;14.71;20.91;32.47;24.35;False;False
P03-2-5;P03;NORMAL;CCCS;7.87;7.0;7.25;2.0;12.95;4.99;7.96;23.16;13.03;29.27;16.46;171.42;91.75;220.19;116.12;88.76;14.71;20.91;32.47;24.35;False;False
P03-3-1;P03;NORMAL;CCSC;7.88;7.0;7.25;2.0;12.95;4.97;7.98;23.14;13.02;29.33;16.5;171.32;91.69;220.65;116.35;88.76;14.68;20.95;32.47;24.35;False;False
P03-3-2;P03;NORMAL;CCCC;7.88;7.0;7.25;2.0;12.95;4.97;7.98;23.14;13.02;29.33;16.5;171.32;91.69;220.65;116.35;88.76;14.68;20.95;32.47;24.35;False;False
P03-3-3;P03;ANILLO;CCCC;7.88;9.0;7.25;2.0;12.95;8.16;4.79;37.99;21.37;29.12;16.38;292.8;150.96;218.96;115.51;88.76;24.1;16.18;32.47;24.35;False;False
P03-3-4;P03;NORMAL;CCCC;7.88;7.0;7.25;2.0;12.95;4.97;7.98;23.14;13.02;29.33;16.5;171.32;91.69;220.65;116.35;88.76;14.68;20.95;32.47;24.35;False;False
P03-3-5;P03;NORMAL;CCCS;7.88;7.0;7.25;2.0;12.95;4.97;7.98;23.14;13.02;29.33;16.5;171.32;91.69;220.65;116.35;88.76;14.68;20.95;32.47;24.35;False;False
P03-4-1;P03;NORMAL;CCSC;7.87;7.0;7.25;2.0;12.95;4.99;7.96;23.16;13.03;29.27;16.46;171.42;91.75;220.19;116.12;88.76;14.71;20.91;32.47;24.35;False;False
P03-4-2;P03;NORMAL;CCCC;7.87;7.0;7.25;2.0;12.95;4.99;7.96;23.16;13.03;29.27;16.46;171.42;91.75;220.19;116.12;88.76;14.71;20.91;32.47;24.35;False;False
P03-4-3;P03;NORMAL;CNCC;7.87;9.0;7.25;2.0;12.95;8.17;4.78;37.96;21.35;29.03;16.33;292.59;150.86;218.21;115.14;88.76;24.12;16.13;32.47;24.35;False;False
P03-4-4;P03;NORMAL;CCCC;7.87;7.0;7.25;2.0;12.95;4.99;7.96;23.16;13.03;29.27;16.46;171.42;91.75;220.19;116.12;88.76;14.71;20.91;32.47;24.35;False;False
P03-4-5;P03;NORMAL;CCCS;7.87;7.0;7.25;2.0;12.95;4.99;7.96;23.16;13.03;29.27;16.46;171.42;91.75;220.19;116.12;88.76;14.71;20.91;32.47;24.35;False;False
P03-5-1;P03;NORMAL;CCSC;7.0;7.0;7.25;2.0;12.95;6.47;6.47;23.8;13.39;23.8;13.39;176.44;94.29;176.44;94.29;88.76;17.0;17.0;32.47;24.35;False;False
P03-5-2;P03;NORMAL;CCCN;7.0;7.0;7.25;2.0;12.95;6.47;6.47;23.8;13.39;23.8;13.39;176.44;94.29;176.44;94.29;88.76;17.0;17.0;32.47;24.35;False;False
P03-5-3;P03;NUCLEO;NNNN;7.0;9.0;7.25;2.0;12.95;;;;;;;;;;;;;;;;;
P03-5-4;P03;NORMAL;CCNC;7.0;7.0;7.25;2.0;12.95;6.47;6.47;23.8;13.39;23.8;13.39;176.44;94.29;176.44;94.29;88.76;17.0;17.0;32.47;24.35;False;False
P03-5-5;P03;NORMAL;CCCS;7.0;7.0;7.25;2.0;12.95;6.47;6.47;23.8;13.39;23.8;13.39;176.44;94.29;176.44;94.29;88.76;17.0;17.0;32.47;24.35;False;False
P03-6-1;P03;NORMAL;CCSC;8.0;7.0;7.25;2.0;12.95;4.79;8.16;22.97;12.92;30.0;16.88;169.97;91.01;226.15;119.04;88.76;14.36;21.43;32.47;24.35;False;False
P03-6-2;P03;NORMAL;CCCP;8.0;7.0;7.25;2.0;12.95;4.79;8.16;22.97;12.92;30.0;16.88;169.97;91.01;226.15;119.04;88.76;14.36;21.43;32.47;24.35;False;False
P03-6-3;P03;VACIO;NNPP;8.0;9.0;7.25;2.0;12.95;;;;;;;;;;;;;;;;;
P03-6-4;P03;NORMAL;CCPC;8.0;7.0;7.25;2.0;12.95;4.79;8.16;22.97;12.92;30.0;16.88;169.97;91.01;226.15;119.04;88.76;14.36;21.43;32.47;24.35;False;False
P03-6-5;P03;NORMAL;CCCS;8.0;7.0;7.25;2.0;12.95;4.79;8.16;22.97;12.92;30.0;16.88;169.97;91.01;226.15;119.04;88.76;14.36;21.43;32.47;24.35;False;False
P03-7-1;P03;NORMAL;CCSC;7.0;7.0;7.25;2.0;12.95;6.47;6.47;23.8;13.39;23.8;13.39;176.44;94.29;176.44;94.29;88.76;17.0;17.0;32.47;24.35;False;False
P03-7-2;P03;NORMAL;CCCN;7.0;7.0;7.25;2.0;12.95;6.47;6.47;23.8;13.39;23.8;13.39;176.44;94.29;176.44;94.29;88.76;17.0;17.0;32.47;24.35;False;False
P03-7-3;P03;NUCLEO;NNNN;7.0;9.0;7.25;2.0;12.95;;;;;;;;;;;;;;;;;
P03-7-4;P03;NORMAL;CCNC;7.0;7.0;7.25;2.0;12.95;6.47;6.47;23.8;13.39;23.8;13.39;176.44;94.29;176.44;94.29;88.76;17.0;17.0;32.47;24.35;False;False
P03-7-5;P03;NORMAL;CCCS;7.0;7.0;7.25;2.0;12.95;6.47;6.47;23.8;13.39;23.8;13.39;176.44;94.29;176.44;94.29;88.76;17.0;17.0;32.47;24.35;False;False
P03-8-1;P03;NORMAL;CCSC;7.88;7.0;7.25;2.0;12.95;4.97;7.98;23.14;13.02;29.33;16.5;171.32;91.69;220.65;116.35;88.76;14.68;20.95;32.47;24.35;False;False
P03-8-2;P03;NORMAL;CCCC;7.88;7.0;7.25;2.0;12.95;4.97;7.98;23.14;13.02;29.33;16.5;171.32;91.69;220.65;116.35;88.76;14.68;20.95;32.47;24.35;False;False
P03-8-3;P03;NORMAL;NCCC;7.88;9.0;7.25;2.0;12.95;8.16;4.79;37.99;21.37;29.12;16.38;292.8;150.96;218.96;115.51;88.76;24.1;16.18;32.47;24.35;False;False
P03-8-4;P03;NORMAL;CCCC;7.88;7.0;7.25;2.0;12.95;4.97;7.98;23.14;13.02;29.33;16.5;171.32;91.69;220.65;116.35;88.76;14.68;20.95;32.47;24.35;False;False
P03-8-5;P03;NORMAL;CCCS;7.88;7.0;7.25;2.0;12.95;4.97;7.98;23.14;13.02;29.33;16.5;171.32;91.69;220.65;116.35;88.76;14.68;20.95;32.47;24.35;False;False
P03-9-1;P03;NORMAL;CCSC;7.87;7.0;7.25;2.0;12.95;4.99;7.96;23.16;13.03;29.27;16.46;171.42;91.75;220.19;116.12;88.76;14.71;20.91;32.47;24.35;False;False
P03-9-2;P03;NORMAL;CCCC;7.87;7.0;7.25;2.0;12.95;4.99;7.96;23.16;13.03;29.27;16.46;171.42;91.75;220.19;116.12;88.76;14.71;20.91;32.47;24.35;False;False
P03-9-3;P03;ANILLO;CCCC;7.87;9.0;7.25;2.0;12.95;8.17;4.78;37.96;21.35;29.03;16.33;292.59;150.86;218.21;115.14;88.76;24.12;16.13;32.47;24.35;False;False
P03-9-4;P03;NORMAL;CCCC;7.87;7.0;7.25;2.0;12.95;4.99;7.96;23.16;13.03;29.27;16.46;171.42;91.75;220.19;116.12;88.76;14.71;20.91;32.47;24.35;False;False
P03-9-5;P03;NORMAL;CCCS;7.87;7.0;7.25;2.0;12.95;4.99;7.96;23.16;13.03;29.27;16.46;171.42;91.75;220.19;116.12;88.76;14.71;20.91;32.47;24.35;False;False
P03-10-1;P03;NORMAL;CCSC;7.88;7.0;7.25;2.0;12.95;4.97;7.98;23.14;13.02;29.33;16.5;171.32;91.69;220.65;116.35;88.76;14.68;20.95;32.47;24.35;False;False
P03-10-2;P03;NORMAL;CCCC;7.88;7.0;7.25;2.0;12.95;4.97;7.98;23.14;13.02;29.33;16.5;171.32;91.69;220.65;116.35;88.76;14.68;20.95;32.47;24.35;False;False
P03-10-3;P03;ANILLO;CCCC;7.88;9.0;7.25;2.0;12.95;8.16;4.79;37.99;21.37;29.12;16.38;292.8;150.96;218.96;115.51;88.76;24.1;16.18;32.47;24.35;False;False
P03-10-4;P03;NORMAL;CCCC;7.88;7.0;7.25;2.0;12.95;4.97;7.98;23.14;13.02;29.33;16.5;171.32;91.69;220.65;116.35;88.76;14.68;20.95;32.47;24.35;False;False
P03-10-5;P03;NORMAL;CCCS;7.88;7.0;7.25;2.0;12.95;4.97;7.98;23.14;13.02;29.33;16.5;171.32;91.69;220.65;116.35;88.76;14.68;20.95;32.47;24.35;False;False
P03-11-1;P03;NORMAL;CSSC;7.87;7.0;7.25;2.0;12.95;4.99;7.96;23.16;13.03;29.27;16.46;171.42;91.75;220.19;116.12;88.76;14.71;20.91;32.47;24.35;False;False
P03-11-2;P03;NORMAL;CSCC;7.87;7.0;7.25;2.0;12.95;4.99;7.96;23.16;13.03;29.27;16.46;171.42;91.75;220.19;116.12;88.76;14.71;20.91;32.47;24.35;False;False
P03-11-3;P03;ANILLO;CSCC;7.87;9.0;7.25;2.0;12.95;8.17;4.78;37.96;21.35;29.03;16.33;292.59;150.86;218.21;115.14;88.76;24.12;16.13;32.47;24.35;False;False
P03-11-4;P03;NORMAL;CSCC;7.87;7.0;7.25;2.0;12.95;4.99;7.96;23.16;13.03;29.27;16.46;171.42;91.75;220.19;116.12;88.76;14.71;20.91;32.47;24.35;False;False
P03-11-5;P03;NORMAL;CSCS;7.87;7.0;7.25;2.0;12.95;4.99;7.96;23.16;13.03;29.27;16.46;171.42;91.75;220.19;116.12;88.76;14.71;20.91;32.47;24.35;False;False
P04-1-1;P04;NORMAL;SCSC;7.88;7.0;7.25;2.0;12.95;4.97;7.98;23.14;13.02;29.33;16.5;171.32;91.69;220.65;116.35;88.76;14.68;20.95;32.47;24.35;False;False
P04-1-2;P04;NORMAL;SCCC;7.88;7.0;7.25;2.0;12.95;4.97;7.98;23.14;13.02;29.33;16.5;171.32;91.69;220.65;116.35;88.76;14.68;20.95;32.47;24.35;False;False
P04-1-3;P04;ANILLO;SCCC;7.88;9.0;7.25;2.0;12.95;8.16;4.79;37.99;21.37;29.12;16.38;292.8;150.96;218.96;115.51;88.76;24.1;16.18;32.47;24.35;False;False
P04-1-4;P04;NORMAL;SCCC;7.88;7.0;7.25;2.0;12.95;4.97;7.98;23.14;13.02;29.33;16.5;171.32;91.69;220.65;116.35;88.76;14.68;20.95;32.47;24.35;False;False
P04-1-5;P04;NORMAL;SCCS;7.88;7.0;7.25;2.0;12.95;4.97;7.98;23.14;13.02;29.33;16.5;171.32;91.69;220.65;116.35;88.76;14.68;20.95;32.47;24.35;False;False
P04-2-1;P04;NORMAL;CCSC;7.87;7.0;7.25;2.0;12.95;4.99;7.96;23.16;13.03;29.27;16.46;171.42;91.75;220.19;116.12;88.76;14.71;20.91;32.47;24.35;False;False
P04-2-2;P04;NORMAL;CCCC;7.87;7.0;7.25;2.0;12.95;4.99;7.96;23.16;13.03;29.27;16.46;171.42;91.75;220.19;116.12;88.76;14.71;20.91;32.47;24.35;False;False
P04-2-3;P04;ANILLO;CCCC;7.87;9.0;7.25;2.0;12.95;8.17;4.78;37.96;21.35;29.03;16.33;292.59;150.86;218.21;115.14;88.76;24.12;16.13;32.47;24.35;False;False
P04-2-4;P04;NORMAL;CCCC;7.87;7.0;7.25;2.0;12.95;4.99;7.96;23.16;13.03;29.27;16.46;171.42;91.75;220.19;116.12;88.76;14.71;20.91;32.47;24.35;False;False
P04-2-5;P04;NORMAL;CCCS;7.87;7.0;7.25;2.0;12.95;4.99;7.96;23.16;13.03;29.27;16.46;171.42;91.75;220.19;116.12;88.76;14.71;20.91;32.47;24.35;False;False
P04-3-1;P04;NORMAL;CCSC;7.88;7.0;7.25;2.0;12.95;4.97;7.98;23.14;13.02;29.33;16.5;171.32;91.69;220.65;116.35;88.76;14.68;20.95;32.47;24.35;False;False
P04-3-2;P04;NORMAL;CCCC;7.88;7.0;7.25;2.0;12.95;4.97;7.98;23.14;13.02;29.33;16.5;171.32;91.69;220.65;116.35;88.76;14.68;20.95;32.47;24.35;False;False
P04-3-3;P04;ANILLO;CCCC;7.88;9.0;7.25;2.0;12.95;8.16;4.79;37.99;21.37;29.12;16.38;292.8;150.96;218.96;115.51;88.76;24.1;16.18;32.47;24.35;False;False
P04-3-4;P04;NORMAL;CCCC;7.88;7.0;7.25;2.0;12.95;4.97;7.98;23.14;13.02;29.33;16.5;171.32;91.69;220.65;116.35;88.76;14.68;20.95;32.47;24.35;False;False
P04-3-5;P04;NORMAL;CCCS;7.88;7.0;7.25;2.0;12.95;4.97;7.98;23.14;13.02;29.33;16.5;171.32;91.69;220.65;116.35;88.76;14.68;20.95;32.47;24.35;False;False
P04-4-1;P04;NORMAL;CCSC;7.87;7.0;7.25;2.0;12.95;4.99;7.96;23.16;13.03;29.27;16.46;171.42;91.75;220.19;116.12;88.76;14.71;20.91;32.47;24.35;False;False
P04-4-2;P04;NORMAL;CCCC;7.87;7.0;7.25;2.0;12.95;4.99;7.96;23.16;13.03;29.27;16.46;171.42;91.75;220.19;116.12;88.76;14.71;20.91;32.47;24.35;False;False
P04-4-3;P04;NORMAL;CNCC;7.87;9.0;7.25;2.0;12.95;8.17;4.78;37.96;21.35;29.03;16.33;292.59;150.86;218.21;115.14;88.76;24.12;16.13;32.47;24.35;False;False
P04-4-4;P04;NORMAL;CCCC;7.87;7.0;7.25;2.0;12.95;4.99;7.96;23.16;13.03;29.27;16.46;171.42;91.75;220.19;116.12;88.76;14.71;20.91;32.47;24.35;False;False
P04-4-5;P04;NORMAL;CCCS;7.87;7.0;7.25;2.0;12.95;4.99;7.96;23.16;13.03;29.27;16.46;171.42;91.75;220.19;116.12;88.76;14.71;20.91;32.47;24.35;False;False
P04-5-1;P04;NORMAL;CCSC;7.0;7.0;7.25;2.0;12.95;6.47;6.47;23.8;13.39;23.8;13.39;176.44;94.29;176.44;94.29;88.76;17.0;17.0;32.47;24.35;False;False
P04-5-2;P04;NORMAL;CCCN;7.0;7.0;7.25;2.0;12.95;6.47;6.47;23.8;13.39;23.8;13.39;176.44;94.29;176.44;94.29;88.76;17.0;17.0;32.47;24.35;False;False
P04-5-3;P04;NUCLEO;NNNN;7.0;9.0;7.25;2.0;12.95;;;;;;;;;;;;;;;;;
P04-5-4;P04;NORMAL;CCNC;7.0;7.0;7.25;2.0;12.95;6.47;6.47;23.8;13.39;23.8;13.39;176.44;94.29;176.44;94.29;88.76;17.0;17.0;32.47;24.35;False;False
P04-5-5;P04;NORMAL;CCCS;7.0;7.0;7.25;2.0;12.95;6.47;6.47;23.8;13.39;23.8;13.39;176.44;94.29;176.44;94.29;88.76;17.0;17.0;32.47;24.35;False;False
P04-6-1;P04;NORMAL;CCSC;8.0;7.0;7.25;2.0;12.95;4.79;8.16;22.97;12.92;30.0;16.88;169.97;91.01;226.15;119.04;88.76;14.36;21.43;32.47;24.35;False;False
P04-6-2;P04;NORMAL;CCCP;8.0;7.0;7.25;2.0;12.95;4.79;8.16;22.97;12.92;30.0;16.88;169.97;91.01;226.15;119.04;88.76;14.36;21.43;32.47;24.35;False;False
P04-6-3;P04;VACIO;NNPP;8.0;9.0;7.25;2.0;12.95;;;;;;;;;;;;;;;;;
P04-6-4;P04;NORMAL;CCPC;8.0;7.0;7.25;2.0;12.95;4.79;8.16;22.97;12.92;30.0;16.88;169.97;91.01;226.15;119.04;88.76;14.36;21.43;32.47;24.35;False;False
P04-6-5;P04;NORMAL;CCCS;8.0;7.0;7.25;2.0;12.95;4.79;8.16;22.97;12.92;30.0;16.88;169.97;91.01;226.15;119.04;88.76;14.36;21.43;32.47;24.35;False;False
P04-7-1;P04;NORMAL;CCSC;7.0;7.0;7.25;2.0;12.95;6.47;6.47;23.8;13.39;23.8;13.39;176.44;94.29;176.44;94.29;88.76;17.0;17.0;32.47;24.35;False;False
P04-7-2;P04;NORMAL;CCCN;7.0;7.0;7.25;2.0;12.95;6.47;6.47;23.8;13.39;23.8;13.39;176.44;94.29;176.44;94.29;88.76;17.0;17.0;32.47;24.35;False;False
P04-7-3;P04;NUCLEO;NNNN;7.0;9.0;7.25;2.0;12.95;;;;;;;;;;;;;;;;;
P04-7-4;P04;NORMAL;CCNC;7.0;7.0;7.25;2.0;12.95;6.47;6.47;23.8;13.39;23.8;13.39;176.44;94.29;176.44;94.29;88.76;17.0;17.0;32.47;24.35;False;False
P04-7-5;P04;NORMAL;CCCS;7.0;7.0;7.25;2.0;12.95;6.47;6.47;23.8;13.39;23.8;13.39;176.44;94.29;176.44;94.29;88.76;17.0;17.0;32.47;24.35;False;False
P04-8-1;P04;NORMAL;CCSC;7.88;7.0;7.25;2.0;12.95;4.97;7.98;23.14;13.02;29.33;16.5;171.32;91.69;220.65;116.35;88.76;14.68;20.95;32.47;24.35;False;False
P04-8-2;P04;NORMAL;CCCC;7.88;7.0;7.25;2.0;12.95;4.97;7.98;23.14;13.02;29.33;16.5;171.32;91.69;220.65;116.35;88.76;14.68;20.95;32.47;24.35;False;False
P04-8-3;P04;NORMAL;NCCC;7.88;9.0;7.25;2.0;12.95;8.16;4.79;37.99;21.37;29.12;16.38;292.8;150.96;218.96;115.51;88.76;24.1;16.18;32.47;24.35;False;False
P04-8-4;P04;NORMAL;CCCC;7.88;7.0;7.25;2.0;12.95;4.97;7.98;23.14;13.02;29.33;16.5;171.32;91.69;220.65;116.35;88.76;14.68;20.95;32.47;24.35;False;False
P04-8-5;P04;NORMAL;CCCS;7.88;7.0;7.25;2.0;12.95;4.97;7.98;23.14;13.02;29.33;16.5;171.32;91.69;220.65;116.35;88.76;14.68;20.95;32.47;24.35;False;False
P04-9-1;P04;NORMAL;CCSC;7.87;7.0;7.25;2.0;12.95;4.99;7.96;23.16;13.03;29.27;16.46;171.42;91.75;220.19;116.12;88.76;14.71;20.91;32.47;24.35;False;False
P04-9-2;P04;NORMAL;CCCC;7.87;7.0;7.25;2.0;12.95;4.99;7.96;23.16;13.03;29.27;16.46;171.42;91.75;220.19;116.12;88.76;14.71;20.91;32.47;24.35;False;False
P04-9-3;P04;ANILLO;CCCC;7.87;9.0;7.25;2.0;12.95;8.17;4.78;37.96;21.35;29.03;16.33;292.59;150.86;218.21;115.14;88.76;24.12;16.13;32.47;24.35;False;False
P04-9-4;P04;NORMAL;CCCC;7.87;7.0;7.25;2.0;12.95;4.99;7.96;23.16;13.03;29.27;16.46;171.42;91.75;220.19;116.12;88.76;14.71;20.91;32.47;24.35;False;False
P04-9-5;P04;NORMAL;CCCS;7.87;7.0;7.25;2.0;12.95;4.99;7.96;23.16;13.03;29.27;16.46;171.42;91.75;220.19;116.12;88.76;14.71;20.91;32.47;24.35;False;False
P04-10-1;P04;NORMAL;CCSC;7.88;7.0;7.25;2.0;12.95;4.97;7.98;23.14;13.02;29.33;16.5;171.32;91.69;220.65;116.35;88.76;14.68;20.95;32.47;24.35;False;False
P04-10-2;P04;NORMAL;CCCC;7.88;7.0;7.25;2.0;12.95;4.97;7.98;23.14;13.02;29.33;16.5;171.32;91.69;220.65;116.35;88.76;14.68;20.95;32.47;24.35;False;False
P04-10-3;P04;ANILLO;CCCC;7.88;9.0;7.25;2.0;12.95;8.16;4.79;37.99;21.37;29.12;16.38;292.8;150.96;218.96;115.51;88.76;24.1;16.18;32.47;24.35;False;False
P04-10-4;P04;NORMAL;CCCC;7.88;7.0;7.25;2.0;12.95;4.97;7.98;23.14;13.02;29.33;16.5;171.32;91.69;220.65;116.35;88.76;14.68;20.95;32.47;24.35;False;False
P04-10-5;P04;NORMAL;CCCS;7.88;7.0;7.25;2.0;12.95;4.97;7.98;23.14;13.02;29.33;16.5;171.32;91.69;220.65;116.35;88.76;14.68;20.95;32.47;24.35;False;False
P04-11-1;P04;NORMAL;CSSC;7.87;7.0;7.25;2.0;12.95;4.99;7.96;23.16;13.03;29.27;16.46;171.42;91.75;220.19;116.12;88.76;14.71;20.91;32.47;24.35;False;False
P04-11-2;P04;NORMAL;CSCC;7.87;7.0;7.25;2.0;12.95;4.99;7.96;23.16;13.03;29.27;16.46;171.42;91.75;220.19;116.12;88.76;14.71;20.91;32.47;24.35;False;False
P04-11-3;P04;ANILLO;CSCC;7.87;9.0;7.25;2.0;12.95;8.17;4.78;37.96;21.35;29.03;16.33;292.59;150.86;218.21;115.14;88.76;24.12;16.13;32.47;24.35;False;False
P04-11-4;P04;NORMAL;CSCC;7.87;7.0;7.25;2.0;12.95;4.99;7.96;23.16;13.03;29.27;16.46;171.42;91.75;220.19;116.12;88.76;14.71;20.91;32.47;24.35;False;False
P04-11-5;P04;NORMAL;CSCS;7.87;7.0;7.25;2.0;12.95;4.99;7.96;23.16;13.03;29.27;16.46;171.42;91.75;220.19;116.12;88.76;14.71;20.91;32.47;24.35;False;False
P05-1-1;P05;NORMAL;SCSC;7.88;7.0;7.25;2.0;12.95;4.97;7.98;23.14;13.02;29.33;16.5;171.32;91.69;220.65;116.35;88.76;14.68;20.95;32.47;24.35;False;False
P05-1-2;P05;NORMAL;SCCC;7.88;7.0;7.25;2.0;12.95;4.97;7.98;23.14;13.02;29.33;16.5;171.32;91.69;220.65;116.35;88.76;14.68;20.95;32.47;24.35;False;False
P05-1-3;P05;ANILLO;SCCC;7.88;9.0;7.25;2.0;12.95;8.16;4.79;37.99;21.37;29.12;16.38;292.8;150.96;218.96;115.51;88.76;24.1;16.18;32.47;24.35;False;False
P05-1-4;P05;NORMAL;SCCC;7.88;7.0;7.25;2.0;12.95;4.97;7.98;23.14;13.02;29.33;16.5;171.32;91.69;220.65;116.35;88.76;14.68;20.95;32.47;24.35;False;False
P05-1-5;P05;NORMAL;SCCS;7.88;7.0;7.25;2.0;12.95;4.97;7.98;23.14;13.02;29.33;16.5;171.32;91.69;220.65;116.35;88.76;14.68;20.95;32.47;24.35;False;False
P05-2-1;P05;NORMAL;CCSC;7.87;7.0;7.25;2.0;12.95;4.99;7.96;23.16;13.03;29.27;16.46;171.42;91.75;220.19;116.12;88.76;14.71;20.91;32.47;24.35;False;False
P05-2-2;P05;NORMAL;CCCC;7.87;7.0;7.25;2.0;12.95;4.99;7.96;23.16;13.03;29.27;16.46;171.42;91.75;220.19;116.12;88.76;14.71;20.91;32.47;24.35;False;False
P05-2-3;P05;ANILLO;CCCC;7.87;9.0;7.25;2.0;12.95;8.17;4.78;37.96;21.35;29.03;16.33;292.59;150.86;218.21;115.14;88.76;24.12;16.13;32.47;24.35;False;False
P05-2-4;P05;NORMAL;CCCC;7.87;7.0;7.25;2.0;12.95;4.99;7.96;23.16;13.03;29.27;16.46;171.42;91.75;220.19;116.12;88.76;14.71;20.91;32.47;24.35;False;False
P05-2-5;P05;NORMAL;CCCS;7.87;7.0;7.25;2.0;12.95;4.99;7.96;23.16;13.03;29.27;16.46;171.42;91.75;220.19;116.12;88.76;14.71;20.91;32.47;24.35;False;False
P05-3-1;P05;NORMAL;CCSC;7.88;7.0;7.25;2.0;12.95;4.97;7.98;23.14;13.02;29.33;16.5;171.32;91.69;220.65;116.35;88.76;14.68;20.95;32.47;24.35;False;False
P05-3-2;P05;NORMAL;CCCC;7.88;7.0;7.25;2.0;12.95;4.97;7.98;23.14;13.02;29.33;16.5;171.32;91.69;220.65;116.35;88.76;14.68;20.95;32.47;24.35;False;False
P05-3-3;P05;ANILLO;CCCC;7.88;9.0;7.25;2.0;12.95;8.16;4.79;37.99;21.37;29.12;16.38;292.8;150.96;218.96;115.51;88.76;24.1;16.18;32.47;24.35;False;False
P05-3-4;P05;NORMAL;CCCC;7.88;7.0;7.25;2.0;12.95;4.97;7.98;23.14;13.02;29.33;16.5;171.32;91.69;220.65;116.35;88.76;14.68;20.95;32.47;24.35;False;False
P05-3-5;P05;NORMAL;CCCS;7.88;7.0;7.25;2.0;12.95;4.97;7.98;23.14;13.02;29.33;16.5;171.32;91.69;220.65;116.35;88.76;14.68;20.95;32.47;24.35;False;False
P05-4-1;P05;NORMAL;CCSC;7.87;7.0;7.25;2.0;12.95;4.99;7.96;23.16;13.03;29.27;16.46;171.42;91.75;220.19;116.12;88.76;14.71;20.91;32.47;24.35;False;False
P05-4-2;P05;NORMAL;CCCC;7.87;7.0;7.25;2.0;12.95;4.99;7.96;23.16;13.03;29.27;16.46;171.42;91.75;220.19;116.12;88.76;14.71;20.91;32.47;24.35;False;False
P05-4-3;P05;NORMAL;CNCC;7.87;9.0;7.25;2.0;12.95;8.17;4.78;37.96;21.35;29.03;16.33;292.59;150.86;218.21;115.14;88.76;24.12;16.13;32.47;24.35;False;False
P05-4-4;P05;NORMAL;CCCC;7.87;7.0;7.25;2.0;12.95;4.99;7.96;23.16;13.03;29.27;16.46;171.42;91.75;220.19;116.12;88.76;14.71;20.91;32.47;24.35;False;False
P05-4-5;P05;NORMAL;CCCS;7.87;7.0;7.25;2.0;12.95;4.99;7.96;23.16;13.03;29.27;16.46;171.42;91.75;220.19;116.12;88.76;14.71;20.91;32.47;24.35;False;False
P05-5-1;P05;NORMAL;CCSC;7.0;7.0;7.25;2.0;12.95;6.47;6.47;23.8;13.39;23.8;13.39;176.44;94.29;176.44;94.29;88.76;17.0;17.0;32.47;24.35;False;False
P05-5-2;P05;NORMAL;CCCN;7.0;7.0;7.25;2.0;12.95;6.47;6.47;23.8;13.39;23.8;13.39;176.44;94.29;176.44;94.29;88.76;17.0;17.0;32.47;24.35;False;False
P05-5-3;P05;NUCLEO;NNNN;7.0;9.0;7.25;2.0;12.95;;;;;;;;;;;;;;;;;
P05-5-4;P05;NORMAL;CCNC;7.0;7.0;7.25;2.0;12.95;6.47;6.47;23.8;13.39;23.8;13.39;176.44;94.29;176.44;94.29;88.76;17.0;17.0;32.47;24.35;False;False
P05-5-5;P05;NORMAL;CCCS;7.0;7.0;7.25;2.0;12.95;6.47;6.47;23.8;13.39;23.8;13.39;176.44;94.29;176.44;94.29;88.76;17.0;17.0;32.47;24.35;False;False
P05-6-1;P05;NORMAL;CCSC;8.0;7.0;7.25;2.0;12.95;4.79;8.16;22.97;12.92;30.0;16.88;169.97;91.01;226.15;119.04;88.76;14.36;21.43;32.47;24.35;False;False
P05-6-2;P05;NORMAL;CCCP;8.0;7.0;7.25;2.0;12.95;4.79;8.16;22.97;12.92;30.0;16.88;169.97;91.01;226.15;119.04;88.76;14.36;21.43;32.47;24.35;False;False
P05-6-3;P05;VACIO;NNPP;8.0;9.0;7.25;2.0;12.95;;;;;;;;;;;;;;;;;
P05-6-4;P05;NORMAL;CCPC;8.0;7.0;7.25;2.0;12.95;4.79;8.16;22.97;12.92;30.0;16.88;169.97;91.01;226.15;119.04;88.76;14.36;21.43;32.47;24.35;False;False
P05-6-5;P05;NORMAL;CCCS;8.0;7.0;7.25;2.0;12.95;4.79;8.16;22.97;12.92;30.0;16.88;169.97;91.01;226.15;119.04;88.76;14.36;21.43;32.47;24.35;False;False
P05-7-1;P05;NORMAL;CCSC;7.0;7.0;7.25;2.0;12.95;6.47;6.47;23.8;13.39;23.8;13.39;176.44;94.29;176.44;94.29;88.76;17.0;17.0;32.47;24.35;False;False
P05-7-2;P05;NORMAL;CCCN;7.0;7.0;7.25;2.0;12.95;6.47;6.47;23.8;13.39;23.8;13.39;176.44;94.29;176.44;94.29;88.76;17.0;17.0;32.47;24.35;False;False
P05-7-3;P05;NUCLEO;NNNN;7.0;9.0;7.25;2.0;12.95;;;;;;;;;;;;;;;;;
P05-7-4;P05;NORMAL;CCNC;7.0;7.0;7.25;2.0;12.95;6.47;6.47;23.8;13.39;23.8;13.39;176.44;94.29;176.44;94.29;88.76;17.0;17.0;32.47;24.35;False;False
P05-7-5;P05;NORMAL;CCCS;7.0;7.0;7.25;2.0;12.95;6.47;6.47;23.8;13.39;23.8;13.39;176.44;94.29;176.44;94.29;88.76;17.0;17.0;32.47;24.35;False;False
P05-8-1;P05;NORMAL;CCSC;7.88;7.0;7.25;2.0;12.95;4.97;7.98;23.14;13.02;29.33;16.5;171.32;91.69;220.65;116.35;88.76;14.68;20.95;32.47;24.35;False;False
P05-8-2;P05;NORMAL;CCCC;7.88;7.0;7.25;2.0;12.95;4.97;7.98;23.14;13.02;29.33;16.5;171.32;91.69;220.65;116.35;88.76;14.68;20.95;32.47;24.35;False;False
P05-8-3;P05;NORMAL;NCCC;7.88;9.0;7.25;2.0;12.95;8.16;4.79;37.99;21.37;29.12;16.38;292.8;150.96;218.96;115.51;88.76;24.1;16.18;32.47;24.35;False;False
P05-8-4;P05;NORMAL;CCCC;7.88;7.0;7.25;2.0;12.95;4.97;7.98;23.14;13.02;29.33;16.5;171.32;91.69;220.65;116.35;88.76;14.68;20.95;32.47;24.35;False;False
P05-8-5;P05;NORMAL;CCCS;7.88;7.0;7.25;2.0;12.95;4.97;7.98;23.14;13.02;29.33;16.5;171.32;91.69;220.65;116.35;88.76;14.68;20.95;32.47;24.35;False;False
P05-9-1;P05;NORMAL;CCSC;7.87;7.0;7.25;2.0;12.95;4.99;7.96;23.16;13.03;29.27;16.46;171.42;91.75;220.19;116.12;88.76;14.71;20.91;32.47;24.35;False;False
P05-9-2;P05;NORMAL;CCCC;7.87;7.0;7.25;2.0;12.95;4.99;7.96;23.16;13.03;29.27;16.46;171.42;91.75;220.19;116.12;88.76;14.71;20.91;32.47;24.35;False;False
P05-9-3;P05;ANILLO;CCCC;7.87;9.0;7.25;2.0;12.95;8.17;4.78;37.96;21.35;29.03;16.33;292.59;150.86;218.21;115.14;88.76;24.12;16.13;32.47;24.35;False;False
P05-9-4;P05;NORMAL;CCCC;7.87;7.0;7.25;2.0;12.95;4.99;7.96;23.16;13.03;29.27;16.46;171.42;91.75;220.19;116.12;88.76;14.71;20.91;32.47;24.35;False;False
P05-9-5;P05;NORMAL;CCCS;7.87;7.0;7.25;2.0;12.95;4.99;7.96;23.16;13.03;29.27;16.46;171.42;91.75;220.19;116.12;88.76;14.71;20.91;32.47;24.35;False;False
P05-10-1;P05;NORMAL;CCSC;7.88;7.0;7.25;2.0;12.95;4.97;7.98;23.14;13.02;29.33;16.5;171.32;91.69;220.65;116.35;88.76;14.68;20.95;32.47;24.35;False;False
P05-10-2;P05;NORMAL;CCCC;7.88;7.0;7.25;2.0;12.95;4.97;7.98;23.14;13.02;29.33;16.5;171.32;91.69;220.65;116.35;88.76;14.68;20.95;32.47;24.35;False;False
P05-10-3;P05;ANILLO;CCCC;7.88;9.0;7.25;2.0;12.95;8.16;4.79;37.99;21.37;29.12;16.38;292.8;150.96;218.96;115.51;88.76;24.1;16.18;32.47;24.35;False;False
P05-10-4;P05;NORMAL;CCCC;7.88;7.0;7.25;2.0;12.95;4.97;7.98;23.14;13.02;29.33;16.5;171.32;91.69;220.65;116.35;88.76;14.68;20.95;32.47;24.35;False;False
P05-10-5;P05;NORMAL;CCCS;7.88;7.0;7.25;2.0;12.95;4.97;7.98;23.14;13.02;29.33;16.5;171.32;91.69;220.65;116.35;88.76;14.68;20.95;32.47;24.35;False;False
P05-11-1;P05;NORMAL;CSSC;7.87;7.0;7.25;2.0;12.95;4.99;7.96;23.16;13.03;29.27;16.46;171.42;91.75;220.19;116.12;88.76;14.71;20.91;32.47;24.35;False;False
P05-11-2;P05;NORMAL;CSCC;7.87;7.0;7.25;2.0;12.95;4.99;7.96;23.16;13.03;29.27;16.46;171.42;91.75;220.19;116.12;88.76;14.71;20.91;32.47;24.35;False;False
P05-11-3;P05;ANILLO;CSCC;7.87;9.0;7.25;2.0;12.95;8.17;4.78;37.96;21.35;29.03;16.33;292.59;150.86;218.21;115.14;88.76;24.12;16.13;32.47;24.35;False;False
P05-11-4;P05;NORMAL;CSCC;7.87;7.0;7.25;2.0;12.95;4.99;7.96;23.16;13.03;29.27;16.46;171.42;91.75;220.19;116.12;88.76;14.71;20.91;32.47;24.35;False;False
P05-11-5;P05;NORMAL;CSCS;7.87;7.0;7.25;2.0;12.95;4.99;7.96;23.16;13.03;29.27;16.46;171.42;91.75;220.19;116.12;88.76;14.71;20.91;32.47;24.35;False;False
P06-1-1;P06;NORMAL;SCSC;7.88;7.0;7.25;2.0;12.95;4.97;7.98;23.14;13.02;29.33;16.5;171.32;91.69;220.65;116.35;88.76;14.68;20.95;32.47;24.35;False;False
P06-1-2;P06;NORMAL;SCCC;7.88;7.0;7.25;2.0;12.95;4.97;7.98;23.14;13.02;29.33;16.5;171.32;91.69;220.65;116.35;88.76;14.68;20.95;32.47;24.35;False;False
P06-1-3;P06;ANILLO;SCCC;7.88;9.0;7.25;2.0;12.95;8.16;4.79;37.99;21.37;29.12;16.38;292.8;150.96;218.96;115.51;88.76;24.1;16.18;32.47;24.35;False;False
P06-1-4;P06;NORMAL;SCCC;7.88;7.0;7.25;2.0;12.95;4.97;7.98;23.14;13.02;29.33;16.5;171.32;91.69;220.65;116.35;88.76;14.68;20.95;32.47;24.35;False;False
P06-1-5;P06;NORMAL;SCCS;7.88;7.0;7.25;2.0;12.95;4.97;7.98;23.14;13.02;29.33;16.5;171.32;91.69;220.65;116.35;88.76;14.68;20.95;32.47;24.35;False;False
P06-2-1;P06;NORMAL;CCSC;7.87;7.0;7.25;2.0;12.95;4.99;7.96;23.16;13.03;29.27;16.46;171.42;91.75;220.19;116.12;88.76;14.71;20.91;32.47;24.35;False;False
P06-2-2;P06;NORMAL;CCCC;7.87;7.0;7.25;2.0;12.95;4.99;7.96;23.16;13.03;29.27;16.46;171.42;91.75;220.19;116.12;88.76;14.71;20.91;32.47;24.35;False;False
P06-2-3;P06;ANILLO;CCCC;7.87;9.0;7.25;2.0;12.95;8.17;4.78;37.96;21.35;29.03;16.33;292.59;150.86;218.21;115.14;88.76;24.12;16.13;32.47;24.35;False;False
P06-2-4;P06;NORMAL;CCCC;7.87;7.0;7.25;2.0;12.95;4.99;7.96;23.16;13.03;29.27;16.46;171.42;91.75;220.19;116.12;88.76;14.71;20.91;32.47;24.35;False;False
P06-2-5;P06;NORMAL;CCCS;7.87;7.0;7.25;2.0;12.95;4.99;7.96;23.16;13.03;29.27;16.46;171.42;91.75;220.19;116.12;88.76;14.71;20.91;32.47;24.35;False;False
P06-3-1;P06;NORMAL;CCSC;7.88;7.0;7.25;2.0;12.95;4.97;7.98;23.14;13.02;29.33;16.5;171.32;91.69;220.65;116.35;88.76;14.68;20.95;32.47;24.35;False;False
P06-3-2;P06;NORMAL;CCCC;7.88;7.0;7.25;2.0;12.95;4.97;7.98;23.14;13.02;29.33;16.5;171.32;91.69;220.65;116.35;88.76;14.68;20.95;32.47;24.35;False;False
P06-3-3;P06;ANILLO;CCCC;7.88;9.0;7.25;2.0;12.95;8.16;4.79;37.99;21.37;29.12;16.38;292.8;150.96;218.96;115.51;88.76;24.1;16.18;32.47;24.35;False;False
P06-3-4;P06;NORMAL;CCCC;7.88;7.0;7.25;2.0;12.95;4.97;7.98;23.14;13.02;29.33;16.5;171.32;91.69;220.65;116.35;88.76;14.68;20.95;32.47;24.35;False;False
P06-3-5;P06;NORMAL;CCCS;7.88;7.0;7.25;2.0;12.95;4.97;7.98;23.14;13.02;29.33;16.5;171.32;91.69;220.65;116.35;88.76;14.68;20.95;32.47;24.35;False;False
P06-4-1;P06;NORMAL;CCSC;7.87;7.0;7.25;2.0;12.95;4.99;7.96;23.16;13.03;29.27;16.46;171.42;91.75;220.19;116.12;88.76;14.71;20.91;32.47;24.35;False;False
P06-4-2;P06;NORMAL;CCCC;7.87;7.0;7.25;2.0;12.95;4.99;7.96;23.16;13.03;29.27;16.46;171.42;91.75;220.19;116.12;88.76;14.71;20.91;32.47;24.35;False;False
P06-4-3;P06;NORMAL;CNCC;7.87;9.0;7.25;2.0;12.95;8.17;4.78;37.96;21.35;29.03;16.33;292.59;150.86;218.21;115.14;88.76;24.12;16.13;32.47;24.35;False;False
P06-4-4;P06;NORMAL;CCCC;7.87;7.0;7.25;2.0;12.95;4.99;7.96;23.16;13.03;29.27;16.46;171.42;91.75;220.19;116.12;88.76;14.71;20.91;32.47;24.35;False;False
P06-4-5;P06;NORMAL;CCCS;7.87;7.0;7.25;2.0;12.95;4.99;7.96;23.16;13.03;29.27;16.46;171.42;91.75;220.19;116.12;88.76;14.71;20.91;32.47;24.35;False;False
P06-5-1;P06;NORMAL;CCSC;7.0;7.0;7.25;2.0;12.95;6.47;6.47;23.8;13.39;23.8;13.39;176.44;94.29;176.44;94.29;88.76;17.0;17.0;32.47;24.35;False;False
P06-5-2;P06;NORMAL;CCCN;7.0;7.0;7.25;2.0;12.95;6.47;6.47;23.8;13.39;23.8;13.39;176.44;94.29;176.44;94.29;88.76;17.0;17.0;32.47;24.35;False;False
P06-5-3;P06;NUCLEO;NNNN;7.0;9.0;7.25;2.0;12.95;;;;;;;;;;;;;;;;;
P06-5-4;P06;NORMAL;CCNC;7.0;7.0;7.25;2.0;12.95;6.47;6.47;23.8;13.39;23.8;13.39;176.44;94.29;176.44;94.29;88.76;17.0;17.0;32.47;24.35;False;False
P06-5-5;P06;NORMAL;CCCS;7.0;7.0;7.25;2.0;12.95;6.47;6.47;23.8;13.39;23.8;13.39;176.44;94.29;176.44;94.29;88.76;17.0;17.0;32.47;24.35;False;False
P06-6-1;P06;NORMAL;CCSC;8.0;7.0;7.25;2.0;12.95;4.79;8.16;22.97;12.92;30.0;16.88;169.97;91.01;226.15;119.04;88.76;14.36;21.43;32.47;24.35;False;False
P06-6-2;P06;NORMAL;CCCP;8.0;7.0;7.25;2.0;12.95;4.79;8.16;22.97;12.92;30.0;16.88;169.97;91.01;226.15;119.04;88.76;14.36;21.43;32.47;24.35;False;False
P06-6-3;P06;VACIO;NNPP;8.0;9.0;7.25;2.0;12.95;;;;;;;;;;;;;;;;;
P06-6-4;P06;NORMAL;CCPC;8.0;7.0;7.25;2.0;12.95;4.79;8.16;22.97;12.92;30.0;16.88;169.97;91.01;226.15;119.04;88.76;14.36;21.43;32.47;24.35;False;False
P06-6-5;P06;NORMAL;CCCS;8.0;7.0;7.25;2.0;12.95;4.79;8.16;22.97;12.92;30.0;16.88;169.97;91.01;226.15;119.04;88.76;14.36;21.43;32.47;24.35;False;False
P06-7-1;P06;NORMAL;CCSC;7.0;7.0;7.25;2.0;12.95;6.47;6.47;23.8;13.39;23.8;13.39;176.44;94.29;176.44;94.29;88.76;17.0;17.0;32.47;24.35;False;False
P06-7-2;P06;NORMAL;CCCN;7.0;7.0;7.25;2.0;12.95;6.47;6.47;23.8;13.39;23.8;13.39;176.44;94.29;176.44;94.29;88.76;17.0;17.0;32.47;24.35;False;False
P06-7-3;P06;NUCLEO;NNNN;7.0;9.0;7.25;2.0;12.95;;;;;;;;;;;;;;;;;
P06-7-4;P06;NORMAL;CCNC;7.0;7.0;7.25;2.0;12.95;6.47;6.47;23.8;13.39;23.8;13.39;176.44;94.29;176.44;94.29;88.76;17.0;17.0;32.47;24.35;False;False
P06-7-5;P06;NORMAL;CCCS;7.0;7.0;7.25;2.0;12.95;6.47;6.47;23.8;13.39;23.8;13.39;176.44;94.29;176.44;94.29;88.76;17.0;17.0;32.47;24.35;False;False
P06-8-1;P06;NORMAL;CCSC;7.88;7.0;7.25;2.0;12.95;4.97;7.98;23.14;13.02;29.33;16.5;171.32;91.69;220.65;116.35;88.76;14.68;20.95;32.47;24.35;False;False
P06-8-2;P06;NORMAL;CCCC;7.88;7.0;7.25;2.0;12.95;4.97;7.98;23.14;13.02;29.33;16.5;171.32;91.69;220.65;116.35;88.76;14.68;20.95;32.47;24.35;False;False
P06-8-3;P06;NORMAL;NCCC;7.88;9.0;7.25;2.0;12.95;8.16;4.79;37.99;21.37;29.12;16.38;292.8;150.96;218.96;115.51;88.76;24.1;16.18;32.47;24.35;False;False
P06-8-4;P06;NORMAL;CCCC;7.88;7.0;7.25;2.0;12.95;4.97;7.98;23.14;13.02;29.33;16.5;171.32;91.69;220.65;116.35;88.76;14.68;20.95;32.47;24.35;False;False
P06-8-5;P06;NORMAL;CCCS;7.88;7.0;7.25;2.0;12.95;4.97;7.98;23.14;13.02;29.33;16.5;171.32;91.69;220.65;116.35;88.76;14.68;20.95;32.47;24.35;False;False
P06-9-1;P06;NORMAL;CCSC;7.87;7.0;7.25;2.0;12.95;4.99;7.96;23.16;13.03;29.27;16.46;171.42;91.75;220.19;116.12;88.76;14.71;20.91;32.47;24.35;False;False
P06-9-2;P06;NORMAL;CCCC;7.87;7.0;7.25;2.0;12.95;4.99;7.96;23.16;13.03;29.27;16.46;171.42;91.75;220.19;116.12;88.76;14.71;20.91;32.47;24.35;False;False
P06-9-3;P06;ANILLO;CCCC;7.87;9.0;7.25;2.0;12.95;8.17;4.78;37.96;21.35;29.03;16.33;292.59;150.86;218.21;115.14;88.76;24.12;16.13;32.47;24.35;False;False
P06-9-4;P06;NORMAL;CCCC;7.87;7.0;7.25;2.0;12.95;4.99;7.96;23.16;13.03;29.27;16.46;171.42;91.75;220.19;116.12;88.76;14.71;20.91;32.47;24.35;False;False
P06-9-5;P06;NORMAL;CCCS;7.87;7.0;7.25;2.0;12.95;4.99;7.96;23.16;13.03;29.27;16.46;171.42;91.75;220.19;116.12;88.76;14.71;20.91;32.47;24.35;False;False
P06-10-1;P06;NORMAL;CCSC;7.88;7.0;7.25;2.0;12.95;4.97;7.98;23.14;13.02;29.33;16.5;171.32;91.69;220.65;116.35;88.76;14.68;20.95;32.47;24.35;False;False
P06-10-2;P06;NORMAL;CCCC;7.88;7.0;7.25;2.0;12.95;4.97;7.98;23.14;13.02;29.33;16.5;171.32;91.69;220.65;116.35;88.76;14.68;20.95;32.47;24.35;False;False
P06-10-3;P06;ANILLO;CCCC;7.88;9.0;7.25;2.0;12.95;8.16;4.79;37.99;21.37;29.12;16.38;292.8;150.96;218.96;115.51;88.76;24.1;16.18;32.47;24.35;False;False
P06-10-4;P06;NORMAL;CCCC;7.88;7.0;7.25;2.0;12.95;4.97;7.98;23.14;13.02;29.33;16.5;171.32;91.69;220.65;116.35;88.76;14.68;20.95;32.47;24.35;False;False
P06-10-5;P06;NORMAL;CCCS;7.88;7.0;7.25;2.0;12.95;4.97;7.98;23.14;13.02;29.33;16.5;171.32;91.69;220.65;116.35;88.76;14.68;20.95;32.47;24.35;False;False
P06-11-1;P06;NORMAL;CSSC;7.87;7.0;7.25;2.0;12.95;4.99;7.96;23.16;13.03;29.27;16.46;171.42;91.75;220.19;116.12;88.76;14.71;20.91;32.47;24.35;False;False
P06-11-2;P06;NORMAL;CSCC;7.87;7.0;7.25;2.0;12.95;4.99;7.96;23.16;13.03;29.27;16.46;171.42;91.75;220.19;116.12;88.76;14.71;20.91;32.47;24.35;False;False
P06-11-3;P06;ANILLO;CSCC;7.87;9.0;7.25;2.0;12.95;8.17;4.78;37.96;21.35;29.03;16.33;292.59;150.86;218.21;115.14;88.76;24.12;16.13;32.47;24.35;False;False
P06-11-4;P06;NORMAL;CSCC;7.87;7.0;7.25;2.0;12.95;4.99;7.96;23.16;13.03;29.27;16.46;171.42;91.75;220.19;116.12;88.76;14.71;20.91;32.47;24.35;False;False
P06-11-5;P06;NORMAL;CSCS;7.87;7.0;7.25;2.0;12.95;4.99;7.96;23.16;13.03;29.27;16.46;171.42;91.75;220.19;116.12;88.76;14.71;20.91;32.47;24.35;False;False
P07-1-1;P07;NORMAL;SCSC;7.88;7.0;7.25;2.0;12.95;4.97;7.98;23.14;13.02;29.33;16.5;171.32;91.69;220.65;116.35;88.76;14.68;20.95;32.47;24.35;False;False
P07-1-2;P07;NORMAL;SCCC;7.88;7.0;7.25;2.0;12.95;4.97;7.98;23.14;13.02;29.33;16.5;171.32;91.69;220.65;116.35;88.76;14.68;20.95;32.47;24.35;False;False
P07-1-3;P07;ANILLO;SCCC;7.88;9.0;7.25;2.0;12.95;8.16;4.79;37.99;21.37;29.12;16.38;292.8;150.96;218.96;115.51;88.76;24.1;16.18;32.47;24.35;False;False
P07-1-4;P07;NORMAL;SCCC;7.88;7.0;7.25;2.0;12.95;4.97;7.98;23.14;13.02;29.33;16.5;171.32;91.69;220.65;116.35;88.76;14.68;20.95;32.47;24.35;False;False
P07-1-5;P07;NORMAL;SCCS;7.88;7.0;7.25;2.0;12.95;4.97;7.98;23.14;13.02;29.33;16.5;171.32;91.69;220.65;116.35;88.76;14.68;20.95;32.47;24.35;False;False
P07-2-1;P07;NORMAL;CCSC;7.87;7.0;7.25;2.0;12.95;4.99;7.96;23.16;13.03;29.27;16.46;171.42;91.75;220.19;116.12;88.76;14.71;20.91;32.47;24.35;False;False
P07-2-2;P07;NORMAL;CCCC;7.87;7.0;7.25;2.0;12.95;4.99;7.96;23.16;13.03;29.27;16.46;171.42;91.75;220.19;116.12;88.76;14.71;20.91;32.47;24.35;False;False
P07-2-3;P07;ANILLO;CCCC;7.87;9.0;7.25;2.0;12.95;8.17;4.78;37.96;21.35;29.03;16.33;292.59;150.86;218.21;115.14;88.76;24.12;16.13;32.47;24.35;False;False
P07-2-4;P07;NORMAL;CCCC;7.87;7.0;7.25;2.0;12.95;4.99;7.96;23.16;13.03;29.27;16.46;171.42;91.75;220.19;116.12;88.76;14.71;20.91;32.47;24.35;False;False
P07-2-5;P07;NORMAL;CCCS;7.87;7.0;7.25;2.0;12.95;4.99;7.96;23.16;13.03;29.27;16.46;171.42;91.75;220.19;116.12;88.76;14.71;20.91;32.47;24.35;False;False
P07-3-1;P07;NORMAL;CCSC;7.88;7.0;7.25;2.0;12.95;4.97;7.98;23.14;13.02;29.33;16.5;171.32;91.69;220.65;116.35;88.76;14.68;20.95;32.47;24.35;False;False
P07-3-2;P07;NORMAL;CCCC;7.88;7.0;7.25;2.0;12.95;4.97;7.98;23.14;13.02;29.33;16.5;171.32;91.69;220.65;116.35;88.76;14.68;20.95;32.47;24.35;False;False
P07-3-3;P07;ANILLO;CCCC;7.88;9.0;7.25;2.0;12.95;8.16;4.79;37.99;21.37;29.12;16.38;292.8;150.96;218.96;115.51;88.76;24.1;16.18;32.47;24.35;False;False
P07-3-4;P07;NORMAL;CCCC;7.88;7.0;7.25;2.0;12.95;4.97;7.98;23.14;13.02;29.33;16.5;171.32;91.69;220.65;116.35;88.76;14.68;20.95;32.47;24.35;False;False
P07-3-5;P07;NORMAL;CCCS;7.88;7.0;7.25;2.0;12.95;4.97;7.98;23.14;13.02;29.33;16.5;171.32;91.69;220.65;116.35;88.76;14.68;20.95;32.47;24.35;False;False
P07-4-1;P07;NORMAL;CCSC;7.87;7.0;7.25;2.0;12.95;4.99;7.96;23.16;13.03;29.27;16.46;171.42;91.75;220.19;116.12;88.76;14.71;20.91;32.47;24.35;False;False
P07-4-2;P07;NORMAL;CCCC;7.87;7.0;7.25;2.0;12.95;4.99;7.96;23.16;13.03;29.27;16.46;171.42;91.75;220.19;116.12;88.76;14.71;20.91;32.47;24.35;False;False
P07-4-3;P07;NORMAL;CNCC;7.87;9.0;7.25;2.0;12.95;8.17;4.78;37.96;21.35;29.03;16.33;292.59;150.86;218.21;115.14;88.76;24.12;16.13;32.47;24.35;False;False
P07-4-4;P07;NORMAL;CCCC;7.87;7.0;7.25;2.0;12.95;4.99;7.96;23.16;13.03;29.27;16.46;171.42;91.75;220.19;116.12;88.76;14.71;20.91;32.47;24.35;False;False
P07-4-5;P07;NORMAL;CCCS;7.87;7.0;7.25;2.0;12.95;4.99;7.96;23.16;13.03;29.27;16.46;171.42;91.75;220.19;116.12;88.76;14.71;20.91;32.47;24.35;False;False
P07-5-1;P07;NORMAL;CCSC;7.0;7.0;7.25;2.0;12.95;6.47;6.47;23.8;13.39;23.8;13.39;176.44;94.29;176.44;94.29;88.76;17.0;17.0;32.47;24.35;False;False
P07-5-2;P07;NORMAL;CCCN;7.0;7.0;7.25;2.0;12.95;6.47;6.47;23.8;13.39;23.8;13.39;176.44;94.29;176.44;94.29;88.76;17.0;17.0;32.47;24.35;False;False
P07-5-3;P07;NUCLEO;NNNN;7.0;9.0;7.25;2.0;12.95;;;;;;;;;;;;;;;;;
P07-5-4;P07;NORMAL;CCNC;7.0;7.0;7.25;2.0;12.95;6.47;6.47;23.8;13.39;23.8;13.39;176.44;94.29;176.44;94.29;88.76;17.0;17.0;32.47;24.35;False;False
P07-5-5;P07;NORMAL;CCCS;7.0;7.0;7.25;2.0;12.95;6.47;6.47;23.8;13.39;23.8;13.39;176.44;94.29;176.44;94.29;88.76;17.0;17.0;32.47;24.35;False;False
P07-6-1;P07;NORMAL;CCSC;8.0;7.0;7.25;2.0;12.95;4.79;8.16;22.97;12.92;30.0;16.88;169.97;91.01;226.15;119.04;88.76;14.36;21.43;32.47;24.35;False;False
P07-6-2;P07;NORMAL;CCCP;8.0;7.0;7.25;2.0;12.95;4.79;8.16;22.97;12.92;30.0;16.88;169.97;91.01;226.15;119.04;88.76;14.36;21.43;32.47;24.35;False;False
P07-6-3;P07;VACIO;NNPP;8.0;9.0;7.25;2.0;12.95;;;;;;;;;;;;;;;;;
P07-6-4;P07;NORMAL;CCPC;8.0;7.0;7.25;2.0;12.95;4.79;8.16;22.97;12.92;30.0;16.88;169.97;91.01;226.15;119.04;88.76;14.36;21.43;32.47;24.35;False;False
P07-6-5;P07;NORMAL;CCCS;8.0;7.0;7.25;2.0;12.95;4.79;8.16;22.97;12.92;30.0;16.88;169.97;91.01;226.15;119.04;88.76;14.36;21.43;32.47;24.35;False;False
P07-7-1;P07;NORMAL;CCSC;7.0;7.0;7.25;2.0;12.95;6.47;6.47;23.8;13.39;23.8;13.39;176.44;94.29;176.44;94.29;88.76;17.0;17.0;32.47;24.35;False;False
P07-7-2;P07;NORMAL;CCCN;7.0;7.0;7.25;2.0;12.95;6.47;6.47;23.8;13.39;23.8;13.39;176.44;94.29;176.44;94.29;88.76;17.0;17.0;32.47;24.35;False;False
P07-7-3;P07;NUCLEO;NNNN;7.0;9.0;7.25;2.0;12.95;;;;;;;;;;;;;;;;;
P07-7-4;P07;NORMAL;CCNC;7.0;7.0;7.25;2.0;12.95;6.47;6.47;23.8;13.39;23.8;13.39;176.44;94.29;176.44;94.29;88.76;17.0;17.0;32.47;24.35;False;False
P07-7-5;P07;NORMAL;CCCS;7.0;7.0;7.25;2.0;12.95;6.47;6.47;23.8;13.39;23.8;13.39;176.44;94.29;176.44;94.29;88.76;17.0;17.0;32.47;24.35;False;False
P07-8-1;P07;NORMAL;CCSC;7.88;7.0;7.25;2.0;12.95;4.97;7.98;23.14;13.02;29.33;16.5;171.32;91.69;220.65;116.35;88.76;14.68;20.95;32.47;24.35;False;False
P07-8-2;P07;NORMAL;CCCC;7.88;7.0;7.25;2.0;12.95;4.97;7.98;23.14;13.02;29.33;16.5;171.32;91.69;220.65;116.35;88.76;14.68;20.95;32.47;24.35;False;False
P07-8-3;P07;NORMAL;NCCC;7.88;9.0;7.25;2.0;12.95;8.16;4.79;37.99;21.37;29.12;16.38;292.8;150.96;218.96;115.51;88.76;24.1;16.18;32.47;24.35;False;False
P07-8-4;P07;NORMAL;CCCC;7.88;7.0;7.25;2.0;12.95;4.97;7.98;23.14;13.02;29.33;16.5;171.32;91.69;220.65;116.35;88.76;14.68;20.95;32.47;24.35;False;False
P07-8-5;P07;NORMAL;CCCS;7.88;7.0;7.25;2.0;12.95;4.97;7.98;23.14;13.02;29.33;16.5;171.32;91.69;220.65;116.35;88.76;14.68;20.95;32.47;24.35;False;False
P07-9-1;P07;NORMAL;CCSC;7.87;7.0;7.25;2.0;12.95;4.99;7.96;23.16;13.03;29.27;16.46;171.42;91.75;220.19;116.12;88.76;14.71;20.91;32.47;24.35;False;False
P07-9-2;P07;NORMAL;CCCC;7.87;7.0;7.25;2.0;12.95;4.99;7.96;23.16;13.03;29.27;16.46;171.42;91.75;220.19;116.12;88.76;14.71;20.91;32.47;24.35;False;False
P07-9-3;P07;ANILLO;CCCC;7.87;9.0;7.25;2.0;12.95;8.17;4.78;37.96;21.35;29.03;16.33;292.59;150.86;218.21;115.14;88.76;24.12;16.13;32.47;24.35;False;False
P07-9-4;P07;NORMAL;CCCC;7.87;7.0;7.25;2.0;12.95;4.99;7.96;23.16;13.03;29.27;16.46;171.42;91.75;220.19;116.12;88.76;14.71;20.91;32.47;24.35;False;False
P07-9-5;P07;NORMAL;CCCS;7.87;7.0;7.25;2.0;12.95;4.99;7.96;23.16;13.03;29.27;16.46;171.42;91.75;220.19;116.12;88.76;14.71;20.91;32.47;24.35;False;False
P07-10-1;P07;NORMAL;CCSC;7.88;7.0;7.25;2.0;12.95;4.97;7.98;23.14;13.02;29.33;16.5;171.32;91.69;220.65;116.35;88.76;14.68;20.95;32.47;24.35;False;False
P07-10-2;P07;NORMAL;CCCC;7.88;7.0;7.25;2.0;12.95;4.97;7.98;23.14;13.02;29.33;16.5;171.32;91.69;220.65;116.35;88.76;14.68;20.95;32.47;24.35;False;False
P07-10-3;P07;ANILLO;CCCC;7.88;9.0;7.25;2.0;12.95;8.16;4.79;37.99;21.37;29.12;16.38;292.8;150.96;218.96;115.51;88.76;24.1;16.18;32.47;24.35;False;False
P07-10-4;P07;NORMAL;CCCC;7.88;7.0;7.25;2.0;12.95;4.97;7.98;23.14;13.02;29.33;16.5;171.32;91.69;220.65;116.35;88.76;14.68;20.95;32.47;24.35;False;False
P07-10-5;P07;NORMAL;CCCS;7.88;7.0;7.25;2.0;12.95;4.97;7.98;23.14;13.02;29.33;16.5;171.32;91.69;220.65;116.35;88.76;14.68;20.95;32.47;24.35;False;False
P07-11-1;P07;NORMAL;CSSC;7.87;7.0;7.25;2.0;12.95;4.99;7.96;23.16;13.03;29.27;16.46;171.42;91.75;220.19;116.12;88.76;14.71;20.91;32.47;24.35;False;False
P07-11-2;P07;NORMAL;CSCC;7.87;7.0;7.25;2.0;12.95;4.99;7.96;23.16;13.03;29.27;16.46;171.42;91.75;220.19;116.12;88.76;14.71;20.91;32.47;24.35;False;False
P07-11-3;P07;ANILLO;CSCC;7.87;9.0;7.25;2.0;12.95;8.17;4.78;37.96;21.35;29.03;16.33;292.59;150.86;218.21;115.14;88.76;24.12;16.13;32.47;24.35;False;False
P07-11-4;P07;NORMAL;CSCC;7.87;7.0;7.25;2.0;12.95;4.99;7.96;23.16;13.03;29.27;16.46;171.42;91.75;220.19;116.12;88.76;14.71;20.91;32.47;24.35;False;False
P07-11-5;P07;NORMAL;CSCS;7.87;7.0;7.25;2.0;12.95;4.99;7.96;23.16;13.03;29.27;16.46;171.42;91.75;220.19;116.12;88.76;14.71;20.91;32.47;24.35;False;False
P08-1-1;P08;NORMAL;SCSC;7.88;7.0;7.25;2.0;12.95;4.97;7.98;23.14;13.02;29.33;16.5;171.32;91.69;220.65;116.35;88.76;14.68;20.95;32.47;24.35;False;False
P08-1-2;P08;NORMAL;SCCC;7.88;7.0;7.25;2.0;12.95;4.97;7.98;23.14;13.02;29.33;16.5;171.32;91.69;220.65;116.35;88.76;14.68;20.95;32.47;24.35;False;False
P08-1-3;P08;ANILLO;SCCC;7.88;9.0;7.25;2.0;12.95;8.16;4.79;37.99;21.37;29.12;16.38;292.8;150.96;218.96;115.51;88.76;24.1;16.18;32.47;24.35;False;False
P08-1-4;P08;NORMAL;SCCC;7.88;7.0;7.25;2.0;12.95;4.97;7.98;23.14;13.02;29.33;16.5;171.32;91.69;220.65;116.35;88.76;14.68;20.95;32.47;24.35;False;False
P08-1-5;P08;NORMAL;SCCS;7.88;7.0;7.25;2.0;12.95;4.97;7.98;23.14;13.02;29.33;16.5;171.32;91.69;220.65;116.35;88.76;14.68;20.95;32.47;24.35;False;False
P08-2-1;P08;NORMAL;CCSC;7.87;7.0;7.25;2.0;12.95;4.99;7.96;23.16;13.03;29.27;16.46;171.42;91.75;220.19;116.12;88.76;14.71;20.91;32.47;24.35;False;False
P08-2-2;P08;NORMAL;CCCC;7.87;7.0;7.25;2.0;12.95;4.99;7.96;23.16;13.03;29.27;16.46;171.42;91.75;220.19;116.12;88.76;14.71;20.91;32.47;24.35;False;False
P08-2-3;P08;ANILLO;CCCC;7.87;9.0;7.25;2.0;12.95;8.17;4.78;37.96;21.35;29.03;16.33;292.59;150.86;218.21;115.14;88.76;24.12;16.13;32.47;24.35;False;False
P08-2-4;P08;NORMAL;CCCC;7.87;7.0;7.25;2.0;12.95;4.99;7.96;23.16;13.03;29.27;16.46;171.42;91.75;220.19;116.12;88.76;14.71;20.91;32.47;24.35;False;False
P08-2-5;P08;NORMAL;CCCS;7.87;7.0;7.25;2.0;12.95;4.99;7.96;23.16;13.03;29.27;16.46;171.42;91.75;220.19;116.12;88.76;14.71;20.91;32.47;24.35;False;False
P08-3-1;P08;NORMAL;CCSC;7.88;7.0;7.25;2.0;12.95;4.97;7.98;23.14;13.02;29.33;16.5;171.32;91.69;220.65;116.35;88.76;14.68;20.95;32.47;24.35;False;False
P08-3-2;P08;NORMAL;CCCC;7.88;7.0;7.25;2.0;12.95;4.97;7.98;23.14;13.02;29.33;16.5;171.32;91.69;220.65;116.35;88.76;14.68;20.95;32.47;24.35;False;False
P08-3-3;P08;ANILLO;CCCC;7.88;9.0;7.25;2.0;12.95;8.16;4.79;37.99;21.37;29.12;16.38;292.8;150.96;218.96;115.51;88.76;24.1;16.18;32.47;24.35;False;False
P08-3-4;P08;NORMAL;CCCC;7.88;7.0;7.25;2.0;12.95;4.97;7.98;23.14;13.02;29.33;16.5;171.32;91.69;220.65;116.35;88.76;14.68;20.95;32.47;24.35;False;False
P08-3-5;P08;NORMAL;CCCS;7.88;7.0;7.25;2.0;12.95;4.97;7.98;23.14;13.02;29.33;16.5;171.32;91.69;220.65;116.35;88.76;14.68;20.95;32.47;24.35;False;False
P08-4-1;P08;NORMAL;CCSC;7.87;7.0;7.25;2.0;12.95;4.99;7.96;23.16;13.03;29.27;16.46;171.42;91.75;220.19;116.12;88.76;14.71;20.91;32.47;24.35;False;False
P08-4-2;P08;NORMAL;CCCC;7.87;7.0;7.25;2.0;12.95;4.99;7.96;23.16;13.03;29.27;16.46;171.42;91.75;220.19;116.12;88.76;14.71;20.91;32.47;24.35;False;False
P08-4-3;P08;NORMAL;CNCC;7.87;9.0;7.25;2.0;12.95;8.17;4.78;37.96;21.35;29.03;16.33;292.59;150.86;218.21;115.14;88.76;24.12;16.13;32.47;24.35;False;False
P08-4-4;P08;NORMAL;CCCC;7.87;7.0;7.25;2.0;12.95;4.99;7.96;23.16;13.03;29.27;16.46;171.42;91.75;220.19;116.12;88.76;14.71;20.91;32.47;24.35;False;False
P08-4-5;P08;NORMAL;CCCS;7.87;7.0;7.25;2.0;12.95;4.99;7.96;23.16;13.03;29.27;16.46;171.42;91.75;220.19;116.12;88.76;14.71;20.91;32.47;24.35;False;False
P08-5-1;P08;NORMAL;CCSC;7.0;7.0;7.25;2.0;12.95;6.47;6.47;23.8;13.39;23.8;13.39;176.44;94.29;176.44;94.29;88.76;17.0;17.0;32.47;24.35;False;False
P08-5-2;P08;NORMAL;CCCN;7.0;7.0;7.25;2.0;12.95;6.47;6.47;23.8;13.39;23.8;13.39;176.44;94.29;176.44;94.29;88.76;17.0;17.0;32.47;24.35;False;False
P08-5-3;P08;NUCLEO;NNNN;7.0;9.0;7.25;2.0;12.95;;;;;;;;;;;;;;;;;
P08-5-4;P08;NORMAL;CCNC;7.0;7.0;7.25;2.0;12.95;6.47;6.47;23.8;13.39;23.8;13.39;176.44;94.29;176.44;94.29;88.76;17.0;17.0;32.47;24.35;False;False
P08-5-5;P08;NORMAL;CCCS;7.0;7.0;7.25;2.0;12.95;6.47;6.47;23.8;13.39;23.8;13.39;176.44;94.29;176.44;94.29;88.76;17.0;17.0;32.47;24.35;False;False
P08-6-1;P08;NORMAL;CCSC;8.0;7.0;7.25;2.0;12.95;4.79;8.16;22.97;12.92;30.0;16.88;169.97;91.01;226.15;119.04;88.76;14.36;21.43;32.47;24.35;False;False
P08-6-2;P08;NORMAL;CCCP;8.0;7.0;7.25;2.0;12.95;4.79;8.16;22.97;12.92;30.0;16.88;169.97;91.01;226.15;119.04;88.76;14.36;21.43;32.47;24.35;False;False
P08-6-3;P08;VACIO;NNPP;8.0;9.0;7.25;2.0;12.95;;;;;;;;;;;;;;;;;
P08-6-4;P08;NORMAL;CCPC;8.0;7.0;7.25;2.0;12.95;4.79;8.16;22.97;12.92;30.0;16.88;169.97;91.01;226.15;119.04;88.76;14.36;21.43;32.47;24.35;False;False
P08-6-5;P08;NORMAL;CCCS;8.0;7.0;7.25;2.0;12.95;4.79;8.16;22.97;12.92;30.0;16.88;169.97;91.01;226.15;119.04;88.76;14.36;21.43;32.47;24.35;False;False
P08-7-1;P08;NORMAL;CCSC;7.0;7.0;7.25;2.0;12.95;6.47;6.47;23.8;13.39;23.8;13.39;176.44;94.29;176.44;94.29;88.76;17.0;17.0;32.47;24.35;False;False
P08-7-2;P08;NORMAL;CCCN;7.0;7.0;7.25;2.0;12.95;6.47;6.47;23.8;13.39;23.8;13.39;176.44;94.29;176.44;94.29;88.76;17.0;17.0;32.47;24.35;False;False
P08-7-3;P08;NUCLEO;NNNN;7.0;9.0;7.25;2.0;12.95;;;;;;;;;;;;;;;;;
P08-7-4;P08;NORMAL;CCNC;7.0;7.0;7.25;2.0;12.95;6.47;6.47;23.8;13.39;23.8;13.39;176.44;94.29;176.44;94.29;88.76;17.0;17.0;32.47;24.35;False;False
P08-7-5;P08;NORMAL;CCCS;7.0;7.0;7.25;2.0;12.95;6.47;6.47;23.8;13.39;23.8;13.39;176.44;94.29;176.44;94.29;88.76;17.0;17.0;32.47;24.35;False;False
P08-8-1;P08;NORMAL;CCSC;7.88;7.0;7.25;2.0;12.95;4.97;7.98;23.14;13.02;29.33;16.5;171.32;91.69;220.65;116.35;88.76;14.68;20.95;32.47;24.35;False;False
P08-8-2;P08;NORMAL;CCCC;7.88;7.0;7.25;2.0;12.95;4.97;7.98;23.14;13.02;29.33;16.5;171.32;91.69;220.65;116.35;88.76;14.68;20.95;32.47;24.35;False;False
P08-8-3;P08;NORMAL;NCCC;7.88;9.0;7.25;2.0;12.95;8.16;4.79;37.99;21.37;29.12;16.38;292.8;150.96;218.96;115.51;88.76;24.1;16.18;32.47;24.35;False;False
P08-8-4;P08;NORMAL;CCCC;7.88;7.0;7.25;2.0;12.95;4.97;7.98;23.14;13.02;29.33;16.5;171.32;91.69;220.65;116.35;88.76;14.68;20.95;32.47;24.35;False;False
P08-8-5;P08;NORMAL;CCCS;7.88;7.0;7.25;2.0;12.95;4.97;7.98;23.14;13.02;29.33;16.5;171.32;91.69;220.65;116.35;88.76;14.68;20.95;32.47;24.35;False;False
P08-9-1;P08;NORMAL;CCSC;7.87;7.0;7.25;2.0;12.95;4.99;7.96;23.16;13.03;29.27;16.46;171.42;91.75;220.19;116.12;88.76;14.71;20.91;32.47;24.35;False;False
P08-9-2;P08;NORMAL;CCCC;7.87;7.0;7.25;2.0;12.95;4.99;7.96;23.16;13.03;29.27;16.46;171.42;91.75;220.19;116.12;88.76;14.71;20.91;32.47;24.35;False;False
P08-9-3;P08;ANILLO;CCCC;7.87;9.0;7.25;2.0;12.95;8.17;4.78;37.96;21.35;29.03;16.33;292.59;150.86;218.21;115.14;88.76;24.12;16.13;32.47;24.35;False;False
P08-9-4;P08;NORMAL;CCCC;7.87;7.0;7.25;2.0;12.95;4.99;7.96;23.16;13.03;29.27;16.46;171.42;91.75;220.19;116.12;88.76;14.71;20.91;32.47;24.35;False;False
P08-9-5;P08;NORMAL;CCCS;7.87;7.0;7.25;2.0;12.95;4.99;7.96;23.16;13.03;29.27;16.46;171.42;91.75;220.19;116.12;88.76;14.71;20.91;32.47;24.35;False;False
P08-10-1;P08;NORMAL;CCSC;7.88;7.0;7.25;2.0;12.95;4.97;7.98;23.14;13.02;29.33;16.5;171.32;91.69;220.65;116.35;88.76;14.68;20.95;32.47;24.35;False;False
P08-10-2;P08;NORMAL;CCCC;7.88;7.0;7.25;2.0;12.95;4.97;7.98;23.14;13.02;29.33;16.5;171.32;91.69;220.65;116.35;88.76;14.68;20.95;32.47;24.35;False;False
P08-10-3;P08;ANILLO;CCCC;7.88;9.0;7.25;2.0;12.95;8.16;4.79;37.99;21.37;29.12;16.38;292.8;150.96;218.96;115.51;88.76;24.1;16.18;32.47;24.35;False;False
P08-10-4;P08;NORMAL;CCCC;7.88;7.0;7.25;2.0;12.95;4.97;7.98;23.14;13.02;29.33;16.5;171.32;91.69;220.65;116.35;88.76;14.68;20.95;32.47;24.35;False;False
P08-10-5;P08;NORMAL;CCCS;7.88;7.0;7.25;2.0;12.95;4.97;7.98;23.14;13.02;29.33;16.5;171.32;91.69;220.65;116.35;88.76;14.68;20.95;32.47;24.35;False;False
P08-11-1;P08;NORMAL;CSSC;7.87;7.0;7.25;2.0;12.95;4.99;7.96;23.16;13.03;29.27;16.46;171.42;91.75;220.19;116.12;88.76;14.71;20.91;32.47;24.35;False;False
P08-11-2;P08;NORMAL;CSCC;7.87;7.0;7.25;2.0;12.95;4.99;7.96;23.16;13.03;29.27;16.46;171.42;91.75;220.19;116.12;88.76;14.71;20.91;32.47;24.35;False;False
P08-11-3;P08;ANILLO;CSCC;7.87;9.0;7.25;2.0;12.95;8.17;4.78;37.96;21.35;29.03;16.33;292.59;150.86;218.21;115.14;88.76;24.12;16.13;32.47;24.35;False;False
P08-11-4;P08;NORMAL;CSCC;7.87;7.0;7.25;2.0;12.95;4.99;7.96;23.16;13.03;29.27;16.46;171.42;91.75;220.19;116.12;88.76;14.71;20.91;32.47;24.35;False;False
P08-11-5;P08;NORMAL;CSCS;7.87;7.0;7.25;2.0;12.95;4.99;7.96;23.16;13.03;29.27;16.46;171.42;91.75;220.19;116.12;88.76;14.71;20.91;32.47;24.35;False;False
P09-1-1;P09;NORMAL;SCSC;7.88;7.0;7.25;2.0;12.95;4.97;7.98;23.14;13.02;29.33;16.5;171.32;91.69;220.65;116.35;88.76;14.68;20.95;32.47;24.35;False;False
P09-1-2;P09;NORMAL;SCCC;7.88;7.0;7.25;2.0;12.95;4.97;7.98;23.14;13.02;29.33;16.5;171.32;91.69;220.65;116.35;88.76;14.68;20.95;32.47;24.35;False;False
P09-1-3;P09;ANILLO;SCCC;7.88;9.0;7.25;2.0;12.95;8.16;4.79;37.99;21.37;29.12;16.38;292.8;150.96;218.96;115.51;88.76;24.1;16.18;32.47;24.35;False;False
P09-1-4;P09;NORMAL;SCCC;7.88;7.0;7.25;2.0;12.95;4.97;7.98;23.14;13.02;29.33;16.5;171.32;91.69;220.65;116.35;88.76;14.68;20.95;32.47;24.35;False;False
P09-1-5;P09;NORMAL;SCCS;7.88;7.0;7.25;2.0;12.95;4.97;7.98;23.14;13.02;29.33;16.5;171.32;91.69;220.65;116.35;88.76;14.68;20.95;32.47;24.35;False;False
P09-2-1;P09;NORMAL;CCSC;7.87;7.0;7.25;2.0;12.95;4.99;7.96;23.16;13.03;29.27;16.46;171.42;91.75;220.19;116.12;88.76;14.71;20.91;32.47;24.35;False;False
P09-2-2;P09;NORMAL;CCCC;7.87;7.0;7.25;2.0;12.95;4.99;7.96;23.16;13.03;29.27;16.46;171.42;91.75;220.19;116.12;88.76;14.71;20.91;32.47;24.35;False;False
P09-2-3;P09;ANILLO;CCCC;7.87;9.0;7.25;2.0;12.95;8.17;4.78;37.96;21.35;29.03;16.33;292.59;150.86;218.21;115.14;88.76;24.12;16.13;32.47;24.35;False;False
P09-2-4;P09;NORMAL;CCCC;7.87;7.0;7.25;2.0;12.95;4.99;7.96;23.16;13.03;29.27;16.46;171.42;91.75;220.19;116.12;88.76;14.71;20.91;32.47;24.35;False;False
P09-2-5;P09;NORMAL;CCCS;7.87;7.0;7.25;2.0;12.95;4.99;7.96;23.16;13.03;29.27;16.46;171.42;91.75;220.19;116.12;88.76;14.71;20.91;32.47;24.35;False;False
P09-3-1;P09;NORMAL;CCSC;7.88;7.0;7.25;2.0;12.95;4.97;7.98;23.14;13.02;29.33;16.5;171.32;91.69;220.65;116.35;88.76;14.68;20.95;32.47;24.35;False;False
P09-3-2;P09;NORMAL;CCCC;7.88;7.0;7.25;2.0;12.95;4.97;7.98;23.14;13.02;29.33;16.5;171.32;91.69;220.65;116.35;88.76;14.68;20.95;32.47;24.35;False;False
P09-3-3;P09;ANILLO;CCCC;7.88;9.0;7.25;2.0;12.95;8.16;4.79;37.99;21.37;29.12;16.38;292.8;150.96;218.96;115.51;88.76;24.1;16.18;32.47;24.35;False;False
P09-3-4;P09;NORMAL;CCCC;7.88;7.0;7.25;2.0;12.95;4.97;7.98;23.14;13.02;29.33;16.5;171.32;91.69;220.65;116.35;88.76;14.68;20.95;32.47;24.35;False;False
P09-3-5;P09;NORMAL;CCCS;7.88;7.0;7.25;2.0;12.95;4.97;7.98;23.14;13.02;29.33;16.5;171.32;91.69;220.65;116.35;88.76;14.68;20.95;32.47;24.35;False;False
P09-4-1;P09;NORMAL;CCSC;7.87;7.0;7.25;2.0;12.95;4.99;7.96;23.16;13.03;29.27;16.46;171.42;91.75;220.19;116.12;88.76;14.71;20.91;32.47;24.35;False;False
P09-4-2;P09;NORMAL;CCCC;7.87;7.0;7.25;2.0;12.95;4.99;7.96;23.16;13.03;29.27;16.46;171.42;91.75;220.19;116.12;88.76;14.71;20.91;32.47;24.35;False;False
P09-4-3;P09;NORMAL;CNCC;7.87;9.0;7.25;2.0;12.95;8.17;4.78;37.96;21.35;29.03;16.33;292.59;150.86;218.21;115.14;88.76;24.12;16.13;32.47;24.35;False;False
P09-4-4;P09;NORMAL;CCCC;7.87;7.0;7.25;2.0;12.95;4.99;7.96;23.16;13.03;29.27;16.46;171.42;91.75;220.19;116.12;88.76;14.71;20.91;32.47;24.35;False;False
P09-4-5;P09;NORMAL;CCCS;7.87;7.0;7.25;2.0;12.95;4.99;7.96;23.16;13.03;29.27;16.46;171.42;91.75;220.19;116.12;88.76;14.71;20.91;32.47;24.35;False;False
P09-5-1;P09;NORMAL;CCSC;7.0;7.0;7.25;2.0;12.95;6.47;6.47;23.8;13.39;23.8;13.39;176.44;94.29;176.44;94.29;88.76;17.0;17.0;32.47;24.35;False;False
P09-5-2;P09;NORMAL;CCCN;7.0;7.0;7.25;2.0;12.95;6.47;6.47;23.8;13.39;23.8;13.39;176.44;94.29;176.44;94.29;88.76;17.0;17.0;32.47;24.35;False;False
P09-5-3;P09;NUCLEO;NNNN;7.0;9.0;7.25;2.0;12.95;;;;;;;;;;;;;;;;;
P09-5-4;P09;NORMAL;CCNC;7.0;7.0;7.25;2.0;12.95;6.47;6.47;23.8;13.39;23.8;13.39;176.44;94.29;176.44;94.29;88.76;17.0;17.0;32.47;24.35;False;False
P09-5-5;P09;NORMAL;CCCS;7.0;7.0;7.25;2.0;12.95;6.47;6.47;23.8;13.39;23.8;13.39;176.44;94.29;176.44;94.29;88.76;17.0;17.0;32.47;24.35;False;False
P09-6-1;P09;NORMAL;CCSC;8.0;7.0;7.25;2.0;12.95;4.79;8.16;22.97;12.92;30.0;16.88;169.97;91.01;226.15;119.04;88.76;14.36;21.43;32.47;24.35;False;False
P09-6-2;P09;NORMAL;CCCP;8.0;7.0;7.25;2.0;12.95;4.79;8.16;22.97;12.92;30.0;16.88;169.97;91.01;226.15;119.04;88.76;14.36;21.43;32.47;24.35;False;False
P09-6-3;P09;VACIO;NNPP;8.0;9.0;7.25;2.0;12.95;;;;;;;;;;;;;;;;;
P09-6-4;P09;NORMAL;CCPC;8.0;7.0;7.25;2.0;12.95;4.79;8.16;22.97;12.92;30.0;16.88;169.97;91.01;226.15;119.04;88.76;14.36;21.43;32.47;24.35;False;False
P09-6-5;P09;NORMAL;CCCS;8.0;7.0;7.25;2.0;12.95;4.79;8.16;22.97;12.92;30.0;16.88;169.97;91.01;226.15;119.04;88.76;14.36;21.43;32.47;24.35;False;False
P09-7-1;P09;NORMAL;CCSC;7.0;7.0;7.25;2.0;12.95;6.47;6.47;23.8;13.39;23.8;13.39;176.44;94.29;176.44;94.29;88.76;17.0;17.0;32.47;24.35;False;False
P09-7-2;P09;NORMAL;CCCN;7.0;7.0;7.25;2.0;12.95;6.47;6.47;23.8;13.39;23.8;13.39;176.44;94.29;176.44;94.29;88.76;17.0;17.0;32.47;24.35;False;False
P09-7-3;P09;NUCLEO;NNNN;7.0;9.0;7.25;2.0;12.95;;;;;;;;;;;;;;;;;
P09-7-4;P09;NORMAL;CCNC;7.0;7.0;7.25;2.0;12.95;6.47;6.47;23.8;13.39;23.8;13.39;176.44;94.29;176.44;94.29;88.76;17.0;17.0;32.47;24.35;False;False
P09-7-5;P09;NORMAL;CCCS;7.0;7.0;7.25;2.0;12.95;6.47;6.47;23.8;13.39;23.8;13.39;176.44;94.29;176.44;94.29;88.76;17.0;17.0;32.47;24.35;False;False
P09-8-1;P09;NORMAL;CCSC;7.88;7.0;7.25;2.0;12.95;4.97;7.98;23.14;13.02;29.33;16.5;171.32;91.69;220.65;116.35;88.76;14.68;20.95;32.47;24.35;False;False
P09-8-2;P09;NORMAL;CCCC;7.88;7.0;7.25;2.0;12.95;4.97;7.98;23.14;13.02;29.33;16.5;171.32;91.69;220.65;116.35;88.76;14.68;20.95;32.47;24.35;False;False
P09-8-3;P09;NORMAL;NCCC;7.88;9.0;7.25;2.0;12.95;8.16;4.79;37.99;21.37;29.12;16.38;292.8;150.96;218.96;115.51;88.76;24.1;16.18;32.47;24.35;False;False
P09-8-4;P09;NORMAL;CCCC;7.88;7.0;7.25;2.0;12.95;4.97;7.98;23.14;13.02;29.33;16.5;171.32;91.69;220.65;116.35;88.76;14.68;20.95;32.47;24.35;False;False
P09-8-5;P09;NORMAL;CCCS;7.88;7.0;7.25;2.0;12.95;4.97;7.98;23.14;13.02;29.33;16.5;171.32;91.69;220.65;116.35;88.76;14.68;20.95;32.47;24.35;False;False
P09-9-1;P09;NORMAL;CCSC;7.87;7.0;7.25;2.0;12.95;4.99;7.96;23.16;13.03;29.27;16.46;171.42;91.75;220.19;116.12;88.76;14.71;20.91;32.47;24.35;False;False
P09-9-2;P09;NORMAL;CCCC;7.87;7.0;7.25;2.0;12.95;4.99;7.96;23.16;13.03;29.27;16.46;171.42;91.75;220.19;116.12;88.76;14.71;20.91;32.47;24.35;False;False
P09-9-3;P09;ANILLO;CCCC;7.87;9.0;7.25;2.0;12.95;8.17;4.78;37.96;21.35;29.03;16.33;292.59;150.86;218.21;115.14;88.76;24.12;16.13;32.47;24.35;False;False
P09-9-4;P09;NORMAL;CCCC;7.87;7.0;7.25;2.0;12.95;4.99;7.96;23.16;13.03;29.27;16.46;171.42;91.75;220.19;116.12;88.76;14.71;20.91;32.47;24.35;False;False
P09-9-5;P09;NORMAL;CCCS;7.87;7.0;7.25;2.0;12.95;4.99;7.96;23.16;13.03;29.27;16.46;171.42;91.75;220.19;116.12;88.76;14.71;20.91;32.47;24.35;False;False
P09-10-1;P09;NORMAL;CCSC;7.88;7.0;7.25;2.0;12.95;4.97;7.98;23.14;13.02;29.33;16.5;171.32;91.69;220.65;116.35;88.76;14.68;20.95;32.47;24.35;False;False
P09-10-2;P09;NORMAL;CCCC;7.88;7.0;7.25;2.0;12.95;4.97;7.98;23.14;13.02;29.33;16.5;171.32;91.69;220.65;116.35;88.76;14.68;20.95;32.47;24.35;False;False
P09-10-3;P09;ANILLO;CCCC;7.88;9.0;7.25;2.0;12.95;8.16;4.79;37.99;21.37;29.12;16.38;292.8;150.96;218.96;115.51;88.76;24.1;16.18;32.47;24.35;False;False
P09-10-4;P09;NORMAL;CCCC;7.88;7.0;7.25;2.0;12.95;4.97;7.98;23.14;13.02;29.33;16.5;171.32;91.69;220.65;116.35;88.76;14.68;20.95;32.47;24.35;False;False
P09-10-5;P09;NORMAL;CCCS;7.88;7.0;7.25;2.0;12.95;4.97;7.98;23.14;13.02;29.33;16.5;171.32;91.69;220.65;116.35;88.76;14.68;20.95;32.47;24.35;False;False
P09-11-1;P09;NORMAL;CSSC;7.87;7.0;7.25;2.0;12.95;4.99;7.96;23.16;13.03;29.27;16.46;171.42;91.75;220.19;116.12;88.76;14.71;20.91;32.47;24.35;False;False
P09-11-2;P09;NORMAL;CSCC;7.87;7.0;7.25;2.0;12.95;4.99;7.96;23.16;13.03;29.27;16.46;171.42;91.75;220.19;116.12;88.76;14.71;20.91;32.47;24.35;False;False
P09-11-3;P09;ANILLO;CSCC;7.87;9.0;7.25;2.0;12.95;8.17;4.78;37.96;21.35;29.03;16.33;292.59;150.86;218.21;115.14;88.76;24.12;16.13;32.47;24.35;False;False
P09-11-4;P09;NORMAL;CSCC;7.87;7.0;7.25;2.0;12.95;4.99;7.96;23.16;13.03;29.27;16.46;171.42;91.75;220.19;116.12;88.76;14.71;20.91;32.47;24.35;False;False
P09-11-5;P09;NORMAL;CSCS;7.87;7.0;7.25;2.0;12.95;4.99;7.96;23.16;13.03;29.27;16.46;171.42;91.75;220.19;116.12;88.76;14.71;20.91;32.47;24.35;False;False
P10-1-1;P10;NORMAL;SCSC;7.88;7.0;7.25;2.0;12.95;4.97;7.98;23.14;13.02;29.33;16.5;171.32;91.69;220.65;116.35;88.76;14.68;20.95;32.47;24.35;False;False
P10-1-2;P10;NORMAL;SCCC;7.88;7.0;7.25;2.0;12.95;4.97;7.98;23.14;13.02;29.33;16.5;171.32;91.69;220.65;116.35;88.76;14.68;20.95;32.47;24.35;False;False
P10-1-3;P10;ANILLO;SCCC;7.88;9.0;7.25;2.0;12.95;8.16;4.79;37.99;21.37;29.12;16.38;292.8;150.96;218.96;115.51;88.76;24.1;16.18;32.47;24.35;False;False
P10-1-4;P10;NORMAL;SCCC;7.88;7.0;7.25;2.0;12.95;4.97;7.98;23.14;13.02;29.33;16.5;171.32;91.69;220.65;116.35;88.76;14.68;20.95;32.47;24.35;False;False
P10-1-5;P10;NORMAL;SCCS;7.88;7.0;7.25;2.0;12.95;4.97;7.98;23.14;13.02;29.33;16.5;171.32;91.69;220.65;116.35;88.76;14.68;20.95;32.47;24.35;False;False
P10-2-1;P10;NORMAL;CCSC;7.87;7.0;7.25;2.0;12.95;4.99;7.96;23.16;13.03;29.27;16.46;171.42;91.75;220.19;116.12;88.76;14.71;20.91;32.47;24.35;False;False
P10-2-2;P10;NORMAL;CCCC;7.87;7.0;7.25;2.0;12.95;4.99;7.96;23.16;13.03;29.27;16.46;171.42;91.75;220.19;116.12;88.76;14.71;20.91;32.47;24.35;False;False
P10-2-3;P10;ANILLO;CCCC;7.87;9.0;7.25;2.0;12.95;8.17;4.78;37.96;21.35;29.03;16.33;292.59;150.86;218.21;115.14;88.76;24.12;16.13;32.47;24.35;False;False
P10-2-4;P10;NORMAL;CCCC;7.87;7.0;7.25;2.0;12.95;4.99;7.96;23.16;13.03;29.27;16.46;171.42;91.75;220.19;116.12;88.76;14.71;20.91;32.47;24.35;False;False
P10-2-5;P10;NORMAL;CCCS;7.87;7.0;7.25;2.0;12.95;4.99;7.96;23.16;13.03;29.27;16.46;171.42;91.75;220.19;116.12;88.76;14.71;20.91;32.47;24.35;False;False
P10-3-1;P10;NORMAL;CCSC;7.88;7.0;7.25;2.0;12.95;4.97;7.98;23.14;13.02;29.33;16.5;171.32;91.69;220.65;116.35;88.76;14.68;20.95;32.47;24.35;False;False
P10-3-2;P10;NORMAL;CCCC;7.88;7.0;7.25;2.0;12.95;4.97;7.98;23.14;13.02;29.33;16.5;171.32;91.69;220.65;116.35;88.76;14.68;20.95;32.47;24.35;False;False
P10-3-3;P10;ANILLO;CCCC;7.88;9.0;7.25;2.0;12.95;8.16;4.79;37.99;21.37;29.12;16.38;292.8;150.96;218.96;115.51;88.76;24.1;16.18;32.47;24.35;False;False
P10-3-4;P10;NORMAL;CCCC;7.88;7.0;7.25;2.0;12.95;4.97;7.98;23.14;13.02;29.33;16.5;171.32;91.69;220.65;116.35;88.76;14.68;20.95;32.47;24.35;False;False
P10-3-5;P10;NORMAL;CCCS;7.88;7.0;7.25;2.0;12.95;4.97;7.98;23.14;13.02;29.33;16.5;171.32;91.69;220.65;116.35;88.76;14.68;20.95;32.47;24.35;False;False
P10-4-1;P10;NORMAL;CCSC;7.87;7.0;7.25;2.0;12.95;4.99;7.96;23.16;13.03;29.27;16.46;171.42;91.75;220.19;116.12;88.76;14.71;20.91;32.47;24.35;False;False
P10-4-2;P10;NORMAL;CCCC;7.87;7.0;7.25;2.0;12.95;4.99;7.96;23.16;13.03;29.27;16.46;171.42;91.75;220.19;116.12;88.76;14.71;20.91;32.47;24.35;False;False
P10-4-3;P10;NORMAL;CNCC;7.87;9.0;7.25;2.0;12.95;8.17;4.78;37.96;21.35;29.03;16.33;292.59;150.86;218.21;115.14;88.76;24.12;16.13;32.47;24.35;False;False
P10-4-4;P10;NORMAL;CCCC;7.87;7.0;7.25;2.0;12.95;4.99;7.96;23.16;13.03;29.27;16.46;171.42;91.75;220.19;116.12;88.76;14.71;20.91;32.47;24.35;False;False
P10-4-5;P10;NORMAL;CCCS;7.87;7.0;7.25;2.0;12.95;4.99;7.96;23.16;13.03;29.27;16.46;171.42;91.75;220.19;116.12;88.76;14.71;20.91;32.47;24.35;False;False
P10-5-1;P10;NORMAL;CCSC;7.0;7.0;7.25;2.0;12.95;6.47;6.47;23.8;13.39;23.8;13.39;176.44;94.29;176.44;94.29;88.76;17.0;17.0;32.47;24.35;False;False
P10-5-2;P10;NORMAL;CCCN;7.0;7.0;7.25;2.0;12.95;6.47;6.47;23.8;13.39;23.8;13.39;176.44;94.29;176.44;94.29;88.76;17.0;17.0;32.47;24.35;False;False
P10-5-3;P10;NUCLEO;NNNN;7.0;9.0;7.25;2.0;12.95;;;;;;;;;;;;;;;;;
P10-5-4;P10;NORMAL;CCNC;7.0;7.0;7.25;2.0;12.95;6.47;6.47;23.8;13.39;23.8;13.39;176.44;94.29;176.44;94.29;88.76;17.0;17.0;32.47;24.35;False;False
P10-5-5;P10;NORMAL;CCCS;7.0;7.0;7.25;2.0;12.95;6.47;6.47;23.8;13.39;23.8;13.39;176.44;94.29;176.44;94.29;88.76;17.0;17.0;32.47;24.35;False;False
P10-6-1;P10;NORMAL;CCSC;8.0;7.0;7.25;2.0;12.95;4.79;8.16;22.97;12.92;30.0;16.88;169.97;91.01;226.15;119.04;88.76;14.36;21.43;32.47;24.35;False;False
P10-6-2;P10;NORMAL;CCCP;8.0;7.0;7.25;2.0;12.95;4.79;8.16;22.97;12.92;30.0;16.88;169.97;91.01;226.15;119.04;88.76;14.36;21.43;32.47;24.35;False;False
P10-6-3;P10;VACIO;NNPP;8.0;9.0;7.25;2.0;12.95;;;;;;;;;;;;;;;;;
P10-6-4;P10;NORMAL;CCPC;8.0;7.0;7.25;2.0;12.95;4.79;8.16;22.97;12.92;30.0;16.88;169.97;91.01;226.15;119.04;88.76;14.36;21.43;32.47;24.35;False;False
P10-6-5;P10;NORMAL;CCCS;8.0;7.0;7.25;2.0;12.95;4.79;8.16;22.97;12.92;30.0;16.88;169.97;91.01;226.15;119.04;88.76;14.36;21.43;32.47;24.35;False;False
P10-7-1;P10;NORMAL;CCSC;7.0;7.0;7.25;2.0;12.95;6.47;6.47;23.8;13.39;23.8;13.39;176.44;94.29;176.44;94.29;88.76;17.0;17.0;32.47;24.35;False;False
P10-7-2;P10;NORMAL;CCCN;7.0;7.0;7.25;2.0;12.95;6.47;6.47;23.8;13.39;23.8;13.39;176.44;94.29;176.44;94.29;88.76;17.0;17.0;32.47;24.35;False;False
P10-7-3;P10;NUCLEO;NNNN;7.0;9.0;7.25;2.0;12.95;;;;;;;;;;;;;;;;;
P10-7-4;P10;NORMAL;CCNC;7.0;7.0;7.25;2.0;12.95;6.47;6.47;23.8;13.39;23.8;13.39;176.44;94.29;176.44;94.29;88.76;17.0;17.0;32.47;24.35;False;False
P10-7-5;P10;NORMAL;CCCS;7.0;7.0;7.25;2.0;12.95;6.47;6.47;23.8;13.39;23.8;13.39;176.44;94.29;176.44;94.29;88.76;17.0;17.0;32.47;24.35;False;False
P10-8-1;P10;NORMAL;CCSC;7.88;7.0;7.25;2.0;12.95;4.97;7.98;23.14;13.02;29.33;16.5;171.32;91.69;220.65;116.35;88.76;14.68;20.95;32.47;24.35;False;False
P10-8-2;P10;NORMAL;CCCC;7.88;7.0;7.25;2.0;12.95;4.97;7.98;23.14;13.02;29.33;16.5;171.32;91.69;220.65;116.35;88.76;14.68;20.95;32.47;24.35;False;False
P10-8-3;P10;NORMAL;NCCC;7.88;9.0;7.25;2.0;12.95;8.16;4.79;37.99;21.37;29.12;16.38;292.8;150.96;218.96;115.51;88.76;24.1;16.18;32.47;24.35;False;False
P10-8-4;P10;NORMAL;CCCC;7.88;7.0;7.25;2.0;12.95;4.97;7.98;23.14;13.02;29.33;16.5;171.32;91.69;220.65;116.35;88.76;14.68;20.95;32.47;24.35;False;False
P10-8-5;P10;NORMAL;CCCS;7.88;7.0;7.25;2.0;12.95;4.97;7.98;23.14;13.02;29.33;16.5;171.32;91.69;220.65;116.35;88.76;14.68;20.95;32.47;24.35;False;False
P10-9-1;P10;NORMAL;CCSC;7.87;7.0;7.25;2.0;12.95;4.99;7.96;23.16;13.03;29.27;16.46;171.42;91.75;220.19;116.12;88.76;14.71;20.91;32.47;24.35;False;False
P10-9-2;P10;NORMAL;CCCC;7.87;7.0;7.25;2.0;12.95;4.99;7.96;23.16;13.03;29.27;16.46;171.42;91.75;220.19;116.12;88.76;14.71;20.91;32.47;24.35;False;False
P10-9-3;P10;ANILLO;CCCC;7.87;9.0;7.25;2.0;12.95;8.17;4.78;37.96;21.35;29.03;16.33;292.59;150.86;218.21;115.14;88.76;24.12;16.13;32.47;24.35;False;False
P10-9-4;P10;NORMAL;CCCC;7.87;7.0;7.25;2.0;12.95;4.99;7.96;23.16;13.03;29.27;16.46;171.42;91.75;220.19;116.12;88.76;14.71;20.91;32.47;24.35;False;False
P10-9-5;P10;NORMAL;CCCS;7.87;7.0;7.25;2.0;12.95;4.99;7.96;23.16;13.03;29.27;16.46;171.42;91.75;220.19;116.12;88.76;14.71;20.91;32.47;24.35;False;False
P10-10-1;P10;NORMAL;CCSC;7.88;7.0;7.25;2.0;12.95;4.97;7.98;23.14;13.02;29.33;16.5;171.32;91.69;220.65;116.35;88.76;14.68;20.95;32.47;24.35;False;False
P10-10-2;P10;NORMAL;CCCC;7.88;7.0;7.25;2.0;12.95;4.97;7.98;23.14;13.02;29.33;16.5;171.32;91.69;220.65;116.35;88.76;14.68;20.95;32.47;24.35;False;False
P10-10-3;P10;ANILLO;CCCC;7.88;9.0;7.25;2.0;12.95;8.16;4.79;37.99;21.37;29.12;16.38;292.8;150.96;218.96;115.51;88.76;24.1;16.18;32.47;24.35;False;False
P10-10-4;P10;NORMAL;CCCC;7.88;7.0;7.25;2.0;12.95;4.97;7.98;23.14;13.02;29.33;16.5;171.32;91.69;220.65;116.35;88.76;14.68;20.95;32.47;24.35;False;False
P10-10-5;P10;NORMAL;CCCS;7.88;7.0;7.25;2.0;12.95;4.97;7.98;23.14;13.02;29.33;16.5;171.32;91.69;220.65;116.35;88.76;14.68;20.95;32.47;24.35;False;False
P10-11-1;P10;NORMAL;CSSC;7.87;7.0;7.25;2.0;12.95;4.99;7.96;23.16;13.03;29.27;16.46;171.42;91.75;220.19;116.12;88.76;14.71;20.91;32.47;24.35;False;False
P10-11-2;P10;NORMAL;CSCC;7.87;7.0;7.25;2.0;12.95;4.99;7.96;23.16;13.03;29.27;16.46;171.42;91.75;220.19;116.12;88.76;14.71;20.91;32.47;24.35;False;False
P10-11-3;P10;ANILLO;CSCC;7.87;9.0;7.25;2.0;12.95;8.17;4.78;37.96;21.35;29.03;16.33;292.59;150.86;218.21;115.14;88.76;24.12;16.13;32.47;24.35;False;False
P10-11-4;P10;NORMAL;CSCC;7.87;7.0;7.25;2.0;12.95;4.99;7.96;23.16;13.03;29.27;16.46;171.42;91.75;220.19;116.12;88.76;14.71;20.91;32.47;24.35;False;False
P10-11-5;P10;NORMAL;CSCS;7.87;7.0;7.25;2.0;12.95;4.99;7.96;23.16;13.03;29.27;16.46;171.42;91.75;220.19;116.12;88.76;14.71;20.91;32.47;24.35;False;False
P11-1-1;P11;NORMAL;SCSC;7.88;7.0;7.25;2.0;12.95;4.97;7.98;23.14;13.02;29.33;16.5;171.32;91.69;220.65;116.35;88.76;14.68;20.95;32.47;24.35;False;False
P11-1-2;P11;NORMAL;SCCC;7.88;7.0;7.25;2.0;12.95;4.97;7.98;23.14;13.02;29.33;16.5;171.32;91.69;220.65;116.35;88.76;14.68;20.95;32.47;24.35;False;False
P11-1-3;P11;ANILLO;SCCC;7.88;9.0;7.25;2.0;12.95;8.16;4.79;37.99;21.37;29.12;16.38;292.8;150.96;218.96;115.51;88.76;24.1;16.18;32.47;24.35;False;False
P11-1-4;P11;NORMAL;SCCC;7.88;7.0;7.25;2.0;12.95;4.97;7.98;23.14;13.02;29.33;16.5;171.32;91.69;220.65;116.35;88.76;14.68;20.95;32.47;24.35;False;False
P11-1-5;P11;NORMAL;SCCS;7.88;7.0;7.25;2.0;12.95;4.97;7.98;23.14;13.02;29.33;16.5;171.32;91.69;220.65;116.35;88.76;14.68;20.95;32.47;24.35;False;False
P11-2-1;P11;NORMAL;CCSC;7.87;7.0;7.25;2.0;12.95;4.99;7.96;23.16;13.03;29.27;16.46;171.42;91.75;220.19;116.12;88.76;14.71;20.91;32.47;24.35;False;False
P11-2-2;P11;NORMAL;CCCC;7.87;7.0;7.25;2.0;12.95;4.99;7.96;23.16;13.03;29.27;16.46;171.42;91.75;220.19;116.12;88.76;14.71;20.91;32.47;24.35;False;False
P11-2-3;P11;ANILLO;CCCC;7.87;9.0;7.25;2.0;12.95;8.17;4.78;37.96;21.35;29.03;16.33;292.59;150.86;218.21;115.14;88.76;24.12;16.13;32.47;24.35;False;False
P11-2-4;P11;NORMAL;CCCC;7.87;7.0;7.25;2.0;12.95;4.99;7.96;23.16;13.03;29.27;16.46;171.42;91.75;220.19;116.12;88.76;14.71;20.91;32.47;24.35;False;False
P11-2-5;P11;NORMAL;CCCS;7.87;7.0;7.25;2.0;12.95;4.99;7.96;23.16;13.03;29.27;16.46;171.42;91.75;220.19;116.12;88.76;14.71;20.91;32.47;24.35;False;False
P11-3-1;P11;NORMAL;CCSC;7.88;7.0;7.25;2.0;12.95;4.97;7.98;23.14;13.02;29.33;16.5;171.32;91.69;220.65;116.35;88.76;14.68;20.95;32.47;24.35;False;False
P11-3-2;P11;NORMAL;CCCC;7.88;7.0;7.25;2.0;12.95;4.97;7.98;23.14;13.02;29.33;16.5;171.32;91.69;220.65;116.35;88.76;14.68;20.95;32.47;24.35;False;False
P11-3-3;P11;ANILLO;CCCC;7.88;9.0;7.25;2.0;12.95;8.16;4.79;37.99;21.37;29.12;16.38;292.8;150.96;218.96;115.51;88.76;24.1;16.18;32.47;24.35;False;False
P11-3-4;P11;NORMAL;CCCC;7.88;7.0;7.25;2.0;12.95;4.97;7.98;23.14;13.02;29.33;16.5;171.32;91.69;220.65;116.35;88.76;14.68;20.95;32.47;24.35;False;False
P11-3-5;P11;NORMAL;CCCS;7.88;7.0;7.25;2.0;12.95;4.97;7.98;23.14;13.02;29.33;16.5;171.32;91.69;220.65;116.35;88.76;14.68;20.95;32.47;24.35;False;False
P11-4-1;P11;NORMAL;CCSC;7.87;7.0;7.25;2.0;12.95;4.99;7.96;23.16;13.03;29.27;16.46;171.42;91.75;220.19;116.12;88.76;14.71;20.91;32.47;24.35;False;False
P11-4-2;P11;NORMAL;CCCC;7.87;7.0;7.25;2.0;12.95;4.99;7.96;23.16;13.03;29.27;16.46;171.42;91.75;220.19;116.12;88.76;14.71;20.91;32.47;24.35;False;False
P11-4-3;P11;NORMAL;CNCC;7.87;9.0;7.25;2.0;12.95;8.17;4.78;37.96;21.35;29.03;16.33;292.59;150.86;218.21;115.14;88.76;24.12;16.13;32.47;24.35;False;False
P11-4-4;P11;NORMAL;CCCC;7.87;7.0;7.25;2.0;12.95;4.99;7.96;23.16;13.03;29.27;16.46;171.42;91.75;220.19;116.12;88.76;14.71;20.91;32.47;24.35;False;False
P11-4-5;P11;NORMAL;CCCS;7.87;7.0;7.25;2.0;12.95;4.99;7.96;23.16;13.03;29.27;16.46;171.42;91.75;220.19;116.12;88.76;14.71;20.91;32.47;24.35;False;False
P11-5-1;P11;NORMAL;CCSC;7.0;7.0;7.25;2.0;12.95;6.47;6.47;23.8;13.39;23.8;13.39;176.44;94.29;176.44;94.29;88.76;17.0;17.0;32.47;24.35;False;False
P11-5-2;P11;NORMAL;CCCN;7.0;7.0;7.25;2.0;12.95;6.47;6.47;23.8;13.39;23.8;13.39;176.44;94.29;176.44;94.29;88.76;17.0;17.0;32.47;24.35;False;False
P11-5-3;P11;NUCLEO;NNNN;7.0;9.0;7.25;2.0;12.95;;;;;;;;;;;;;;;;;
P11-5-4;P11;NORMAL;CCNC;7.0;7.0;7.25;2.0;12.95;6.47;6.47;23.8;13.39;23.8;13.39;176.44;94.29;176.44;94.29;88.76;17.0;17.0;32.47;24.35;False;False
P11-5-5;P11;NORMAL;CCCS;7.0;7.0;7.25;2.0;12.95;6.47;6.47;23.8;13.39;23.8;13.39;176.44;94.29;176.44;94.29;88.76;17.0;17.0;32.47;24.35;False;False
P11-6-1;P11;NORMAL;CCSC;8.0;7.0;7.25;2.0;12.95;4.79;8.16;22.97;12.92;30.0;16.88;169.97;91.01;226.15;119.04;88.76;14.36;21.43;32.47;24.35;False;False
P11-6-2;P11;NORMAL;CCCP;8.0;7.0;7.25;2.0;12.95;4.79;8.16;22.97;12.92;30.0;16.88;169.97;91.01;226.15;119.04;88.76;14.36;21.43;32.47;24.35;False;False
P11-6-3;P11;VACIO;NNPP;8.0;9.0;7.25;2.0;12.95;;;;;;;;;;;;;;;;;
P11-6-4;P11;NORMAL;CCPC;8.0;7.0;7.25;2.0;12.95;4.79;8.16;22.97;12.92;30.0;16.88;169.97;91.01;226.15;119.04;88.76;14.36;21.43;32.47;24.35;False;False
P11-6-5;P11;NORMAL;CCCS;8.0;7.0;7.25;2.0;12.95;4.79;8.16;22.97;12.92;30.0;16.88;169.97;91.01;226.15;119.04;88.76;14.36;21.43;32.47;24.35;False;False
P11-7-1;P11;NORMAL;CCSC;7.0;7.0;7.25;2.0;12.95;6.47;6.47;23.8;13.39;23.8;13.39;176.44;94.29;176.44;94.29;88.76;17.0;17.0;32.47;24.35;False;False
P11-7-2;P11;NORMAL;CCCN;7.0;7.0;7.25;2.0;12.95;6.47;6.47;23.8;13.39;23.8;13.39;176.44;94.29;176.44;94.29;88.76;17.0;17.0;32.47;24.35;False;False
P11-7-3;P11;NUCLEO;NNNN;7.0;9.0;7.25;2.0;12.95;;;;;;;;;;;;;;;;;
P11-7-4;P11;NORMAL;CCNC;7.0;7.0;7.25;2.0;12.95;6.47;6.47;23.8;13.39;23.8;13.39;176.44;94.29;176.44;94.29;88.76;17.0;17.0;32.47;24.35;False;False
P11-7-5;P11;NORMAL;CCCS;7.0;7.0;7.25;2.0;12.95;6.47;6.47;23.8;13.39;23.8;13.39;176.44;94.29;176.44;94.29;88.76;17.0;17.0;32.47;24.35;False;False
P11-8-1;P11;NORMAL;CCSC;7.88;7.0;7.25;2.0;12.95;4.97;7.98;23.14;13.02;29.33;16.5;171.32;91.69;220.65;116.35;88.76;14.68;20.95;32.47;24.35;False;False
P11-8-2;P11;NORMAL;CCCC;7.88;7.0;7.25;2.0;12.95;4.97;7.98;23.14;13.02;29.33;16.5;171.32;91.69;220.65;116.35;88.76;14.68;20.95;32.47;24.35;False;False
P11-8-3;P11;NORMAL;NCCC;7.88;9.0;7.25;2.0;12.95;8.16;4.79;37.99;21.37;29.12;16.38;292.8;150.96;218.96;115.51;88.76;24.1;16.18;32.47;24.35;False;False
P11-8-4;P11;NORMAL;CCCC;7.88;7.0;7.25;2.0;12.95;4.97;7.98;23.14;13.02;29.33;16.5;171.32;91.69;220.65;116.35;88.76;14.68;20.95;32.47;24.35;False;False
P11-8-5;P11;NORMAL;CCCS;7.88;7.0;7.25;2.0;12.95;4.97;7.98;23.14;13.02;29.33;16.5;171.32;91.69;220.65;116.35;88.76;14.68;20.95;32.47;24.35;False;False
P11-9-1;P11;NORMAL;CCSC;7.87;7.0;7.25;2.0;12.95;4.99;7.96;23.16;13.03;29.27;16.46;171.42;91.75;220.19;116.12;88.76;14.71;20.91;32.47;24.35;False;False
P11-9-2;P11;NORMAL;CCCC;7.87;7.0;7.25;2.0;12.95;4.99;7.96;23.16;13.03;29.27;16.46;171.42;91.75;220.19;116.12;88.76;14.71;20.91;32.47;24.35;False;False
P11-9-3;P11;ANILLO;CCCC;7.87;9.0;7.25;2.0;12.95;8.17;4.78;37.96;21.35;29.03;16.33;292.59;150.86;218.21;115.14;88.76;24.12;16.13;32.47;24.35;False;False
P11-9-4;P11;NORMAL;CCCC;7.87;7.0;7.25;2.0;12.95;4.99;7.96;23.16;13.03;29.27;16.46;171.42;91.75;220.19;116.12;88.76;14.71;20.91;32.47;24.35;False;False
P11-9-5;P11;NORMAL;CCCS;7.87;7.0;7.25;2.0;12.95;4.99;7.96;23.16;13.03;29.27;16.46;171.42;91.75;220.19;116.12;88.76;14.71;20.91;32.47;24.35;False;False
P11-10-1;P11;NORMAL;CCSC;7.88;7.0;7.25;2.0;12.95;4.97;7.98;23.14;13.02;29.33;16.5;171.32;91.69;220.65;116.35;88.76;14.68;20.95;32.47;24.35;False;False
P11-10-2;P11;NORMAL;CCCC;7.88;7.0;7.25;2.0;12.95;4.97;7.98;23.14;13.02;29.33;16.5;171.32;91.69;220.65;116.35;88.76;14.68;20.95;32.47;24.35;False;False
P11-10-3;P11;ANILLO;CCCC;7.88;9.0;7.25;2.0;12.95;8.16;4.79;37.99;21.37;29.12;16.38;292.8;150.96;218.96;115.51;88.76;24.1;16.18;32.47;24.35;False;False
P11-10-4;P11;NORMAL;CCCC;7.88;7.0;7.25;2.0;12.95;4.97;7.98;23.14;13.02;29.33;16.5;171.32;91.69;220.65;116.35;88.76;14.68;20.95;32.47;24.35;False;False
P11-10-5;P11;NORMAL;CCCS;7.88;7.0;7.25;2.0;12.95;4.97;7.98;23.14;13.02;29.33;16.5;171.32;91.69;220.65;116.35;88.76;14.68;20.95;32.47;24.35;False;False
P11-11-1;P11;NORMAL;CSSC;7.87;7.0;7.25;2.0;12.95;4.99;7.96;23.16;13.03;29.27;16.46;171.42;91.75;220.19;116.12;88.76;14.71;20.91;32.47;24.35;False;False
P11-11-2;P11;NORMAL;CSCC;7.87;7.0;7.25;2.0;12.95;4.99;7.96;23.16;13.03;29.27;16.46;171.42;91.75;220.19;116.12;88.76;14.71;20.91;32.47;24.35;False;False
P11-11-3;P11;ANILLO;CSCC;7.87;9.0;7.25;2.0;12.95;8.17;4.78;37.96;21.35;29.03;16.33;292.59;150.86;218.21;115.14;88.76;24.12;16.13;32.47;24.35;False;False
P11-11-4;P11;NORMAL;CSCC;7.87;7.0;7.25;2.0;12.95;4.99;7.96;23.16;13.03;29.27;16.46;171.42;91.75;220.19;116.12;88.76;14.71;20.91;32.47;24.35;False;False
P11-11-5;P11;NORMAL;CSCS;7.87;7.0;7.25;2.0;12.95;4.99;7.96;23.16;13.03;29.27;16.46;171.42;91.75;220.19;116.12;88.76;14.71;20.91;32.47;24.35;False;False
P12-1-1;P12;NORMAL;SCSC;7.88;7.0;7.25;2.0;12.95;4.97;7.98;23.14;13.02;29.33;16.5;171.32;91.69;220.65;116.35;88.76;14.68;20.95;32.47;24.35;False;False
P12-1-2;P12;NORMAL;SCCC;7.88;7.0;7.25;2.0;12.95;4.97;7.98;23.14;13.02;29.33;16.5;171.32;91.69;220.65;116.35;88.76;14.68;20.95;32.47;24.35;False;False
P12-1-3;P12;ANILLO;SCCC;7.88;9.0;7.25;2.0;12.95;8.16;4.79;37.99;21.37;29.12;16.38;292.8;150.96;218.96;115.51;88.76;24.1;16.18;32.47;24.35;False;False
P12-1-4;P12;NORMAL;SCCC;7.88;7.0;7.25;2.0;12.95;4.97;7.98;23.14;13.02;29.33;16.5;171.32;91.69;220.65;116.35;88.76;14.68;20.95;32.47;24.35;False;False
P12-1-5;P12;NORMAL;SCCS;7.88;7.0;7.25;2.0;12.95;4.97;7.98;23.14;13.02;29.33;16.5;171.32;91.69;220.65;116.35;88.76;14.68;20.95;32.47;24.35;False;False
P12-2-1;P12;NORMAL;CCSC;7.87;7.0;7.25;2.0;12.95;4.99;7.96;23.16;13.03;29.27;16.46;171.42;91.75;220.19;116.12;88.76;14.71;20.91;32.47;24.35;False;False
P12-2-2;P12;NORMAL;CCCC;7.87;7.0;7.25;2.0;12.95;4.99;7.96;23.16;13.03;29.27;16.46;171.42;91.75;220.19;116.12;88.76;14.71;20.91;32.47;24.35;False;False
P12-2-3;P12;ANILLO;CCCC;7.87;9.0;7.25;2.0;12.95;8.17;4.78;37.96;21.35;29.03;16.33;292.59;150.86;218.21;115.14;88.76;24.12;16.13;32.47;24.35;False;False
P12-2-4;P12;NORMAL;CCCC;7.87;7.0;7.25;2.0;12.95;4.99;7.96;23.16;13.03;29.27;16.46;171.42;91.75;220.19;116.12;88.76;14.71;20.91;32.47;24.35;False;False
P12-2-5;P12;NORMAL;CCCS;7.87;7.0;7.25;2.0;12.95;4.99;7.96;23.16;13.03;29.27;16.46;171.42;91.75;220.19;116.12;88.76;14.71;20.91;32.47;24.35;False;False
P12-3-1;P12;NORMAL;CCSC;7.88;7.0;7.25;2.0;12.95;4.97;7.98;23.14;13.02;29.33;16.5;171.32;91.69;220.65;116.35;88.76;14.68;20.95;32.47;24.35;False;False
P12-3-2;P12;NORMAL;CCCC;7.88;7.0;7.25;2.0;12.95;4.97;7.98;23.14;13.02;29.33;16.5;171.32;91.69;220.65;116.35;88.76;14.68;20.95;32.47;24.35;False;False
P12-3-3;P12;ANILLO;CCCC;7.88;9.0;7.25;2.0;12.95;8.16;4.79;37.99;21.37;29.12;16.38;292.8;150.96;218.96;115.51;88.76;24.1;16.18;32.47;24.35;False;False
P12-3-4;P12;NORMAL;CCCC;7.88;7.0;7.25;2.0;12.95;4.97;7.98;23.14;13.02;29.33;16.5;171.32;91.69;220.65;116.35;88.76;14.68;20.95;32.47;24.35;False;False
P12-3-5;P12;NORMAL;CCCS;7.88;7.0;7.25;2.0;12.95;4.97;7.98;23.14;13.02;29.33;16.5;171.32;91.69;220.65;116.35;88.76;14.68;20.95;32.47;24.35;False;False
P12-4-1;P12;NORMAL;CCSC;7.87;7.0;7.25;2.0;12.95;4.99;7.96;23.16;13.03;29.27;16.46;171.42;91.75;220.19;116.12;88.76;14.71;20.91;32.47;24.35;False;False
P12-4-2;P12;NORMAL;CCCC;7.87;7.0;7.25;2.0;12.95;4.99;7.96;23.16;13.03;29.27;16.46;171.42;91.75;220.19;116.12;88.76;14.71;20.91;32.47;24.35;False;False
P12-4-3;P12;NORMAL;CNCC;7.87;9.0;7.25;2.0;12.95;8.17;4.78;37.96;21.35;29.03;16.33;292.59;150.86;218.21;115.14;88.76;24.12;16.13;32.47;24.35;False;False
P12-4-4;P12;NORMAL;CCCC;7.87;7.0;7.25;2.0;12.95;4.99;7.96;23.16;13.03;29.27;16.46;171.42;91.75;220.19;116.12;88.76;14.71;20.91;32.47;24.35;False;False
P12-4-5;P12;NORMAL;CCCS;7.87;7.0;7.25;2.0;12.95;4.99;7.96;23.16;13.03;29.27;16.46;171.42;91.75;220.19;116.12;88.76;14.71;20.91;32.47;24.35;False;False
P12-5-1;P12;NORMAL;CCSC;7.0;7.0;7.25;2.0;12.95;6.47;6.47;23.8;13.39;23.8;13.39;176.44;94.29;176.44;94.29;88.76;17.0;17.0;32.47;24.35;False;False
P12-5-2;P12;NORMAL;CCCN;7.0;7.0;7.25;2.0;12.95;6.47;6.47;23.8;13.39;23.8;13.39;176.44;94.29;176.44;94.29;88.76;17.0;17.0;32.47;24.35;False;False
P12-5-3;P12;NUCLEO;NNNN;7.0;9.0;7.25;2.0;12.95;;;;;;;;;;;;;;;;;
P12-5-4;P12;NORMAL;CCNC;7.0;7.0;7.25;2.0;12.95;6.47;6.47;23.8;13.39;23.8;13.39;176.44;94.29;176.44;94.29;88.76;17.0;17.0;32.47;24.35;False;False
P12-5-5;P12;NORMAL;CCCS;7.0;7.0;7.25;2.0;12.95;6.47;6.47;23.8;13.39;23.8;13.39;176.44;94.29;176.44;94.29;88.76;17.0;17.0;32.47;24.35;False;False
P12-6-1;P12;NORMAL;CCSC;8.0;7.0;7.25;2.0;12.95;4.79;8.16;22.97;12.92;30.0;16.88;169.97;91.01;226.15;119.04;88.76;14.36;21.43;32.47;24.35;False;False
P12-6-2;P12;NORMAL;CCCP;8.0;7.0;7.25;2.0;12.95;4.79;8.16;22.97;12.92;30.0;16.88;169.97;91.01;226.15;119.04;88.76;14.36;21.43;32.47;24.35;False;False
P12-6-3;P12;VACIO;NNPP;8.0;9.0;7.25;2.0;12.95;;;;;;;;;;;;;;;;;
P12-6-4;P12;NORMAL;CCPC;8.0;7.0;7.25;2.0;12.95;4.79;8.16;22.97;12.92;30.0;16.88;169.97;91.01;226.15;119.04;88.76;14.36;21.43;32.47;24.35;False;False
P12-6-5;P12;NORMAL;CCCS;8.0;7.0;7.25;2.0;12.95;4.79;8.16;22.97;12.92;30.0;16.88;169.97;91.01;226.15;119.04;88.76;14.36;21.43;32.47;24.35;False;False
P12-7-1;P12;NORMAL;CCSC;7.0;7.0;7.25;2.0;12.95;6.47;6.47;23.8;13.39;23.8;13.39;176.44;94.29;176.44;94.29;88.76;17.0;17.0;32.47;24.35;False;False
P12-7-2;P12;NORMAL;CCCN;7.0;7.0;7.25;2.0;12.95;6.47;6.47;23.8;13.39;23.8;13.39;176.44;94.29;176.44;94.29;88.76;17.0;17.0;32.47;24.35;False;False
P12-7-3;P12;NUCLEO;NNNN;7.0;9.0;7.25;2.0;12.95;;;;;;;;;;;;;;;;;
P12-7-4;P12;NORMAL;CCNC;7.0;7.0;7.25;2.0;12.95;6.47;6.47;23.8;13.39;23.8;13.39;176.44;94.29;176.44;94.29;88.76;17.0;17.0;32.47;24.35;False;False
P12-7-5;P12;NORMAL;CCCS;7.0;7.0;7.25;2.0;12.95;6.47;6.47;23.8;13.39;23.8;13.39;176.44;94.29;176.44;94.29;88.76;17.0;17.0;32.47;24.35;False;False
P12-8-1;P12;NORMAL;CCSC;7.88;7.0;7.25;2.0;12.95;4.97;7.98;23.14;13.02;29.33;16.5;171.32;91.69;220.65;116.35;88.76;14.68;20.95;32.47;24.35;False;False
P12-8-2;P12;NORMAL;CCCC;7.88;7.0;7.25;2.0;12.95;4.97;7.98;23.14;13.02;29.33;16.5;171.32;91.69;220.65;116.35;88.76;14.68;20.95;32.47;24.35;False;False
P12-8-3;P12;NORMAL;NCCC;7.88;9.0;7.25;2.0;12.95;8.16;4.79;37.99;21.37;29.12;16.38;292.8;150.96;218.96;115.51;88.76;24.1;16.18;32.47;24.35;False;False
P12-8-4;P12;NORMAL;CCCC;7.88;7.0;7.25;2.0;12.95;4.97;7.98;23.14;13.02;29.33;16.5;171.32;91.69;220.65;116.35;88.76;14.68;20.95;32.47;24.35;False;False
P12-8-5;P12;NORMAL;CCCS;7.88;7.0;7.25;2.0;12.95;4.97;7.98;23.14;13.02;29.33;16.5;171.32;91.69;220.65;116.35;88.76;14.68;20.95;32.47;24.35;False;False
P12-9-1;P12;NORMAL;CCSC;7.87;7.0;7.25;2.0;12.95;4.99;7.96;23.16;13.03;29.27;16.46;171.42;91.75;220.19;116.12;88.76;14.71;20.91;32.47;24.35;False;False
P12-9-2;P12;NORMAL;CCCC;7.87;7.0;7.25;2.0;12.95;4.99;7.96;23.16;13.03;29.27;16.46;171.42;91.75;220.19;116.12;88.76;14.71;20.91;32.47;24.35;False;False
P12-9-3;P12;ANILLO;CCCC;7.87;9.0;7.25;2.0;12.95;8.17;4.78;37.96;21.35;29.03;16.33;292.59;150.86;218.21;115.14;88.76;24.12;16.13;32.47;24.35;False;False
P12-9-4;P12;NORMAL;CCCC;7.87;7.0;7.25;2.0;12.95;4.99;7.96;23.16;13.03;29.27;16.46;171.42;91.75;220.19;116.12;88.76;14.71;20.91;32.47;24.35;False;False
P12-9-5;P12;NORMAL;CCCS;7.87;7.0;7.25;2.0;12.95;4.99;7.96;23.16;13.03;29.27;16.46;171.42;91.75;220.19;116.12;88.76;14.71;20.91;32.47;24.35;False;False
P12-10-1;P12;NORMAL;CCSC;7.88;7.0;7.25;2.0;12.95;4.97;7.98;23.14;13.02;29.33;16.5;171.32;91.69;220.65;116.35;88.76;14.68;20.95;32.47;24.35;False;False
P12-10-2;P12;NORMAL;CCCC;7.88;7.0;7.25;2.0;12.95;4.97;7.98;23.14;13.02;29.33;16.5;171.32;91.69;220.65;116.35;88.76;14.68;20.95;32.47;24.35;False;False
P12-10-3;P12;ANILLO;CCCC;7.88;9.0;7.25;2.0;12.95;8.16;4.79;37.99;21.37;29.12;16.38;292.8;150.96;218.96;115.51;88.76;24.1;16.18;32.47;24.35;False;False
P12-10-4;P12;NORMAL;CCCC;7.88;7.0;7.25;2.0;12.95;4.97;7.98;23.14;13.02;29.33;16.5;171.32;91.69;220.65;116.35;88.76;14.68;20.95;32.47;24.35;False;False
P12-10-5;P12;NORMAL;CCCS;7.88;7.0;7.25;2.0;12.95;4.97;7.98;23.14;13.02;29.33;16.5;171.32;91.69;220.65;116.35;88.76;14.68;20.95;32.47;24.35;False;False
P12-11-1;P12;NORMAL;CSSC;7.87;7.0;7.25;2.0;12.95;4.99;7.96;23.16;13.03;29.27;16.46;171.42;91.75;220.19;116.12;88.76;14.71;20.91;32.47;24.35;False;False
P12-11-2;P12;NORMAL;CSCC;7.87;7.0;7.25;2.0;12.95;4.99;7.96;23.16;13.03;29.27;16.46;171.42;91.75;220.19;116.12;88.76;14.71;20.91;32.47;24.35;False;False
P12-11-3;P12;ANILLO;CSCC;7.87;9.0;7.25;2.0;12.95;8.17;4.78;37.96;21.35;29.03;16.33;292.59;150.86;218.21;115.14;88.76;24.12;16.13;32.47;24.35;False;False
P12-11-4;P12;NORMAL;CSCC;7.87;7.0;7.25;2.0;12.95;4.99;7.96;23.16;13.03;29.27;16.46;171.42;91.75;220.19;116.12;88.76;14.71;20.91;32.47;24.35;False;False
P12-11-5;P12;NORMAL;CSCS;7.87;7.0;7.25;2.0;12.95;4.99;7.96;23.16;13.03;29.27;16.46;171.42;91.75;220.19;116.12;88.76;14.71;20.91;32.47;24.35;False;False
P13-1-1;P13;NORMAL;SCSC;7.88;7.0;7.25;2.0;12.95;4.97;7.98;23.14;13.02;29.33;16.5;171.32;91.69;220.65;116.35;88.76;14.68;20.95;32.47;24.35;False;False
P13-1-2;P13;NORMAL;SCCC;7.88;7.0;7.25;2.0;12.95;4.97;7.98;23.14;13.02;29.33;16.5;171.32;91.69;220.65;116.35;88.76;14.68;20.95;32.47;24.35;False;False
P13-1-3;P13;ANILLO;SCCC;7.88;9.0;7.25;2.0;12.95;8.16;4.79;37.99;21.37;29.12;16.38;292.8;150.96;218.96;115.51;88.76;24.1;16.18;32.47;24.35;False;False
P13-1-4;P13;NORMAL;SCCC;7.88;7.0;7.25;2.0;12.95;4.97;7.98;23.14;13.02;29.33;16.5;171.32;91.69;220.65;116.35;88.76;14.68;20.95;32.47;24.35;False;False
P13-1-5;P13;NORMAL;SCCS;7.88;7.0;7.25;2.0;12.95;4.97;7.98;23.14;13.02;29.33;16.5;171.32;91.69;220.65;116.35;88.76;14.68;20.95;32.47;24.35;False;False
P13-2-1;P13;NORMAL;CCSC;7.87;7.0;7.25;2.0;12.95;4.99;7.96;23.16;13.03;29.27;16.46;171.42;91.75;220.19;116.12;88.76;14.71;20.91;32.47;24.35;False;False
P13-2-2;P13;NORMAL;CCCC;7.87;7.0;7.25;2.0;12.95;4.99;7.96;23.16;13.03;29.27;16.46;171.42;91.75;220.19;116.12;88.76;14.71;20.91;32.47;24.35;False;False
P13-2-3;P13;ANILLO;CCCC;7.87;9.0;7.25;2.0;12.95;8.17;4.78;37.96;21.35;29.03;16.33;292.59;150.86;218.21;115.14;88.76;24.12;16.13;32.47;24.35;False;False
P13-2-4;P13;NORMAL;CCCC;7.87;7.0;7.25;2.0;12.95;4.99;7.96;23.16;13.03;29.27;16.46;171.42;91.75;220.19;116.12;88.76;14.71;20.91;32.47;24.35;False;False
P13-2-5;P13;NORMAL;CCCS;7.87;7.0;7.25;2.0;12.95;4.99;7.96;23.16;13.03;29.27;16.46;171.42;91.75;220.19;116.12;88.76;14.71;20.91;32.47;24.35;False;False
P13-3-1;P13;NORMAL;CCSC;7.88;7.0;7.25;2.0;12.95;4.97;7.98;23.14;13.02;29.33;16.5;171.32;91.69;220.65;116.35;88.76;14.68;20.95;32.47;24.35;False;False
P13-3-2;P13;NORMAL;CCCC;7.88;7.0;7.25;2.0;12.95;4.97;7.98;23.14;13.02;29.33;16.5;171.32;91.69;220.65;116.35;88.76;14.68;20.95;32.47;24.35;False;False
P13-3-3;P13;ANILLO;CCCC;7.88;9.0;7.25;2.0;12.95;8.16;4.79;37.99;21.37;29.12;16.38;292.8;150.96;218.96;115.51;88.76;24.1;16.18;32.47;24.35;False;False
P13-3-4;P13;NORMAL;CCCC;7.88;7.0;7.25;2.0;12.95;4.97;7.98;23.14;13.02;29.33;16.5;171.32;91.69;220.65;116.35;88.76;14.68;20.95;32.47;24.35;False;False
P13-3-5;P13;NORMAL;CCCS;7.88;7.0;7.25;2.0;12.95;4.97;7.98;23.14;13.02;29.33;16.5;171.32;91.69;220.65;116.35;88.76;14.68;20.95;32.47;24.35;False;False
P13-4-1;P13;NORMAL;CCSC;7.87;7.0;7.25;2.0;12.95;4.99;7.96;23.16;13.03;29.27;16.46;171.42;91.75;220.19;116.12;88.76;14.71;20.91;32.47;24.35;False;False
P13-4-2;P13;NORMAL;CCCC;7.87;7.0;7.25;2.0;12.95;4.99;7.96;23.16;13.03;29.27;16.46;171.42;91.75;220.19;116.12;88.76;14.71;20.91;32.47;24.35;False;False
P13-4-3;P13;NORMAL;CNCC;7.87;9.0;7.25;2.0;12.95;8.17;4.78;37.96;21.35;29.03;16.33;292.59;150.86;218.21;115.14;88.76;24.12;16.13;32.47;24.35;False;False
P13-4-4;P13;NORMAL;CCCC;7.87;7.0;7.25;2.0;12.95;4.99;7.96;23.16;13.03;29.27;16.46;171.42;91.75;220.19;116.12;88.76;14.71;20.91;32.47;24.35;False;False
P13-4-5;P13;NORMAL;CCCS;7.87;7.0;7.25;2.0;12.95;4.99;7.96;23.16;13.03;29.27;16.46;171.42;91.75;220.19;116.12;88.76;14.71;20.91;32.47;24.35;False;False
P13-5-1;P13;NORMAL;CCSC;7.0;7.0;7.25;2.0;12.95;6.47;6.47;23.8;13.39;23.8;13.39;176.44;94.29;176.44;94.29;88.76;17.0;17.0;32.47;24.35;False;False
P13-5-2;P13;NORMAL;CCCN;7.0;7.0;7.25;2.0;12.95;6.47;6.47;23.8;13.39;23.8;13.39;176.44;94.29;176.44;94.29;88.76;17.0;17.0;32.47;24.35;False;False
P13-5-3;P13;NUCLEO;NNNN;7.0;9.0;7.25;2.0;12.95;;;;;;;;;;;;;;;;;
P13-5-4;P13;NORMAL;CCNC;7.0;7.0;7.25;2.0;12.95;6.47;6.47;23.8;13.39;23.8;13.39;176.44;94.29;176.44;94.29;88.76;17.0;17.0;32.47;24.35;False;False
P13-5-5;P13;NORMAL;CCCS;7.0;7.0;7.25;2.0;12.95;6.47;6.47;23.8;13.39;23.8;13.39;176.44;94.29;176.44;94.29;88.76;17.0;17.0;32.47;24.35;False;False
P13-6-1;P13;NORMAL;CCSC;8.0;7.0;7.25;2.0;12.95;4.79;8.16;22.97;12.92;30.0;16.88;169.97;91.01;226.15;119.04;88.76;14.36;21.43;32.47;24.35;False;False
P13-6-2;P13;NORMAL;CCCP;8.0;7.0;7.25;2.0;12.95;4.79;8.16;22.97;12.92;30.0;16.88;169.97;91.01;226.15;119.04;88.76;14.36;21.43;32.47;24.35;False;False
P13-6-3;P13;VACIO;NNPP;8.0;9.0;7.25;2.0;12.95;;;;;;;;;;;;;;;;;
P13-6-4;P13;NORMAL;CCPC;8.0;7.0;7.25;2.0;12.95;4.79;8.16;22.97;12.92;30.0;16.88;169.97;91.01;226.15;119.04;88.76;14.36;21.43;32.47;24.35;False;False
P13-6-5;P13;NORMAL;CCCS;8.0;7.0;7.25;2.0;12.95;4.79;8.16;22.97;12.92;30.0;16.88;169.97;91.01;226.15;119.04;88.76;14.36;21.43;32.47;24.35;False;False
P13-7-1;P13;NORMAL;CCSC;7.0;7.0;7.25;2.0;12.95;6.47;6.47;23.8;13.39;23.8;13.39;176.44;94.29;176.44;94.29;88.76;17.0;17.0;32.47;24.35;False;False
P13-7-2;P13;NORMAL;CCCN;7.0;7.0;7.25;2.0;12.95;6.47;6.47;23.8;13.39;23.8;13.39;176.44;94.29;176.44;94.29;88.76;17.0;17.0;32.47;24.35;False;False
P13-7-3;P13;NUCLEO;NNNN;7.0;9.0;7.25;2.0;12.95;;;;;;;;;;;;;;;;;
P13-7-4;P13;NORMAL;CCNC;7.0;7.0;7.25;2.0;12.95;6.47;6.47;23.8;13.39;23.8;13.39;176.44;94.29;176.44;94.29;88.76;17.0;17.0;32.47;24.35;False;False
P13-7-5;P13;NORMAL;CCCS;7.0;7.0;7.25;2.0;12.95;6.47;6.47;23.8;13.39;23.8;13.39;176.44;94.29;176.44;94.29;88.76;17.0;17.0;32.47;24.35;False;False
P13-8-1;P13;NORMAL;CCSC;7.88;7.0;7.25;2.0;12.95;4.97;7.98;23.14;13.02;29.33;16.5;171.32;91.69;220.65;116.35;88.76;14.68;20.95;32.47;24.35;False;False
P13-8-2;P13;NORMAL;CCCC;7.88;7.0;7.25;2.0;12.95;4.97;7.98;23.14;13.02;29.33;16.5;171.32;91.69;220.65;116.35;88.76;14.68;20.95;32.47;24.35;False;False
P13-8-3;P13;NORMAL;NCCC;7.88;9.0;7.25;2.0;12.95;8.16;4.79;37.99;21.37;29.12;16.38;292.8;150.96;218.96;115.51;88.76;24.1;16.18;32.47;24.35;False;False
P13-8-4;P13;NORMAL;CCCC;7.88;7.0;7.25;2.0;12.95;4.97;7.98;23.14;13.02;29.33;16.5;171.32;91.69;220.65;116.35;88.76;14.68;20.95;32.47;24.35;False;False
P13-8-5;P13;NORMAL;CCCS;7.88;7.0;7.25;2.0;12.95;4.97;7.98;23.14;13.02;29.33;16.5;171.32;91.69;220.65;116.35;88.76;14.68;20.95;32.47;24.35;False;False
P13-9-1;P13;NORMAL;CCSC;7.87;7.0;7.25;2.0;12.95;4.99;7.96;23.16;13.03;29.27;16.46;171.42;91.75;220.19;116.12;88.76;14.71;20.91;32.47;24.35;False;False
P13-9-2;P13;NORMAL;CCCC;7.87;7.0;7.25;2.0;12.95;4.99;7.96;23.16;13.03;29.27;16.46;171.42;91.75;220.19;116.12;88.76;14.71;20.91;32.47;24.35;False;False
P13-9-3;P13;ANILLO;CCCC;7.87;9.0;7.25;2.0;12.95;8.17;4.78;37.96;21.35;29.03;16.33;292.59;150.86;218.21;115.14;88.76;24.12;16.13;32.47;24.35;False;False
P13-9-4;P13;NORMAL;CCCC;7.87;7.0;7.25;2.0;12.95;4.99;7.96;23.16;13.03;29.27;16.46;171.42;91.75;220.19;116.12;88.76;14.71;20.91;32.47;24.35;False;False
P13-9-5;P13;NORMAL;CCCS;7.87;7.0;7.25;2.0;12.95;4.99;7.96;23.16;13.03;29.27;16.46;171.42;91.75;220.19;116.12;88.76;14.71;20.91;32.47;24.35;False;False
P13-10-1;P13;NORMAL;CCSC;7.88;7.0;7.25;2.0;12.95;4.97;7.98;23.14;13.02;29.33;16.5;171.32;91.69;220.65;116.35;88.76;14.68;20.95;32.47;24.35;False;False
P13-10-2;P13;NORMAL;CCCC;7.88;7.0;7.25;2.0;12.95;4.97;7.98;23.14;13.02;29.33;16.5;171.32;91.69;220.65;116.35;88.76;14.68;20.95;32.47;24.35;False;False
P13-10-3;P13;ANILLO;CCCC;7.88;9.0;7.25;2.0;12.95;8.16;4.79;37.99;21.37;29.12;16.38;292.8;150.96;218.96;115.51;88.76;24.1;16.18;32.47;24.35;False;False
P13-10-4;P13;NORMAL;CCCC;7.88;7.0;7.25;2.0;12.95;4.97;7.98;23.14;13.02;29.33;16.5;171.32;91.69;220.65;116.35;88.76;14.68;20.95;32.47;24.35;False;False
P13-10-5;P13;NORMAL;CCCS;7.88;7.0;7.25;2.0;12.95;4.97;7.98;23.14;13.02;29.33;16.5;171.32;91.69;220.65;116.35;88.76;14.68;20.95;32.47;24.35;False;False
P13-11-1;P13;NORMAL;CSSC;7.87;7.0;7.25;2.0;12.95;4.99;7.96;23.16;13.03;29.27;16.46;171.42;91.75;220.19;116.12;88.76;14.71;20.91;32.47;24.35;False;False
P13-11-2;P13;NORMAL;CSCC;7.87;7.0;7.25;2.0;12.95;4.99;7.96;23.16;13.03;29.27;16.46;171.42;91.75;220.19;116.12;88.76;14.71;20.91;32.47;24.35;False;False
P13-11-3;P13;ANILLO;CSCC;7.87;9.0;7.25;2.0;12.95;8.17;4.78;37.96;21.35;29.03;16.33;292.59;150.86;218.21;115.14;88.76;24.12;16.13;32.47;24.35;False;False
P13-11-4;P13;NORMAL;CSCC;7.87;7.0;7.25;2.0;12.95;4.99;7.96;23.16;13.03;29.27;16.46;171.42;91.75;220.19;116.12;88.76;14.71;20.91;32.47;24.35;False;False
P13-11-5;P13;NORMAL;CSCS;7.87;7.0;7.25;2.0;12.95;4.99;7.96;23.16;13.03;29.27;16.46;171.42;91.75;220.19;116.12;88.76;14.71;20.91;32.47;24.35;False;False
P14-1-1;P14;NORMAL;SCSC;7.88;7.0;7.25;2.0;12.95;4.97;7.98;23.14;13.02;29.33;16.5;171.32;91.69;220.65;116.35;88.76;14.68;20.95;32.47;24.35;False;False
P14-1-2;P14;NORMAL;SCCC;7.88;7.0;7.25;2.0;12.95;4.97;7.98;23.14;13.02;29.33;16.5;171.32;91.69;220.65;116.35;88.76;14.68;20.95;32.47;24.35;False;False
P14-1-3;P14;ANILLO;SCCC;7.88;9.0;7.25;2.0;12.95;8.16;4.79;37.99;21.37;29.12;16.38;292.8;150.96;218.96;115.51;88.76;24.1;16.18;32.47;24.35;False;False
P14-1-4;P14;NORMAL;SCCC;7.88;7.0;7.25;2.0;12.95;4.97;7.98;23.14;13.02;29.33;16.5;171.32;91.69;220.65;116.35;88.76;14.68;20.95;32.47;24.35;False;False
P14-1-5;P14;NORMAL;SCCS;7.88;7.0;7.25;2.0;12.95;4.97;7.98;23.14;13.02;29.33;16.5;171.32;91.69;220.65;116.35;88.76;14.68;20.95;32.47;24.35;False;False
P14-2-1;P14;NORMAL;CCSC;7.87;7.0;7.25;2.0;12.95;4.99;7.96;23.16;13.03;29.27;16.46;171.42;91.75;220.19;116.12;88.76;14.71;20.91;32.47;24.35;False;False
P14-2-2;P14;NORMAL;CCCC;7.87;7.0;7.25;2.0;12.95;4.99;7.96;23.16;13.03;29.27;16.46;171.42;91.75;220.19;116.12;88.76;14.71;20.91;32.47;24.35;False;False
P14-2-3;P14;ANILLO;CCCC;7.87;9.0;7.25;2.0;12.95;8.17;4.78;37.96;21.35;29.03;16.33;292.59;150.86;218.21;115.14;88.76;24.12;16.13;32.47;24.35;False;False
P14-2-4;P14;NORMAL;CCCC;7.87;7.0;7.25;2.0;12.95;4.99;7.96;23.16;13.03;29.27;16.46;171.42;91.75;220.19;116.12;88.76;14.71;20.91;32.47;24.35;False;False
P14-2-5;P14;NORMAL;CCCS;7.87;7.0;7.25;2.0;12.95;4.99;7.96;23.16;13.03;29.27;16.46;171.42;91.75;220.19;116.12;88.76;14.71;20.91;32.47;24.35;False;False
P14-3-1;P14;NORMAL;CCSC;7.88;7.0;7.25;2.0;12.95;4.97;7.98;23.14;13.02;29.33;16.5;171.32;91.69;220.65;116.35;88.76;14.68;20.95;32.47;24.35;False;False
P14-3-2;P14;NORMAL;CCCC;7.88;7.0;7.25;2.0;12.95;4.97;7.98;23.14;13.02;29.33;16.5;171.32;91.69;220.65;116.35;88.76;14.68;20.95;32.47;24.35;False;False
P14-3-3;P14;ANILLO;CCCC;7.88;9.0;7.25;2.0;12.95;8.16;4.79;37.99;21.37;29.12;16.38;292.8;150.96;218.96;115.51;88.76;24.1;16.18;32.47;24.35;False;False
P14-3-4;P14;NORMAL;CCCC;7.88;7.0;7.25;2.0;12.95;4.97;7.98;23.14;13.02;29.33;16.5;171.32;91.69;220.65;116.35;88.76;14.68;20.95;32.47;24.35;False;False
P14-3-5;P14;NORMAL;CCCS;7.88;7.0;7.25;2.0;12.95;4.97;7.98;23.14;13.02;29.33;16.5;171.32;91.69;220.65;116.35;88.76;14.68;20.95;32.47;24.35;False;False
P14-4-1;P14;NORMAL;CCSC;7.87;7.0;7.25;2.0;12.95;4.99;7.96;23.16;13.03;29.27;16.46;171.42;91.75;220.19;116.12;88.76;14.71;20.91;32.47;24.35;False;False
P14-4-2;P14;NORMAL;CCCC;7.87;7.0;7.25;2.0;12.95;4.99;7.96;23.16;13.03;29.27;16.46;171.42;91.75;220.19;116.12;88.76;14.71;20.91;32.47;24.35;False;False
P14-4-3;P14;NORMAL;CNCC;7.87;9.0;7.25;2.0;12.95;8.17;4.78;37.96;21.35;29.03;16.33;292.59;150.86;218.21;115.14;88.76;24.12;16.13;32.47;24.35;False;False
P14-4-4;P14;NORMAL;CCCC;7.87;7.0;7.25;2.0;12.95;4.99;7.96;23.16;13.03;29.27;16.46;171.42;91.75;220.19;116.12;88.76;14.71;20.91;32.47;24.35;False;False
P14-4-5;P14;NORMAL;CCCS;7.87;7.0;7.25;2.0;12.95;4.99;7.96;23.16;13.03;29.27;16.46;171.42;91.75;220.19;116.12;88.76;14.71;20.91;32.47;24.35;False;False
P14-5-1;P14;NORMAL;CCSC;7.0;7.0;7.25;2.0;12.95;6.47;6.47;23.8;13.39;23.8;13.39;176.44;94.29;176.44;94.29;88.76;17.0;17.0;32.47;24.35;False;False
P14-5-2;P14;NORMAL;CCCN;7.0;7.0;7.25;2.0;12.95;6.47;6.47;23.8;13.39;23.8;13.39;176.44;94.29;176.44;94.29;88.76;17.0;17.0;32.47;24.35;False;False
P14-5-3;P14;NUCLEO;NNNN;7.0;9.0;7.25;2.0;12.95;;;;;;;;;;;;;;;;;
P14-5-4;P14;NORMAL;CCNC;7.0;7.0;7.25;2.0;12.95;6.47;6.47;23.8;13.39;23.8;13.39;176.44;94.29;176.44;94.29;88.76;17.0;17.0;32.47;24.35;False;False
P14-5-5;P14;NORMAL;CCCS;7.0;7.0;7.25;2.0;12.95;6.47;6.47;23.8;13.39;23.8;13.39;176.44;94.29;176.44;94.29;88.76;17.0;17.0;32.47;24.35;False;False
P14-6-1;P14;NORMAL;CCSC;8.0;7.0;7.25;2.0;12.95;4.79;8.16;22.97;12.92;30.0;16.88;169.97;91.01;226.15;119.04;88.76;14.36;21.43;32.47;24.35;False;False
P14-6-2;P14;NORMAL;CCCP;8.0;7.0;7.25;2.0;12.95;4.79;8.16;22.97;12.92;30.0;16.88;169.97;91.01;226.15;119.04;88.76;14.36;21.43;32.47;24.35;False;False
P14-6-3;P14;VACIO;NNPP;8.0;9.0;7.25;2.0;12.95;;;;;;;;;;;;;;;;;
P14-6-4;P14;NORMAL;CCPC;8.0;7.0;7.25;2.0;12.95;4.79;8.16;22.97;12.92;30.0;16.88;169.97;91.01;226.15;119.04;88.76;14.36;21.43;32.47;24.35;False;False
P14-6-5;P14;NORMAL;CCCS;8.0;7.0;7.25;2.0;12.95;4.79;8.16;22.97;12.92;30.0;16.88;169.97;91.01;226.15;119.04;88.76;14.36;21.43;32.47;24.35;False;False
P14-7-1;P14;NORMAL;CCSC;7.0;7.0;7.25;2.0;12.95;6.47;6.47;23.8;13.39;23.8;13.39;176.44;94.29;176.44;94.29;88.76;17.0;17.0;32.47;24.35;False;False
P14-7-2;P14;NORMAL;CCCN;7.0;7.0;7.25;2.0;12.95;6.47;6.47;23.8;13.39;23.8;13.39;176.44;94.29;176.44;94.29;88.76;17.0;17.0;32.47;24.35;False;False
P14-7-3;P14;NUCLEO;NNNN;7.0;9.0;7.25;2.0;12.95;;;;;;;;;;;;;;;;;
P14-7-4;P14;NORMAL;CCNC;7.0;7.0;7.25;2.0;12.95;6.47;6.47;23.8;13.39;23.8;13.39;176.44;94.29;176.44;94.29;88.76;17.0;17.0;32.47;24.35;False;False
P14-7-5;P14;NORMAL;CCCS;7.0;7.0;7.25;2.0;12.95;6.47;6.47;23.8;13.39;23.8;13.39;176.44;94.29;176.44;94.29;88.76;17.0;17.0;32.47;24.35;False;False
P14-8-1;P14;NORMAL;CCSC;7.88;7.0;7.25;2.0;12.95;4.97;7.98;23.14;13.02;29.33;16.5;171.32;91.69;220.65;116.35;88.76;14.68;20.95;32.47;24.35;False;False
P14-8-2;P14;NORMAL;CCCC;7.88;7.0;7.25;2.0;12.95;4.97;7.98;23.14;13.02;29.33;16.5;171.32;91.69;220.65;116.35;88.76;14.68;20.95;32.47;24.35;False;False
P14-8-3;P14;NORMAL;NCCC;7.88;9.0;7.25;2.0;12.95;8.16;4.79;37.99;21.37;29.12;16.38;292.8;150.96;218.96;115.51;88.76;24.1;16.18;32.47;24.35;False;False
P14-8-4;P14;NORMAL;CCCC;7.88;7.0;7.25;2.0;12.95;4.97;7.98;23.14;13.02;29.33;16.5;171.32;91.69;220.65;116.35;88.76;14.68;20.95;32.47;24.35;False;False
P14-8-5;P14;NORMAL;CCCS;7.88;7.0;7.25;2.0;12.95;4.97;7.98;23.14;13.02;29.33;16.5;171.32;91.69;220.65;116.35;88.76;14.68;20.95;32.47;24.35;False;False
P14-9-1;P14;NORMAL;CCSC;7.87;7.0;7.25;2.0;12.95;4.99;7.96;23.16;13.03;29.27;16.46;171.42;91.75;220.19;116.12;88.76;14.71;20.91;32.47;24.35;False;False
P14-9-2;P14;NORMAL;CCCC;7.87;7.0;7.25;2.0;12.95;4.99;7.96;23.16;13.03;29.27;16.46;171.42;91.75;220.19;116.12;88.76;14.71;20.91;32.47;24.35;False;False
P14-9-3;P14;ANILLO;CCCC;7.87;9.0;7.25;2.0;12.95;8.17;4.78;37.96;21.35;29.03;16.33;292.59;150.86;218.21;115.14;88.76;24.12;16.13;32.47;24.35;False;False
P14-9-4;P14;NORMAL;CCCC;7.87;7.0;7.25;2.0;12.95;4.99;7.96;23.16;13.03;29.27;16.46;171.42;91.75;220.19;116.12;88.76;14.71;20.91;32.47;24.35;False;False
P14-9-5;P14;NORMAL;CCCS;7.87;7.0;7.25;2.0;12.95;4.99;7.96;23.16;13.03;29.27;16.46;171.42;91.75;220.19;116.12;88.76;14.71;20.91;32.47;24.35;False;False
P14-10-1;P14;NORMAL;CCSC;7.88;7.0;7.25;2.0;12.95;4.97;7.98;23.14;13.02;29.33;16.5;171.32;91.69;220.65;116.35;88.76;14.68;20.95;32.47;24.35;False;False
P14-10-2;P14;NORMAL;CCCC;7.88;7.0;7.25;2.0;12.95;4.97;7.98;23.14;13.02;29.33;16.5;171.32;91.69;220.65;116.35;88.76;14.68;20.95;32.47;24.35;False;False
P14-10-3;P14;ANILLO;CCCC;7.88;9.0;7.25;2.0;12.95;8.16;4.79;37.99;21.37;29.12;16.38;292.8;150.96;218.96;115.51;88.76;24.1;16.18;32.47;24.35;False;False
P14-10-4;P14;NORMAL;CCCC;7.88;7.0;7.25;2.0;12.95;4.97;7.98;23.14;13.02;29.33;16.5;171.32;91.69;220.65;116.35;88.76;14.68;20.95;32.47;24.35;False;False
P14-10-5;P14;NORMAL;CCCS;7.88;7.0;7.25;2.0;12.95;4.97;7.98;23.14;13.02;29.33;16.5;171.32;91.69;220.65;116.35;88.76;14.68;20.95;32.47;24.35;False;False
P14-11-1;P14;NORMAL;CSSC;7.87;7.0;7.25;2.0;12.95;4.99;7.96;23.16;13.03;29.27;16.46;171.42;91.75;220.19;116.12;88.76;14.71;20.91;32.47;24.35;False;False
P14-11-2;P14;NORMAL;CSCC;7.87;7.0;7.25;2.0;12.95;4.99;7.96;23.16;13.03;29.27;16.46;171.42;91.75;220.19;116.12;88.76;14.71;20.91;32.47;24.35;False;False
P14-11-3;P14;ANILLO;CSCC;7.87;9.0;7.25;2.0;12.95;8.17;4.78;37.96;21.35;29.03;16.33;292.59;150.86;218.21;115.14;88.76;24.12;16.13;32.47;24.35;False;False
P14-11-4;P14;NORMAL;CSCC;7.87;7.0;7.25;2.0;12.95;4.99;7.96;23.16;13.03;29.27;16.46;171.42;91.75;220.19;116.12;88.76;14.71;20.91;32.47;24.35;False;False
P14-11-5;P14;NORMAL;CSCS;7.87;7.0;7.25;2.0;12.95;4.99;7.96;23.16;13.03;29.27;16.46;171.42;91.75;220.19;116.12;88.76;14.71;20.91;32.47;24.35;False;False
P15-1-1;P15;NORMAL;SCSC;7.88;7.0;7.25;2.0;12.95;4.97;7.98;23.14;13.02;29.33;16.5;171.32;91.69;220.65;116.35;88.76;14.68;20.95;32.47;24.35;False;False
P15-1-2;P15;NORMAL;SCCC;7.88;7.0;7.25;2.0;12.95;4.97;7.98;23.14;13.02;29.33;16.5;171.32;91.69;220.65;116.35;88.76;14.68;20.95;32.47;24.35;False;False
P15-1-3;P15;ANILLO;SCCC;7.88;9.0;7.25;2.0;12.95;8.16;4.79;37.99;21.37;29.12;16.38;292.8;150.96;218.96;115.51;88.76;24.1;16.18;32.47;24.35;False;False
P15-1-4;P15;NORMAL;SCCC;7.88;7.0;7.25;2.0;12.95;4.97;7.98;23.14;13.02;29.33;16.5;171.32;91.69;220.65;116.35;88.76;14.68;20.95;32.47;24.35;False;False
P15-1-5;P15;NORMAL;SCCS;7.88;7.0;7.25;2.0;12.95;4.97;7.98;23.14;13.02;29.33;16.5;171.32;91.69;220.65;116.35;88.76;14.68;20.95;32.47;24.35;False;False
P15-2-1;P15;NORMAL;CCSC;7.87;7.0;7.25;2.0;12.95;4.99;7.96;23.16;13.03;29.27;16.46;171.42;91.75;220.19;116.12;88.76;14.71;20.91;32.47;24.35;False;False
P15-2-2;P15;NORMAL;CCCC;7.87;7.0;7.25;2.0;12.95;4.99;7.96;23.16;13.03;29.27;16.46;171.42;91.75;220.19;116.12;88.76;14.71;20.91;32.47;24.35;False;False
P15-2-3;P15;ANILLO;CCCC;7.87;9.0;7.25;2.0;12.95;8.17;4.78;37.96;21.35;29.03;16.33;292.59;150.86;218.21;115.14;88.76;24.12;16.13;32.47;24.35;False;False
P15-2-4;P15;NORMAL;CCCC;7.87;7.0;7.25;2.0;12.95;4.99;7.96;23.16;13.03;29.27;16.46;171.42;91.75;220.19;116.12;88.76;14.71;20.91;32.47;24.35;False;False
P15-2-5;P15;NORMAL;CCCS;7.87;7.0;7.25;2.0;12.95;4.99;7.96;23.16;13.03;29.27;16.46;171.42;91.75;220.19;116.12;88.76;14.71;20.91;32.47;24.35;False;False
P15-3-1;P15;NORMAL;CCSC;7.88;7.0;7.25;2.0;12.95;4.97;7.98;23.14;13.02;29.33;16.5;171.32;91.69;220.65;116.35;88.76;14.68;20.95;32.47;24.35;False;False
P15-3-2;P15;NORMAL;CCCC;7.88;7.0;7.25;2.0;12.95;4.97;7.98;23.14;13.02;29.33;16.5;171.32;91.69;220.65;116.35;88.76;14.68;20.95;32.47;24.35;False;False
P15-3-3;P15;ANILLO;CCCC;7.88;9.0;7.25;2.0;12.95;8.16;4.79;37.99;21.37;29.12;16.38;292.8;150.96;218.96;115.51;88.76;24.1;16.18;32.47;24.35;False;False
P15-3-4;P15;NORMAL;CCCC;7.88;7.0;7.25;2.0;12.95;4.97;7.98;23.14;13.02;29.33;16.5;171.32;91.69;220.65;116.35;88.76;14.68;20.95;32.47;24.35;False;False
P15-3-5;P15;NORMAL;CCCS;7.88;7.0;7.25;2.0;12.95;4.97;7.98;23.14;13.02;29.33;16.5;171.32;91.69;220.65;116.35;88.76;14.68;20.95;32.47;24.35;False;False
P15-4-1;P15;NORMAL;CCSC;7.87;7.0;7.25;2.0;12.95;4.99;7.96;23.16;13.03;29.27;16.46;171.42;91.75;220.19;116.12;88.76;14.71;20.91;32.47;24.35;False;False
P15-4-2;P15;NORMAL;CCCC;7.87;7.0;7.25;2.0;12.95;4.99;7.96;23.16;13.03;29.27;16.46;171.42;91.75;220.19;116.12;88.76;14.71;20.91;32.47;24.35;False;False
P15-4-3;P15;NORMAL;CNCC;7.87;9.0;7.25;2.0;12.95;8.17;4.78;37.96;21.35;29.03;16.33;292.59;150.86;218.21;115.14;88.76;24.12;16.13;32.47;24.35;False;False
P15-4-4;P15;NORMAL;CCCC;7.87;7.0;7.25;2.0;12.95;4.99;7.96;23.16;13.03;29.27;16.46;171.42;91.75;220.19;116.12;88.76;14.71;20.91;32.47;24.35;False;False
P15-4-5;P15;NORMAL;CCCS;7.87;7.0;7.25;2.0;12.95;4.99;7.96;23.16;13.03;29.27;16.46;171.42;91.75;220.19;116.12;88.76;14.71;20.91;32.47;24.35;False;False
P15-5-1;P15;NORMAL;CCSC;7.0;7.0;7.25;2.0;12.95;6.47;6.47;23.8;13.39;23.8;13.39;176.44;94.29;176.44;94.29;88.76;17.0;17.0;32.47;24.35;False;False
P15-5-2;P15;NORMAL;CCCN;7.0;7.0;7.25;2.0;12.95;6.47;6.47;23.8;13.39;23.8;13.39;176.44;94.29;176.44;94.29;88.76;17.0;17.0;32.47;24.35;False;False
P15-5-3;P15;NUCLEO;NNNN;7.0;9.0;7.25;2.0;12.95;;;;;;;;;;;;;;;;;
P15-5-4;P15;NORMAL;CCNC;7.0;7.0;7.25;2.0;12.95;6.47;6.47;23.8;13.39;23.8;13.39;176.44;94.29;176.44;94.29;88.76;17.0;17.0;32.47;24.35;False;False
P15-5-5;P15;NORMAL;CCCS;7.0;7.0;7.25;2.0;12.95;6.47;6.47;23.8;13.39;23.8;13.39;176.44;94.29;176.44;94.29;88.76;17.0;17.0;32.47;24.35;False;False
P15-6-1;P15;NORMAL;CCSC;8.0;7.0;7.25;2.0;12.95;4.79;8.16;22.97;12.92;30.0;16.88;169.97;91.01;226.15;119.04;88.76;14.36;21.43;32.47;24.35;False;False
P15-6-2;P15;NORMAL;CCCP;8.0;7.0;7.25;2.0;12.95;4.79;8.16;22.97;12.92;30.0;16.88;169.97;91.01;226.15;119.04;88.76;14.36;21.43;32.47;24.35;False;False
P15-6-3;P15;VACIO;NNPP;8.0;9.0;7.25;2.0;12.95;;;;;;;;;;;;;;;;;
P15-6-4;P15;NORMAL;CCPC;8.0;7.0;7.25;2.0;12.95;4.79;8.16;22.97;12.92;30.0;16.88;169.97;91.01;226.15;119.04;88.76;14.36;21.43;32.47;24.35;False;False
P15-6-5;P15;NORMAL;CCCS;8.0;7.0;7.25;2.0;12.95;4.79;8.16;22.97;12.92;30.0;16.88;169.97;91.01;226.15;119.04;88.76;14.36;21.43;32.47;24.35;False;False
P15-7-1;P15;NORMAL;CCSC;7.0;7.0;7.25;2.0;12.95;6.47;6.47;23.8;13.39;23.8;13.39;176.44;94.29;176.44;94.29;88.76;17.0;17.0;32.47;24.35;False;False
P15-7-2;P15;NORMAL;CCCN;7.0;7.0;7.25;2.0;12.95;6.47;6.47;23.8;13.39;23.8;13.39;176.44;94.29;176.44;94.29;88.76;17.0;17.0;32.47;24.35;False;False
P15-7-3;P15;NUCLEO;NNNN;7.0;9.0;7.25;2.0;12.95;;;;;;;;;;;;;;;;;
P15-7-4;P15;NORMAL;CCNC;7.0;7.0;7.25;2.0;12.95;6.47;6.47;23.8;13.39;23.8;13.39;176.44;94.29;176.44;94.29;88.76;17.0;17.0;32.47;24.35;False;False
P15-7-5;P15;NORMAL;CCCS;7.0;7.0;7.25;2.0;12.95;6.47;6.47;23.8;13.39;23.8;13.39;176.44;94.29;176.44;94.29;88.76;17.0;17.0;32.47;24.35;False;False
P15-8-1;P15;NORMAL;CCSC;7.88;7.0;7.25;2.0;12.95;4.97;7.98;23.14;13.02;29.33;16.5;171.32;91.69;220.65;116.35;88.76;14.68;20.95;32.47;24.35;False;False
P15-8-2;P15;NORMAL;CCCC;7.88;7.0;7.25;2.0;12.95;4.97;7.98;23.14;13.02;29.33;16.5;171.32;91.69;220.65;116.35;88.76;14.68;20.95;32.47;24.35;False;False
P15-8-3;P15;NORMAL;NCCC;7.88;9.0;7.25;2.0;12.95;8.16;4.79;37.99;21.37;29.12;16.38;292.8;150.96;218.96;115.51;88.76;24.1;16.18;32.47;24.35;False;False
P15-8-4;P15;NORMAL;CCCC;7.88;7.0;7.25;2.0;12.95;4.97;7.98;23.14;13.02;29.33;16.5;171.32;91.69;220.65;116.35;88.76;14.68;20.95;32.47;24.35;False;False
P15-8-5;P15;NORMAL;CCCS;7.88;7.0;7.25;2.0;12.95;4.97;7.98;23.14;13.02;29.33;16.5;171.32;91.69;220.65;116.35;88.76;14.68;20.95;32.47;24.35;False;False
P15-9-1;P15;NORMAL;CCSC;7.87;7.0;7.25;2.0;12.95;4.99;7.96;23.16;13.03;29.27;16.46;171.42;91.75;220.19;116.12;88.76;14.71;20.91;32.47;24.35;False;False
P15-9-2;P15;NORMAL;CCCC;7.87;7.0;7.25;2.0;12.95;4.99;7.96;23.16;13.03;29.27;16.46;171.42;91.75;220.19;116.12;88.76;14.71;20.91;32.47;24.35;False;False
P15-9-3;P15;ANILLO;CCCC;7.87;9.0;7.25;2.0;12.95;8.17;4.78;37.96;21.35;29.03;16.33;292.59;150.86;218.21;115.14;88.76;24.12;16.13;32.47;24.35;False;False
P15-9-4;P15;NORMAL;CCCC;7.87;7.0;7.25;2.0;12.95;4.99;7.96;23.16;13.03;29.27;16.46;171.42;91.75;220.19;116.12;88.76;14.71;20.91;32.47;24.35;False;False
P15-9-5;P15;NORMAL;CCCS;7.87;7.0;7.25;2.0;12.95;4.99;7.96;23.16;13.03;29.27;16.46;171.42;91.75;220.19;116.12;88.76;14.71;20.91;32.47;24.35;False;False
P15-10-1;P15;NORMAL;CCSC;7.88;7.0;7.25;2.0;12.95;4.97;7.98;23.14;13.02;29.33;16.5;171.32;91.69;220.65;116.35;88.76;14.68;20.95;32.47;24.35;False;False
P15-10-2;P15;NORMAL;CCCC;7.88;7.0;7.25;2.0;12.95;4.97;7.98;23.14;13.02;29.33;16.5;171.32;91.69;220.65;116.35;88.76;14.68;20.95;32.47;24.35;False;False
P15-10-3;P15;ANILLO;CCCC;7.88;9.0;7.25;2.0;12.95;8.16;4.79;37.99;21.37;29.12;16.38;292.8;150.96;218.96;115.51;88.76;24.1;16.18;32.47;24.35;False;False
P15-10-4;P15;NORMAL;CCCC;7.88;7.0;7.25;2.0;12.95;4.97;7.98;23.14;13.02;29.33;16.5;171.32;91.69;220.65;116.35;88.76;14.68;20.95;32.47;24.35;False;False
P15-10-5;P15;NORMAL;CCCS;7.88;7.0;7.25;2.0;12.95;4.97;7.98;23.14;13.02;29.33;16.5;171.32;91.69;220.65;116.35;88.76;14.68;20.95;32.47;24.35;False;False
P15-11-1;P15;NORMAL;CSSC;7.87;7.0;7.25;2.0;12.95;4.99;7.96;23.16;13.03;29.27;16.46;171.42;91.75;220.19;116.12;88.76;14.71;20.91;32.47;24.35;False;False
P15-11-2;P15;NORMAL;CSCC;7.87;7.0;7.25;2.0;12.95;4.99;7.96;23.16;13.03;29.27;16.46;171.42;91.75;220.19;116.12;88.76;14.71;20.91;32.47;24.35;False;False
P15-11-3;P15;ANILLO;CSCC;7.87;9.0;7.25;2.0;12.95;8.17;4.78;37.96;21.35;29.03;16.33;292.59;150.86;218.21;115.14;88.76;24.12;16.13;32.47;24.35;False;False
P15-11-4;P15;NORMAL;CSCC;7.87;7.0;7.25;2.0;12.95;4.99;7.96;23.16;13.03;29.27;16.46;171.42;91.75;220.19;116.12;88.76;14.71;20.91;32.47;24.35;False;False
P15-11-5;P15;NORMAL;CSCS;7.87;7.0;7.25;2.0;12.95;4.99;7.96;23.16;13.03;29.27;16.46;171.42;91.75;220.19;116.12;88.76;14.71;20.91;32.47;24.35;False;False
P16-1-1;P16;NORMAL;SCSC;7.88;7.0;7.25;2.0;12.95;4.97;7.98;23.14;13.02;29.33;16.5;171.32;91.69;220.65;116.35;88.76;14.68;20.95;32.47;24.35;False;False
P16-1-2;P16;NORMAL;SCCC;7.88;7.0;7.25;2.0;12.95;4.97;7.98;23.14;13.02;29.33;16.5;171.32;91.69;220.65;116.35;88.76;14.68;20.95;32.47;24.35;False;False
P16-1-3;P16;ANILLO;SCCC;7.88;9.0;7.25;2.0;12.95;8.16;4.79;37.99;21.37;29.12;16.38;292.8;150.96;218.96;115.51;88.76;24.1;16.18;32.47;24.35;False;False
P16-1-4;P16;NORMAL;SCCC;7.88;7.0;7.25;2.0;12.95;4.97;7.98;23.14;13.02;29.33;16.5;171.32;91.69;220.65;116.35;88.76;14.68;20.95;32.47;24.35;False;False
P16-1-5;P16;NORMAL;SCCS;7.88;7.0;7.25;2.0;12.95;4.97;7.98;23.14;13.02;29.33;16.5;171.32;91.69;220.65;116.35;88.76;14.68;20.95;32.47;24.35;False;False
P16-2-1;P16;NORMAL;CCSC;7.87;7.0;7.25;2.0;12.95;4.99;7.96;23.16;13.03;29.27;16.46;171.42;91.75;220.19;116.12;88.76;14.71;20.91;32.47;24.35;False;False
P16-2-2;P16;NORMAL;CCCC;7.87;7.0;7.25;2.0;12.95;4.99;7.96;23.16;13.03;29.27;16.46;171.42;91.75;220.19;116.12;88.76;14.71;20.91;32.47;24.35;False;False
P16-2-3;P16;ANILLO;CCCC;7.87;9.0;7.25;2.0;12.95;8.17;4.78;37.96;21.35;29.03;16.33;292.59;150.86;218.21;115.14;88.76;24.12;16.13;32.47;24.35;False;False
P16-2-4;P16;NORMAL;CCCC;7.87;7.0;7.25;2.0;12.95;4.99;7.96;23.16;13.03;29.27;16.46;171.42;91.75;220.19;116.12;88.76;14.71;20.91;32.47;24.35;False;False
P16-2-5;P16;NORMAL;CCCS;7.87;7.0;7.25;2.0;12.95;4.99;7.96;23.16;13.03;29.27;16.46;171.42;91.75;220.19;116.12;88.76;14.71;20.91;32.47;24.35;False;False
P16-3-1;P16;NORMAL;CCSC;7.88;7.0;7.25;2.0;12.95;4.97;7.98;23.14;13.02;29.33;16.5;171.32;91.69;220.65;116.35;88.76;14.68;20.95;32.47;24.35;False;False
P16-3-2;P16;NORMAL;CCCC;7.88;7.0;7.25;2.0;12.95;4.97;7.98;23.14;13.02;29.33;16.5;171.32;91.69;220.65;116.35;88.76;14.68;20.95;32.47;24.35;False;False
P16-3-3;P16;ANILLO;CCCC;7.88;9.0;7.25;2.0;12.95;8.16;4.79;37.99;21.37;29.12;16.38;292.8;150.96;218.96;115.51;88.76;24.1;16.18;32.47;24.35;False;False
P16-3-4;P16;NORMAL;CCCC;7.88;7.0;7.25;2.0;12.95;4.97;7.98;23.14;13.02;29.33;16.5;171.32;91.69;220.65;116.35;88.76;14.68;20.95;32.47;24.35;False;False
P16-3-5;P16;NORMAL;CCCS;7.88;7.0;7.25;2.0;12.95;4.97;7.98;23.14;13.02;29.33;16.5;171.32;91.69;220.65;116.35;88.76;14.68;20.95;32.47;24.35;False;False
P16-4-1;P16;NORMAL;CCSC;7.87;7.0;7.25;2.0;12.95;4.99;7.96;23.16;13.03;29.27;16.46;171.42;91.75;220.19;116.12;88.76;14.71;20.91;32.47;24.35;False;False
P16-4-2;P16;NORMAL;CCCC;7.87;7.0;7.25;2.0;12.95;4.99;7.96;23.16;13.03;29.27;16.46;171.42;91.75;220.19;116.12;88.76;14.71;20.91;32.47;24.35;False;False
P16-4-3;P16;NORMAL;CNCC;7.87;9.0;7.25;2.0;12.95;8.17;4.78;37.96;21.35;29.03;16.33;292.59;150.86;218.21;115.14;88.76;24.12;16.13;32.47;24.35;False;False
P16-4-4;P16;NORMAL;CCCC;7.87;7.0;7.25;2.0;12.95;4.99;7.96;23.16;13.03;29.27;16.46;171.42;91.75;220.19;116.12;88.76;14.71;20.91;32.47;24.35;False;False
P16-4-5;P16;NORMAL;CCCS;7.87;7.0;7.25;2.0;12.95;4.99;7.96;23.16;13.03;29.27;16.46;171.42;91.75;220.19;116.12;88.76;14.71;20.91;32.47;24.35;False;False
P16-5-1;P16;NORMAL;CCSC;7.0;7.0;7.25;2.0;12.95;6.47;6.47;23.8;13.39;23.8;13.39;176.44;94.29;176.44;94.29;88.76;17.0;17.0;32.47;24.35;False;False
P16-5-2;P16;NORMAL;CCCN;7.0;7.0;7.25;2.0;12.95;6.47;6.47;23.8;13.39;23.8;13.39;176.44;94.29;176.44;94.29;88.76;17.0;17.0;32.47;24.35;False;False
P16-5-3;P16;NUCLEO;NNNN;7.0;9.0;7.25;2.0;12.95;;;;;;;;;;;;;;;;;
P16-5-4;P16;NORMAL;CCNC;7.0;7.0;7.25;2.0;12.95;6.47;6.47;23.8;13.39;23.8;13.39;176.44;94.29;176.44;94.29;88.76;17.0;17.0;32.47;24.35;False;False
P16-5-5;P16;NORMAL;CCCS;7.0;7.0;7.25;2.0;12.95;6.47;6.47;23.8;13.39;23.8;13.39;176.44;94.29;176.44;94.29;88.76;17.0;17.0;32.47;24.35;False;False
P16-6-1;P16;NORMAL;CCSC;8.0;7.0;7.25;2.0;12.95;4.79;8.16;22.97;12.92;30.0;16.88;169.97;91.01;226.15;119.04;88.76;14.36;21.43;32.47;24.35;False;False
P16-6-2;P16;NORMAL;CCCP;8.0;7.0;7.25;2.0;12.95;4.79;8.16;22.97;12.92;30.0;16.88;169.97;91.01;226.15;119.04;88.76;14.36;21.43;32.47;24.35;False;False
P16-6-3;P16;VACIO;NNPP;8.0;9.0;7.25;2.0;12.95;;;;;;;;;;;;;;;;;
P16-6-4;P16;NORMAL;CCPC;8.0;7.0;7.25;2.0;12.95;4.79;8.16;22.97;12.92;30.0;16.88;169.97;91.01;226.15;119.04;88.76;14.36;21.43;32.47;24.35;False;False
P16-6-5;P16;NORMAL;CCCS;8.0;7.0;7.25;2.0;12.95;4.79;8.16;22.97;12.92;30.0;16.88;169.97;91.01;226.15;119.04;88.76;14.36;21.43;32.47;24.35;False;False
P16-7-1;P16;NORMAL;CCSC;7.0;7.0;7.25;2.0;12.95;6.47;6.47;23.8;13.39;23.8;13.39;176.44;94.29;176.44;94.29;88.76;17.0;17.0;32.47;24.35;False;False
P16-7-2;P16;NORMAL;CCCN;7.0;7.0;7.25;2.0;12.95;6.47;6.47;23.8;13.39;23.8;13.39;176.44;94.29;176.44;94.29;88.76;17.0;17.0;32.47;24.35;False;False
P16-7-3;P16;NUCLEO;NNNN;7.0;9.0;7.25;2.0;12.95;;;;;;;;;;;;;;;;;
P16-7-4;P16;NORMAL;CCNC;7.0;7.0;7.25;2.0;12.95;6.47;6.47;23.8;13.39;23.8;13.39;176.44;94.29;176.44;94.29;88.76;17.0;17.0;32.47;24.35;False;False
P16-7-5;P16;NORMAL;CCCS;7.0;7.0;7.25;2.0;12.95;6.47;6.47;23.8;13.39;23.8;13.39;176.44;94.29;176.44;94.29;88.76;17.0;17.0;32.47;24.35;False;False
P16-8-1;P16;NORMAL;CCSC;7.88;7.0;7.25;2.0;12.95;4.97;7.98;23.14;13.02;29.33;16.5;171.32;91.69;220.65;116.35;88.76;14.68;20.95;32.47;24.35;False;False
P16-8-2;P16;NORMAL;CCCC;7.88;7.0;7.25;2.0;12.95;4.97;7.98;23.14;13.02;29.33;16.5;171.32;91.69;220.65;116.35;88.76;14.68;20.95;32.47;24.35;False;False
P16-8-3;P16;NORMAL;NCCC;7.88;9.0;7.25;2.0;12.95;8.16;4.79;37.99;21.37;29.12;16.38;292.8;150.96;218.96;115.51;88.76;24.1;16.18;32.47;24.35;False;False
P16-8-4;P16;NORMAL;CCCC;7.88;7.0;7.25;2.0;12.95;4.97;7.98;23.14;13.02;29.33;16.5;171.32;91.69;220.65;116.35;88.76;14.68;20.95;32.47;24.35;False;False
P16-8-5;P16;NORMAL;CCCS;7.88;7.0;7.25;2.0;12.95;4.97;7.98;23.14;13.02;29.33;16.5;171.32;91.69;220.65;116.35;88.76;14.68;20.95;32.47;24.35;False;False
P16-9-1;P16;NORMAL;CCSC;7.87;7.0;7.25;2.0;12.95;4.99;7.96;23.16;13.03;29.27;16.46;171.42;91.75;220.19;116.12;88.76;14.71;20.91;32.47;24.35;False;False
P16-9-2;P16;NORMAL;CCCC;7.87;7.0;7.25;2.0;12.95;4.99;7.96;23.16;13.03;29.27;16.46;171.42;91.75;220.19;116.12;88.76;14.71;20.91;32.47;24.35;False;False
P16-9-3;P16;ANILLO;CCCC;7.87;9.0;7.25;2.0;12.95;8.17;4.78;37.96;21.35;29.03;16.33;292.59;150.86;218.21;115.14;88.76;24.12;16.13;32.47;24.35;False;False
P16-9-4;P16;NORMAL;CCCC;7.87;7.0;7.25;2.0;12.95;4.99;7.96;23.16;13.03;29.27;16.46;171.42;91.75;220.19;116.12;88.76;14.71;20.91;32.47;24.35;False;False
P16-9-5;P16;NORMAL;CCCS;7.87;7.0;7.25;2.0;12.95;4.99;7.96;23.16;13.03;29.27;16.46;171.42;91.75;220.19;116.12;88.76;14.71;20.91;32.47;24.35;False;False
P16-10-1;P16;NORMAL;CCSC;7.88;7.0;7.25;2.0;12.95;4.97;7.98;23.14;13.02;29.33;16.5;171.32;91.69;220.65;116.35;88.76;14.68;20.95;32.47;24.35;False;False
P16-10-2;P16;NORMAL;CCCC;7.88;7.0;7.25;2.0;12.95;4.97;7.98;23.14;13.02;29.33;16.5;171.32;91.69;220.65;116.35;88.76;14.68;20.95;32.47;24.35;False;False
P16-10-3;P16;ANILLO;CCCC;7.88;9.0;7.25;2.0;12.95;8.16;4.79;37.99;21.37;29.12;16.38;292.8;150.96;218.96;115.51;88.76;24.1;16.18;32.47;24.35;False;False
P16-10-4;P16;NORMAL;CCCC;7.88;7.0;7.25;2.0;12.95;4.97;7.98;23.14;13.02;29.33;16.5;171.32;91.69;220.65;116.35;88.76;14.68;20.95;32.47;24.35;False;False
P16-10-5;P16;NORMAL;CCCS;7.88;7.0;7.25;2.0;12.95;4.97;7.98;23.14;13.02;29.33;16.5;171.32;91.69;220.65;116.35;88.76;14.68;20.95;32.47;24.35;False;False
P16-11-1;P16;NORMAL;CSSC;7.87;7.0;7.25;2.0;12.95;4.99;7.96;23.16;13.03;29.27;16.46;171.42;91.75;220.19;116.12;88.76;14.71;20.91;32.47;24.35;False;False
P16-11-2;P16;NORMAL;CSCC;7.87;7.0;7.25;2.0;12.95;4.99;7.96;23.16;13.03;29.27;16.46;171.42;91.75;220.19;116.12;88.76;14.71;20.91;32.47;24.35;False;False
P16-11-3;P16;ANILLO;CSCC;7.87;9.0;7.25;2.0;12.95;8.17;4.78;37.96;21.35;29.03;16.33;292.59;150.86;218.21;115.14;88.76;24.12;16.13;32.47;24.35;False;False
P16-11-4;P16;NORMAL;CSCC;7.87;7.0;7.25;2.0;12.95;4.99;7.96;23.16;13.03;29.27;16.46;171.42;91.75;220.19;116.12;88.76;14.71;20.91;32.47;24.35;False;False
P16-11-5;P16;NORMAL;CSCS;7.87;7.0;7.25;2.0;12.95;4.99;7.96;23.16;13.03;29.27;16.46;171.42;91.75;220.19;116.12;88.76;14.71;20.91;32.47;24.35;False;False
P17-1-1;P17;NORMAL;SCSC;7.88;7.0;7.25;2.0;12.95;4.97;7.98;23.14;13.02;29.33;16.5;171.32;91.69;220.65;116.35;88.76;14.68;20.95;32.47;24.35;False;False
P17-1-2;P17;NORMAL;SCCC;7.88;7.0;7.25;2.0;12.95;4.97;7.98;23.14;13.02;29.33;16.5;171.32;91.69;220.65;116.35;88.76;14.68;20.95;32.47;24.35;False;False
P17-1-3;P17;ANILLO;SCCC;7.88;9.0;7.25;2.0;12.95;8.16;4.79;37.99;21.37;29.12;16.38;292.8;150.96;218.96;115.51;88.76;24.1;16.18;32.47;24.35;False;False
P17-1-4;P17;NORMAL;SCCC;7.88;7.0;7.25;2.0;12.95;4.97;7.98;23.14;13.02;29.33;16.5;171.32;91.69;220.65;116.35;88.76;14.68;20.95;32.47;24.35;False;False
P17-1-5;P17;NORMAL;SCCS;7.88;7.0;7.25;2.0;12.95;4.97;7.98;23.14;13.02;29.33;16.5;171.32;91.69;220.65;116.35;88.76;14.68;20.95;32.47;24.35;False;False
P17-2-1;P17;NORMAL;CCSC;7.87;7.0;7.25;2.0;12.95;4.99;7.96;23.16;13.03;29.27;16.46;171.42;91.75;220.19;116.12;88.76;14.71;20.91;32.47;24.35;False;False
P17-2-2;P17;NORMAL;CCCC;7.87;7.0;7.25;2.0;12.95;4.99;7.96;23.16;13.03;29.27;16.46;171.42;91.75;220.19;116.12;88.76;14.71;20.91;32.47;24.35;False;False
P17-2-3;P17;ANILLO;CCCC;7.87;9.0;7.25;2.0;12.95;8.17;4.78;37.96;21.35;29.03;16.33;292.59;150.86;218.21;115.14;88.76;24.12;16.13;32.47;24.35;False;False
P17-2-4;P17;NORMAL;CCCC;7.87;7.0;7.25;2.0;12.95;4.99;7.96;23.16;13.03;29.27;16.46;171.42;91.75;220.19;116.12;88.76;14.71;20.91;32.47;24.35;False;False
P17-2-5;P17;NORMAL;CCCS;7.87;7.0;7.25;2.0;12.95;4.99;7.96;23.16;13.03;29.27;16.46;171.42;91.75;220.19;116.12;88.76;14.71;20.91;32.47;24.35;False;False
P17-3-1;P17;NORMAL;CCSC;7.88;7.0;7.25;2.0;12.95;4.97;7.98;23.14;13.02;29.33;16.5;171.32;91.69;220.65;116.35;88.76;14.68;20.95;32.47;24.35;False;False
P17-3-2;P17;NORMAL;CCCC;7.88;7.0;7.25;2.0;12.95;4.97;7.98;23.14;13.02;29.33;16.5;171.32;91.69;220.65;116.35;88.76;14.68;20.95;32.47;24.35;False;False
P17-3-3;P17;ANILLO;CCCC;7.88;9.0;7.25;2.0;12.95;8.16;4.79;37.99;21.37;29.12;16.38;292.8;150.96;218.96;115.51;88.76;24.1;16.18;32.47;24.35;False;False
P17-3-4;P17;NORMAL;CCCC;7.88;7.0;7.25;2.0;12.95;4.97;7.98;23.14;13.02;29.33;16.5;171.32;91.69;220.65;116.35;88.76;14.68;20.95;32.47;24.35;False;False
P17-3-5;P17;NORMAL;CCCS;7.88;7.0;7.25;2.0;12.95;4.97;7.98;23.14;13.02;29.33;16.5;171.32;91.69;220.65;116.35;88.76;14.68;20.95;32.47;24.35;False;False
P17-4-1;P17;NORMAL;CCSC;7.87;7.0;7.25;2.0;12.95;4.99;7.96;23.16;13.03;29.27;16.46;171.42;91.75;220.19;116.12;88.76;14.71;20.91;32.47;24.35;False;False
P17-4-2;P17;NORMAL;CCCC;7.87;7.0;7.25;2.0;12.95;4.99;7.96;23.16;13.03;29.27;16.46;171.42;91.75;220.19;116.12;88.76;14.71;20.91;32.47;24.35;False;False
P17-4-3;P17;NORMAL;CNCC;7.87;9.0;7.25;2.0;12.95;8.17;4.78;37.96;21.35;29.03;16.33;292.59;150.86;218.21;115.14;88.76;24.12;16.13;32.47;24.35;False;False
P17-4-4;P17;NORMAL;CCCC;7.87;7.0;7.25;2.0;12.95;4.99;7.96;23.16;13.03;29.27;16.46;171.42;91.75;220.19;116.12;88.76;14.71;20.91;32.47;24.35;False;False
P17-4-5;P17;NORMAL;CCCS;7.87;7.0;7.25;2.0;12.95;4.99;7.96;23.16;13.03;29.27;16.46;171.42;91.75;220.19;116.12;88.76;14.71;20.91;32.47;24.35;False;False
P17-5-1;P17;NORMAL;CCSC;7.0;7.0;7.25;2.0;12.95;6.47;6.47;23.8;13.39;23.8;13.39;176.44;94.29;176.44;94.29;88.76;17.0;17.0;32.47;24.35;False;False
P17-5-2;P17;NORMAL;CCCN;7.0;7.0;7.25;2.0;12.95;6.47;6.47;23.8;13.39;23.8;13.39;176.44;94.29;176.44;94.29;88.76;17.0;17.0;32.47;24.35;False;False
P17-5-3;P17;NUCLEO;NNNN;7.0;9.0;7.25;2.0;12.95;;;;;;;;;;;;;;;;;
P17-5-4;P17;NORMAL;CCNC;7.0;7.0;7.25;2.0;12.95;6.47;6.47;23.8;13.39;23.8;13.39;176.44;94.29;176.44;94.29;88.76;17.0;17.0;32.47;24.35;False;False
P17-5-5;P17;NORMAL;CCCS;7.0;7.0;7.25;2.0;12.95;6.47;6.47;23.8;13.39;23.8;13.39;176.44;94.29;176.44;94.29;88.76;17.0;17.0;32.47;24.35;False;False
P17-6-1;P17;NORMAL;CCSC;8.0;7.0;7.25;2.0;12.95;4.79;8.16;22.97;12.92;30.0;16.88;169.97;91.01;226.15;119.04;88.76;14.36;21.43;32.47;24.35;False;False
P17-6-2;P17;NORMAL;CCCP;8.0;7.0;7.25;2.0;12.95;4.79;8.16;22.97;12.92;30.0;16.88;169.97;91.01;226.15;119.04;88.76;14.36;21.43;32.47;24.35;False;False
P17-6-3;P17;VACIO;NNPP;8.0;9.0;7.25;2.0;12.95;;;;;;;;;;;;;;;;;
P17-6-4;P17;NORMAL;CCPC;8.0;7.0;7.25;2.0;12.95;4.79;8.16;22.97;12.92;30.0;16.88;169.97;91.01;226.15;119.04;88.76;14.36;21.43;32.47;24.35;False;False
P17-6-5;P17;NORMAL;CCCS;8.0;7.0;7.25;2.0;12.95;4.79;8.16;22.97;12.92;30.0;16.88;169.97;91.01;226.15;119.04;88.76;14.36;21.43;32.47;24.35;False;False
P17-7-1;P17;NORMAL;CCSC;7.0;7.0;7.25;2.0;12.95;6.47;6.47;23.8;13.39;23.8;13.39;176.44;94.29;176.44;94.29;88.76;17.0;17.0;32.47;24.35;False;False
P17-7-2;P17;NORMAL;CCCN;7.0;7.0;7.25;2.0;12.95;6.47;6.47;23.8;13.39;23.8;13.39;176.44;94.29;176.44;94.29;88.76;17.0;17.0;32.47;24.35;False;False
P17-7-3;P17;NUCLEO;NNNN;7.0;9.0;7.25;2.0;12.95;;;;;;;;;;;;;;;;;
P17-7-4;P17;NORMAL;CCNC;7.0;7.0;7.25;2.0;12.95;6.47;6.47;23.8;13.39;23.8;13.39;176.44;94.29;176.44;94.29;88.76;17.0;17.0;32.47;24.35;False;False
P17-7-5;P17;NORMAL;CCCS;7.0;7.0;7.25;2.0;12.95;6.47;6.47;23.8;13.39;23.8;13.39;176.44;94.29;176.44;94.29;88.76;17.0;17.0;32.47;24.35;False;False
P17-8-1;P17;NORMAL;CCSC;7.88;7.0;7.25;2.0;12.95;4.97;7.98;23.14;13.02;29.33;16.5;171.32;91.69;220.65;116.35;88.76;14.68;20.95;32.47;24.35;False;False
P17-8-2;P17;NORMAL;CCCC;7.88;7.0;7.25;2.0;12.95;4.97;7.98;23.14;13.02;29.33;16.5;171.32;91.69;220.65;116.35;88.76;14.68;20.95;32.47;24.35;False;False
P17-8-3;P17;NORMAL;NCCC;7.88;9.0;7.25;2.0;12.95;8.16;4.79;37.99;21.37;29.12;16.38;292.8;150.96;218.96;115.51;88.76;24.1;16.18;32.47;24.35;False;False
P17-8-4;P17;NORMAL;CCCC;7.88;7.0;7.25;2.0;12.95;4.97;7.98;23.14;13.02;29.33;16.5;171.32;91.69;220.65;116.35;88.76;14.68;20.95;32.47;24.35;False;False
P17-8-5;P17;NORMAL;CCCS;7.88;7.0;7.25;2.0;12.95;4.97;7.98;23.14;13.02;29.33;16.5;171.32;91.69;220.65;116.35;88.76;14.68;20.95;32.47;24.35;False;False
P17-9-1;P17;NORMAL;CCSC;7.87;7.0;7.25;2.0;12.95;4.99;7.96;23.16;13.03;29.27;16.46;171.42;91.75;220.19;116.12;88.76;14.71;20.91;32.47;24.35;False;False
P17-9-2;P17;NORMAL;CCCC;7.87;7.0;7.25;2.0;12.95;4.99;7.96;23.16;13.03;29.27;16.46;171.42;91.75;220.19;116.12;88.76;14.71;20.91;32.47;24.35;False;False
P17-9-3;P17;ANILLO;CCCC;7.87;9.0;7.25;2.0;12.95;8.17;4.78;37.96;21.35;29.03;16.33;292.59;150.86;218.21;115.14;88.76;24.12;16.13;32.47;24.35;False;False
P17-9-4;P17;NORMAL;CCCC;7.87;7.0;7.25;2.0;12.95;4.99;7.96;23.16;13.03;29.27;16.46;171.42;91.75;220.19;116.12;88.76;14.71;20.91;32.47;24.35;False;False
P17-9-5;P17;NORMAL;CCCS;7.87;7.0;7.25;2.0;12.95;4.99;7.96;23.16;13.03;29.27;16.46;171.42;91.75;220.19;116.12;88.76;14.71;20.91;32.47;24.35;False;False
P17-10-1;P17;NORMAL;CCSC;7.88;7.0;7.25;2.0;12.95;4.97;7.98;23.14;13.02;29.33;16.5;171.32;91.69;220.65;116.35;88.76;14.68;20.95;32.47;24.35;False;False
P17-10-2;P17;NORMAL;CCCC;7.88;7.0;7.25;2.0;12.95;4.97;7.98;23.14;13.02;29.33;16.5;171.32;91.69;220.65;116.35;88.76;14.68;20.95;32.47;24.35;False;False
P17-10-3;P17;ANILLO;CCCC;7.88;9.0;7.25;2.0;12.95;8.16;4.79;37.99;21.37;29.12;16.38;292.8;150.96;218.96;115.51;88.76;24.1;16.18;32.47;24.35;False;False
P17-10-4;P17;NORMAL;CCCC;7.88;7.0;7.25;2.0;12.95;4.97;7.98;23.14;13.02;29.33;16.5;171.32;91.69;220.65;116.35;88.76;14.68;20.95;32.47;24.35;False;False
P17-10-5;P17;NORMAL;CCCS;7.88;7.0;7.25;2.0;12.95;4.97;7.98;23.14;13.02;29.33;16.5;171.32;91.69;220.65;116.35;88.76;14.68;20.95;32.47;24.35;False;False
P17-11-1;P17;NORMAL;CSSC;7.87;7.0;7.25;2.0;12.95;4.99;7.96;23.16;13.03;29.27;16.46;171.42;91.75;220.19;116.12;88.76;14.71;20.91;32.47;24.35;False;False
P17-11-2;P17;NORMAL;CSCC;7.87;7.0;7.25;2.0;12.95;4.99;7.96;23.16;13.03;29.27;16.46;171.42;91.75;220.19;116.12;88.76;14.71;20.91;32.47;24.35;False;False
P17-11-3;P17;ANILLO;CSCC;7.87;9.0;7.25;2.0;12.95;8.17;4.78;37.96;21.35;29.03;16.33;292.59;150.86;218.21;115.14;88.76;24.12;16.13;32.47;24.35;False;False
P17-11-4;P17;NORMAL;CSCC;7.87;7.0;7.25;2.0;12.95;4.99;7.96;23.16;13.03;29.27;16.46;171.42;91.75;220.19;116.12;88.76;14.71;20.91;32.47;24.35;False;False
P17-11-5;P17;NORMAL;CSCS;7.87;7.0;7.25;2.0;12.95;4.99;7.96;23.16;13.03;29.27;16.46;171.42;91.75;220.19;116.12;88.76;14.71;20.91;32.47;24.35;False;False
P18-1-1;P18;NORMAL;SCSC;7.88;7.0;7.25;2.0;12.95;4.97;7.98;23.14;13.02;29.33;16.5;171.32;91.69;220.65;116.35;88.76;14.68;20.95;32.47;24.35;False;False
P18-1-2;P18;NORMAL;SCCC;7.88;7.0;7.25;2.0;12.95;4.97;7.98;23.14;13.02;29.33;16.5;171.32;91.69;220.65;116.35;88.76;14.68;20.95;32.47;24.35;False;False
P18-1-3;P18;ANILLO;SCCC;7.88;9.0;7.25;2.0;12.95;8.16;4.79;37.99;21.37;29.12;16.38;292.8;150.96;218.96;115.51;88.76;24.1;16.18;32.47;24.35;False;False
P18-1-4;P18;NORMAL;SCCC;7.88;7.0;7.25;2.0;12.95;4.97;7.98;23.14;13.02;29.33;16.5;171.32;91.69;220.65;116.35;88.76;14.68;20.95;32.47;24.35;False;False
P18-1-5;P18;NORMAL;SCCS;7.88;7.0;7.25;2.0;12.95;4.97;7.98;23.14;13.02;29.33;16.5;171.32;91.69;220.65;116.35;88.76;14.68;20.95;32.47;24.35;False;False
P18-2-1;P18;NORMAL;CCSC;7.87;7.0;7.25;2.0;12.95;4.99;7.96;23.16;13.03;29.27;16.46;171.42;91.75;220.19;116.12;88.76;14.71;20.91;32.47;24.35;False;False
P18-2-2;P18;NORMAL;CCCC;7.87;7.0;7.25;2.0;12.95;4.99;7.96;23.16;13.03;29.27;16.46;171.42;91.75;220.19;116.12;88.76;14.71;20.91;32.47;24.35;False;False
P18-2-3;P18;ANILLO;CCCC;7.87;9.0;7.25;2.0;12.95;8.17;4.78;37.96;21.35;29.03;16.33;292.59;150.86;218.21;115.14;88.76;24.12;16.13;32.47;24.35;False;False
P18-2-4;P18;NORMAL;CCCC;7.87;7.0;7.25;2.0;12.95;4.99;7.96;23.16;13.03;29.27;16.46;171.42;91.75;220.19;116.12;88.76;14.71;20.91;32.47;24.35;False;False
P18-2-5;P18;NORMAL;CCCS;7.87;7.0;7.25;2.0;12.95;4.99;7.96;23.16;13.03;29.27;16.46;171.42;91.75;220.19;116.12;88.76;14.71;20.91;32.47;24.35;False;False
P18-3-1;P18;NORMAL;CCSC;7.88;7.0;7.25;2.0;12.95;4.97;7.98;23.14;13.02;29.33;16.5;171.32;91.69;220.65;116.35;88.76;14.68;20.95;32.47;24.35;False;False
P18-3-2;P18;NORMAL;CCCC;7.88;7.0;7.25;2.0;12.95;4.97;7.98;23.14;13.02;29.33;16.5;171.32;91.69;220.65;116.35;88.76;14.68;20.95;32.47;24.35;False;False
P18-3-3;P18;ANILLO;CCCC;7.88;9.0;7.25;2.0;12.95;8.16;4.79;37.99;21.37;29.12;16.38;292.8;150.96;218.96;115.51;88.76;24.1;16.18;32.47;24.35;False;False
P18-3-4;P18;NORMAL;CCCC;7.88;7.0;7.25;2.0;12.95;4.97;7.98;23.14;13.02;29.33;16.5;171.32;91.69;220.65;116.35;88.76;14.68;20.95;32.47;24.35;False;False
P18-3-5;P18;NORMAL;CCCS;7.88;7.0;7.25;2.0;12.95;4.97;7.98;23.14;13.02;29.33;16.5;171.32;91.69;220.65;116.35;88.76;14.68;20.95;32.47;24.35;False;False
P18-4-1;P18;NORMAL;CCSC;7.87;7.0;7.25;2.0;12.95;4.99;7.96;23.16;13.03;29.27;16.46;171.42;91.75;220.19;116.12;88.76;14.71;20.91;32.47;24.35;False;False
P18-4-2;P18;NORMAL;CCCC;7.87;7.0;7.25;2.0;12.95;4.99;7.96;23.16;13.03;29.27;16.46;171.42;91.75;220.19;116.12;88.76;14.71;20.91;32.47;24.35;False;False
P18-4-3;P18;NORMAL;CNCC;7.87;9.0;7.25;2.0;12.95;8.17;4.78;37.96;21.35;29.03;16.33;292.59;150.86;218.21;115.14;88.76;24.12;16.13;32.47;24.35;False;False
P18-4-4;P18;NORMAL;CCCC;7.87;7.0;7.25;2.0;12.95;4.99;7.96;23.16;13.03;29.27;16.46;171.42;91.75;220.19;116.12;88.76;14.71;20.91;32.47;24.35;False;False
P18-4-5;P18;NORMAL;CCCS;7.87;7.0;7.25;2.0;12.95;4.99;7.96;23.16;13.03;29.27;16.46;171.42;91.75;220.19;116.12;88.76;14.71;20.91;32.47;24.35;False;False
P18-5-1;P18;NORMAL;CCSC;7.0;7.0;7.25;2.0;12.95;6.47;6.47;23.8;13.39;23.8;13.39;176.44;94.29;176.44;94.29;88.76;17.0;17.0;32.47;24.35;False;False
P18-5-2;P18;NORMAL;CCCN;7.0;7.0;7.25;2.0;12.95;6.47;6.47;23.8;13.39;23.8;13.39;176.44;94.29;176.44;94.29;88.76;17.0;17.0;32.47;24.35;False;False
P18-5-3;P18;NUCLEO;NNNN;7.0;9.0;7.25;2.0;12.95;;;;;;;;;;;;;;;;;
P18-5-4;P18;NORMAL;CCNC;7.0;7.0;7.25;2.0;12.95;6.47;6.47;23.8;13.39;23.8;13.39;176.44;94.29;176.44;94.29;88.76;17.0;17.0;32.47;24.35;False;False
P18-5-5;P18;NORMAL;CCCS;7.0;7.0;7.25;2.0;12.95;6.47;6.47;23.8;13.39;23.8;13.39;176.44;94.29;176.44;94.29;88.76;17.0;17.0;32.47;24.35;False;False
P18-6-1;P18;NORMAL;CCSC;8.0;7.0;7.25;2.0;12.95;4.79;8.16;22.97;12.92;30.0;16.88;169.97;91.01;226.15;119.04;88.76;14.36;21.43;32.47;24.35;False;False
P18-6-2;P18;NORMAL;CCCP;8.0;7.0;7.25;2.0;12.95;4.79;8.16;22.97;12.92;30.0;16.88;169.97;91.01;226.15;119.04;88.76;14.36;21.43;32.47;24.35;False;False
P18-6-3;P18;VACIO;NNPP;8.0;9.0;7.25;2.0;12.95;;;;;;;;;;;;;;;;;
P18-6-4;P18;NORMAL;CCPC;8.0;7.0;7.25;2.0;12.95;4.79;8.16;22.97;12.92;30.0;16.88;169.97;91.01;226.15;119.04;88.76;14.36;21.43;32.47;24.35;False;False
P18-6-5;P18;NORMAL;CCCS;8.0;7.0;7.25;2.0;12.95;4.79;8.16;22.97;12.92;30.0;16.88;169.97;91.01;226.15;119.04;88.76;14.36;21.43;32.47;24.35;False;False
P18-7-1;P18;NORMAL;CCSC;7.0;7.0;7.25;2.0;12.95;6.47;6.47;23.8;13.39;23.8;13.39;176.44;94.29;176.44;94.29;88.76;17.0;17.0;32.47;24.35;False;False
P18-7-2;P18;NORMAL;CCCN;7.0;7.0;7.25;2.0;12.95;6.47;6.47;23.8;13.39;23.8;13.39;176.44;94.29;176.44;94.29;88.76;17.0;17.0;32.47;24.35;False;False
P18-7-3;P18;NUCLEO;NNNN;7.0;9.0;7.25;2.0;12.95;;;;;;;;;;;;;;;;;
P18-7-4;P18;NORMAL;CCNC;7.0;7.0;7.25;2.0;12.95;6.47;6.47;23.8;13.39;23.8;13.39;176.44;94.29;176.44;94.29;88.76;17.0;17.0;32.47;24.35;False;False
P18-7-5;P18;NORMAL;CCCS;7.0;7.0;7.25;2.0;12.95;6.47;6.47;23.8;13.39;23.8;13.39;176.44;94.29;176.44;94.29;88.76;17.0;17.0;32.47;24.35;False;False
P18-8-1;P18;NORMAL;CCSC;7.88;7.0;7.25;2.0;12.95;4.97;7.98;23.14;13.02;29.33;16.5;171.32;91.69;220.65;116.35;88.76;14.68;20.95;32.47;24.35;False;False
P18-8-2;P18;NORMAL;CCCC;7.88;7.0;7.25;2.0;12.95;4.97;7.98;23.14;13.02;29.33;16.5;171.32;91.69;220.65;116.35;88.76;14.68;20.95;32.47;24.35;False;False
P18-8-3;P18;NORMAL;NCCC;7.88;9.0;7.25;2.0;12.95;8.16;4.79;37.99;21.37;29.12;16.38;292.8;150.96;218.96;115.51;88.76;24.1;16.18;32.47;24.35;False;False
P18-8-4;P18;NORMAL;CCCC;7.88;7.0;7.25;2.0;12.95;4.97;7.98;23.14;13.02;29.33;16.5;171.32;91.69;220.65;116.35;88.76;14.68;20.95;32.47;24.35;False;False
P18-8-5;P18;NORMAL;CCCS;7.88;7.0;7.25;2.0;12.95;4.97;7.98;23.14;13.02;29.33;16.5;171.32;91.69;220.65;116.35;88.76;14.68;20.95;32.47;24.35;False;False
P18-9-1;P18;NORMAL;CCSC;7.87;7.0;7.25;2.0;12.95;4.99;7.96;23.16;13.03;29.27;16.46;171.42;91.75;220.19;116.12;88.76;14.71;20.91;32.47;24.35;False;False
P18-9-2;P18;NORMAL;CCCC;7.87;7.0;7.25;2.0;12.95;4.99;7.96;23.16;13.03;29.27;16.46;171.42;91.75;220.19;116.12;88.76;14.71;20.91;32.47;24.35;False;False
P18-9-3;P18;ANILLO;CCCC;7.87;9.0;7.25;2.0;12.95;8.17;4.78;37.96;21.35;29.03;16.33;292.59;150.86;218.21;115.14;88.76;24.12;16.13;32.47;24.35;False;False
P18-9-4;P18;NORMAL;CCCC;7.87;7.0;7.25;2.0;12.95;4.99;7.96;23.16;13.03;29.27;16.46;171.42;91.75;220.19;116.12;88.76;14.71;20.91;32.47;24.35;False;False
P18-9-5;P18;NORMAL;CCCS;7.87;7.0;7.25;2.0;12.95;4.99;7.96;23.16;13.03;29.27;16.46;171.42;91.75;220.19;116.12;88.76;14.71;20.91;32.47;24.35;False;False
P18-10-1;P18;NORMAL;CCSC;7.88;7.0;7.25;2.0;12.95;4.97;7.98;23.14;13.02;29.33;16.5;171.32;91.69;220.65;116.35;88.76;14.68;20.95;32.47;24.35;False;False
P18-10-2;P18;NORMAL;CCCC;7.88;7.0;7.25;2.0;12.95;4.97;7.98;23.14;13.02;29.33;16.5;171.32;91.69;220.65;116.35;88.76;14.68;20.95;32.47;24.35;False;False
P18-10-3;P18;ANILLO;CCCC;7.88;9.0;7.25;2.0;12.95;8.16;4.79;37.99;21.37;29.12;16.38;292.8;150.96;218.96;115.51;88.76;24.1;16.18;32.47;24.35;False;False
P18-10-4;P18;NORMAL;CCCC;7.88;7.0;7.25;2.0;12.95;4.97;7.98;23.14;13.02;29.33;16.5;171.32;91.69;220.65;116.35;88.76;14.68;20.95;32.47;24.35;False;False
P18-10-5;P18;NORMAL;CCCS;7.88;7.0;7.25;2.0;12.95;4.97;7.98;23.14;13.02;29.33;16.5;171.32;91.69;220.65;116.35;88.76;14.68;20.95;32.47;24.35;False;False
P18-11-1;P18;NORMAL;CSSC;7.87;7.0;7.25;2.0;12.95;4.99;7.96;23.16;13.03;29.27;16.46;171.42;91.75;220.19;116.12;88.76;14.71;20.91;32.47;24.35;False;False
P18-11-2;P18;NORMAL;CSCC;7.87;7.0;7.25;2.0;12.95;4.99;7.96;23.16;13.03;29.27;16.46;171.42;91.75;220.19;116.12;88.76;14.71;20.91;32.47;24.35;False;False
P18-11-3;P18;ANILLO;CSCC;7.87;9.0;7.25;2.0;12.95;8.17;4.78;37.96;21.35;29.03;16.33;292.59;150.86;218.21;115.14;88.76;24.12;16.13;32.47;24.35;False;False
P18-11-4;P18;NORMAL;CSCC;7.87;7.0;7.25;2.0;12.95;4.99;7.96;23.16;13.03;29.27;16.46;171.42;91.75;220.19;116.12;88.76;14.71;20.91;32.47;24.35;False;False
P18-11-5;P18;NORMAL;CSCS;7.87;7.0;7.25;2.0;12.95;4.99;7.96;23.16;13.03;29.27;16.46;171.42;91.75;220.19;116.12;88.76;14.71;20.91;32.47;24.35;False;False
AZ-1-1;AZ;NORMAL;SCSC;7.88;7.0;6.25;2.0;11.55;4.43;7.12;20.64;11.61;26.16;14.71;151.83;81.74;195.15;103.7;88.76;13.1;18.68;32.47;24.35;False;False
AZ-1-2;AZ;NORMAL;SCCC;7.88;7.0;6.25;2.0;11.55;4.43;7.12;20.64;11.61;26.16;14.71;151.83;81.74;195.15;103.7;88.76;13.1;18.68;32.47;24.35;False;False
AZ-1-3;AZ;ANILLO;SCCC;7.88;9.0;6.25;2.0;11.55;7.27;4.28;33.88;19.06;25.97;14.61;258.1;134.53;193.67;102.96;88.76;21.5;14.43;32.47;24.35;False;False
AZ-1-4;AZ;NORMAL;SCCC;7.88;7.0;6.25;2.0;11.55;4.43;7.12;20.64;11.61;26.16;14.71;151.83;81.74;195.15;103.7;88.76;13.1;18.68;32.47;24.35;False;False
AZ-1-5;AZ;NORMAL;SCCS;7.88;7.0;6.25;2.0;11.55;4.43;7.12;20.64;11.61;26.16;14.71;151.83;81.74;195.15;103.7;88.76;13.1;18.68;32.47;24.35;False;False
AZ-2-1;AZ;NORMAL;CCSC;7.87;7.0;6.25;2.0;11.55;4.45;7.1;20.65;11.62;26.11;14.68;151.92;81.79;194.74;103.5;88.76;13.12;18.65;32.47;24.35;False;False
AZ-2-2;AZ;NORMAL;CCCC;7.87;7.0;6.25;2.0;11.55;4.45;7.1;20.65;11.62;26.11;14.68;151.92;81.79;194.74;103.5;88.76;13.12;18.65;32.47;24.35;False;False
AZ-2-3;AZ;ANILLO;CCCC;7.87;9.0;6.25;2.0;11.55;7.29;4.26;33.86;19.04;25.89;14.56;257.92;134.44;193.01;102.63;88.76;21.51;14.38;32.47;24.35;False;False
AZ-2-4;AZ;NORMAL;CCCC;7.87;7.0;6.25;2.0;11.55;4.45;7.1;20.65;11.62;26.11;14.68;151.92;81.79;194.74;103.5;88.76;13.12;18.65;32.47;24.35;False;False
AZ-2-5;AZ;NORMAL;CCCS;7.87;7.0;6.25;2.0;11.55;4.45;7.1;20.65;11.62;26.11;14.68;151.92;81.79;194.74;103.5;88.76;13.12;18.65;32.47;24.35;False;False
AZ-3-1;AZ;NORMAL;CCSC;7.88;7.0;6.25;2.0;11.55;4.43;7.12;20.64;11.61;26.16;14.71;151.83;81.74;195.15;103.7;88.76;13.1;18.68;32.47;24.35;False;False
AZ-3-2;AZ;NORMAL;CCCC;7.88;7.0;6.25;2.0;11.55;4.43;7.12;20.64;11.61;26.16;14.71;151.83;81.74;195.15;103.7;88.76;13.1;18.68;32.47;24.35;False;False
AZ-3-3;AZ;ANILLO;CCCC;7.88;9.0;6.25;2.0;11.55;7.27;4.28;33.88;19.06;25.97;14.61;258.1;134.53;193.67;102.96;88.76;21.5;14.43;32.47;24.35;False;False
AZ-3-4;AZ;NORMAL;CCCC;7.88;7.0;6.25;2.0;11.55;4.43;7.12;20.64;11.61;26.16;14.71;151.83;81.74;195.15;103.7;88.76;13.1;18.68;32.47;24.35;False;False
AZ-3-5;AZ;NORMAL;CCCS;7.88;7.0;6.25;2.0;11.55;4.43;7.12;20.64;11.61;26.16;14.71;151.83;81.74;195.15;103.7;88.76;13.1;18.68;32.47;24.35;False;False
AZ-4-1;AZ;NORMAL;CCSC;7.87;7.0;6.25;2.0;11.55;4.45;7.1;20.65;11.62;26.11;14.68;151.92;81.79;194.74;103.5;88.76;13.12;18.65;32.47;24.35;False;False
AZ-4-2;AZ;NORMAL;CCCC;7.87;7.0;6.25;2.0;11.55;4.45;7.1;20.65;11.62;26.11;14.68;151.92;81.79;194.74;103.5;88.76;13.12;18.65;32.47;24.35;False;False
AZ-4-3;AZ;NORMAL;CNCC;7.87;9.0;6.25;2.0;11.55;7.29;4.26;33.86;19.04;25.89;14.56;257.92;134.44;193.01;102.63;88.76;21.51;14.38;32.47;24.35;False;False
AZ-4-4;AZ;NORMAL;CCCC;7.87;7.0;6.25;2.0;11.55;4.45;7.1;20.65;11.62;26.11;14.68;151.92;81.79;194.74;103.5;88.76;13.12;18.65;32.47;24.35;False;False
AZ-4-5;AZ;NORMAL;CCCS;7.87;7.0;6.25;2.0;11.55;4.45;7.1;20.65;11.62;26.11;14.68;151.92;81.79;194.74;103.5;88.76;13.12;18.65;32.47;24.35;False;False
AZ-5-1;AZ;NORMAL;CCSC;7.0;7.0;6.25;2.0;11.55;5.77;5.77;21.22;11.94;21.22;11.94;156.34;84.05;156.34;84.05;88.76;15.16;15.16;32.47;24.35;False;False
AZ-5-2;AZ;NORMAL;CCCN;7.0;7.0;6.25;2.0;11.55;5.77;5.77;21.22;11.94;21.22;11.94;156.34;84.05;156.34;84.05;88.76;15.16;15.16;32.47;24.35;False;False
AZ-5-3;AZ;NUCLEO;NNNN;7.0;9.0;6.25;2.0;11.55;;;;;;;;;;;;;;;;;
AZ-5-4;AZ;NORMAL;CCNC;7.0;7.0;6.25;2.0;11.55;5.77;5.77;21.22;11.94;21.22;11.94;156.34;84.05;156.34;84.05;88.76;15.16;15.16;32.47;24.35;False;False
AZ-5-5;AZ;NORMAL;CCCS;7.0;7.0;6.25;2.0;11.55;5.77;5.77;21.22;11.94;21.22;11.94;156.34;84.05;156.34;84.05;88.76;15.16;15.16;32.47;24.35;False;False
AZ-6-1;AZ;NORMAL;CCSC;8.0;7.0;6.25;2.0;11.55;4.27;7.28;20.49;11.52;26.76;15.05;150.64;81.13;199.96;106.1;88.76;12.81;19.11;32.47;24.35;False;False
AZ-6-2;AZ;NORMAL;CCCC;8.0;7.0;6.25;2.0;11.55;4.27;7.28;20.49;11.52;26.76;15.05;150.64;81.13;199.96;106.1;88.76;12.81;19.11;32.47;24.35;False;False
AZ-6-3;AZ;NORMAL;NNCC;8.0;9.0;6.25;2.0;11.55;7.11;4.44;34.13;19.2;26.97;15.17;260.21;135.54;201.62;106.93;88.76;21.33;14.98;32.47;24.35;False;False
AZ-6-4;AZ;NORMAL;CCCC;8.0;7.0;6.25;2.0;11.55;4.27;7.28;20.49;11.52;26.76;15.05;150.64;81.13;199.96;106.1;88.76;12.81;19.11;32.47;24.35;False;False
AZ-6-5;AZ;NORMAL;CCCS;8.0;7.0;6.25;2.0;11.55;4.27;7.28;20.49;11.52;26.76;15.05;150.64;81.13;199.96;106.1;88.76;12.81;19.11;32.47;24.35;False;False
AZ-7-1;AZ;NORMAL;CCSC;7.0;7.0;6.25;2.0;11.55;5.77;5.77;21.22;11.94;21.22;11.94;156.34;84.05;156.34;84.05;88.76;15.16;15.16;32.47;24.35;False;False
AZ-7-2;AZ;NORMAL;CCCN;7.0;7.0;6.25;2.0;11.55;5.77;5.77;21.22;11.94;21.22;11.94;156.34;84.05;156.34;84.05;88.76;15.16;15.16;32.47;24.35;False;False
AZ-7-3;AZ;NUCLEO;NNNN;7.0;9.0;6.25;2.0;11.55;;;;;;;;;;;;;;;;;
AZ-7-4;AZ;NORMAL;CCNC;7.0;7.0;6.25;2.0;11.55;5.77;5.77;21.22;11.94;21.22;11.94;156.34;84.05;156.34;84.05;88.76;15.16;15.16;32.47;24.35;False;False
AZ-7-5;AZ;NORMAL;CCCS;7.0;7.0;6.25;2.0;11.55;5.77;5.77;21.22;11.94;21.22;11.94;156.34;84.05;156.34;84.05;88.76;15.16;15.16;32.47;24.35;False;False
AZ-8-1;AZ;NORMAL;CCSC;7.88;7.0;6.25;2.0;11.55;4.43;7.12;20.64;11.61;26.16;14.71;151.83;81.74;195.15;103.7;88.76;13.1;18.68;32.47;24.35;False;False
AZ-8-2;AZ;NORMAL;CCCC;7.88;7.0;6.25;2.0;11.55;4.43;7.12;20.64;11.61;26.16;14.71;151.83;81.74;195.15;103.7;88.76;13.1;18.68;32.47;24.35;False;False
AZ-8-3;AZ;NORMAL;NCCC;7.88;9.0;6.25;2.0;11.55;7.27;4.28;33.88;19.06;25.97;14.61;258.1;134.53;193.67;102.96;88.76;21.5;14.43;32.47;24.35;False;False
AZ-8-4;AZ;NORMAL;CCCC;7.88;7.0;6.25;2.0;11.55;4.43;7.12;20.64;11.61;26.16;14.71;151.83;81.74;195.15;103.7;88.76;13.1;18.68;32.47;24.35;False;False
AZ-8-5;AZ;NORMAL;CCCS;7.88;7.0;6.25;2.0;11.55;4.43;7.12;20.64;11.61;26.16;14.71;151.83;81.74;195.15;103.7;88.76;13.1;18.68;32.47;24.35;False;False
AZ-9-1;AZ;NORMAL;CCSC;7.87;7.0;6.25;2.0;11.55;4.45;7.1;20.65;11.62;26.11;14.68;151.92;81.79;194.74;103.5;88.76;13.12;18.65;32.47;24.35;False;False
AZ-9-2;AZ;NORMAL;CCCC;7.87;7.0;6.25;2.0;11.55;4.45;7.1;20.65;11.62;26.11;14.68;151.92;81.79;194.74;103.5;88.76;13.12;18.65;32.47;24.35;False;False
AZ-9-3;AZ;ANILLO;CCCC;7.87;9.0;6.25;2.0;11.55;7.29;4.26;33.86;19.04;25.89;14.56;257.92;134.44;193.01;102.63;88.76;21.51;14.38;32.47;24.35;False;False
AZ-9-4;AZ;NORMAL;CCCC;7.87;7.0;6.25;2.0;11.55;4.45;7.1;20.65;11.62;26.11;14.68;151.92;81.79;194.74;103.5;88.76;13.12;18.65;32.47;24.35;False;False
AZ-9-5;AZ;NORMAL;CCCS;7.87;7.0;6.25;2.0;11.55;4.45;7.1;20.65;11.62;26.11;14.68;151.92;81.79;194.74;103.5;88.76;13.12;18.65;32.47;24.35;False;False
AZ-10-1;AZ;NORMAL;CCSC;7.88;7.0;6.25;2.0;11.55;4.43;7.12;20.64;11.61;26.16;14.71;151.83;81.74;195.15;103.7;88.76;13.1;18.68;32.47;24.35;False;False
AZ-10-2;AZ;NORMAL;CCCC;7.88;7.0;6.25;2.0;11.55;4.43;7.12;20.64;11.61;26.16;14.71;151.83;81.74;195.15;103.7;88.76;13.1;18.68;32.47;24.35;False;False
AZ-10-3;AZ;ANILLO;CCCC;7.88;9.0;6.25;2.0;11.55;7.27;4.28;33.88;19.06;25.97;14.61;258.1;134.53;193.67;102.96;88.76;21.5;14.43;32.47;24.35;False;False
AZ-10-4;AZ;NORMAL;CCCC;7.88;7.0;6.25;2.0;11.55;4.43;7.12;20.64;11.61;26.16;14.71;151.83;81.74;195.15;103.7;88.76;13.1;18.68;32.47;24.35;False;False
AZ-10-5;AZ;NORMAL;CCCS;7.88;7.0;6.25;2.0;11.55;4.43;7.12;20.64;11.61;26.16;14.71;151.83;81.74;195.15;103.7;88.76;13.1;18.68;32.47;24.35;False;False
AZ-11-1;AZ;NORMAL;CSSC;7.87;7.0;6.25;2.0;11.55;4.45;7.1;20.65;11.62;26.11;14.68;151.92;81.79;194.74;103.5;88.76;13.12;18.65;32.47;24.35;False;False
AZ-11-2;AZ;NORMAL;CSCC;7.87;7.0;6.25;2.0;11.55;4.45;7.1;20.65;11.62;26.11;14.68;151.92;81.79;194.74;103.5;88.76;13.12;18.65;32.47;24.35;False;False
AZ-11-3;AZ;ANILLO;CSCC;7.87;9.0;6.25;2.0;11.55;7.29;4.26;33.86;19.04;25.89;14.56;257.92;134.44;193.01;102.63;88.76;21.51;14.38;32.47;24.35;False;False
AZ-11-4;AZ;NORMAL;CSCC;7.87;7.0;6.25;2.0;11.55;4.45;7.1;20.65;11.62;26.11;14.68;151.92;81.79;194.74;103.5;88.76;13.12;18.65;32.47;24.35;False;False
AZ-11-5;AZ;NORMAL;CSCS;7.87;7.0;6.25;2.0;11.55;4.45;7.1;20.65;11.62;26.11;14.68;151.92;81.79;194.74;103.5;88.76;13.12;18.65;32.47;24.35;False;False
